# Merged exchange column collision mesh. Generated by tools/validation/build_exchange_column_collision_mesh.py
v 0.001750000 -0.098000000 0.019750000
v 0.001740000 -0.110000000 0.019561000
v 0.001740000 -0.098000000 0.019561000
v 0.001709000 -0.110000000 0.019374000
v 0.001709000 -0.098000000 0.019374000
v 0.001658000 -0.110000000 0.019191000
v 0.001658000 -0.098000000 0.019191000
v 0.001588000 -0.110000000 0.019015000
v 0.001588000 -0.098000000 0.019015000
v 0.001500000 -0.110000000 0.018848000
v 0.001500000 -0.098000000 0.018848000
v 0.001393000 -0.110000000 0.018691000
v 0.001393000 -0.098000000 0.018691000
v 0.001270000 -0.110000000 0.018547000
v 0.001270000 -0.098000000 0.018547000
v 0.001133000 -0.110000000 0.018416000
v 0.001133000 -0.098000000 0.018416000
v 0.000982000 -0.110000000 0.018302000
v 0.000982000 -0.098000000 0.018302000
v 0.000820000 -0.110000000 0.018204000
v 0.000820000 -0.098000000 0.018204000
v 0.000648000 -0.110000000 0.018124000
v 0.000648000 -0.098000000 0.018124000
v 0.000468000 -0.110000000 0.018064000
v 0.000468000 -0.098000000 0.018064000
v 0.000283000 -0.110000000 0.018023000
v 0.000283000 -0.098000000 0.018023000
v 0.000095000 -0.110000000 0.018003000
v 0.000095000 -0.098000000 0.018003000
v -0.000095000 -0.110000000 0.018003000
v -0.000095000 -0.098000000 0.018003000
v -0.000283000 -0.110000000 0.018023000
v -0.000283000 -0.098000000 0.018023000
v -0.000468000 -0.110000000 0.018064000
v -0.000468000 -0.098000000 0.018064000
v -0.000648000 -0.110000000 0.018124000
v -0.000648000 -0.098000000 0.018124000
v -0.000820000 -0.110000000 0.018204000
v -0.000820000 -0.098000000 0.018204000
v -0.000982000 -0.110000000 0.018302000
v -0.000982000 -0.098000000 0.018302000
v -0.001133000 -0.110000000 0.018416000
v -0.001133000 -0.098000000 0.018416000
v -0.001270000 -0.110000000 0.018547000
v -0.001270000 -0.098000000 0.018547000
v -0.001393000 -0.110000000 0.018691000
v -0.001393000 -0.098000000 0.018691000
v -0.001500000 -0.110000000 0.018848000
v -0.001500000 -0.098000000 0.018848000
v -0.001588000 -0.110000000 0.019015000
v -0.001588000 -0.098000000 0.019015000
v -0.001658000 -0.110000000 0.019191000
v -0.001658000 -0.098000000 0.019191000
v -0.001709000 -0.110000000 0.019374000
v -0.001709000 -0.098000000 0.019374000
v -0.001740000 -0.110000000 0.019561000
v -0.001740000 -0.098000000 0.019561000
v -0.001750000 -0.110000000 0.019750000
v -0.001750000 -0.098000000 0.019750000
v -0.001740000 -0.110000000 0.019939000
v -0.001740000 -0.098000000 0.019939000
v -0.001709000 -0.110000000 0.020126000
v -0.001709000 -0.098000000 0.020126000
v -0.001658000 -0.110000000 0.020309000
v -0.001658000 -0.098000000 0.020309000
v -0.001588000 -0.110000000 0.020485000
v -0.001588000 -0.098000000 0.020485000
v -0.001500000 -0.110000000 0.020652000
v -0.001500000 -0.098000000 0.020652000
v -0.001393000 -0.110000000 0.020809000
v -0.001393000 -0.098000000 0.020809000
v -0.001270000 -0.110000000 0.020953000
v -0.001270000 -0.098000000 0.020953000
v -0.001133000 -0.110000000 0.021084000
v -0.001133000 -0.098000000 0.021084000
v -0.000982000 -0.110000000 0.021198000
v -0.000982000 -0.098000000 0.021198000
v -0.000820000 -0.110000000 0.021296000
v -0.000820000 -0.098000000 0.021296000
v -0.000648000 -0.110000000 0.021376000
v -0.000648000 -0.098000000 0.021376000
v -0.000468000 -0.110000000 0.021436000
v -0.000468000 -0.098000000 0.021436000
v -0.000283000 -0.110000000 0.021477000
v -0.000283000 -0.098000000 0.021477000
v -0.000095000 -0.110000000 0.021497000
v -0.000095000 -0.098000000 0.021497000
v 0.000095000 -0.110000000 0.021497000
v 0.000095000 -0.098000000 0.021497000
v 0.000283000 -0.110000000 0.021477000
v 0.000283000 -0.098000000 0.021477000
v 0.000468000 -0.110000000 0.021436000
v 0.000468000 -0.098000000 0.021436000
v 0.000648000 -0.110000000 0.021376000
v 0.000648000 -0.098000000 0.021376000
v 0.000820000 -0.110000000 0.021296000
v 0.000820000 -0.098000000 0.021296000
v 0.000982000 -0.110000000 0.021198000
v 0.000982000 -0.098000000 0.021198000
v 0.001133000 -0.110000000 0.021084000
v 0.001133000 -0.098000000 0.021084000
v 0.001270000 -0.110000000 0.020953000
v 0.001270000 -0.098000000 0.020953000
v 0.001393000 -0.110000000 0.020809000
v 0.001393000 -0.098000000 0.020809000
v 0.001500000 -0.110000000 0.020652000
v 0.001500000 -0.098000000 0.020652000
v 0.001588000 -0.110000000 0.020485000
v 0.001588000 -0.098000000 0.020485000
v 0.001658000 -0.110000000 0.020309000
v 0.001658000 -0.098000000 0.020309000
v 0.001709000 -0.110000000 0.020126000
v 0.001709000 -0.098000000 0.020126000
v 0.001740000 -0.110000000 0.019939000
v 0.001740000 -0.098000000 0.019939000
v 0.001750000 -0.110000000 0.019750000
v -0.000000000 -0.098000000 0.019750000
v -0.000000000 -0.110000000 0.019750000
v -0.018000000 -0.098000000 -0.000000000
v -0.018010000 -0.110000000 -0.000189000
v -0.018010000 -0.098000000 -0.000189000
v -0.018041000 -0.110000000 -0.000376000
v -0.018041000 -0.098000000 -0.000376000
v -0.018092000 -0.110000000 -0.000559000
v -0.018092000 -0.098000000 -0.000559000
v -0.018162000 -0.110000000 -0.000735000
v -0.018162000 -0.098000000 -0.000735000
v -0.018251000 -0.110000000 -0.000902000
v -0.018251000 -0.098000000 -0.000902000
v -0.018357000 -0.110000000 -0.001059000
v -0.018357000 -0.098000000 -0.001059000
v -0.018480000 -0.110000000 -0.001203000
v -0.018480000 -0.098000000 -0.001203000
v -0.018617000 -0.110000000 -0.001334000
v -0.018617000 -0.098000000 -0.001334000
v -0.018768000 -0.110000000 -0.001448000
v -0.018768000 -0.098000000 -0.001448000
v -0.018930000 -0.110000000 -0.001546000
v -0.018930000 -0.098000000 -0.001546000
v -0.019102000 -0.110000000 -0.001626000
v -0.019102000 -0.098000000 -0.001626000
v -0.019282000 -0.110000000 -0.001686000
v -0.019282000 -0.098000000 -0.001686000
v -0.019467000 -0.110000000 -0.001727000
v -0.019467000 -0.098000000 -0.001727000
v -0.019655000 -0.110000000 -0.001747000
v -0.019655000 -0.098000000 -0.001747000
v -0.019845000 -0.110000000 -0.001747000
v -0.019845000 -0.098000000 -0.001747000
v -0.020033000 -0.110000000 -0.001727000
v -0.020033000 -0.098000000 -0.001727000
v -0.020218000 -0.110000000 -0.001686000
v -0.020218000 -0.098000000 -0.001686000
v -0.020398000 -0.110000000 -0.001626000
v -0.020398000 -0.098000000 -0.001626000
v -0.020570000 -0.110000000 -0.001546000
v -0.020570000 -0.098000000 -0.001546000
v -0.020732000 -0.110000000 -0.001448000
v -0.020732000 -0.098000000 -0.001448000
v -0.020883000 -0.110000000 -0.001334000
v -0.020883000 -0.098000000 -0.001334000
v -0.021020000 -0.110000000 -0.001203000
v -0.021020000 -0.098000000 -0.001203000
v -0.021143000 -0.110000000 -0.001059000
v -0.021143000 -0.098000000 -0.001059000
v -0.021249000 -0.110000000 -0.000902000
v -0.021249000 -0.098000000 -0.000902000
v -0.021338000 -0.110000000 -0.000735000
v -0.021338000 -0.098000000 -0.000735000
v -0.021408000 -0.110000000 -0.000559000
v -0.021408000 -0.098000000 -0.000559000
v -0.021459000 -0.110000000 -0.000376000
v -0.021459000 -0.098000000 -0.000376000
v -0.021490000 -0.110000000 -0.000189000
v -0.021490000 -0.098000000 -0.000189000
v -0.021500000 -0.110000000 -0.000000000
v -0.021500000 -0.098000000 -0.000000000
v -0.021490000 -0.110000000 0.000189000
v -0.021490000 -0.098000000 0.000189000
v -0.021459000 -0.110000000 0.000376000
v -0.021459000 -0.098000000 0.000376000
v -0.021408000 -0.110000000 0.000559000
v -0.021408000 -0.098000000 0.000559000
v -0.021338000 -0.110000000 0.000735000
v -0.021338000 -0.098000000 0.000735000
v -0.021249000 -0.110000000 0.000902000
v -0.021249000 -0.098000000 0.000902000
v -0.021143000 -0.110000000 0.001059000
v -0.021143000 -0.098000000 0.001059000
v -0.021020000 -0.110000000 0.001203000
v -0.021020000 -0.098000000 0.001203000
v -0.020883000 -0.110000000 0.001334000
v -0.020883000 -0.098000000 0.001334000
v -0.020732000 -0.110000000 0.001448000
v -0.020732000 -0.098000000 0.001448000
v -0.020570000 -0.110000000 0.001546000
v -0.020570000 -0.098000000 0.001546000
v -0.020398000 -0.110000000 0.001626000
v -0.020398000 -0.098000000 0.001626000
v -0.020218000 -0.110000000 0.001686000
v -0.020218000 -0.098000000 0.001686000
v -0.020033000 -0.110000000 0.001727000
v -0.020033000 -0.098000000 0.001727000
v -0.019845000 -0.110000000 0.001747000
v -0.019845000 -0.098000000 0.001747000
v -0.019655000 -0.110000000 0.001747000
v -0.019655000 -0.098000000 0.001747000
v -0.019467000 -0.110000000 0.001727000
v -0.019467000 -0.098000000 0.001727000
v -0.019282000 -0.110000000 0.001686000
v -0.019282000 -0.098000000 0.001686000
v -0.019102000 -0.110000000 0.001626000
v -0.019102000 -0.098000000 0.001626000
v -0.018930000 -0.110000000 0.001546000
v -0.018930000 -0.098000000 0.001546000
v -0.018768000 -0.110000000 0.001448000
v -0.018768000 -0.098000000 0.001448000
v -0.018617000 -0.110000000 0.001334000
v -0.018617000 -0.098000000 0.001334000
v -0.018480000 -0.110000000 0.001203000
v -0.018480000 -0.098000000 0.001203000
v -0.018357000 -0.110000000 0.001059000
v -0.018357000 -0.098000000 0.001059000
v -0.018251000 -0.110000000 0.000902000
v -0.018251000 -0.098000000 0.000902000
v -0.018162000 -0.110000000 0.000735000
v -0.018162000 -0.098000000 0.000735000
v -0.018092000 -0.110000000 0.000559000
v -0.018092000 -0.098000000 0.000559000
v -0.018041000 -0.110000000 0.000376000
v -0.018041000 -0.098000000 0.000376000
v -0.018010000 -0.110000000 0.000189000
v -0.018010000 -0.098000000 0.000189000
v -0.018000000 -0.110000000 -0.000000000
v -0.019750000 -0.098000000 -0.000000000
v -0.019750000 -0.110000000 -0.000000000
v 0.001750000 -0.098000000 -0.019750000
v 0.001740000 -0.110000000 -0.019939000
v 0.001740000 -0.098000000 -0.019939000
v 0.001709000 -0.110000000 -0.020126000
v 0.001709000 -0.098000000 -0.020126000
v 0.001658000 -0.110000000 -0.020309000
v 0.001658000 -0.098000000 -0.020309000
v 0.001588000 -0.110000000 -0.020485000
v 0.001588000 -0.098000000 -0.020485000
v 0.001500000 -0.110000000 -0.020652000
v 0.001500000 -0.098000000 -0.020652000
v 0.001393000 -0.110000000 -0.020809000
v 0.001393000 -0.098000000 -0.020809000
v 0.001270000 -0.110000000 -0.020953000
v 0.001270000 -0.098000000 -0.020953000
v 0.001133000 -0.110000000 -0.021084000
v 0.001133000 -0.098000000 -0.021084000
v 0.000982000 -0.110000000 -0.021198000
v 0.000982000 -0.098000000 -0.021198000
v 0.000820000 -0.110000000 -0.021296000
v 0.000820000 -0.098000000 -0.021296000
v 0.000648000 -0.110000000 -0.021376000
v 0.000648000 -0.098000000 -0.021376000
v 0.000468000 -0.110000000 -0.021436000
v 0.000468000 -0.098000000 -0.021436000
v 0.000283000 -0.110000000 -0.021477000
v 0.000283000 -0.098000000 -0.021477000
v 0.000095000 -0.110000000 -0.021497000
v 0.000095000 -0.098000000 -0.021497000
v -0.000095000 -0.110000000 -0.021497000
v -0.000095000 -0.098000000 -0.021497000
v -0.000283000 -0.110000000 -0.021477000
v -0.000283000 -0.098000000 -0.021477000
v -0.000468000 -0.110000000 -0.021436000
v -0.000468000 -0.098000000 -0.021436000
v -0.000648000 -0.110000000 -0.021376000
v -0.000648000 -0.098000000 -0.021376000
v -0.000820000 -0.110000000 -0.021296000
v -0.000820000 -0.098000000 -0.021296000
v -0.000982000 -0.110000000 -0.021198000
v -0.000982000 -0.098000000 -0.021198000
v -0.001133000 -0.110000000 -0.021084000
v -0.001133000 -0.098000000 -0.021084000
v -0.001270000 -0.110000000 -0.020953000
v -0.001270000 -0.098000000 -0.020953000
v -0.001393000 -0.110000000 -0.020809000
v -0.001393000 -0.098000000 -0.020809000
v -0.001500000 -0.110000000 -0.020652000
v -0.001500000 -0.098000000 -0.020652000
v -0.001588000 -0.110000000 -0.020485000
v -0.001588000 -0.098000000 -0.020485000
v -0.001658000 -0.110000000 -0.020309000
v -0.001658000 -0.098000000 -0.020309000
v -0.001709000 -0.110000000 -0.020126000
v -0.001709000 -0.098000000 -0.020126000
v -0.001740000 -0.110000000 -0.019939000
v -0.001740000 -0.098000000 -0.019939000
v -0.001750000 -0.110000000 -0.019750000
v -0.001750000 -0.098000000 -0.019750000
v -0.001740000 -0.110000000 -0.019561000
v -0.001740000 -0.098000000 -0.019561000
v -0.001709000 -0.110000000 -0.019374000
v -0.001709000 -0.098000000 -0.019374000
v -0.001658000 -0.110000000 -0.019191000
v -0.001658000 -0.098000000 -0.019191000
v -0.001588000 -0.110000000 -0.019015000
v -0.001588000 -0.098000000 -0.019015000
v -0.001500000 -0.110000000 -0.018848000
v -0.001500000 -0.098000000 -0.018848000
v -0.001393000 -0.110000000 -0.018691000
v -0.001393000 -0.098000000 -0.018691000
v -0.001270000 -0.110000000 -0.018547000
v -0.001270000 -0.098000000 -0.018547000
v -0.001133000 -0.110000000 -0.018416000
v -0.001133000 -0.098000000 -0.018416000
v -0.000982000 -0.110000000 -0.018302000
v -0.000982000 -0.098000000 -0.018302000
v -0.000820000 -0.110000000 -0.018204000
v -0.000820000 -0.098000000 -0.018204000
v -0.000648000 -0.110000000 -0.018124000
v -0.000648000 -0.098000000 -0.018124000
v -0.000468000 -0.110000000 -0.018064000
v -0.000468000 -0.098000000 -0.018064000
v -0.000283000 -0.110000000 -0.018023000
v -0.000283000 -0.098000000 -0.018023000
v -0.000095000 -0.110000000 -0.018003000
v -0.000095000 -0.098000000 -0.018003000
v 0.000095000 -0.110000000 -0.018003000
v 0.000095000 -0.098000000 -0.018003000
v 0.000283000 -0.110000000 -0.018023000
v 0.000283000 -0.098000000 -0.018023000
v 0.000468000 -0.110000000 -0.018064000
v 0.000468000 -0.098000000 -0.018064000
v 0.000648000 -0.110000000 -0.018124000
v 0.000648000 -0.098000000 -0.018124000
v 0.000820000 -0.110000000 -0.018204000
v 0.000820000 -0.098000000 -0.018204000
v 0.000982000 -0.110000000 -0.018302000
v 0.000982000 -0.098000000 -0.018302000
v 0.001133000 -0.110000000 -0.018416000
v 0.001133000 -0.098000000 -0.018416000
v 0.001270000 -0.110000000 -0.018547000
v 0.001270000 -0.098000000 -0.018547000
v 0.001393000 -0.110000000 -0.018691000
v 0.001393000 -0.098000000 -0.018691000
v 0.001500000 -0.110000000 -0.018848000
v 0.001500000 -0.098000000 -0.018848000
v 0.001588000 -0.110000000 -0.019015000
v 0.001588000 -0.098000000 -0.019015000
v 0.001658000 -0.110000000 -0.019191000
v 0.001658000 -0.098000000 -0.019191000
v 0.001709000 -0.110000000 -0.019374000
v 0.001709000 -0.098000000 -0.019374000
v 0.001740000 -0.110000000 -0.019561000
v 0.001740000 -0.098000000 -0.019561000
v 0.001750000 -0.110000000 -0.019750000
v 0.000000000 -0.098000000 -0.019750000
v 0.000000000 -0.110000000 -0.019750000
v 0.021500000 -0.098000000 0.000000000
v 0.021490000 -0.110000000 -0.000189000
v 0.021490000 -0.098000000 -0.000189000
v 0.021459000 -0.110000000 -0.000376000
v 0.021459000 -0.098000000 -0.000376000
v 0.021408000 -0.110000000 -0.000559000
v 0.021408000 -0.098000000 -0.000559000
v 0.021338000 -0.110000000 -0.000735000
v 0.021338000 -0.098000000 -0.000735000
v 0.021249000 -0.110000000 -0.000902000
v 0.021249000 -0.098000000 -0.000902000
v 0.021143000 -0.110000000 -0.001059000
v 0.021143000 -0.098000000 -0.001059000
v 0.021020000 -0.110000000 -0.001203000
v 0.021020000 -0.098000000 -0.001203000
v 0.020883000 -0.110000000 -0.001334000
v 0.020883000 -0.098000000 -0.001334000
v 0.020732000 -0.110000000 -0.001448000
v 0.020732000 -0.098000000 -0.001448000
v 0.020570000 -0.110000000 -0.001546000
v 0.020570000 -0.098000000 -0.001546000
v 0.020398000 -0.110000000 -0.001626000
v 0.020398000 -0.098000000 -0.001626000
v 0.020218000 -0.110000000 -0.001686000
v 0.020218000 -0.098000000 -0.001686000
v 0.020033000 -0.110000000 -0.001727000
v 0.020033000 -0.098000000 -0.001727000
v 0.019845000 -0.110000000 -0.001747000
v 0.019845000 -0.098000000 -0.001747000
v 0.019655000 -0.110000000 -0.001747000
v 0.019655000 -0.098000000 -0.001747000
v 0.019467000 -0.110000000 -0.001727000
v 0.019467000 -0.098000000 -0.001727000
v 0.019282000 -0.110000000 -0.001686000
v 0.019282000 -0.098000000 -0.001686000
v 0.019102000 -0.110000000 -0.001626000
v 0.019102000 -0.098000000 -0.001626000
v 0.018930000 -0.110000000 -0.001546000
v 0.018930000 -0.098000000 -0.001546000
v 0.018768000 -0.110000000 -0.001448000
v 0.018768000 -0.098000000 -0.001448000
v 0.018617000 -0.110000000 -0.001334000
v 0.018617000 -0.098000000 -0.001334000
v 0.018480000 -0.110000000 -0.001203000
v 0.018480000 -0.098000000 -0.001203000
v 0.018357000 -0.110000000 -0.001059000
v 0.018357000 -0.098000000 -0.001059000
v 0.018251000 -0.110000000 -0.000902000
v 0.018251000 -0.098000000 -0.000902000
v 0.018162000 -0.110000000 -0.000735000
v 0.018162000 -0.098000000 -0.000735000
v 0.018092000 -0.110000000 -0.000559000
v 0.018092000 -0.098000000 -0.000559000
v 0.018041000 -0.110000000 -0.000376000
v 0.018041000 -0.098000000 -0.000376000
v 0.018010000 -0.110000000 -0.000189000
v 0.018010000 -0.098000000 -0.000189000
v 0.018000000 -0.110000000 0.000000000
v 0.018000000 -0.098000000 0.000000000
v 0.018010000 -0.110000000 0.000189000
v 0.018010000 -0.098000000 0.000189000
v 0.018041000 -0.110000000 0.000376000
v 0.018041000 -0.098000000 0.000376000
v 0.018092000 -0.110000000 0.000559000
v 0.018092000 -0.098000000 0.000559000
v 0.018162000 -0.110000000 0.000735000
v 0.018162000 -0.098000000 0.000735000
v 0.018251000 -0.110000000 0.000902000
v 0.018251000 -0.098000000 0.000902000
v 0.018357000 -0.110000000 0.001059000
v 0.018357000 -0.098000000 0.001059000
v 0.018480000 -0.110000000 0.001203000
v 0.018480000 -0.098000000 0.001203000
v 0.018617000 -0.110000000 0.001334000
v 0.018617000 -0.098000000 0.001334000
v 0.018768000 -0.110000000 0.001448000
v 0.018768000 -0.098000000 0.001448000
v 0.018930000 -0.110000000 0.001546000
v 0.018930000 -0.098000000 0.001546000
v 0.019102000 -0.110000000 0.001626000
v 0.019102000 -0.098000000 0.001626000
v 0.019282000 -0.110000000 0.001686000
v 0.019282000 -0.098000000 0.001686000
v 0.019467000 -0.110000000 0.001727000
v 0.019467000 -0.098000000 0.001727000
v 0.019655000 -0.110000000 0.001747000
v 0.019655000 -0.098000000 0.001747000
v 0.019845000 -0.110000000 0.001747000
v 0.019845000 -0.098000000 0.001747000
v 0.020033000 -0.110000000 0.001727000
v 0.020033000 -0.098000000 0.001727000
v 0.020218000 -0.110000000 0.001686000
v 0.020218000 -0.098000000 0.001686000
v 0.020398000 -0.110000000 0.001626000
v 0.020398000 -0.098000000 0.001626000
v 0.020570000 -0.110000000 0.001546000
v 0.020570000 -0.098000000 0.001546000
v 0.020732000 -0.110000000 0.001448000
v 0.020732000 -0.098000000 0.001448000
v 0.020883000 -0.110000000 0.001334000
v 0.020883000 -0.098000000 0.001334000
v 0.021020000 -0.110000000 0.001203000
v 0.021020000 -0.098000000 0.001203000
v 0.021143000 -0.110000000 0.001059000
v 0.021143000 -0.098000000 0.001059000
v 0.021249000 -0.110000000 0.000902000
v 0.021249000 -0.098000000 0.000902000
v 0.021338000 -0.110000000 0.000735000
v 0.021338000 -0.098000000 0.000735000
v 0.021408000 -0.110000000 0.000559000
v 0.021408000 -0.098000000 0.000559000
v 0.021459000 -0.110000000 0.000376000
v 0.021459000 -0.098000000 0.000376000
v 0.021490000 -0.110000000 0.000189000
v 0.021490000 -0.098000000 0.000189000
v 0.021500000 -0.110000000 0.000000000
v 0.019750000 -0.098000000 0.000000000
v 0.019750000 -0.110000000 0.000000000
v 0.010000000 -0.098000000 0.032000000
v 0.032000000 -0.098000000 0.032000000
v 0.010000000 -0.110000000 0.032000000
v 0.032000000 -0.110000000 0.032000000
v 0.032000000 -0.098000000 0.010000000
v 0.032000000 -0.110000000 0.010000000
v 0.010000000 -0.098000000 0.040000000
v 0.040000000 -0.098000000 0.040000000
v 0.040000000 -0.098000000 0.010000000
v 0.040000000 -0.110000000 0.010000000
v 0.040000000 -0.110000000 0.040000000
v 0.010000000 -0.110000000 0.040000000
v -0.032000000 -0.098000000 0.010000000
v -0.032000000 -0.098000000 0.032000000
v -0.032000000 -0.110000000 0.010000000
v -0.032000000 -0.110000000 0.032000000
v -0.010000000 -0.098000000 0.032000000
v -0.010000000 -0.110000000 0.032000000
v -0.040000000 -0.098000000 0.010000000
v -0.040000000 -0.098000000 0.040000000
v -0.010000000 -0.098000000 0.040000000
v -0.010000000 -0.110000000 0.040000000
v -0.040000000 -0.110000000 0.040000000
v -0.040000000 -0.110000000 0.010000000
v -0.032000000 -0.098000000 -0.032000000
v -0.032000000 -0.098000000 -0.010000000
v -0.032000000 -0.110000000 -0.032000000
v -0.032000000 -0.110000000 -0.010000000
v -0.040000000 -0.098000000 -0.010000000
v -0.040000000 -0.110000000 -0.010000000
v -0.010000000 -0.098000000 -0.032000000
v -0.010000000 -0.098000000 -0.040000000
v -0.040000000 -0.098000000 -0.040000000
v -0.040000000 -0.110000000 -0.040000000
v -0.010000000 -0.110000000 -0.032000000
v -0.010000000 -0.110000000 -0.040000000
v 0.010000000 -0.098000000 -0.040000000
v 0.018000000 -0.098000000 -0.040000000
v 0.010000000 -0.110000000 -0.040000000
v 0.018000000 -0.110000000 -0.040000000
v 0.018000000 -0.098000000 -0.032000000
v 0.018000000 -0.110000000 -0.032000000
v 0.010000000 -0.098000000 -0.032000000
v 0.010000000 -0.110000000 -0.032000000
v 0.026000000 -0.098000000 -0.032000000
v 0.026000000 -0.098000000 -0.040000000
v 0.026000000 -0.110000000 -0.032000000
v 0.026000000 -0.110000000 -0.040000000
v 0.040000000 -0.098000000 -0.040000000
v 0.040000000 -0.110000000 -0.040000000
v 0.032000000 -0.098000000 -0.026000000
v 0.040000000 -0.098000000 -0.026000000
v 0.032000000 -0.098000000 -0.032000000
v 0.032000000 -0.110000000 -0.032000000
v 0.032000000 -0.110000000 -0.026000000
v 0.040000000 -0.110000000 -0.026000000
v 0.040000000 -0.098000000 -0.018000000
v 0.040000000 -0.098000000 -0.010000000
v 0.040000000 -0.110000000 -0.018000000
v 0.040000000 -0.110000000 -0.010000000
v 0.032000000 -0.098000000 -0.010000000
v 0.032000000 -0.110000000 -0.010000000
v 0.032000000 -0.098000000 -0.018000000
v 0.032000000 -0.110000000 -0.018000000
v -0.009000000 -0.086000000 0.015588000
v -0.018000000 -0.086000000 0.000000000
v -0.007268000 -0.086000000 0.014588000
v -0.016268000 -0.086000000 -0.001000000
v -0.009000000 -0.026000000 0.015588000
v -0.007268000 -0.026000000 0.014588000
v -0.018000000 -0.026000000 0.000000000
v -0.016268000 -0.026000000 -0.001000000
v 0.018000000 -0.086000000 -0.000000000
v 0.009000000 -0.086000000 0.015588000
v 0.016268000 -0.086000000 -0.001000000
v 0.007268000 -0.086000000 0.014588000
v 0.018000000 -0.026000000 -0.000000000
v 0.016268000 -0.026000000 -0.001000000
v 0.009000000 -0.026000000 0.015588000
v 0.007268000 -0.026000000 0.014588000
v -0.009000000 -0.086000000 -0.015588000
v 0.009000000 -0.086000000 -0.015588000
v -0.009000000 -0.086000000 -0.013588000
v 0.009000000 -0.086000000 -0.013588000
v -0.009000000 -0.026000000 -0.015588000
v -0.009000000 -0.026000000 -0.013588000
v 0.009000000 -0.026000000 -0.015588000
v 0.009000000 -0.026000000 -0.013588000
v -0.114870000 -0.110000000 -0.167312000
v -0.084870000 -0.110000000 -0.184632000
v -0.114870000 -0.159000000 -0.167312000
v -0.084870000 -0.159000000 -0.184632000
v -0.114870000 -0.110000000 -0.035953000
v -0.114870000 -0.159000000 -0.035953000
v -0.084870000 -0.110000000 -0.018632000
v -0.084870000 -0.159000000 -0.018632000
v 0.084870000 -0.110000000 -0.184632000
v 0.114870000 -0.110000000 -0.167312000
v 0.084870000 -0.159000000 -0.184632000
v 0.114870000 -0.159000000 -0.167312000
v 0.084870000 -0.110000000 -0.018632000
v 0.084870000 -0.159000000 -0.018632000
v 0.114870000 -0.110000000 -0.035953000
v 0.114870000 -0.159000000 -0.035953000
v 0.027600000 -0.110000000 0.000000000
v 0.027600000 -0.098000000 0.000000000
v 0.027438000 -0.110000000 -0.002984000
v 0.027438000 -0.098000000 -0.002984000
v 0.026955000 -0.110000000 -0.005933000
v 0.026955000 -0.098000000 -0.005933000
v 0.026155000 -0.110000000 -0.008813000
v 0.026155000 -0.098000000 -0.008813000
v 0.025049000 -0.110000000 -0.011589000
v 0.025049000 -0.098000000 -0.011589000
v 0.023649000 -0.110000000 -0.014229000
v 0.023649000 -0.098000000 -0.014229000
v 0.021972000 -0.110000000 -0.016703000
v 0.021972000 -0.098000000 -0.016703000
v 0.020037000 -0.110000000 -0.018981000
v 0.020037000 -0.098000000 -0.018981000
v 0.017868000 -0.110000000 -0.021036000
v 0.017868000 -0.098000000 -0.021036000
v 0.015489000 -0.110000000 -0.022844000
v 0.015489000 -0.098000000 -0.022844000
v 0.012928000 -0.110000000 -0.024385000
v 0.012928000 -0.098000000 -0.024385000
v 0.010216000 -0.110000000 -0.025640000
v 0.010216000 -0.098000000 -0.025640000
v 0.007384000 -0.110000000 -0.026594000
v 0.007384000 -0.098000000 -0.026594000
v 0.004465000 -0.110000000 -0.027236000
v 0.004465000 -0.098000000 -0.027236000
v 0.001494000 -0.110000000 -0.027560000
v 0.001494000 -0.098000000 -0.027560000
v -0.001494000 -0.110000000 -0.027560000
v -0.001494000 -0.098000000 -0.027560000
v -0.004465000 -0.110000000 -0.027236000
v -0.004465000 -0.098000000 -0.027236000
v -0.007384000 -0.110000000 -0.026594000
v -0.007384000 -0.098000000 -0.026594000
v -0.010216000 -0.110000000 -0.025640000
v -0.010216000 -0.098000000 -0.025640000
v -0.012928000 -0.110000000 -0.024385000
v -0.012928000 -0.098000000 -0.024385000
v -0.015489000 -0.110000000 -0.022844000
v -0.015489000 -0.098000000 -0.022844000
v -0.017868000 -0.110000000 -0.021036000
v -0.017868000 -0.098000000 -0.021036000
v -0.020037000 -0.110000000 -0.018981000
v -0.020037000 -0.098000000 -0.018981000
v -0.021972000 -0.110000000 -0.016703000
v -0.021972000 -0.098000000 -0.016703000
v -0.023649000 -0.110000000 -0.014229000
v -0.023649000 -0.098000000 -0.014229000
v -0.025049000 -0.110000000 -0.011589000
v -0.025049000 -0.098000000 -0.011589000
v -0.026155000 -0.110000000 -0.008813000
v -0.026155000 -0.098000000 -0.008813000
v -0.026955000 -0.110000000 -0.005933000
v -0.026955000 -0.098000000 -0.005933000
v -0.027438000 -0.110000000 -0.002984000
v -0.027438000 -0.098000000 -0.002984000
v -0.027600000 -0.110000000 -0.000000000
v -0.027600000 -0.098000000 -0.000000000
v -0.027438000 -0.110000000 0.002984000
v -0.027438000 -0.098000000 0.002984000
v -0.026955000 -0.110000000 0.005933000
v -0.026955000 -0.098000000 0.005933000
v -0.026155000 -0.110000000 0.008813000
v -0.026155000 -0.098000000 0.008813000
v -0.025049000 -0.110000000 0.011589000
v -0.025049000 -0.098000000 0.011589000
v -0.023649000 -0.110000000 0.014229000
v -0.023649000 -0.098000000 0.014229000
v -0.021972000 -0.110000000 0.016703000
v -0.021972000 -0.098000000 0.016703000
v -0.020037000 -0.110000000 0.018981000
v -0.020037000 -0.098000000 0.018981000
v -0.017868000 -0.110000000 0.021036000
v -0.017868000 -0.098000000 0.021036000
v -0.015489000 -0.110000000 0.022844000
v -0.015489000 -0.098000000 0.022844000
v -0.012928000 -0.110000000 0.024385000
v -0.012928000 -0.098000000 0.024385000
v -0.010216000 -0.110000000 0.025640000
v -0.010216000 -0.098000000 0.025640000
v -0.007384000 -0.110000000 0.026594000
v -0.007384000 -0.098000000 0.026594000
v -0.004465000 -0.110000000 0.027236000
v -0.004465000 -0.098000000 0.027236000
v -0.001494000 -0.110000000 0.027560000
v -0.001494000 -0.098000000 0.027560000
v 0.001494000 -0.110000000 0.027560000
v 0.001494000 -0.098000000 0.027560000
v 0.004465000 -0.110000000 0.027236000
v 0.004465000 -0.098000000 0.027236000
v 0.007384000 -0.110000000 0.026594000
v 0.007384000 -0.098000000 0.026594000
v 0.010216000 -0.110000000 0.025640000
v 0.010216000 -0.098000000 0.025640000
v 0.012928000 -0.110000000 0.024385000
v 0.012928000 -0.098000000 0.024385000
v 0.015489000 -0.110000000 0.022844000
v 0.015489000 -0.098000000 0.022844000
v 0.017868000 -0.110000000 0.021036000
v 0.017868000 -0.098000000 0.021036000
v 0.020037000 -0.110000000 0.018981000
v 0.020037000 -0.098000000 0.018981000
v 0.021972000 -0.110000000 0.016703000
v 0.021972000 -0.098000000 0.016703000
v 0.023649000 -0.110000000 0.014229000
v 0.023649000 -0.098000000 0.014229000
v 0.025049000 -0.110000000 0.011589000
v 0.025049000 -0.098000000 0.011589000
v 0.026155000 -0.110000000 0.008813000
v 0.026155000 -0.098000000 0.008813000
v 0.026955000 -0.110000000 0.005933000
v 0.026955000 -0.098000000 0.005933000
v 0.027438000 -0.110000000 0.002984000
v 0.027438000 -0.098000000 0.002984000
v 0.040000000 -0.110000000 -0.029800000
v 0.040000000 -0.098000000 -0.029800000
v 0.032000000 -0.110000000 -0.029800000
v 0.032000000 -0.098000000 -0.029800000
v 0.029800000 -0.110000000 -0.032000000
v 0.029800000 -0.098000000 -0.032000000
v 0.029800000 -0.098000000 0.047250000
v 0.029800000 -0.098000000 0.040000000
v 0.022000000 -0.098000000 0.040000000
v -0.010000000 -0.098000000 0.033800000
v 0.029800000 -0.098000000 -0.022000000
v 0.029800000 -0.098000000 0.000000000
v 0.022000000 -0.098000000 -0.022000000
v 0.000000000 -0.098000000 -0.029800000
v 0.022000000 -0.098000000 -0.029800000
v -0.032000000 -0.098000000 -0.029800000
v -0.032000000 -0.098000000 -0.022000000
v -0.033800000 -0.098000000 0.000000000
v 0.000000000 -0.098000000 0.033800000
v 0.010000000 -0.098000000 0.033800000
v 0.022000000 -0.098000000 0.032000000
v 0.029800000 -0.098000000 0.032000000
v 0.029800000 -0.098000000 -0.029800000
v 0.045000000 -0.098000000 -0.022000000
v 0.045000000 -0.098000000 -0.029800000
v 0.045000000 -0.098000000 -0.047250000
v 0.029800000 -0.098000000 -0.040000000
v 0.029800000 -0.098000000 -0.047250000
v 0.022000000 -0.098000000 -0.047250000
v 0.000000000 -0.098000000 -0.047250000
v -0.033800000 -0.098000000 -0.040000000
v -0.033800000 -0.098000000 -0.047250000
v -0.045000000 -0.098000000 -0.047250000
v -0.040000000 -0.098000000 -0.029800000
v -0.045000000 -0.098000000 -0.029800000
v -0.040000000 -0.098000000 -0.022000000
v -0.045000000 -0.098000000 -0.022000000
v -0.045000000 -0.098000000 0.000000000
v -0.033800000 -0.098000000 -0.010000000
v 0.000000000 -0.098000000 0.047250000
v 0.022000000 -0.098000000 0.047250000
v 0.045000000 -0.098000000 0.047250000
v 0.040000000 -0.098000000 0.033800000
v 0.045000000 -0.098000000 0.033800000
v 0.045000000 -0.098000000 0.000000000
v -0.033800000 -0.098000000 0.047250000
v -0.033800000 -0.098000000 0.040000000
v -0.045000000 -0.098000000 0.047250000
v -0.045000000 -0.098000000 0.033800000
v -0.040000000 -0.098000000 0.033800000
v -0.033800000 -0.098000000 0.010000000
v -0.045000000 -0.110000000 -0.047250000
v -0.033800000 -0.110000000 -0.047250000
v 0.000000000 -0.110000000 -0.047250000
v 0.022000000 -0.110000000 -0.047250000
v 0.029800000 -0.110000000 -0.047250000
v 0.045000000 -0.110000000 -0.047250000
v -0.045000000 -0.110000000 0.047250000
v -0.045000000 -0.110000000 0.033800000
v -0.045000000 -0.110000000 0.000000000
v -0.045000000 -0.110000000 -0.022000000
v -0.045000000 -0.110000000 -0.029800000
v 0.045000000 -0.110000000 -0.029800000
v 0.045000000 -0.110000000 -0.022000000
v 0.045000000 -0.110000000 0.000000000
v 0.045000000 -0.110000000 0.033800000
v 0.045000000 -0.110000000 0.047250000
v 0.029800000 -0.110000000 0.047250000
v 0.022000000 -0.110000000 0.047250000
v 0.000000000 -0.110000000 0.047250000
v -0.033800000 -0.110000000 0.047250000
v 0.010000000 -0.110000000 0.033800000
v 0.022000000 -0.110000000 0.032000000
v 0.029800000 -0.110000000 0.032000000
v 0.029800000 -0.110000000 0.000000000
v 0.000000000 -0.110000000 0.033800000
v -0.010000000 -0.110000000 0.033800000
v -0.033800000 -0.110000000 0.000000000
v -0.033800000 -0.110000000 -0.010000000
v -0.032000000 -0.110000000 -0.022000000
v 0.000000000 -0.110000000 -0.029800000
v -0.032000000 -0.110000000 -0.029800000
v 0.022000000 -0.110000000 -0.029800000
v 0.022000000 -0.110000000 -0.022000000
v 0.029800000 -0.110000000 -0.022000000
v 0.029800000 -0.110000000 -0.029800000
v 0.029800000 -0.110000000 -0.040000000
v -0.040000000 -0.110000000 -0.022000000
v -0.040000000 -0.110000000 -0.029800000
v -0.033800000 -0.110000000 -0.040000000
v 0.040000000 -0.110000000 0.033800000
v 0.029800000 -0.110000000 0.040000000
v 0.022000000 -0.110000000 0.040000000
v -0.033800000 -0.110000000 0.040000000
v -0.040000000 -0.110000000 0.033800000
v -0.033800000 -0.110000000 0.010000000
v -0.050000000 -0.098000000 0.049500000
v -0.050000000 -0.110000000 0.049500000
v -0.044804000 -0.098000000 0.052500000
v -0.030947000 -0.110000000 0.060500000
v -0.030947000 -0.102000000 0.060500000
v 0.030947000 -0.102000000 0.060500000
v 0.030947000 -0.110000000 0.060500000
v 0.044804000 -0.098000000 0.052500000
v 0.050000000 -0.110000000 0.049500000
v 0.050000000 -0.098000000 0.049500000
v 0.050000000 -0.098000000 -0.047500000
v 0.050000000 -0.110000000 -0.047500000
v 0.045000000 -0.110000000 -0.052500000
v -0.045000000 -0.110000000 -0.052500000
v 0.045000000 -0.098000000 -0.052500000
v -0.045000000 -0.098000000 -0.052500000
v -0.050000000 -0.110000000 -0.047500000
v -0.050000000 -0.098000000 -0.047500000
v -0.045100000 -0.098000000 0.047350000
v -0.045100000 -0.098000000 -0.047350000
v 0.045100000 -0.098000000 -0.047350000
v 0.045100000 -0.098000000 0.047350000
v -0.045100000 -0.110000000 -0.047350000
v -0.045100000 -0.110000000 0.047350000
v 0.045100000 -0.110000000 0.047350000
v 0.045100000 -0.110000000 -0.047350000
v 0.023100000 -0.110000000 0.000000000
v 0.023100000 -0.098000000 0.000000000
v 0.022965000 -0.110000000 -0.002498000
v 0.022965000 -0.098000000 -0.002498000
v 0.022560000 -0.110000000 -0.004966000
v 0.022560000 -0.098000000 -0.004966000
v 0.021891000 -0.110000000 -0.007376000
v 0.021891000 -0.098000000 -0.007376000
v 0.020965000 -0.110000000 -0.009699000
v 0.020965000 -0.098000000 -0.009699000
v 0.019793000 -0.110000000 -0.011909000
v 0.019793000 -0.098000000 -0.011909000
v 0.018390000 -0.110000000 -0.013980000
v 0.018390000 -0.098000000 -0.013980000
v 0.016770000 -0.110000000 -0.015886000
v 0.016770000 -0.098000000 -0.015886000
v 0.014955000 -0.110000000 -0.017606000
v 0.014955000 -0.098000000 -0.017606000
v 0.012963000 -0.110000000 -0.019120000
v 0.012963000 -0.098000000 -0.019120000
v 0.010820000 -0.110000000 -0.020409000
v 0.010820000 -0.098000000 -0.020409000
v 0.008550000 -0.110000000 -0.021459000
v 0.008550000 -0.098000000 -0.021459000
v 0.006180000 -0.110000000 -0.022258000
v 0.006180000 -0.098000000 -0.022258000
v 0.003737000 -0.110000000 -0.022796000
v 0.003737000 -0.098000000 -0.022796000
v 0.001251000 -0.110000000 -0.023066000
v 0.001251000 -0.098000000 -0.023066000
v -0.001251000 -0.110000000 -0.023066000
v -0.001251000 -0.098000000 -0.023066000
v -0.003737000 -0.110000000 -0.022796000
v -0.003737000 -0.098000000 -0.022796000
v -0.006180000 -0.110000000 -0.022258000
v -0.006180000 -0.098000000 -0.022258000
v -0.008550000 -0.110000000 -0.021459000
v -0.008550000 -0.098000000 -0.021459000
v -0.010820000 -0.110000000 -0.020409000
v -0.010820000 -0.098000000 -0.020409000
v -0.012963000 -0.110000000 -0.019120000
v -0.012963000 -0.098000000 -0.019120000
v -0.014955000 -0.110000000 -0.017606000
v -0.014955000 -0.098000000 -0.017606000
v -0.016770000 -0.110000000 -0.015886000
v -0.016770000 -0.098000000 -0.015886000
v -0.018390000 -0.110000000 -0.013980000
v -0.018390000 -0.098000000 -0.013980000
v -0.019793000 -0.110000000 -0.011909000
v -0.019793000 -0.098000000 -0.011909000
v -0.020965000 -0.110000000 -0.009699000
v -0.020965000 -0.098000000 -0.009699000
v -0.021891000 -0.110000000 -0.007376000
v -0.021891000 -0.098000000 -0.007376000
v -0.022560000 -0.110000000 -0.004966000
v -0.022560000 -0.098000000 -0.004966000
v -0.022965000 -0.110000000 -0.002498000
v -0.022965000 -0.098000000 -0.002498000
v -0.023100000 -0.110000000 -0.000000000
v -0.023100000 -0.098000000 -0.000000000
v -0.022965000 -0.110000000 0.002498000
v -0.022965000 -0.098000000 0.002498000
v -0.022560000 -0.110000000 0.004966000
v -0.022560000 -0.098000000 0.004966000
v -0.021891000 -0.110000000 0.007376000
v -0.021891000 -0.098000000 0.007376000
v -0.020965000 -0.110000000 0.009699000
v -0.020965000 -0.098000000 0.009699000
v -0.019793000 -0.110000000 0.011909000
v -0.019793000 -0.098000000 0.011909000
v -0.018390000 -0.110000000 0.013980000
v -0.018390000 -0.098000000 0.013980000
v -0.016770000 -0.110000000 0.015886000
v -0.016770000 -0.098000000 0.015886000
v -0.014955000 -0.110000000 0.017606000
v -0.014955000 -0.098000000 0.017606000
v -0.012963000 -0.110000000 0.019120000
v -0.012963000 -0.098000000 0.019120000
v -0.010820000 -0.110000000 0.020409000
v -0.010820000 -0.098000000 0.020409000
v -0.008550000 -0.110000000 0.021459000
v -0.008550000 -0.098000000 0.021459000
v -0.006180000 -0.110000000 0.022258000
v -0.006180000 -0.098000000 0.022258000
v -0.003737000 -0.110000000 0.022796000
v -0.003737000 -0.098000000 0.022796000
v -0.001251000 -0.110000000 0.023066000
v -0.001251000 -0.098000000 0.023066000
v 0.001251000 -0.110000000 0.023066000
v 0.001251000 -0.098000000 0.023066000
v 0.003737000 -0.110000000 0.022796000
v 0.003737000 -0.098000000 0.022796000
v 0.006180000 -0.110000000 0.022258000
v 0.006180000 -0.098000000 0.022258000
v 0.008550000 -0.110000000 0.021459000
v 0.008550000 -0.098000000 0.021459000
v 0.010820000 -0.110000000 0.020409000
v 0.010820000 -0.098000000 0.020409000
v 0.012963000 -0.110000000 0.019120000
v 0.012963000 -0.098000000 0.019120000
v 0.014955000 -0.110000000 0.017606000
v 0.014955000 -0.098000000 0.017606000
v 0.016770000 -0.110000000 0.015886000
v 0.016770000 -0.098000000 0.015886000
v 0.018390000 -0.110000000 0.013980000
v 0.018390000 -0.098000000 0.013980000
v 0.019793000 -0.110000000 0.011909000
v 0.019793000 -0.098000000 0.011909000
v 0.020965000 -0.110000000 0.009699000
v 0.020965000 -0.098000000 0.009699000
v 0.021891000 -0.110000000 0.007376000
v 0.021891000 -0.098000000 0.007376000
v 0.022560000 -0.110000000 0.004966000
v 0.022560000 -0.098000000 0.004966000
v 0.022965000 -0.110000000 0.002498000
v 0.022965000 -0.098000000 0.002498000
v 0.027500000 -0.098000000 0.000000000
v 0.027339000 -0.110000000 -0.002973000
v 0.027339000 -0.098000000 -0.002973000
v 0.026857000 -0.110000000 -0.005912000
v 0.026857000 -0.098000000 -0.005912000
v 0.026060000 -0.110000000 -0.008781000
v 0.026060000 -0.098000000 -0.008781000
v 0.024958000 -0.110000000 -0.011547000
v 0.024958000 -0.098000000 -0.011547000
v 0.023564000 -0.110000000 -0.014178000
v 0.023564000 -0.098000000 -0.014178000
v 0.021893000 -0.110000000 -0.016642000
v 0.021893000 -0.098000000 -0.016642000
v 0.019965000 -0.110000000 -0.018912000
v 0.019965000 -0.098000000 -0.018912000
v 0.017803000 -0.110000000 -0.020959000
v 0.017803000 -0.098000000 -0.020959000
v 0.015433000 -0.110000000 -0.022761000
v 0.015433000 -0.098000000 -0.022761000
v 0.012881000 -0.110000000 -0.024297000
v 0.012881000 -0.098000000 -0.024297000
v 0.010179000 -0.110000000 -0.025547000
v 0.010179000 -0.098000000 -0.025547000
v 0.007357000 -0.110000000 -0.026498000
v 0.007357000 -0.098000000 -0.026498000
v 0.004449000 -0.110000000 -0.027138000
v 0.004449000 -0.098000000 -0.027138000
v 0.001489000 -0.110000000 -0.027460000
v 0.001489000 -0.098000000 -0.027460000
v -0.001489000 -0.110000000 -0.027460000
v -0.001489000 -0.098000000 -0.027460000
v -0.004449000 -0.110000000 -0.027138000
v -0.004449000 -0.098000000 -0.027138000
v -0.007357000 -0.110000000 -0.026498000
v -0.007357000 -0.098000000 -0.026498000
v -0.010179000 -0.110000000 -0.025547000
v -0.010179000 -0.098000000 -0.025547000
v -0.012881000 -0.110000000 -0.024297000
v -0.012881000 -0.098000000 -0.024297000
v -0.015433000 -0.110000000 -0.022761000
v -0.015433000 -0.098000000 -0.022761000
v -0.017803000 -0.110000000 -0.020959000
v -0.017803000 -0.098000000 -0.020959000
v -0.019965000 -0.110000000 -0.018912000
v -0.019965000 -0.098000000 -0.018912000
v -0.021893000 -0.110000000 -0.016642000
v -0.021893000 -0.098000000 -0.016642000
v -0.023564000 -0.110000000 -0.014178000
v -0.023564000 -0.098000000 -0.014178000
v -0.024958000 -0.110000000 -0.011547000
v -0.024958000 -0.098000000 -0.011547000
v -0.026060000 -0.110000000 -0.008781000
v -0.026060000 -0.098000000 -0.008781000
v -0.026857000 -0.110000000 -0.005912000
v -0.026857000 -0.098000000 -0.005912000
v -0.027339000 -0.110000000 -0.002973000
v -0.027339000 -0.098000000 -0.002973000
v -0.027500000 -0.110000000 -0.000000000
v -0.027500000 -0.098000000 -0.000000000
v -0.027339000 -0.110000000 0.002973000
v -0.027339000 -0.098000000 0.002973000
v -0.026857000 -0.110000000 0.005912000
v -0.026857000 -0.098000000 0.005912000
v -0.026060000 -0.110000000 0.008781000
v -0.026060000 -0.098000000 0.008781000
v -0.024958000 -0.110000000 0.011547000
v -0.024958000 -0.098000000 0.011547000
v -0.023564000 -0.110000000 0.014178000
v -0.023564000 -0.098000000 0.014178000
v -0.021893000 -0.110000000 0.016642000
v -0.021893000 -0.098000000 0.016642000
v -0.019965000 -0.110000000 0.018912000
v -0.019965000 -0.098000000 0.018912000
v -0.017803000 -0.110000000 0.020959000
v -0.017803000 -0.098000000 0.020959000
v -0.015433000 -0.110000000 0.022761000
v -0.015433000 -0.098000000 0.022761000
v -0.012881000 -0.110000000 0.024297000
v -0.012881000 -0.098000000 0.024297000
v -0.010179000 -0.110000000 0.025547000
v -0.010179000 -0.098000000 0.025547000
v -0.007357000 -0.110000000 0.026498000
v -0.007357000 -0.098000000 0.026498000
v -0.004449000 -0.110000000 0.027138000
v -0.004449000 -0.098000000 0.027138000
v -0.001489000 -0.110000000 0.027460000
v -0.001489000 -0.098000000 0.027460000
v 0.001489000 -0.110000000 0.027460000
v 0.001489000 -0.098000000 0.027460000
v 0.004449000 -0.110000000 0.027138000
v 0.004449000 -0.098000000 0.027138000
v 0.007357000 -0.110000000 0.026498000
v 0.007357000 -0.098000000 0.026498000
v 0.010179000 -0.110000000 0.025547000
v 0.010179000 -0.098000000 0.025547000
v 0.012881000 -0.110000000 0.024297000
v 0.012881000 -0.098000000 0.024297000
v 0.015433000 -0.110000000 0.022761000
v 0.015433000 -0.098000000 0.022761000
v 0.017803000 -0.110000000 0.020959000
v 0.017803000 -0.098000000 0.020959000
v 0.019965000 -0.110000000 0.018912000
v 0.019965000 -0.098000000 0.018912000
v 0.021893000 -0.110000000 0.016642000
v 0.021893000 -0.098000000 0.016642000
v 0.023564000 -0.110000000 0.014178000
v 0.023564000 -0.098000000 0.014178000
v 0.024958000 -0.110000000 0.011547000
v 0.024958000 -0.098000000 0.011547000
v 0.026060000 -0.110000000 0.008781000
v 0.026060000 -0.098000000 0.008781000
v 0.026857000 -0.110000000 0.005912000
v 0.026857000 -0.098000000 0.005912000
v 0.027339000 -0.110000000 0.002973000
v 0.027339000 -0.098000000 0.002973000
v 0.027500000 -0.110000000 0.000000000
v 0.001850000 -0.110000000 0.019750000
v 0.001850000 -0.098000000 0.019750000
v 0.001839000 -0.110000000 0.019550000
v 0.001839000 -0.098000000 0.019550000
v 0.001807000 -0.110000000 0.019352000
v 0.001807000 -0.098000000 0.019352000
v 0.001753000 -0.110000000 0.019159000
v 0.001753000 -0.098000000 0.019159000
v 0.001679000 -0.110000000 0.018973000
v 0.001679000 -0.098000000 0.018973000
v 0.001585000 -0.110000000 0.018796000
v 0.001585000 -0.098000000 0.018796000
v 0.001473000 -0.110000000 0.018630000
v 0.001473000 -0.098000000 0.018630000
v 0.001343000 -0.110000000 0.018478000
v 0.001343000 -0.098000000 0.018478000
v 0.001198000 -0.110000000 0.018340000
v 0.001198000 -0.098000000 0.018340000
v 0.001038000 -0.110000000 0.018219000
v 0.001038000 -0.098000000 0.018219000
v 0.000867000 -0.110000000 0.018116000
v 0.000867000 -0.098000000 0.018116000
v 0.000685000 -0.110000000 0.018031000
v 0.000685000 -0.098000000 0.018031000
v 0.000495000 -0.110000000 0.017967000
v 0.000495000 -0.098000000 0.017967000
v 0.000299000 -0.110000000 0.017924000
v 0.000299000 -0.098000000 0.017924000
v 0.000100000 -0.110000000 0.017903000
v 0.000100000 -0.098000000 0.017903000
v -0.000100000 -0.110000000 0.017903000
v -0.000100000 -0.098000000 0.017903000
v -0.000299000 -0.110000000 0.017924000
v -0.000299000 -0.098000000 0.017924000
v -0.000495000 -0.110000000 0.017967000
v -0.000495000 -0.098000000 0.017967000
v -0.000685000 -0.110000000 0.018031000
v -0.000685000 -0.098000000 0.018031000
v -0.000867000 -0.110000000 0.018116000
v -0.000867000 -0.098000000 0.018116000
v -0.001038000 -0.110000000 0.018219000
v -0.001038000 -0.098000000 0.018219000
v -0.001198000 -0.110000000 0.018340000
v -0.001198000 -0.098000000 0.018340000
v -0.001343000 -0.110000000 0.018478000
v -0.001343000 -0.098000000 0.018478000
v -0.001473000 -0.110000000 0.018630000
v -0.001473000 -0.098000000 0.018630000
v -0.001585000 -0.110000000 0.018796000
v -0.001585000 -0.098000000 0.018796000
v -0.001679000 -0.110000000 0.018973000
v -0.001679000 -0.098000000 0.018973000
v -0.001753000 -0.110000000 0.019159000
v -0.001753000 -0.098000000 0.019159000
v -0.001807000 -0.110000000 0.019352000
v -0.001807000 -0.098000000 0.019352000
v -0.001839000 -0.110000000 0.019550000
v -0.001839000 -0.098000000 0.019550000
v -0.001850000 -0.110000000 0.019750000
v -0.001850000 -0.098000000 0.019750000
v -0.001839000 -0.110000000 0.019950000
v -0.001839000 -0.098000000 0.019950000
v -0.001807000 -0.110000000 0.020148000
v -0.001807000 -0.098000000 0.020148000
v -0.001753000 -0.110000000 0.020341000
v -0.001753000 -0.098000000 0.020341000
v -0.001679000 -0.110000000 0.020527000
v -0.001679000 -0.098000000 0.020527000
v -0.001585000 -0.110000000 0.020704000
v -0.001585000 -0.098000000 0.020704000
v -0.001473000 -0.110000000 0.020870000
v -0.001473000 -0.098000000 0.020870000
v -0.001343000 -0.110000000 0.021022000
v -0.001343000 -0.098000000 0.021022000
v -0.001198000 -0.110000000 0.021160000
v -0.001198000 -0.098000000 0.021160000
v -0.001038000 -0.110000000 0.021281000
v -0.001038000 -0.098000000 0.021281000
v -0.000867000 -0.110000000 0.021384000
v -0.000867000 -0.098000000 0.021384000
v -0.000685000 -0.110000000 0.021469000
v -0.000685000 -0.098000000 0.021469000
v -0.000495000 -0.110000000 0.021533000
v -0.000495000 -0.098000000 0.021533000
v -0.000299000 -0.110000000 0.021576000
v -0.000299000 -0.098000000 0.021576000
v -0.000100000 -0.110000000 0.021597000
v -0.000100000 -0.098000000 0.021597000
v 0.000100000 -0.110000000 0.021597000
v 0.000100000 -0.098000000 0.021597000
v 0.000299000 -0.110000000 0.021576000
v 0.000299000 -0.098000000 0.021576000
v 0.000495000 -0.110000000 0.021533000
v 0.000495000 -0.098000000 0.021533000
v 0.000685000 -0.110000000 0.021469000
v 0.000685000 -0.098000000 0.021469000
v 0.000867000 -0.110000000 0.021384000
v 0.000867000 -0.098000000 0.021384000
v 0.001038000 -0.110000000 0.021281000
v 0.001038000 -0.098000000 0.021281000
v 0.001198000 -0.110000000 0.021160000
v 0.001198000 -0.098000000 0.021160000
v 0.001343000 -0.110000000 0.021022000
v 0.001343000 -0.098000000 0.021022000
v 0.001473000 -0.110000000 0.020870000
v 0.001473000 -0.098000000 0.020870000
v 0.001585000 -0.110000000 0.020704000
v 0.001585000 -0.098000000 0.020704000
v 0.001679000 -0.110000000 0.020527000
v 0.001679000 -0.098000000 0.020527000
v 0.001753000 -0.110000000 0.020341000
v 0.001753000 -0.098000000 0.020341000
v 0.001807000 -0.110000000 0.020148000
v 0.001807000 -0.098000000 0.020148000
v 0.001839000 -0.110000000 0.019950000
v 0.001839000 -0.098000000 0.019950000
v 0.018712000 -0.110000000 -0.001531000
v 0.018552000 -0.110000000 -0.001410000
v -0.017900000 -0.110000000 -0.000000000
v -0.021589000 -0.110000000 -0.000200000
v -0.021600000 -0.110000000 -0.000000000
v -0.023000000 -0.110000000 -0.000000000
v -0.020788000 -0.110000000 -0.001531000
v -0.020948000 -0.110000000 -0.001410000
v -0.022462000 -0.110000000 -0.004944000
v 0.019850000 -0.110000000 -0.001847000
v 0.019650000 -0.110000000 -0.001847000
v 0.000299000 -0.110000000 -0.017924000
v 0.019255000 -0.110000000 -0.001783000
v 0.019451000 -0.110000000 -0.001826000
v 0.019065000 -0.110000000 -0.001719000
v 0.018883000 -0.110000000 -0.001634000
v 0.018407000 -0.110000000 -0.001272000
v 0.018277000 -0.110000000 -0.001120000
v 0.018165000 -0.110000000 -0.000954000
v -0.003721000 -0.110000000 0.022697000
v -0.001245000 -0.110000000 0.022966000
v 0.021589000 -0.110000000 0.000200000
v 0.021600000 -0.110000000 0.000000000
v 0.023000000 -0.110000000 0.000000000
v -0.021223000 -0.110000000 -0.001120000
v -0.021335000 -0.110000000 -0.000954000
v -0.022865000 -0.110000000 -0.002487000
v -0.019255000 -0.110000000 0.001783000
v -0.019065000 -0.110000000 0.001719000
v 0.017900000 -0.110000000 0.000000000
v -0.018883000 -0.110000000 0.001634000
v 0.001245000 -0.110000000 0.022966000
v -0.021335000 -0.110000000 0.000954000
v -0.021223000 -0.110000000 0.001120000
v -0.022865000 -0.110000000 0.002487000
v -0.021429000 -0.110000000 -0.000777000
v -0.021503000 -0.110000000 -0.000591000
v -0.021557000 -0.110000000 -0.000398000
v 0.020617000 -0.110000000 -0.001634000
v 0.020435000 -0.110000000 -0.001719000
v -0.018712000 -0.110000000 0.001531000
v -0.018552000 -0.110000000 0.001410000
v 0.017911000 -0.110000000 -0.000200000
v -0.018407000 -0.110000000 0.001272000
v 0.017943000 -0.110000000 -0.000398000
v 0.017997000 -0.110000000 -0.000591000
v -0.018277000 -0.110000000 0.001120000
v -0.018165000 -0.110000000 0.000954000
v -0.018071000 -0.110000000 0.000777000
v -0.017997000 -0.110000000 0.000591000
v -0.017943000 -0.110000000 0.000398000
v 0.018071000 -0.110000000 -0.000777000
v -0.017911000 -0.110000000 0.000200000
v -0.021429000 -0.110000000 0.000777000
v -0.001038000 -0.110000000 -0.018219000
v -0.001198000 -0.110000000 -0.018340000
v -0.017911000 -0.110000000 -0.000200000
v -0.017943000 -0.110000000 -0.000398000
v -0.017997000 -0.110000000 -0.000591000
v -0.018071000 -0.110000000 -0.000777000
v -0.018165000 -0.110000000 -0.000954000
v -0.000867000 -0.110000000 -0.018116000
v -0.000685000 -0.110000000 -0.018031000
v -0.000495000 -0.110000000 -0.017967000
v 0.020788000 -0.110000000 -0.001531000
v -0.000685000 -0.110000000 -0.021469000
v -0.001245000 -0.110000000 -0.022966000
v -0.000495000 -0.110000000 -0.021533000
v -0.000299000 -0.110000000 -0.021576000
v -0.020435000 -0.110000000 0.001719000
v -0.020049000 -0.110000000 0.001826000
v -0.019850000 -0.110000000 0.001847000
v -0.019650000 -0.110000000 0.001847000
v -0.019451000 -0.110000000 0.001826000
v -0.021589000 -0.110000000 0.000200000
v -0.021557000 -0.110000000 0.000398000
v -0.021503000 -0.110000000 0.000591000
v -0.021093000 -0.110000000 -0.001272000
v 0.000867000 -0.110000000 -0.021384000
v 0.000685000 -0.110000000 -0.021469000
v 0.001245000 -0.110000000 -0.022966000
v 0.000495000 -0.110000000 -0.021533000
v -0.000867000 -0.110000000 -0.021384000
v -0.001038000 -0.110000000 -0.021281000
v -0.003721000 -0.110000000 -0.022697000
v -0.001198000 -0.110000000 -0.021160000
v -0.001343000 -0.110000000 -0.021022000
v -0.006153000 -0.110000000 -0.022162000
v -0.001753000 -0.110000000 -0.020341000
v -0.008513000 -0.110000000 -0.021366000
v -0.001807000 -0.110000000 -0.020148000
v -0.010773000 -0.110000000 -0.020321000
v -0.001839000 -0.110000000 -0.019950000
v -0.001850000 -0.110000000 -0.019750000
v -0.006153000 -0.110000000 0.022162000
v -0.020617000 -0.110000000 0.001634000
v -0.020788000 -0.110000000 0.001531000
v -0.020245000 -0.110000000 0.001783000
v -0.010773000 -0.110000000 0.020321000
v -0.008513000 -0.110000000 0.021366000
v -0.000299000 -0.110000000 -0.017924000
v -0.000100000 -0.110000000 -0.017903000
v 0.000100000 -0.110000000 -0.017903000
v 0.020245000 -0.110000000 -0.001783000
v 0.020049000 -0.110000000 -0.001826000
v -0.001473000 -0.110000000 -0.020870000
v -0.001585000 -0.110000000 -0.020704000
v -0.001679000 -0.110000000 -0.020527000
v 0.017911000 -0.110000000 0.000200000
v 0.003721000 -0.110000000 0.022697000
v -0.020948000 -0.110000000 0.001410000
v -0.012907000 -0.110000000 0.019037000
v -0.014890000 -0.110000000 0.017530000
v -0.016698000 -0.110000000 0.015817000
v -0.018310000 -0.110000000 0.013919000
v -0.018552000 -0.110000000 -0.001410000
v -0.001839000 -0.110000000 -0.019550000
v -0.001807000 -0.110000000 -0.019352000
v 0.000867000 -0.110000000 -0.018116000
v 0.020948000 -0.110000000 -0.001410000
v 0.000685000 -0.110000000 -0.018031000
v 0.000495000 -0.110000000 -0.017967000
v 0.021503000 -0.110000000 -0.000591000
v 0.022865000 -0.110000000 -0.002487000
v 0.021557000 -0.110000000 -0.000398000
v 0.021589000 -0.110000000 -0.000200000
v 0.000299000 -0.110000000 -0.021576000
v 0.000100000 -0.110000000 -0.021597000
v -0.000100000 -0.110000000 -0.021597000
v 0.018071000 -0.110000000 0.000777000
v 0.018165000 -0.110000000 0.000954000
v 0.018277000 -0.110000000 0.001120000
v 0.017943000 -0.110000000 0.000398000
v 0.017997000 -0.110000000 0.000591000
v 0.020617000 -0.110000000 0.001634000
v 0.022462000 -0.110000000 0.004944000
v 0.020435000 -0.110000000 0.001719000
v 0.021796000 -0.110000000 0.007344000
v 0.020245000 -0.110000000 0.001783000
v 0.021223000 -0.110000000 0.001120000
v 0.021335000 -0.110000000 0.000954000
v 0.022865000 -0.110000000 0.002487000
v 0.021429000 -0.110000000 -0.000777000
v 0.021335000 -0.110000000 -0.000954000
v 0.021223000 -0.110000000 -0.001120000
v 0.001473000 -0.110000000 -0.020870000
v 0.001343000 -0.110000000 -0.021022000
v 0.003721000 -0.110000000 -0.022697000
v 0.001198000 -0.110000000 -0.021160000
v 0.001038000 -0.110000000 -0.021281000
v 0.018883000 -0.110000000 0.001634000
v 0.008513000 -0.110000000 0.021366000
v 0.018712000 -0.110000000 0.001531000
v 0.006153000 -0.110000000 0.022162000
v 0.020788000 -0.110000000 0.001531000
v 0.020948000 -0.110000000 0.001410000
v 0.021093000 -0.110000000 0.001272000
v 0.021429000 -0.110000000 0.000777000
v 0.021503000 -0.110000000 0.000591000
v 0.021557000 -0.110000000 0.000398000
v -0.001753000 -0.110000000 -0.019159000
v -0.001679000 -0.110000000 -0.018973000
v -0.001585000 -0.110000000 -0.018796000
v 0.001038000 -0.110000000 -0.018219000
v 0.001198000 -0.110000000 -0.018340000
v 0.001343000 -0.110000000 -0.018478000
v 0.018552000 -0.110000000 0.001410000
v 0.018407000 -0.110000000 0.001272000
v -0.019708000 -0.110000000 0.011858000
v -0.020874000 -0.110000000 0.009657000
v -0.021796000 -0.110000000 0.007344000
v -0.022462000 -0.110000000 0.004944000
v 0.020049000 -0.110000000 0.001826000
v 0.020874000 -0.110000000 0.009657000
v 0.019850000 -0.110000000 0.001847000
v 0.019708000 -0.110000000 0.011858000
v 0.019650000 -0.110000000 0.001847000
v 0.018310000 -0.110000000 0.013919000
v 0.019451000 -0.110000000 0.001826000
v 0.016698000 -0.110000000 0.015817000
v 0.019255000 -0.110000000 0.001783000
v 0.014890000 -0.110000000 0.017530000
v 0.019065000 -0.110000000 0.001719000
v 0.012907000 -0.110000000 0.019037000
v 0.010773000 -0.110000000 0.020321000
v -0.021093000 -0.110000000 0.001272000
v -0.001473000 -0.110000000 -0.018630000
v -0.001343000 -0.110000000 -0.018478000
v -0.018407000 -0.110000000 -0.001272000
v -0.018277000 -0.110000000 -0.001120000
v -0.018712000 -0.110000000 -0.001531000
v -0.018883000 -0.110000000 -0.001634000
v -0.012907000 -0.110000000 -0.019037000
v -0.019065000 -0.110000000 -0.001719000
v -0.014890000 -0.110000000 -0.017530000
v -0.019255000 -0.110000000 -0.001783000
v -0.016698000 -0.110000000 -0.015817000
v -0.019451000 -0.110000000 -0.001826000
v -0.018310000 -0.110000000 -0.013919000
v -0.019650000 -0.110000000 -0.001847000
v -0.019708000 -0.110000000 -0.011858000
v -0.019850000 -0.110000000 -0.001847000
v -0.020874000 -0.110000000 -0.009657000
v -0.020049000 -0.110000000 -0.001826000
v -0.021796000 -0.110000000 -0.007344000
v -0.020245000 -0.110000000 -0.001783000
v -0.020435000 -0.110000000 -0.001719000
v -0.020617000 -0.110000000 -0.001634000
v 0.006153000 -0.110000000 -0.022162000
v 0.001679000 -0.110000000 -0.020527000
v 0.001585000 -0.110000000 -0.020704000
v 0.001679000 -0.110000000 -0.018973000
v 0.020874000 -0.110000000 -0.009657000
v 0.001585000 -0.110000000 -0.018796000
v 0.021796000 -0.110000000 -0.007344000
v 0.001473000 -0.110000000 -0.018630000
v 0.022462000 -0.110000000 -0.004944000
v 0.001839000 -0.110000000 -0.019550000
v 0.001850000 -0.110000000 -0.019750000
v 0.010773000 -0.110000000 -0.020321000
v 0.001839000 -0.110000000 -0.019950000
v 0.008513000 -0.110000000 -0.021366000
v 0.001807000 -0.110000000 -0.020148000
v 0.001753000 -0.110000000 -0.020341000
v 0.021093000 -0.110000000 -0.001272000
v 0.012907000 -0.110000000 -0.019037000
v 0.014890000 -0.110000000 -0.017530000
v 0.001807000 -0.110000000 -0.019352000
v 0.016698000 -0.110000000 -0.015817000
v 0.001753000 -0.110000000 -0.019159000
v 0.018310000 -0.110000000 -0.013919000
v 0.019708000 -0.110000000 -0.011858000
v -0.021589000 -0.098000000 0.000200000
v -0.021600000 -0.098000000 -0.000000000
v -0.023000000 -0.098000000 -0.000000000
v 0.018883000 -0.098000000 0.001634000
v 0.018712000 -0.098000000 0.001531000
v -0.017900000 -0.098000000 -0.000000000
v 0.001245000 -0.098000000 0.022966000
v 0.021589000 -0.098000000 -0.000200000
v 0.021600000 -0.098000000 0.000000000
v 0.023000000 -0.098000000 0.000000000
v 0.003721000 -0.098000000 0.022697000
v -0.001245000 -0.098000000 0.022966000
v 0.019650000 -0.098000000 0.001847000
v 0.019451000 -0.098000000 0.001826000
v 0.018552000 -0.098000000 0.001410000
v 0.018407000 -0.098000000 0.001272000
v 0.018277000 -0.098000000 0.001120000
v -0.022865000 -0.098000000 0.002487000
v -0.021223000 -0.098000000 0.001120000
v -0.021335000 -0.098000000 0.000954000
v 0.019255000 -0.098000000 0.001783000
v 0.019065000 -0.098000000 0.001719000
v 0.018165000 -0.098000000 0.000954000
v 0.018071000 -0.098000000 0.000777000
v 0.017997000 -0.098000000 0.000591000
v 0.000685000 -0.098000000 -0.018031000
v 0.017900000 -0.098000000 0.000000000
v 0.000867000 -0.098000000 -0.018116000
v 0.001038000 -0.098000000 -0.018219000
v -0.000867000 -0.098000000 -0.021384000
v -0.000685000 -0.098000000 -0.021469000
v -0.001245000 -0.098000000 -0.022966000
v -0.000495000 -0.098000000 -0.021533000
v 0.006153000 -0.098000000 0.022162000
v -0.021796000 -0.098000000 0.007344000
v -0.020435000 -0.098000000 0.001719000
v -0.022462000 -0.098000000 0.004944000
v -0.020617000 -0.098000000 0.001634000
v -0.020788000 -0.098000000 0.001531000
v -0.020948000 -0.098000000 0.001410000
v -0.021093000 -0.098000000 0.001272000
v -0.021429000 -0.098000000 0.000777000
v -0.021503000 -0.098000000 0.000591000
v -0.021557000 -0.098000000 0.000398000
v 0.020788000 -0.098000000 0.001531000
v 0.020617000 -0.098000000 0.001634000
v 0.020948000 -0.098000000 0.001410000
v -0.019255000 -0.098000000 -0.001783000
v -0.019065000 -0.098000000 -0.001719000
v -0.017997000 -0.098000000 -0.000591000
v -0.018071000 -0.098000000 -0.000777000
v -0.018165000 -0.098000000 -0.000954000
v 0.000495000 -0.098000000 -0.017967000
v 0.000299000 -0.098000000 -0.017924000
v 0.000100000 -0.098000000 -0.017903000
v -0.020245000 -0.098000000 -0.001783000
v -0.020049000 -0.098000000 -0.001826000
v -0.000299000 -0.098000000 -0.017924000
v -0.021503000 -0.098000000 -0.000591000
v -0.022865000 -0.098000000 -0.002487000
v -0.021557000 -0.098000000 -0.000398000
v -0.021589000 -0.098000000 -0.000200000
v 0.000685000 -0.098000000 -0.021469000
v 0.001245000 -0.098000000 -0.022966000
v 0.000495000 -0.098000000 -0.021533000
v 0.000299000 -0.098000000 -0.021576000
v 0.000867000 -0.098000000 -0.021384000
v 0.001038000 -0.098000000 -0.021281000
v 0.003721000 -0.098000000 -0.022697000
v 0.001198000 -0.098000000 -0.021160000
v 0.001343000 -0.098000000 -0.021022000
v 0.020435000 -0.098000000 0.001719000
v 0.020245000 -0.098000000 0.001783000
v 0.020049000 -0.098000000 0.001826000
v 0.019850000 -0.098000000 0.001847000
v 0.021503000 -0.098000000 0.000591000
v 0.022865000 -0.098000000 0.002487000
v 0.021557000 -0.098000000 0.000398000
v 0.021589000 -0.098000000 0.000200000
v 0.021429000 -0.098000000 0.000777000
v 0.021335000 -0.098000000 0.000954000
v 0.021223000 -0.098000000 0.001120000
v -0.018883000 -0.098000000 -0.001634000
v -0.018712000 -0.098000000 -0.001531000
v -0.018552000 -0.098000000 -0.001410000
v -0.018407000 -0.098000000 -0.001272000
v -0.018277000 -0.098000000 -0.001120000
v 0.001198000 -0.098000000 -0.018340000
v 0.017911000 -0.098000000 -0.000200000
v 0.017943000 -0.098000000 -0.000398000
v 0.017997000 -0.098000000 -0.000591000
v 0.018071000 -0.098000000 -0.000777000
v 0.018165000 -0.098000000 -0.000954000
v 0.001679000 -0.098000000 -0.018973000
v 0.001585000 -0.098000000 -0.018796000
v 0.018552000 -0.098000000 -0.001410000
v 0.021223000 -0.098000000 -0.001120000
v 0.021335000 -0.098000000 -0.000954000
v 0.022865000 -0.098000000 -0.002487000
v -0.020435000 -0.098000000 -0.001719000
v -0.000100000 -0.098000000 -0.017903000
v -0.019650000 -0.098000000 -0.001847000
v -0.019850000 -0.098000000 -0.001847000
v 0.010773000 -0.098000000 0.020321000
v 0.008513000 -0.098000000 0.021366000
v -0.019451000 -0.098000000 -0.001826000
v 0.017943000 -0.098000000 0.000398000
v 0.017911000 -0.098000000 0.000200000
v -0.017911000 -0.098000000 -0.000200000
v -0.017943000 -0.098000000 -0.000398000
v 0.021429000 -0.098000000 -0.000777000
v 0.021503000 -0.098000000 -0.000591000
v 0.021557000 -0.098000000 -0.000398000
v -0.000867000 -0.098000000 -0.018116000
v -0.020948000 -0.098000000 -0.001410000
v -0.000685000 -0.098000000 -0.018031000
v -0.020788000 -0.098000000 -0.001531000
v -0.000495000 -0.098000000 -0.017967000
v -0.020617000 -0.098000000 -0.001634000
v -0.000299000 -0.098000000 -0.021576000
v -0.000100000 -0.098000000 -0.021597000
v 0.000100000 -0.098000000 -0.021597000
v 0.001473000 -0.098000000 -0.020870000
v 0.001585000 -0.098000000 -0.020704000
v 0.006153000 -0.098000000 -0.022162000
v -0.017911000 -0.098000000 0.000200000
v -0.017943000 -0.098000000 0.000398000
v -0.017997000 -0.098000000 0.000591000
v -0.018071000 -0.098000000 0.000777000
v -0.018165000 -0.098000000 0.000954000
v 0.021093000 -0.098000000 0.001272000
v 0.020874000 -0.098000000 0.009657000
v 0.021796000 -0.098000000 0.007344000
v 0.022462000 -0.098000000 0.004944000
v -0.001038000 -0.098000000 -0.018219000
v -0.001198000 -0.098000000 -0.018340000
v -0.001343000 -0.098000000 -0.018478000
v 0.001679000 -0.098000000 -0.020527000
v 0.001753000 -0.098000000 -0.020341000
v 0.008513000 -0.098000000 -0.021366000
v 0.001807000 -0.098000000 -0.020148000
v 0.010773000 -0.098000000 -0.020321000
v 0.001839000 -0.098000000 -0.019950000
v 0.001850000 -0.098000000 -0.019750000
v -0.018552000 -0.098000000 0.001410000
v 0.012907000 -0.098000000 0.019037000
v 0.014890000 -0.098000000 0.017530000
v 0.016698000 -0.098000000 0.015817000
v 0.018310000 -0.098000000 0.013919000
v 0.019708000 -0.098000000 0.011858000
v 0.001839000 -0.098000000 -0.019550000
v 0.001807000 -0.098000000 -0.019352000
v 0.001753000 -0.098000000 -0.019159000
v 0.021796000 -0.098000000 -0.007344000
v 0.020435000 -0.098000000 -0.001719000
v 0.022462000 -0.098000000 -0.004944000
v 0.020617000 -0.098000000 -0.001634000
v 0.020788000 -0.098000000 -0.001531000
v 0.020948000 -0.098000000 -0.001410000
v 0.021093000 -0.098000000 -0.001272000
v -0.001473000 -0.098000000 -0.020870000
v -0.001343000 -0.098000000 -0.021022000
v -0.003721000 -0.098000000 -0.022697000
v -0.001198000 -0.098000000 -0.021160000
v -0.001038000 -0.098000000 -0.021281000
v -0.003721000 -0.098000000 0.022697000
v 0.001473000 -0.098000000 -0.018630000
v 0.001343000 -0.098000000 -0.018478000
v 0.018407000 -0.098000000 -0.001272000
v 0.018277000 -0.098000000 -0.001120000
v -0.021429000 -0.098000000 -0.000777000
v -0.021335000 -0.098000000 -0.000954000
v -0.021223000 -0.098000000 -0.001120000
v -0.001839000 -0.098000000 -0.019550000
v -0.001850000 -0.098000000 -0.019750000
v -0.010773000 -0.098000000 -0.020321000
v -0.001839000 -0.098000000 -0.019950000
v -0.008513000 -0.098000000 -0.021366000
v -0.001807000 -0.098000000 -0.020148000
v -0.006153000 -0.098000000 -0.022162000
v -0.001753000 -0.098000000 -0.020341000
v -0.001679000 -0.098000000 -0.020527000
v -0.001585000 -0.098000000 -0.020704000
v -0.018277000 -0.098000000 0.001120000
v -0.018407000 -0.098000000 0.001272000
v -0.006153000 -0.098000000 0.022162000
v -0.018712000 -0.098000000 0.001531000
v -0.008513000 -0.098000000 0.021366000
v -0.018883000 -0.098000000 0.001634000
v -0.010773000 -0.098000000 0.020321000
v -0.012907000 -0.098000000 -0.019037000
v -0.014890000 -0.098000000 -0.017530000
v -0.001807000 -0.098000000 -0.019352000
v -0.016698000 -0.098000000 -0.015817000
v -0.001753000 -0.098000000 -0.019159000
v -0.018310000 -0.098000000 -0.013919000
v -0.001679000 -0.098000000 -0.018973000
v -0.012907000 -0.098000000 0.019037000
v -0.019065000 -0.098000000 0.001719000
v -0.014890000 -0.098000000 0.017530000
v -0.019255000 -0.098000000 0.001783000
v -0.016698000 -0.098000000 0.015817000
v -0.019451000 -0.098000000 0.001826000
v -0.018310000 -0.098000000 0.013919000
v -0.019650000 -0.098000000 0.001847000
v -0.019708000 -0.098000000 0.011858000
v -0.019850000 -0.098000000 0.001847000
v -0.020874000 -0.098000000 0.009657000
v -0.020049000 -0.098000000 0.001826000
v -0.020245000 -0.098000000 0.001783000
v 0.018712000 -0.098000000 -0.001531000
v 0.018883000 -0.098000000 -0.001634000
v 0.012907000 -0.098000000 -0.019037000
v 0.019065000 -0.098000000 -0.001719000
v 0.014890000 -0.098000000 -0.017530000
v 0.019255000 -0.098000000 -0.001783000
v 0.016698000 -0.098000000 -0.015817000
v 0.019451000 -0.098000000 -0.001826000
v 0.018310000 -0.098000000 -0.013919000
v 0.019650000 -0.098000000 -0.001847000
v 0.019708000 -0.098000000 -0.011858000
v 0.019850000 -0.098000000 -0.001847000
v 0.020874000 -0.098000000 -0.009657000
v 0.020049000 -0.098000000 -0.001826000
v 0.020245000 -0.098000000 -0.001783000
v -0.019708000 -0.098000000 -0.011858000
v -0.020874000 -0.098000000 -0.009657000
v -0.001585000 -0.098000000 -0.018796000
v -0.021796000 -0.098000000 -0.007344000
v -0.001473000 -0.098000000 -0.018630000
v -0.022462000 -0.098000000 -0.004944000
v -0.021093000 -0.098000000 -0.001272000
v 0.004000000 0.002000000 0.000000000
v 0.003977000 0.001500000 -0.000432000
v 0.003977000 0.002000000 -0.000432000
v 0.003906000 0.001500000 -0.000860000
v 0.003906000 0.002000000 -0.000860000
v 0.003791000 0.001500000 -0.001277000
v 0.003791000 0.002000000 -0.001277000
v 0.003630000 0.001500000 -0.001680000
v 0.003630000 0.002000000 -0.001680000
v 0.003427000 0.001500000 -0.002062000
v 0.003427000 0.002000000 -0.002062000
v 0.003184000 0.001500000 -0.002421000
v 0.003184000 0.002000000 -0.002421000
v 0.002904000 0.001500000 -0.002751000
v 0.002904000 0.002000000 -0.002751000
v 0.002590000 0.001500000 -0.003049000
v 0.002590000 0.002000000 -0.003049000
v 0.002245000 0.001500000 -0.003311000
v 0.002245000 0.002000000 -0.003311000
v 0.001874000 0.001500000 -0.003534000
v 0.001874000 0.002000000 -0.003534000
v 0.001481000 0.001500000 -0.003716000
v 0.001481000 0.002000000 -0.003716000
v 0.001070000 0.001500000 -0.003854000
v 0.001070000 0.002000000 -0.003854000
v 0.000647000 0.001500000 -0.003947000
v 0.000647000 0.002000000 -0.003947000
v 0.000217000 0.001500000 -0.003994000
v 0.000217000 0.002000000 -0.003994000
v -0.000217000 0.001500000 -0.003994000
v -0.000217000 0.002000000 -0.003994000
v -0.000647000 0.001500000 -0.003947000
v -0.000647000 0.002000000 -0.003947000
v -0.001070000 0.001500000 -0.003854000
v -0.001070000 0.002000000 -0.003854000
v -0.001481000 0.001500000 -0.003716000
v -0.001481000 0.002000000 -0.003716000
v -0.001874000 0.001500000 -0.003534000
v -0.001874000 0.002000000 -0.003534000
v -0.002245000 0.001500000 -0.003311000
v -0.002245000 0.002000000 -0.003311000
v -0.002590000 0.001500000 -0.003049000
v -0.002590000 0.002000000 -0.003049000
v -0.002904000 0.001500000 -0.002751000
v -0.002904000 0.002000000 -0.002751000
v -0.003184000 0.001500000 -0.002421000
v -0.003184000 0.002000000 -0.002421000
v -0.003427000 0.001500000 -0.002062000
v -0.003427000 0.002000000 -0.002062000
v -0.003630000 0.001500000 -0.001680000
v -0.003630000 0.002000000 -0.001680000
v -0.003791000 0.001500000 -0.001277000
v -0.003791000 0.002000000 -0.001277000
v -0.003906000 0.001500000 -0.000860000
v -0.003906000 0.002000000 -0.000860000
v -0.003977000 0.001500000 -0.000432000
v -0.003977000 0.002000000 -0.000432000
v -0.004000000 0.001500000 -0.000000000
v -0.004000000 0.002000000 -0.000000000
v -0.003977000 0.001500000 0.000432000
v -0.003977000 0.002000000 0.000432000
v -0.003906000 0.001500000 0.000860000
v -0.003906000 0.002000000 0.000860000
v -0.003791000 0.001500000 0.001277000
v -0.003791000 0.002000000 0.001277000
v -0.003630000 0.001500000 0.001680000
v -0.003630000 0.002000000 0.001680000
v -0.003427000 0.001500000 0.002062000
v -0.003427000 0.002000000 0.002062000
v -0.003184000 0.001500000 0.002421000
v -0.003184000 0.002000000 0.002421000
v -0.002904000 0.001500000 0.002751000
v -0.002904000 0.002000000 0.002751000
v -0.002590000 0.001500000 0.003049000
v -0.002590000 0.002000000 0.003049000
v -0.002245000 0.001500000 0.003311000
v -0.002245000 0.002000000 0.003311000
v -0.001874000 0.001500000 0.003534000
v -0.001874000 0.002000000 0.003534000
v -0.001481000 0.001500000 0.003716000
v -0.001481000 0.002000000 0.003716000
v -0.001070000 0.001500000 0.003854000
v -0.001070000 0.002000000 0.003854000
v -0.000647000 0.001500000 0.003947000
v -0.000647000 0.002000000 0.003947000
v -0.000217000 0.001500000 0.003994000
v -0.000217000 0.002000000 0.003994000
v 0.000217000 0.001500000 0.003994000
v 0.000217000 0.002000000 0.003994000
v 0.000647000 0.001500000 0.003947000
v 0.000647000 0.002000000 0.003947000
v 0.001070000 0.001500000 0.003854000
v 0.001070000 0.002000000 0.003854000
v 0.001481000 0.001500000 0.003716000
v 0.001481000 0.002000000 0.003716000
v 0.001874000 0.001500000 0.003534000
v 0.001874000 0.002000000 0.003534000
v 0.002245000 0.001500000 0.003311000
v 0.002245000 0.002000000 0.003311000
v 0.002590000 0.001500000 0.003049000
v 0.002590000 0.002000000 0.003049000
v 0.002904000 0.001500000 0.002751000
v 0.002904000 0.002000000 0.002751000
v 0.003184000 0.001500000 0.002421000
v 0.003184000 0.002000000 0.002421000
v 0.003427000 0.001500000 0.002062000
v 0.003427000 0.002000000 0.002062000
v 0.003630000 0.001500000 0.001680000
v 0.003630000 0.002000000 0.001680000
v 0.003791000 0.001500000 0.001277000
v 0.003791000 0.002000000 0.001277000
v 0.003906000 0.001500000 0.000860000
v 0.003906000 0.002000000 0.000860000
v 0.003977000 0.001500000 0.000432000
v 0.003977000 0.002000000 0.000432000
v 0.004000000 0.001500000 0.000000000
v -0.003981000 0.001500000 -0.007510000
v -0.004770000 0.001500000 -0.007035000
v -0.005503000 0.001500000 -0.006478000
v -0.006171000 0.001500000 -0.005845000
v -0.006767000 0.001500000 -0.005144000
v -0.007283000 0.001500000 -0.004382000
v -0.007714000 0.001500000 -0.003569000
v -0.008055000 0.001500000 -0.002714000
v -0.008301000 0.001500000 -0.001827000
v -0.008450000 0.001500000 -0.000919000
v -0.008500000 0.001500000 -0.000000000
v -0.008450000 0.001500000 0.000919000
v -0.008301000 0.001500000 0.001827000
v -0.008055000 0.001500000 0.002714000
v -0.007714000 0.001500000 0.003569000
v -0.007283000 0.001500000 0.004382000
v -0.006767000 0.001500000 0.005144000
v -0.006171000 0.001500000 0.005845000
v -0.005503000 0.001500000 0.006478000
v -0.004770000 0.001500000 0.007035000
v -0.003981000 0.001500000 0.007510000
v -0.003146000 0.001500000 0.007896000
v -0.002274000 0.001500000 0.008190000
v -0.001375000 0.001500000 0.008388000
v -0.000460000 0.001500000 0.008488000
v 0.000460000 0.001500000 0.008488000
v 0.001375000 0.001500000 0.008388000
v 0.002274000 0.001500000 0.008190000
v 0.003146000 0.001500000 0.007896000
v 0.003981000 0.001500000 0.007510000
v 0.004770000 0.001500000 0.007035000
v 0.005503000 0.001500000 0.006478000
v 0.006171000 0.001500000 0.005845000
v 0.006767000 0.001500000 0.005144000
v 0.007283000 0.001500000 0.004382000
v 0.007714000 0.001500000 0.003569000
v 0.008055000 0.001500000 0.002714000
v 0.008301000 0.001500000 0.001827000
v 0.008450000 0.001500000 0.000919000
v 0.008500000 0.001500000 0.000000000
v 0.008450000 0.001500000 -0.000919000
v 0.008301000 0.001500000 -0.001827000
v 0.008055000 0.001500000 -0.002714000
v 0.007714000 0.001500000 -0.003569000
v 0.007283000 0.001500000 -0.004382000
v 0.006767000 0.001500000 -0.005144000
v 0.006171000 0.001500000 -0.005845000
v 0.005503000 0.001500000 -0.006478000
v 0.004770000 0.001500000 -0.007035000
v 0.003981000 0.001500000 -0.007510000
v 0.003146000 0.001500000 -0.007896000
v 0.002274000 0.001500000 -0.008190000
v 0.001375000 0.001500000 -0.008388000
v 0.000460000 0.001500000 -0.008488000
v -0.000460000 0.001500000 -0.008488000
v -0.001375000 0.001500000 -0.008388000
v -0.002274000 0.001500000 -0.008190000
v -0.003146000 0.001500000 -0.007896000
v 0.000000000 0.002000000 0.000000000
v -0.007714000 0.002000000 0.003569000
v -0.009983000 0.002000000 0.004619000
v -0.007283000 0.002000000 0.004382000
v -0.009425000 0.002000000 0.005671000
v -0.006767000 0.002000000 0.005144000
v -0.008757000 0.002000000 0.006657000
v -0.006171000 0.002000000 0.005845000
v -0.007986000 0.002000000 0.007565000
v -0.005503000 0.002000000 0.006478000
v -0.007121000 0.002000000 0.008384000
v -0.004770000 0.002000000 0.007035000
v -0.006173000 0.002000000 0.009105000
v -0.003981000 0.002000000 0.007510000
v -0.005152000 0.002000000 0.009719000
v -0.003146000 0.002000000 0.007896000
v -0.004072000 0.002000000 0.010219000
v -0.002274000 0.002000000 0.008190000
v -0.002943000 0.002000000 0.010599000
v -0.001375000 0.002000000 0.008388000
v -0.001780000 0.002000000 0.010855000
v -0.000460000 0.002000000 0.008488000
v -0.000596000 0.002000000 0.010984000
v 0.000460000 0.002000000 0.008488000
v 0.000596000 0.002000000 0.010984000
v 0.001375000 0.002000000 0.008388000
v 0.001780000 0.002000000 0.010855000
v 0.002274000 0.002000000 0.008190000
v 0.002943000 0.002000000 0.010599000
v 0.003146000 0.002000000 0.007896000
v 0.004072000 0.002000000 0.010219000
v 0.003981000 0.002000000 0.007510000
v 0.005152000 0.002000000 0.009719000
v 0.004770000 0.002000000 0.007035000
v 0.006173000 0.002000000 0.009105000
v 0.005503000 0.002000000 0.006478000
v 0.007121000 0.002000000 0.008384000
v 0.006171000 0.002000000 0.005845000
v 0.007986000 0.002000000 0.007565000
v 0.006767000 0.002000000 0.005144000
v 0.008757000 0.002000000 0.006657000
v 0.007283000 0.002000000 0.004382000
v 0.009425000 0.002000000 0.005671000
v 0.007714000 0.002000000 0.003569000
v 0.009983000 0.002000000 0.004619000
v 0.008055000 0.002000000 0.002714000
v 0.010424000 0.002000000 0.003512000
v 0.008301000 0.002000000 0.001827000
v 0.010743000 0.002000000 0.002365000
v 0.008450000 0.002000000 0.000919000
v 0.010936000 0.002000000 0.001189000
v 0.008500000 0.002000000 0.000000000
v 0.011000000 0.002000000 0.000000000
v 0.008450000 0.002000000 -0.000919000
v 0.010936000 0.002000000 -0.001189000
v 0.008301000 0.002000000 -0.001827000
v 0.010743000 0.002000000 -0.002365000
v 0.008055000 0.002000000 -0.002714000
v 0.010424000 0.002000000 -0.003512000
v 0.007714000 0.002000000 -0.003569000
v 0.009983000 0.002000000 -0.004619000
v 0.007283000 0.002000000 -0.004382000
v 0.009425000 0.002000000 -0.005671000
v 0.006767000 0.002000000 -0.005144000
v 0.008757000 0.002000000 -0.006657000
v 0.006171000 0.002000000 -0.005845000
v 0.007986000 0.002000000 -0.007565000
v 0.005503000 0.002000000 -0.006478000
v 0.007121000 0.002000000 -0.008384000
v 0.004770000 0.002000000 -0.007035000
v 0.006173000 0.002000000 -0.009105000
v 0.003981000 0.002000000 -0.007510000
v 0.005152000 0.002000000 -0.009719000
v 0.003146000 0.002000000 -0.007896000
v 0.004072000 0.002000000 -0.010219000
v 0.002274000 0.002000000 -0.008190000
v 0.002943000 0.002000000 -0.010599000
v 0.001375000 0.002000000 -0.008388000
v 0.001780000 0.002000000 -0.010855000
v 0.000460000 0.002000000 -0.008488000
v 0.000596000 0.002000000 -0.010984000
v -0.000460000 0.002000000 -0.008488000
v -0.000596000 0.002000000 -0.010984000
v -0.001375000 0.002000000 -0.008388000
v -0.001780000 0.002000000 -0.010855000
v -0.002274000 0.002000000 -0.008190000
v -0.002943000 0.002000000 -0.010599000
v -0.003146000 0.002000000 -0.007896000
v -0.004072000 0.002000000 -0.010219000
v -0.003981000 0.002000000 -0.007510000
v -0.005152000 0.002000000 -0.009719000
v -0.004770000 0.002000000 -0.007035000
v -0.006173000 0.002000000 -0.009105000
v -0.005503000 0.002000000 -0.006478000
v -0.007121000 0.002000000 -0.008384000
v -0.006171000 0.002000000 -0.005845000
v -0.007986000 0.002000000 -0.007565000
v -0.006767000 0.002000000 -0.005144000
v -0.008757000 0.002000000 -0.006657000
v -0.007283000 0.002000000 -0.004382000
v -0.009425000 0.002000000 -0.005671000
v -0.007714000 0.002000000 -0.003569000
v -0.009983000 0.002000000 -0.004619000
v -0.008055000 0.002000000 -0.002714000
v -0.010424000 0.002000000 -0.003512000
v -0.008301000 0.002000000 -0.001827000
v -0.010743000 0.002000000 -0.002365000
v -0.008450000 0.002000000 -0.000919000
v -0.010936000 0.002000000 -0.001189000
v -0.008500000 0.002000000 -0.000000000
v -0.011000000 0.002000000 -0.000000000
v -0.008450000 0.002000000 0.000919000
v -0.010936000 0.002000000 0.001189000
v -0.008301000 0.002000000 0.001827000
v -0.010743000 0.002000000 0.002365000
v -0.008055000 0.002000000 0.002714000
v -0.010424000 0.002000000 0.003512000
v 0.011000000 -0.098000000 0.000000000
v 0.010936000 -0.098000000 0.001189000
v 0.000000000 -0.098000000 0.000000000
v 0.010424000 -0.098000000 -0.003512000
v 0.010743000 -0.098000000 -0.002365000
v 0.010936000 -0.098000000 -0.001189000
v 0.008757000 -0.098000000 -0.006657000
v 0.009425000 -0.098000000 -0.005671000
v 0.009983000 -0.098000000 -0.004619000
v 0.006173000 -0.098000000 -0.009105000
v 0.007121000 -0.098000000 -0.008384000
v 0.007986000 -0.098000000 -0.007565000
v 0.002943000 -0.098000000 -0.010599000
v 0.004072000 -0.098000000 -0.010219000
v 0.005152000 -0.098000000 -0.009719000
v -0.000596000 -0.098000000 -0.010984000
v 0.000596000 -0.098000000 -0.010984000
v 0.001780000 -0.098000000 -0.010855000
v -0.004072000 -0.098000000 -0.010219000
v -0.002943000 -0.098000000 -0.010599000
v -0.001780000 -0.098000000 -0.010855000
v -0.007121000 -0.098000000 -0.008384000
v -0.006173000 -0.098000000 -0.009105000
v -0.005152000 -0.098000000 -0.009719000
v -0.009425000 -0.098000000 -0.005671000
v -0.008757000 -0.098000000 -0.006657000
v -0.007986000 -0.098000000 -0.007565000
v -0.010743000 -0.098000000 -0.002365000
v -0.010424000 -0.098000000 -0.003512000
v -0.009983000 -0.098000000 -0.004619000
v -0.010936000 -0.098000000 0.001189000
v -0.011000000 -0.098000000 -0.000000000
v -0.010936000 -0.098000000 -0.001189000
v -0.009983000 -0.098000000 0.004619000
v -0.010424000 -0.098000000 0.003512000
v -0.010743000 -0.098000000 0.002365000
v -0.007986000 -0.098000000 0.007565000
v -0.008757000 -0.098000000 0.006657000
v -0.009425000 -0.098000000 0.005671000
v -0.005152000 -0.098000000 0.009719000
v -0.006173000 -0.098000000 0.009105000
v -0.007121000 -0.098000000 0.008384000
v -0.001780000 -0.098000000 0.010855000
v -0.002943000 -0.098000000 0.010599000
v -0.004072000 -0.098000000 0.010219000
v 0.001780000 -0.098000000 0.010855000
v 0.000596000 -0.098000000 0.010984000
v -0.000596000 -0.098000000 0.010984000
v 0.005152000 -0.098000000 0.009719000
v 0.004072000 -0.098000000 0.010219000
v 0.002943000 -0.098000000 0.010599000
v 0.007986000 -0.098000000 0.007565000
v 0.007121000 -0.098000000 0.008384000
v 0.006173000 -0.098000000 0.009105000
v 0.009983000 -0.098000000 0.004619000
v 0.009425000 -0.098000000 0.005671000
v 0.008757000 -0.098000000 0.006657000
v 0.010743000 -0.098000000 0.002365000
v 0.010424000 -0.098000000 0.003512000
v -0.013449000 -0.005504000 0.009298000
v -0.013386000 -0.005586000 0.009361000
v -0.014015000 -0.004523000 0.011295000
v -0.013336000 -0.006304000 0.012089000
v -0.012954000 -0.006626000 0.009748000
v -0.013319000 -0.006430000 0.012108000
v -0.012932000 -0.006811000 0.009765000
v -0.013297000 -0.006651000 0.012132000
v -0.013510000 -0.005568000 0.011895000
v -0.013050000 -0.006233000 0.009668000
v -0.013424000 -0.005866000 0.011991000
v -0.013010000 -0.006364000 0.009701000
v -0.013400000 -0.005967000 0.012018000
v -0.012996000 -0.006417000 0.009713000
v -0.013359000 -0.006169000 0.012064000
v -0.012990000 -0.006444000 0.009718000
v -0.012963000 -0.006570000 0.009740000
v -0.013157000 -0.005969000 0.009575000
v -0.013617000 -0.005275000 0.011772000
v -0.013198000 -0.005887000 0.009539000
v -0.013714000 -0.005052000 0.011658000
v -0.013224000 -0.005838000 0.009515000
v -0.013141000 -0.006004000 0.009590000
v -0.013118000 -0.006055000 0.009609000
v -0.013069000 -0.006179000 0.009652000
v -0.013856000 -0.004779000 0.011489000
v -0.013344000 -0.005644000 0.009402000
v -0.013287000 -0.005731000 0.009456000
v -0.013246000 -0.005800000 0.009495000
v -0.013472000 -0.005476000 0.009273000
v -0.014191000 -0.004286000 0.011073000
v -0.013491000 -0.005454000 0.009254000
v -0.013558000 -0.005380000 0.009182000
v -0.014297000 -0.004161000 0.010936000
v -0.013593000 -0.005345000 0.009144000
v -0.014329000 -0.004126000 0.010894000
v -0.013601000 -0.005337000 0.009136000
v -0.014699000 -0.003790000 0.010389000
v -0.013706000 -0.005243000 0.009016000
v -0.014494000 -0.003961000 0.010674000
v -0.014399000 -0.004052000 0.010801000
v -0.014096000 -0.005024000 0.008497000
v -0.013991000 -0.005062000 0.008649000
v -0.014986000 -0.003611000 0.009970000
v -0.013968000 -0.005073000 0.008682000
v -0.013926000 -0.005094000 0.008740000
v -0.014912000 -0.003651000 0.010081000
v -0.013843000 -0.005142000 0.008847000
v -0.013817000 -0.005160000 0.008881000
v -0.014427000 -0.005032000 0.007917000
v -0.014341000 -0.005007000 0.008085000
v -0.015748000 -0.003466000 0.008718000
v -0.014312000 -0.005003000 0.008138000
v -0.015619000 -0.003454000 0.008948000
v -0.015199000 -0.003521000 0.009642000
v -0.015410000 -0.003469000 0.009302000
v -0.014194000 -0.005004000 0.008341000
v -0.015423000 -0.003467000 0.009280000
v -0.014260000 -0.005000000 0.008231000
v -0.014287000 -0.005001000 0.008183000
v -0.015939000 -0.003517000 0.008364000
v -0.016014000 -0.003549000 0.008219000
v -0.014506000 -0.005075000 0.007749000
v -0.016087000 -0.003587000 0.008075000
v -0.016120000 -0.003607000 0.008009000
v -0.014577000 -0.005135000 0.007583000
v -0.016285000 -0.003731000 0.007667000
v -0.014598000 -0.005158000 0.007529000
v -0.016337000 -0.003780000 0.007556000
v -0.014655000 -0.005233000 0.007379000
v -0.016437000 -0.003892000 0.007336000
v -0.014662000 -0.005245000 0.007358000
v -0.016577000 -0.004089000 0.007015000
v -0.014717000 -0.005348000 0.007195000
v -0.016706000 -0.004328000 0.006703000
v -0.014765000 -0.005468000 0.007039000
v -0.014773000 -0.005493000 0.007011000
v -0.016777000 -0.004492000 0.006521000
v -0.014812000 -0.005634000 0.006865000
v -0.016810000 -0.004576000 0.006437000
v -0.014833000 -0.005730000 0.006779000
v -0.016869000 -0.004749000 0.006280000
v -0.016900000 -0.004852000 0.006195000
v -0.014843000 -0.005785000 0.006735000
v -0.016948000 -0.005029000 0.006064000
v -0.014860000 -0.005889000 0.006659000
v -0.014868000 -0.005947000 0.006620000
v -0.016980000 -0.005164000 0.005974000
v -0.014876000 -0.006011000 0.006582000
v -0.017116000 -0.006047000 0.005570000
v -0.014906000 -0.006359000 0.006419000
v -0.017086000 -0.005775000 0.005664000
v -0.014898000 -0.006233000 0.006468000
v -0.017067000 -0.005640000 0.005720000
v -0.014894000 -0.006183000 0.006491000
v -0.017059000 -0.005587000 0.005744000
v -0.014892000 -0.006160000 0.006502000
v -0.017038000 -0.005461000 0.005805000
v -0.017014000 -0.005326000 0.005877000
v -0.017141000 -0.006358000 0.005494000
v -0.014915000 -0.006538000 0.006364000
v -0.014910000 -0.006419000 0.006398000
v -0.017138000 -0.007693000 0.005505000
v -0.014918000 -0.007391000 0.006348000
v -0.017148000 -0.007512000 0.005471000
v -0.014919000 -0.007374000 0.006345000
v -0.017155000 -0.007350000 0.005450000
v -0.014923000 -0.007189000 0.006317000
v -0.017158000 -0.007263000 0.005442000
v -0.014924000 -0.007000000 0.006307000
v -0.017161000 -0.007000000 0.005432000
v -0.014923000 -0.006841000 0.006314000
v -0.017156000 -0.006675000 0.005448000
v -0.014922000 -0.006784000 0.006320000
v -0.014920000 -0.006658000 0.006338000
v -0.017098000 -0.008123000 0.005626000
v -0.017057000 -0.008424000 0.005749000
v -0.014898000 -0.007767000 0.006468000
v -0.014907000 -0.007636000 0.006417000
v -0.014910000 -0.007581000 0.006398000
v -0.017128000 -0.007819000 0.005534000
v -0.014911000 -0.007556000 0.006390000
v -0.014917000 -0.007430000 0.006357000
v -0.014871000 -0.008031000 0.006607000
v -0.017015000 -0.008668000 0.005873000
v -0.014860000 -0.008111000 0.006659000
v -0.016953000 -0.008952000 0.006051000
v -0.014852000 -0.008162000 0.006695000
v -0.014875000 -0.007996000 0.006586000
v -0.014881000 -0.007944000 0.006556000
v -0.014893000 -0.007821000 0.006493000
v -0.014800000 -0.008414000 0.006912000
v -0.014814000 -0.008356000 0.006855000
v -0.016878000 -0.009223000 0.006257000
v -0.014833000 -0.008269000 0.006779000
v -0.014846000 -0.008200000 0.006724000
v -0.014731000 -0.008620000 0.007151000
v -0.016673000 -0.009740000 0.006784000
v -0.016611000 -0.009854000 0.006934000
v -0.014716000 -0.008655000 0.007200000
v -0.016788000 -0.009480000 0.006493000
v -0.016725000 -0.009630000 0.006654000
v -0.014776000 -0.008496000 0.006998000
v -0.014767000 -0.008524000 0.007031000
v -0.016266000 -0.010286000 0.007709000
v -0.014600000 -0.008840000 0.007525000
v -0.016336000 -0.010221000 0.007559000
v -0.014661000 -0.008757000 0.007362000
v -0.016482000 -0.010052000 0.007236000
v -0.016555000 -0.009946000 0.007067000
v -0.014486000 -0.008938000 0.007792000
v -0.016099000 -0.010406000 0.008051000
v -0.014406000 -0.008976000 0.007959000
v -0.015919000 -0.010490000 0.008401000
v -0.014321000 -0.008996000 0.008122000
v -0.014503000 -0.008927000 0.007755000
v -0.014532000 -0.008906000 0.007690000
v -0.014584000 -0.008858000 0.007565000
v -0.015246000 -0.010494000 0.009569000
v -0.014070000 -0.008968000 0.008536000
v -0.014172000 -0.008993000 0.008377000
v -0.015725000 -0.010537000 0.008758000
v -0.015660000 -0.010543000 0.008875000
v -0.014230000 -0.008999000 0.008281000
v -0.015589000 -0.010546000 0.008999000
v -0.014204000 -0.008997000 0.008326000
v -0.015457000 -0.010538000 0.009224000
v -0.015423000 -0.010533000 0.009280000
v -0.015195000 -0.010477000 0.009649000
v -0.015028000 -0.010409000 0.009907000
v -0.013964000 -0.008925000 0.008688000
v -0.014988000 -0.010390000 0.009968000
v -0.013855000 -0.008865000 0.008833000
v -0.014775000 -0.010263000 0.010281000
v -0.013819000 -0.008842000 0.008878000
v -0.013718000 -0.008767000 0.009002000
v -0.014593000 -0.010126000 0.010538000
v -0.013703000 -0.008755000 0.009019000
v -0.014564000 -0.010102000 0.010578000
v -0.013589000 -0.008651000 0.009148000
v -0.014356000 -0.009903000 0.010859000
v -0.014329000 -0.009874000 0.010894000
v -0.013478000 -0.008532000 0.009267000
v -0.014150000 -0.009663000 0.011125000
v -0.013458000 -0.008507000 0.009288000
v -0.014037000 -0.009508000 0.011268000
v -0.013351000 -0.008366000 0.009395000
v -0.013973000 -0.009414000 0.011346000
v -0.013287000 -0.008269000 0.009456000
v -0.013873000 -0.009251000 0.011469000
v -0.013810000 -0.009137000 0.011545000
v -0.013254000 -0.008215000 0.009487000
v -0.013794000 -0.009107000 0.011564000
v -0.013198000 -0.008113000 0.009539000
v -0.013726000 -0.008973000 0.011644000
v -0.013167000 -0.008053000 0.009566000
v -0.013659000 -0.008825000 0.011724000
v -0.013138000 -0.007989000 0.009592000
v -0.013487000 -0.008360000 0.011921000
v -0.013076000 -0.007840000 0.009646000
v -0.013542000 -0.008527000 0.011858000
v -0.013597000 -0.008676000 0.011795000
v -0.013382000 -0.007952000 0.012038000
v -0.013012000 -0.007641000 0.009700000
v -0.013445000 -0.008213000 0.011968000
v -0.013051000 -0.007767000 0.009668000
v -0.013068000 -0.007817000 0.009653000
v -0.013328000 -0.007642000 0.012098000
v -0.012969000 -0.007462000 0.009735000
v -0.012996000 -0.007583000 0.009713000
v -0.013292000 -0.006740000 0.012138000
v -0.012924000 -0.007000000 0.009771000
v -0.013284000 -0.007000000 0.012146000
v -0.012930000 -0.007159000 0.009767000
v -0.013296000 -0.007325000 0.012134000
v -0.012934000 -0.007216000 0.009763000
v -0.012949000 -0.007342000 0.009752000
v 0.014503000 -0.005073000 0.007755000
v 0.014532000 -0.005094000 0.007690000
v 0.016128000 -0.003611000 0.007993000
v 0.017137000 -0.006304000 0.005505000
v 0.014919000 -0.006626000 0.006345000
v 0.017145000 -0.006430000 0.005481000
v 0.014923000 -0.006811000 0.006317000
v 0.017155000 -0.006651000 0.005450000
v 0.017056000 -0.005568000 0.005752000
v 0.014898000 -0.006233000 0.006468000
v 0.017097000 -0.005866000 0.005630000
v 0.014907000 -0.006364000 0.006417000
v 0.017108000 -0.005967000 0.005595000
v 0.014910000 -0.006417000 0.006399000
v 0.017127000 -0.006169000 0.005537000
v 0.014911000 -0.006444000 0.006390000
v 0.014917000 -0.006570000 0.006357000
v 0.014871000 -0.005969000 0.006607000
v 0.017003000 -0.005275000 0.005906000
v 0.014860000 -0.005887000 0.006660000
v 0.016954000 -0.005052000 0.006048000
v 0.014852000 -0.005838000 0.006695000
v 0.014875000 -0.006004000 0.006586000
v 0.014881000 -0.006055000 0.006556000
v 0.014893000 -0.006179000 0.006493000
v 0.016878000 -0.004779000 0.006255000
v 0.016789000 -0.004523000 0.006490000
v 0.014800000 -0.005586000 0.006912000
v 0.014814000 -0.005644000 0.006855000
v 0.014833000 -0.005731000 0.006779000
v 0.014846000 -0.005800000 0.006724000
v 0.016685000 -0.004286000 0.006753000
v 0.014767000 -0.005476000 0.007031000
v 0.014776000 -0.005504000 0.006998000
v 0.014712000 -0.005337000 0.007211000
v 0.014716000 -0.005345000 0.007200000
v 0.016619000 -0.004161000 0.006913000
v 0.014731000 -0.005380000 0.007151000
v 0.014760000 -0.005454000 0.007057000
v 0.016554000 -0.004052000 0.007069000
v 0.016491000 -0.003961000 0.007215000
v 0.014661000 -0.005243000 0.007361000
v 0.016347000 -0.003790000 0.007535000
v 0.016337000 -0.003780000 0.007558000
v 0.016187000 -0.003651000 0.007874000
v 0.014584000 -0.005142000 0.007565000
v 0.014600000 -0.005160000 0.007525000
v 0.014070000 -0.005032000 0.008536000
v 0.014173000 -0.005007000 0.008377000
v 0.015424000 -0.003466000 0.009279000
v 0.014204000 -0.005003000 0.008326000
v 0.015558000 -0.003454000 0.009052000
v 0.014230000 -0.005001000 0.008281000
v 0.014258000 -0.005000000 0.008233000
v 0.015761000 -0.003469000 0.008695000
v 0.014321000 -0.005004000 0.008122000
v 0.015950000 -0.003521000 0.008342000
v 0.014406000 -0.005024000 0.007959000
v 0.014486000 -0.005062000 0.007792000
v 0.015213000 -0.003517000 0.009621000
v 0.015125000 -0.003549000 0.009759000
v 0.013964000 -0.005075000 0.008688000
v 0.015037000 -0.003587000 0.009895000
v 0.014996000 -0.003607000 0.009956000
v 0.013855000 -0.005135000 0.008833000
v 0.014783000 -0.003731000 0.010270000
v 0.013819000 -0.005158000 0.008878000
v 0.013718000 -0.005233000 0.009002000
v 0.014571000 -0.003892000 0.010568000
v 0.013703000 -0.005245000 0.009019000
v 0.014363000 -0.004089000 0.010849000
v 0.013589000 -0.005348000 0.009148000
v 0.014329000 -0.004126000 0.010895000
v 0.013478000 -0.005468000 0.009267000
v 0.014157000 -0.004328000 0.011116000
v 0.013458000 -0.005493000 0.009288000
v 0.014036000 -0.004492000 0.011269000
v 0.013351000 -0.005634000 0.009395000
v 0.013980000 -0.004576000 0.011339000
v 0.013287000 -0.005730000 0.009456000
v 0.013873000 -0.004749000 0.011469000
v 0.013815000 -0.004852000 0.011538000
v 0.013254000 -0.005785000 0.009487000
v 0.013725000 -0.005029000 0.011646000
v 0.013197000 -0.005889000 0.009539000
v 0.013168000 -0.005947000 0.009566000
v 0.013664000 -0.005164000 0.011718000
v 0.013138000 -0.006011000 0.009592000
v 0.013487000 -0.005640000 0.011921000
v 0.013076000 -0.006160000 0.009646000
v 0.013546000 -0.005461000 0.011853000
v 0.013596000 -0.005326000 0.011796000
v 0.013382000 -0.006047000 0.012038000
v 0.013012000 -0.006359000 0.009700000
v 0.013448000 -0.005775000 0.011965000
v 0.013051000 -0.006233000 0.009668000
v 0.013068000 -0.006183000 0.009653000
v 0.013329000 -0.006358000 0.012097000
v 0.012969000 -0.006538000 0.009735000
v 0.012996000 -0.006419000 0.009713000
v 0.013336000 -0.007693000 0.012089000
v 0.012957000 -0.007391000 0.009745000
v 0.013312000 -0.007512000 0.012115000
v 0.012954000 -0.007374000 0.009748000
v 0.013297000 -0.007350000 0.012132000
v 0.012932000 -0.007189000 0.009765000
v 0.013292000 -0.007263000 0.012138000
v 0.012924000 -0.007000000 0.009771000
v 0.013284000 -0.007000000 0.012146000
v 0.012930000 -0.006841000 0.009767000
v 0.013296000 -0.006675000 0.012134000
v 0.012934000 -0.006784000 0.009763000
v 0.012949000 -0.006658000 0.009751000
v 0.013421000 -0.008123000 0.011995000
v 0.013507000 -0.008424000 0.011898000
v 0.013051000 -0.007767000 0.009668000
v 0.013010000 -0.007636000 0.009701000
v 0.012996000 -0.007581000 0.009713000
v 0.013356000 -0.007819000 0.012067000
v 0.012990000 -0.007556000 0.009718000
v 0.012963000 -0.007430000 0.009740000
v 0.013157000 -0.008031000 0.009575000
v 0.013594000 -0.008668000 0.011799000
v 0.013197000 -0.008111000 0.009539000
v 0.013716000 -0.008952000 0.011656000
v 0.013224000 -0.008162000 0.009515000
v 0.013141000 -0.007996000 0.009590000
v 0.013118000 -0.007944000 0.009610000
v 0.013069000 -0.007821000 0.009652000
v 0.013386000 -0.008414000 0.009361000
v 0.013344000 -0.008356000 0.009402000
v 0.013857000 -0.009223000 0.011488000
v 0.013287000 -0.008269000 0.009456000
v 0.013246000 -0.008200000 0.009495000
v 0.014211000 -0.009740000 0.011047000
v 0.014310000 -0.009854000 0.010918000
v 0.013558000 -0.008620000 0.009182000
v 0.014329000 -0.009875000 0.010894000
v 0.013593000 -0.008655000 0.009144000
v 0.014017000 -0.009480000 0.011293000
v 0.014125000 -0.009630000 0.011157000
v 0.013449000 -0.008496000 0.009298000
v 0.013472000 -0.008524000 0.009273000
v 0.014809000 -0.010286000 0.010232000
v 0.013817000 -0.008840000 0.008881000
v 0.014714000 -0.010221000 0.010367000
v 0.013706000 -0.008757000 0.009016000
v 0.014507000 -0.010052000 0.010655000
v 0.014398000 -0.009946000 0.010803000
v 0.014096000 -0.008976000 0.008497000
v 0.013991000 -0.008938000 0.008649000
v 0.015022000 -0.010406000 0.009917000
v 0.013968000 -0.008927000 0.008682000
v 0.013926000 -0.008906000 0.008740000
v 0.013843000 -0.008858000 0.008847000
v 0.015235000 -0.010490000 0.009586000
v 0.015423000 -0.010533000 0.009280000
v 0.014194000 -0.008996000 0.008341000
v 0.015448000 -0.010537000 0.009239000
v 0.015516000 -0.010543000 0.009125000
v 0.014287000 -0.008999000 0.008183000
v 0.015588000 -0.010546000 0.009001000
v 0.014312000 -0.008997000 0.008138000
v 0.015717000 -0.010538000 0.008774000
v 0.014341000 -0.008993000 0.008085000
v 0.015910000 -0.010494000 0.008419000
v 0.014427000 -0.008968000 0.007917000
v 0.015954000 -0.010477000 0.008335000
v 0.016094000 -0.010409000 0.008061000
v 0.014506000 -0.008925000 0.007749000
v 0.016127000 -0.010390000 0.007996000
v 0.014577000 -0.008865000 0.007582000
v 0.016291000 -0.010263000 0.007655000
v 0.014598000 -0.008842000 0.007529000
v 0.016337000 -0.010220000 0.007557000
v 0.014655000 -0.008767000 0.007379000
v 0.016422000 -0.010126000 0.007369000
v 0.014662000 -0.008755000 0.007358000
v 0.016443000 -0.010102000 0.007324000
v 0.014717000 -0.008651000 0.007194000
v 0.016582000 -0.009903000 0.007003000
v 0.016710000 -0.009663000 0.006692000
v 0.014765000 -0.008532000 0.007039000
v 0.014773000 -0.008507000 0.007011000
v 0.016777000 -0.009508000 0.006522000
v 0.014812000 -0.008366000 0.006865000
v 0.016813000 -0.009414000 0.006428000
v 0.014833000 -0.008269000 0.006779000
v 0.016869000 -0.009251000 0.006280000
v 0.016903000 -0.009137000 0.006187000
v 0.014843000 -0.008215000 0.006735000
v 0.016912000 -0.009107000 0.006164000
v 0.014860000 -0.008113000 0.006660000
v 0.016947000 -0.008973000 0.006065000
v 0.014868000 -0.008053000 0.006620000
v 0.016982000 -0.008825000 0.005967000
v 0.014876000 -0.007989000 0.006582000
v 0.017116000 -0.007952000 0.005570000
v 0.014906000 -0.007641000 0.006419000
v 0.017087000 -0.008213000 0.005659000
v 0.014898000 -0.007767000 0.006468000
v 0.017067000 -0.008360000 0.005720000
v 0.014894000 -0.007817000 0.006491000
v 0.017059000 -0.008414000 0.005744000
v 0.014891000 -0.007840000 0.006502000
v 0.017040000 -0.008527000 0.005799000
v 0.017013000 -0.008676000 0.005878000
v 0.017141000 -0.007642000 0.005494000
v 0.014915000 -0.007462000 0.006364000
v 0.014910000 -0.007583000 0.006399000
v 0.017158000 -0.006740000 0.005442000
v 0.014924000 -0.007000000 0.006307000
v 0.017161000 -0.007000000 0.005432000
v 0.014923000 -0.007159000 0.006314000
v 0.017156000 -0.007325000 0.005447000
v 0.014922000 -0.007216000 0.006320000
v 0.014920000 -0.007342000 0.006338000
v -0.001128000 -0.008651000 -0.016343000
v -0.002226000 -0.009903000 -0.017862000
v -0.002559000 -0.009663000 -0.017817000
v 0.000127000 -0.008996000 -0.016463000
v 0.000310000 -0.008976000 -0.016456000
v 0.000685000 -0.010490000 -0.017987000
v 0.001734000 -0.007996000 -0.016175000
v 0.001763000 -0.007944000 -0.016165000
v 0.003421000 -0.008668000 -0.017672000
v 0.001128000 -0.005348000 -0.016343000
v 0.002214000 -0.004089000 -0.017863000
v 0.002548000 -0.004328000 -0.017819000
v -0.003877000 -0.007000000 -0.017578000
v -0.003866000 -0.006740000 -0.017580000
v -0.002000000 -0.007000000 -0.016078000
v -0.001991000 -0.006811000 -0.016082000
v -0.003801000 -0.006304000 -0.017594000
v -0.001965000 -0.006626000 -0.016092000
v -0.003826000 -0.006430000 -0.017589000
v -0.003858000 -0.006651000 -0.017582000
v -0.003546000 -0.005568000 -0.017647000
v -0.001847000 -0.006233000 -0.016136000
v -0.003673000 -0.005866000 -0.017621000
v -0.001896000 -0.006364000 -0.016118000
v -0.003708000 -0.005967000 -0.017614000
v -0.001913000 -0.006417000 -0.016112000
v -0.003769000 -0.006169000 -0.017601000
v -0.001921000 -0.006444000 -0.016109000
v -0.001953000 -0.006570000 -0.016097000
v -0.001714000 -0.005969000 -0.016182000
v -0.003387000 -0.005275000 -0.017678000
v -0.001662000 -0.005887000 -0.016199000
v -0.003239000 -0.005052000 -0.017706000
v -0.001628000 -0.005838000 -0.016210000
v -0.001734000 -0.006004000 -0.016175000
v -0.001763000 -0.006055000 -0.016165000
v -0.001824000 -0.006179000 -0.016144000
v -0.002774000 -0.004523000 -0.017785000
v -0.001414000 -0.005586000 -0.016273000
v -0.002915000 -0.004663000 -0.017762000
v -0.001470000 -0.005644000 -0.016257000
v -0.003022000 -0.004779000 -0.017744000
v -0.001546000 -0.005731000 -0.016235000
v -0.001600000 -0.005800000 -0.016219000
v -0.001112000 -0.005337000 -0.016346000
v -0.001122000 -0.005345000 -0.016344000
v -0.002322000 -0.004161000 -0.017850000
v -0.001173000 -0.005380000 -0.016333000
v -0.002494000 -0.004286000 -0.017826000
v -0.001295000 -0.005476000 -0.016304000
v -0.001328000 -0.005504000 -0.016296000
v -0.001648000 -0.003790000 -0.017924000
v -0.000955000 -0.005243000 -0.016377000
v -0.001997000 -0.003961000 -0.017889000
v -0.002155000 -0.004052000 -0.017871000
v -0.001141000 -0.003611000 -0.017964000
v -0.000606000 -0.005094000 -0.016430000
v -0.001275000 -0.003651000 -0.017955000
v -0.000740000 -0.005142000 -0.016412000
v -0.000783000 -0.005160000 -0.016406000
v 0.000358000 -0.005032000 -0.016453000
v 0.000168000 -0.005007000 -0.016462000
v 0.000324000 -0.003466000 -0.017997000
v 0.000108000 -0.005003000 -0.016464000
v 0.000060000 -0.003454000 -0.018000000
v 0.000056000 -0.005001000 -0.016465000
v 0.000001000 -0.005000000 -0.016465000
v -0.000350000 -0.003469000 -0.017997000
v -0.000127000 -0.005004000 -0.016463000
v -0.000751000 -0.003521000 -0.017984000
v -0.000310000 -0.005024000 -0.016456000
v -0.000976000 -0.003568000 -0.017974000
v -0.000495000 -0.005062000 -0.016441000
v -0.000535000 -0.005073000 -0.016437000
v 0.000975000 -0.003568000 -0.017974000
v 0.000542000 -0.005075000 -0.016437000
v 0.000889000 -0.003549000 -0.017978000
v 0.000726000 -0.003517000 -0.017985000
v 0.001051000 -0.003587000 -0.017969000
v 0.001124000 -0.003607000 -0.017965000
v 0.000722000 -0.005135000 -0.016415000
v 0.001503000 -0.003731000 -0.017937000
v 0.000779000 -0.005158000 -0.016407000
v 0.001866000 -0.003892000 -0.017903000
v 0.000937000 -0.005233000 -0.016381000
v 0.000959000 -0.005245000 -0.016377000
v 0.002915000 -0.004663000 -0.017762000
v 0.001545000 -0.005730000 -0.016235000
v 0.002830000 -0.004576000 -0.017776000
v 0.001460000 -0.005634000 -0.016260000
v 0.002741000 -0.004492000 -0.017790000
v 0.001315000 -0.005493000 -0.016299000
v 0.001286000 -0.005468000 -0.016306000
v 0.002995000 -0.004749000 -0.017749000
v 0.003085000 -0.004852000 -0.017734000
v 0.001589000 -0.005785000 -0.016222000
v 0.003223000 -0.005029000 -0.017709000
v 0.001663000 -0.005889000 -0.016199000
v 0.001701000 -0.005947000 -0.016186000
v 0.003316000 -0.005164000 -0.017692000
v 0.001738000 -0.006011000 -0.016174000
v 0.003580000 -0.005640000 -0.017640000
v 0.001815000 -0.006160000 -0.016147000
v 0.003492000 -0.005461000 -0.017658000
v 0.003418000 -0.005326000 -0.017673000
v 0.003734000 -0.006047000 -0.017608000
v 0.001894000 -0.006359000 -0.016119000
v 0.003638000 -0.005775000 -0.017629000
v 0.001847000 -0.006233000 -0.016136000
v 0.001826000 -0.006183000 -0.016144000
v 0.003860000 -0.006675000 -0.017581000
v 0.001971000 -0.006658000 -0.016090000
v 0.003812000 -0.006358000 -0.017592000
v 0.001946000 -0.006538000 -0.016099000
v 0.001914000 -0.006419000 -0.016111000
v 0.002000000 -0.007000000 -0.016078000
v 0.001994000 -0.006841000 -0.016081000
v 0.001988000 -0.006784000 -0.016083000
v 0.003877000 -0.007000000 -0.017578000
v 0.003866000 -0.007263000 -0.017580000
v 0.001991000 -0.007189000 -0.016082000
v 0.003858000 -0.007350000 -0.017582000
v 0.001965000 -0.007374000 -0.016092000
v 0.003836000 -0.007512000 -0.017586000
v 0.001953000 -0.007430000 -0.016097000
v 0.003802000 -0.007693000 -0.017594000
v 0.001921000 -0.007556000 -0.016109000
v 0.003772000 -0.007819000 -0.017600000
v 0.001914000 -0.007581000 -0.016111000
v 0.003677000 -0.008123000 -0.017620000
v 0.003550000 -0.008424000 -0.017646000
v 0.001824000 -0.007821000 -0.016144000
v 0.001847000 -0.007767000 -0.016136000
v 0.001896000 -0.007636000 -0.016118000
v 0.001600000 -0.008200000 -0.016219000
v 0.001628000 -0.008162000 -0.016210000
v 0.003236000 -0.008952000 -0.017707000
v 0.001663000 -0.008111000 -0.016199000
v 0.001714000 -0.008031000 -0.016182000
v 0.001546000 -0.008269000 -0.016235000
v 0.003020000 -0.009223000 -0.017745000
v 0.001470000 -0.008356000 -0.016257000
v 0.002915000 -0.009337000 -0.017762000
v 0.001414000 -0.008414000 -0.016273000
v 0.002771000 -0.009480000 -0.017785000
v 0.001328000 -0.008496000 -0.016296000
v 0.002600000 -0.009630000 -0.017811000
v 0.001295000 -0.008524000 -0.016304000
v 0.002461000 -0.009740000 -0.017831000
v 0.001173000 -0.008620000 -0.016333000
v 0.002300000 -0.009854000 -0.017852000
v 0.001122000 -0.008655000 -0.016344000
v 0.001457000 -0.010286000 -0.017941000
v 0.001078000 -0.010406000 -0.017968000
v 0.000606000 -0.008906000 -0.016430000
v 0.002157000 -0.009946000 -0.017870000
v 0.001974000 -0.010052000 -0.017891000
v 0.000955000 -0.008757000 -0.016377000
v 0.001621000 -0.010221000 -0.017927000
v 0.000783000 -0.008840000 -0.016406000
v 0.000740000 -0.008858000 -0.016412000
v 0.000975000 -0.010432000 -0.017974000
v 0.000495000 -0.008938000 -0.016441000
v 0.000535000 -0.008927000 -0.016437000
v 0.000278000 -0.010537000 -0.017998000
v 0.000144000 -0.010543000 -0.017999000
v -0.000057000 -0.008999000 -0.016465000
v 0.000002000 -0.010546000 -0.018000000
v -0.000108000 -0.008997000 -0.016464000
v -0.000260000 -0.010538000 -0.017998000
v -0.000168000 -0.008993000 -0.016462000
v -0.000664000 -0.010494000 -0.017988000
v -0.000358000 -0.008968000 -0.016453000
v -0.000759000 -0.010477000 -0.017984000
v -0.000975000 -0.010432000 -0.017974000
v -0.000542000 -0.008925000 -0.016437000
v -0.001066000 -0.010409000 -0.017968000
v -0.001139000 -0.010390000 -0.017964000
v -0.000722000 -0.008865000 -0.016415000
v -0.001516000 -0.010263000 -0.017936000
v -0.001879000 -0.010102000 -0.017902000
v -0.000959000 -0.008755000 -0.016377000
v -0.001829000 -0.010126000 -0.017907000
v -0.000937000 -0.008767000 -0.016381000
v -0.000779000 -0.008842000 -0.016407000
v -0.002915000 -0.009338000 -0.017762000
v -0.001545000 -0.008269000 -0.016235000
v -0.002840000 -0.009414000 -0.017775000
v -0.001460000 -0.008366000 -0.016260000
v -0.002740000 -0.009508000 -0.017790000
v -0.001315000 -0.008507000 -0.016299000
v -0.001286000 -0.008532000 -0.016306000
v -0.002996000 -0.009251000 -0.017749000
v -0.003093000 -0.009137000 -0.017732000
v -0.001589000 -0.008215000 -0.016222000
v -0.003118000 -0.009107000 -0.017728000
v -0.001662000 -0.008113000 -0.016199000
v -0.003221000 -0.008973000 -0.017709000
v -0.001701000 -0.008053000 -0.016186000
v -0.003324000 -0.008825000 -0.017690000
v -0.001738000 -0.007989000 -0.016174000
v -0.003580000 -0.008360000 -0.017640000
v -0.001815000 -0.007840000 -0.016147000
v -0.003499000 -0.008527000 -0.017657000
v -0.003416000 -0.008676000 -0.017673000
v -0.003734000 -0.007952000 -0.017608000
v -0.001913000 -0.007583000 -0.016112000
v -0.001894000 -0.007641000 -0.016119000
v -0.003643000 -0.008213000 -0.017628000
v -0.001847000 -0.007767000 -0.016136000
v -0.001826000 -0.007817000 -0.016144000
v -0.001946000 -0.007462000 -0.016099000
v -0.003813000 -0.007642000 -0.017592000
v -0.001971000 -0.007342000 -0.016090000
v -0.003860000 -0.007325000 -0.017581000
v -0.001988000 -0.007216000 -0.016083000
v -0.001994000 -0.007159000 -0.016081000
v 0.014494000 -0.006784000 0.006072000
v 0.014500000 -0.007000000 0.006062000
v 0.014448000 -0.006361000 0.006153000
v 0.012552000 -0.007639000 0.009436000
v 0.014477000 -0.007430000 0.006103000
v 0.014494000 -0.007216000 0.006072000
v 0.014448000 -0.007639000 0.006153000
v 0.014408000 -0.007840000 0.006222000
v 0.014357000 -0.008031000 0.006310000
v 0.014296000 -0.008210000 0.006415000
v 0.014226000 -0.008375000 0.006537000
v 0.014061000 -0.008655000 0.006822000
v 0.014147000 -0.008524000 0.006673000
v 0.013968000 -0.008767000 0.006983000
v 0.013662000 -0.008974000 0.007514000
v 0.013768000 -0.008927000 0.007331000
v 0.013870000 -0.008858000 0.007153000
v 0.013554000 -0.008997000 0.007700000
v 0.013338000 -0.008974000 0.008074000
v 0.013446000 -0.008997000 0.007888000
v 0.013232000 -0.008927000 0.008258000
v 0.013130000 -0.008858000 0.008435000
v 0.012939000 -0.008655000 0.008766000
v 0.013032000 -0.008767000 0.008606000
v 0.012853000 -0.008524000 0.008916000
v 0.012774000 -0.008375000 0.009052000
v 0.012704000 -0.008210000 0.009173000
v 0.012643000 -0.008031000 0.009278000
v 0.012592000 -0.007840000 0.009366000
v 0.012523000 -0.007430000 0.009486000
v 0.012506000 -0.007216000 0.009516000
v 0.012500000 -0.007000000 0.009526000
v 0.012506000 -0.006784000 0.009516000
v 0.012523000 -0.006570000 0.009486000
v 0.012552000 -0.006361000 0.009436000
v 0.012592000 -0.006160000 0.009366000
v 0.012643000 -0.005969000 0.009278000
v 0.012704000 -0.005790000 0.009173000
v 0.012774000 -0.005625000 0.009052000
v 0.012853000 -0.005476000 0.008916000
v 0.012939000 -0.005345000 0.008766000
v 0.013032000 -0.005233000 0.008606000
v 0.013130000 -0.005142000 0.008435000
v 0.013232000 -0.005073000 0.008258000
v 0.013338000 -0.005026000 0.008074000
v 0.013446000 -0.005003000 0.007888000
v 0.013662000 -0.005026000 0.007514000
v 0.013554000 -0.005003000 0.007700000
v 0.013768000 -0.005073000 0.007331000
v 0.013870000 -0.005142000 0.007153000
v 0.013968000 -0.005233000 0.006983000
v 0.014061000 -0.005345000 0.006822000
v 0.014226000 -0.005625000 0.006537000
v 0.014147000 -0.005476000 0.006673000
v 0.014296000 -0.005790000 0.006415000
v 0.014357000 -0.005969000 0.006310000
v 0.014408000 -0.006160000 0.006222000
v 0.014477000 -0.006570000 0.006103000
v -0.012506000 -0.006784000 0.009516000
v -0.012500000 -0.007000000 0.009526000
v -0.012552000 -0.006361000 0.009436000
v -0.014448000 -0.007639000 0.006153000
v -0.012523000 -0.007430000 0.009486000
v -0.012506000 -0.007216000 0.009516000
v -0.012552000 -0.007639000 0.009436000
v -0.012592000 -0.007840000 0.009366000
v -0.012643000 -0.008031000 0.009278000
v -0.012704000 -0.008210000 0.009173000
v -0.012774000 -0.008375000 0.009052000
v -0.012939000 -0.008655000 0.008766000
v -0.012853000 -0.008524000 0.008916000
v -0.013032000 -0.008767000 0.008606000
v -0.013338000 -0.008974000 0.008074000
v -0.013232000 -0.008927000 0.008258000
v -0.013130000 -0.008858000 0.008435000
v -0.013446000 -0.008997000 0.007888000
v -0.013662000 -0.008974000 0.007514000
v -0.013554000 -0.008997000 0.007700000
v -0.013768000 -0.008927000 0.007331000
v -0.013870000 -0.008858000 0.007153000
v -0.014061000 -0.008655000 0.006822000
v -0.013968000 -0.008767000 0.006983000
v -0.014147000 -0.008524000 0.006673000
v -0.014226000 -0.008375000 0.006537000
v -0.014296000 -0.008210000 0.006415000
v -0.014357000 -0.008031000 0.006310000
v -0.014408000 -0.007840000 0.006222000
v -0.014477000 -0.007430000 0.006103000
v -0.014494000 -0.007216000 0.006072000
v -0.014500000 -0.007000000 0.006062000
v -0.014494000 -0.006784000 0.006072000
v -0.014477000 -0.006570000 0.006103000
v -0.014448000 -0.006361000 0.006153000
v -0.014408000 -0.006160000 0.006222000
v -0.014357000 -0.005969000 0.006310000
v -0.014296000 -0.005790000 0.006415000
v -0.014226000 -0.005625000 0.006537000
v -0.014147000 -0.005476000 0.006673000
v -0.014061000 -0.005345000 0.006822000
v -0.013968000 -0.005233000 0.006983000
v -0.013870000 -0.005142000 0.007153000
v -0.013768000 -0.005073000 0.007331000
v -0.013662000 -0.005026000 0.007514000
v -0.013554000 -0.005003000 0.007700000
v -0.013338000 -0.005026000 0.008074000
v -0.013446000 -0.005003000 0.007888000
v -0.013232000 -0.005073000 0.008258000
v -0.013130000 -0.005142000 0.008435000
v -0.013032000 -0.005233000 0.008606000
v -0.012939000 -0.005345000 0.008766000
v -0.012774000 -0.005625000 0.009052000
v -0.012853000 -0.005476000 0.008916000
v -0.012704000 -0.005790000 0.009173000
v -0.012643000 -0.005969000 0.009278000
v -0.012592000 -0.006160000 0.009366000
v -0.012523000 -0.006570000 0.009486000
v -0.001988000 -0.006784000 -0.015588000
v -0.002000000 -0.007000000 -0.015588000
v -0.001895000 -0.006361000 -0.015588000
v 0.001988000 -0.007216000 -0.015588000
v 0.002000000 -0.007000000 -0.015588000
v 0.001895000 -0.007639000 -0.015588000
v -0.001953000 -0.007430000 -0.015588000
v -0.001988000 -0.007216000 -0.015588000
v -0.001895000 -0.007639000 -0.015588000
v -0.001815000 -0.007840000 -0.015588000
v -0.001714000 -0.008031000 -0.015588000
v -0.001592000 -0.008210000 -0.015588000
v -0.001452000 -0.008375000 -0.015588000
v -0.001122000 -0.008655000 -0.015588000
v -0.001295000 -0.008524000 -0.015588000
v -0.000937000 -0.008767000 -0.015588000
v -0.000324000 -0.008974000 -0.015588000
v -0.000535000 -0.008927000 -0.015588000
v -0.000740000 -0.008858000 -0.015588000
v -0.000108000 -0.008997000 -0.015588000
v 0.000324000 -0.008974000 -0.015588000
v 0.000108000 -0.008997000 -0.015588000
v 0.000535000 -0.008927000 -0.015588000
v 0.000740000 -0.008858000 -0.015588000
v 0.001122000 -0.008655000 -0.015588000
v 0.000937000 -0.008767000 -0.015588000
v 0.001295000 -0.008524000 -0.015588000
v 0.001452000 -0.008375000 -0.015588000
v 0.001592000 -0.008210000 -0.015588000
v 0.001714000 -0.008031000 -0.015588000
v 0.001815000 -0.007840000 -0.015588000
v 0.001953000 -0.007430000 -0.015588000
v 0.001988000 -0.006784000 -0.015588000
v 0.001953000 -0.006570000 -0.015588000
v 0.001895000 -0.006361000 -0.015588000
v 0.001815000 -0.006160000 -0.015588000
v 0.001714000 -0.005969000 -0.015588000
v 0.001592000 -0.005790000 -0.015588000
v 0.001452000 -0.005625000 -0.015588000
v 0.001295000 -0.005476000 -0.015588000
v 0.001122000 -0.005345000 -0.015588000
v 0.000937000 -0.005233000 -0.015588000
v 0.000740000 -0.005142000 -0.015588000
v 0.000535000 -0.005073000 -0.015588000
v 0.000324000 -0.005026000 -0.015588000
v 0.000108000 -0.005003000 -0.015588000
v -0.000324000 -0.005026000 -0.015588000
v -0.000108000 -0.005003000 -0.015588000
v -0.000535000 -0.005073000 -0.015588000
v -0.000740000 -0.005142000 -0.015588000
v -0.000937000 -0.005233000 -0.015588000
v -0.001122000 -0.005345000 -0.015588000
v -0.001295000 -0.005476000 -0.015588000
v -0.001452000 -0.005625000 -0.015588000
v -0.001592000 -0.005790000 -0.015588000
v -0.001714000 -0.005969000 -0.015588000
v -0.001815000 -0.006160000 -0.015588000
v -0.001953000 -0.006570000 -0.015588000
v 0.011100000 -0.098000000 0.000000000
v 0.011100000 0.002000000 0.000000000
v 0.011035000 -0.098000000 -0.001200000
v 0.011035000 0.002000000 -0.001200000
v 0.010840000 -0.098000000 -0.002386000
v 0.010840000 0.002000000 -0.002386000
v 0.010519000 -0.098000000 -0.003544000
v 0.010519000 0.002000000 -0.003544000
v 0.010074000 -0.098000000 -0.004661000
v 0.010074000 0.002000000 -0.004661000
v 0.009511000 -0.098000000 -0.005723000
v 0.009511000 0.002000000 -0.005723000
v 0.008837000 -0.098000000 -0.006717000
v 0.008837000 0.002000000 -0.006717000
v 0.008059000 -0.098000000 -0.007633000
v 0.008059000 0.002000000 -0.007633000
v 0.007186000 -0.098000000 -0.008460000
v 0.007186000 0.002000000 -0.008460000
v 0.006229000 -0.098000000 -0.009187000
v 0.006229000 0.002000000 -0.009187000
v 0.005199000 -0.098000000 -0.009807000
v 0.005199000 0.002000000 -0.009807000
v 0.004109000 -0.098000000 -0.010312000
v 0.004109000 0.002000000 -0.010312000
v 0.002970000 -0.098000000 -0.010695000
v 0.002970000 0.002000000 -0.010695000
v 0.001796000 -0.098000000 -0.010954000
v 0.001796000 0.002000000 -0.010954000
v 0.000601000 -0.098000000 -0.011084000
v 0.000601000 0.002000000 -0.011084000
v -0.000601000 -0.098000000 -0.011084000
v -0.000601000 0.002000000 -0.011084000
v -0.001796000 -0.098000000 -0.010954000
v -0.001796000 0.002000000 -0.010954000
v -0.002970000 -0.098000000 -0.010695000
v -0.002970000 0.002000000 -0.010695000
v -0.004109000 -0.098000000 -0.010312000
v -0.004109000 0.002000000 -0.010312000
v -0.005199000 -0.098000000 -0.009807000
v -0.005199000 0.002000000 -0.009807000
v -0.006229000 -0.098000000 -0.009187000
v -0.006229000 0.002000000 -0.009187000
v -0.007186000 -0.098000000 -0.008460000
v -0.007186000 0.002000000 -0.008460000
v -0.008059000 -0.098000000 -0.007633000
v -0.008059000 0.002000000 -0.007633000
v -0.008837000 -0.098000000 -0.006717000
v -0.008837000 0.002000000 -0.006717000
v -0.009511000 -0.098000000 -0.005723000
v -0.009511000 0.002000000 -0.005723000
v -0.010074000 -0.098000000 -0.004661000
v -0.010074000 0.002000000 -0.004661000
v -0.010519000 -0.098000000 -0.003544000
v -0.010519000 0.002000000 -0.003544000
v -0.010840000 -0.098000000 -0.002386000
v -0.010840000 0.002000000 -0.002386000
v -0.011035000 -0.098000000 -0.001200000
v -0.011035000 0.002000000 -0.001200000
v -0.011100000 -0.098000000 -0.000000000
v -0.011100000 0.002000000 -0.000000000
v -0.011035000 -0.098000000 0.001200000
v -0.011035000 0.002000000 0.001200000
v -0.010840000 -0.098000000 0.002386000
v -0.010840000 0.002000000 0.002386000
v -0.010519000 -0.098000000 0.003544000
v -0.010519000 0.002000000 0.003544000
v -0.010074000 -0.098000000 0.004661000
v -0.010074000 0.002000000 0.004661000
v -0.009511000 -0.098000000 0.005723000
v -0.009511000 0.002000000 0.005723000
v -0.008837000 -0.098000000 0.006717000
v -0.008837000 0.002000000 0.006717000
v -0.008059000 -0.098000000 0.007633000
v -0.008059000 0.002000000 0.007633000
v -0.007186000 -0.098000000 0.008460000
v -0.007186000 0.002000000 0.008460000
v -0.006229000 -0.098000000 0.009187000
v -0.006229000 0.002000000 0.009187000
v -0.005199000 -0.098000000 0.009807000
v -0.005199000 0.002000000 0.009807000
v -0.004109000 -0.098000000 0.010312000
v -0.004109000 0.002000000 0.010312000
v -0.002970000 -0.098000000 0.010695000
v -0.002970000 0.002000000 0.010695000
v -0.001796000 -0.098000000 0.010954000
v -0.001796000 0.002000000 0.010954000
v -0.000601000 -0.098000000 0.011084000
v -0.000601000 0.002000000 0.011084000
v 0.000601000 -0.098000000 0.011084000
v 0.000601000 0.002000000 0.011084000
v 0.001796000 -0.098000000 0.010954000
v 0.001796000 0.002000000 0.010954000
v 0.002970000 -0.098000000 0.010695000
v 0.002970000 0.002000000 0.010695000
v 0.004109000 -0.098000000 0.010312000
v 0.004109000 0.002000000 0.010312000
v 0.005199000 -0.098000000 0.009807000
v 0.005199000 0.002000000 0.009807000
v 0.006229000 -0.098000000 0.009187000
v 0.006229000 0.002000000 0.009187000
v 0.007186000 -0.098000000 0.008460000
v 0.007186000 0.002000000 0.008460000
v 0.008059000 -0.098000000 0.007633000
v 0.008059000 0.002000000 0.007633000
v 0.008837000 -0.098000000 0.006717000
v 0.008837000 0.002000000 0.006717000
v 0.009511000 -0.098000000 0.005723000
v 0.009511000 0.002000000 0.005723000
v 0.010074000 -0.098000000 0.004661000
v 0.010074000 0.002000000 0.004661000
v 0.010519000 -0.098000000 0.003544000
v 0.010519000 0.002000000 0.003544000
v 0.010840000 -0.098000000 0.002386000
v 0.010840000 0.002000000 0.002386000
v 0.011035000 -0.098000000 0.001200000
v 0.011035000 0.002000000 0.001200000
v -0.018000000 -0.002000000 0.000000000
v -0.013918000 0.002000000 -0.001514000
v -0.017894000 -0.002000000 -0.001946000
v -0.013673000 0.002000000 -0.003010000
v -0.017579000 -0.002000000 -0.003869000
v -0.013267000 0.002000000 -0.004470000
v -0.017058000 -0.002000000 -0.005747000
v -0.012706000 0.002000000 -0.005878000
v -0.016336000 -0.002000000 -0.007558000
v -0.011996000 0.002000000 -0.007218000
v -0.015423000 -0.002000000 -0.009280000
v -0.011145000 0.002000000 -0.008472000
v -0.014330000 -0.002000000 -0.010893000
v -0.010164000 0.002000000 -0.009628000
v -0.013068000 -0.002000000 -0.012379000
v -0.009063000 0.002000000 -0.010670000
v -0.011653000 -0.002000000 -0.013719000
v -0.007857000 0.002000000 -0.011588000
v -0.010101000 -0.002000000 -0.014898000
v -0.006558000 0.002000000 -0.012369000
v -0.008431000 -0.002000000 -0.015903000
v -0.005182000 0.002000000 -0.013006000
v -0.006662000 -0.002000000 -0.016722000
v -0.003745000 0.002000000 -0.013490000
v -0.004816000 -0.002000000 -0.017344000
v -0.002265000 0.002000000 -0.013816000
v -0.002912000 -0.002000000 -0.017763000
v -0.000758000 0.002000000 -0.013979000
v -0.000975000 -0.002000000 -0.017974000
v 0.000758000 0.002000000 -0.013979000
v 0.000975000 -0.002000000 -0.017974000
v 0.002265000 0.002000000 -0.013816000
v 0.002912000 -0.002000000 -0.017763000
v 0.003745000 0.002000000 -0.013490000
v 0.004816000 -0.002000000 -0.017344000
v 0.005182000 0.002000000 -0.013006000
v 0.006662000 -0.002000000 -0.016722000
v 0.006558000 0.002000000 -0.012369000
v 0.008431000 -0.002000000 -0.015903000
v 0.007857000 0.002000000 -0.011588000
v 0.010101000 -0.002000000 -0.014898000
v 0.009063000 0.002000000 -0.010670000
v 0.011653000 -0.002000000 -0.013719000
v 0.010164000 0.002000000 -0.009628000
v 0.013068000 -0.002000000 -0.012379000
v 0.011145000 0.002000000 -0.008472000
v 0.014330000 -0.002000000 -0.010893000
v 0.011996000 0.002000000 -0.007218000
v 0.015423000 -0.002000000 -0.009280000
v 0.012706000 0.002000000 -0.005878000
v 0.016336000 -0.002000000 -0.007558000
v 0.013267000 0.002000000 -0.004470000
v 0.017058000 -0.002000000 -0.005747000
v 0.013673000 0.002000000 -0.003010000
v 0.017579000 -0.002000000 -0.003869000
v 0.013918000 0.002000000 -0.001514000
v 0.017894000 -0.002000000 -0.001946000
v 0.014000000 0.002000000 -0.000000000
v 0.018000000 -0.002000000 -0.000000000
v 0.013918000 0.002000000 0.001514000
v 0.017894000 -0.002000000 0.001946000
v 0.013673000 0.002000000 0.003010000
v 0.017579000 -0.002000000 0.003869000
v 0.013267000 0.002000000 0.004470000
v 0.017058000 -0.002000000 0.005747000
v 0.012706000 0.002000000 0.005878000
v 0.016336000 -0.002000000 0.007558000
v 0.011996000 0.002000000 0.007218000
v 0.015423000 -0.002000000 0.009280000
v 0.011145000 0.002000000 0.008472000
v 0.014330000 -0.002000000 0.010893000
v 0.010164000 0.002000000 0.009628000
v 0.013068000 -0.002000000 0.012379000
v 0.009063000 0.002000000 0.010670000
v 0.011653000 -0.002000000 0.013719000
v 0.007857000 0.002000000 0.011588000
v 0.010101000 -0.002000000 0.014898000
v 0.006558000 0.002000000 0.012369000
v 0.008431000 -0.002000000 0.015903000
v 0.005182000 0.002000000 0.013006000
v 0.006662000 -0.002000000 0.016722000
v 0.003745000 0.002000000 0.013490000
v 0.004816000 -0.002000000 0.017344000
v 0.002265000 0.002000000 0.013816000
v 0.002912000 -0.002000000 0.017763000
v 0.000758000 0.002000000 0.013979000
v 0.000975000 -0.002000000 0.017974000
v -0.000758000 0.002000000 0.013979000
v -0.000975000 -0.002000000 0.017974000
v -0.002265000 0.002000000 0.013816000
v -0.002912000 -0.002000000 0.017763000
v -0.003745000 0.002000000 0.013490000
v -0.004816000 -0.002000000 0.017344000
v -0.005182000 0.002000000 0.013006000
v -0.006662000 -0.002000000 0.016722000
v -0.006558000 0.002000000 0.012369000
v -0.008431000 -0.002000000 0.015903000
v -0.007857000 0.002000000 0.011588000
v -0.010101000 -0.002000000 0.014898000
v -0.009063000 0.002000000 0.010670000
v -0.011653000 -0.002000000 0.013719000
v -0.010164000 0.002000000 0.009628000
v -0.013068000 -0.002000000 0.012379000
v -0.011145000 0.002000000 0.008472000
v -0.014330000 -0.002000000 0.010893000
v -0.011996000 0.002000000 0.007218000
v -0.015423000 -0.002000000 0.009280000
v -0.012706000 0.002000000 0.005878000
v -0.016336000 -0.002000000 0.007558000
v -0.013267000 0.002000000 0.004470000
v -0.017058000 -0.002000000 0.005747000
v -0.013673000 0.002000000 0.003010000
v -0.017579000 -0.002000000 0.003869000
v -0.013918000 0.002000000 0.001514000
v -0.017894000 -0.002000000 0.001946000
v -0.014000000 0.002000000 0.000000000
v 0.015903000 -0.023600000 0.008431000
v 0.016336000 -0.023662000 0.007558000
v -0.014330000 -0.023732000 0.010893000
v -0.017579000 -0.024430000 0.003869000
v -0.017058000 -0.023942000 0.005747000
v -0.017344000 -0.024160000 0.004816000
v -0.015423000 -0.023591000 0.009280000
v -0.015903000 -0.023600000 0.008431000
v -0.016336000 -0.023662000 0.007558000
v -0.016722000 -0.023776000 0.006662000
v -0.014898000 -0.023635000 0.010101000
v -0.013719000 -0.023881000 0.011653000
v -0.013068000 -0.024082000 0.012379000
v 0.013068000 -0.024082000 0.012379000
v 0.013719000 -0.023881000 0.011653000
v 0.014330000 -0.023732000 0.010893000
v 0.015423000 -0.023591000 0.009280000
v 0.014898000 -0.023635000 0.010101000
v 0.017058000 -0.023942000 0.005747000
v 0.016722000 -0.023776000 0.006662000
v 0.017579000 -0.024430000 0.003869000
v 0.017344000 -0.024160000 0.004816000
v -0.010101000 -0.098000000 -0.014898000
v -0.008437000 -0.025688000 -0.015900000
v -0.008431000 -0.098000000 -0.015903000
v -0.004816000 -0.024245000 -0.017344000
v -0.005747000 -0.024531000 -0.017058000
v -0.006662000 -0.024867000 -0.016722000
v -0.007558000 -0.025252000 -0.016336000
v -0.003869000 -0.024009000 -0.017579000
v -0.002912000 -0.023826000 -0.017763000
v -0.001946000 -0.023694000 -0.017894000
v -0.000975000 -0.023615000 -0.017974000
v 0.000000000 -0.023588000 -0.018000000
v 0.000975000 -0.023615000 -0.017974000
v 0.001946000 -0.023694000 -0.017894000
v 0.002912000 -0.023826000 -0.017763000
v 0.003869000 -0.024009000 -0.017579000
v 0.004816000 -0.024245000 -0.017344000
v 0.005747000 -0.024531000 -0.017058000
v 0.006662000 -0.024867000 -0.016722000
v 0.007558000 -0.025252000 -0.016336000
v 0.008431000 -0.025685000 -0.015903000
v 0.008431000 -0.098000000 -0.015903000
v 0.006662000 -0.098000000 -0.016722000
v 0.006662000 -0.087133000 -0.016722000
v 0.007558000 -0.086748000 -0.016336000
v 0.008437000 -0.086312000 -0.015900000
v 0.010101000 -0.098000000 -0.014898000
v 0.004816000 -0.098000000 -0.017344000
v 0.002912000 -0.098000000 -0.017763000
v 0.002912000 -0.088174000 -0.017763000
v 0.003869000 -0.087991000 -0.017579000
v 0.004816000 -0.087755000 -0.017344000
v 0.005747000 -0.087469000 -0.017058000
v -0.000975000 -0.098000000 -0.017974000
v -0.000000000 -0.088412000 -0.018000000
v 0.000975000 -0.098000000 -0.017974000
v 0.000975000 -0.088385000 -0.017974000
v 0.001946000 -0.088306000 -0.017894000
v -0.002912000 -0.098000000 -0.017763000
v -0.001946000 -0.088306000 -0.017894000
v -0.000975000 -0.088385000 -0.017974000
v -0.004816000 -0.098000000 -0.017344000
v -0.003869000 -0.087991000 -0.017579000
v -0.002912000 -0.088174000 -0.017763000
v -0.006662000 -0.098000000 -0.016722000
v -0.005747000 -0.087469000 -0.017058000
v -0.004816000 -0.087755000 -0.017344000
v -0.008431000 -0.086315000 -0.015903000
v -0.007558000 -0.086748000 -0.016336000
v -0.006662000 -0.087133000 -0.016722000
v -0.017894000 -0.098000000 0.001946000
v -0.017894000 -0.086882000 0.001946000
v -0.017579000 -0.098000000 0.003869000
v -0.017579000 -0.087570000 0.003869000
v -0.017763000 -0.087251000 0.002912000
v -0.017058000 -0.098000000 0.005747000
v -0.016336000 -0.098000000 0.007558000
v -0.016336000 -0.088338000 0.007558000
v -0.016722000 -0.088224000 0.006662000
v -0.017058000 -0.088058000 0.005747000
v -0.017344000 -0.087840000 0.004816000
v -0.014330000 -0.098000000 0.010893000
v -0.014898000 -0.088365000 0.010101000
v -0.015423000 -0.098000000 0.009280000
v -0.015423000 -0.088409000 0.009280000
v -0.015903000 -0.088400000 0.008431000
v -0.013068000 -0.098000000 0.012379000
v -0.013719000 -0.088119000 0.011653000
v -0.014330000 -0.088268000 0.010893000
v -0.011653000 -0.098000000 0.013719000
v -0.012379000 -0.087666000 0.013068000
v -0.013068000 -0.087918000 0.012379000
v -0.010101000 -0.098000000 0.014898000
v -0.010893000 -0.087010000 0.014330000
v -0.011653000 -0.087363000 0.013719000
v -0.008431000 -0.098000000 0.015903000
v -0.010101000 -0.086609000 0.014898000
v -0.011653000 -0.024637000 0.013719000
v -0.010101000 -0.025391000 0.014898000
v -0.010893000 -0.024990000 0.014330000
v -0.012379000 -0.024334000 0.013068000
v -0.017763000 -0.024749000 0.002912000
v -0.017894000 -0.025118000 0.001946000
v -0.017974000 -0.025536000 0.000975000
v 0.017894000 -0.025118000 0.001946000
v 0.017763000 -0.024749000 0.002912000
v 0.012379000 -0.024334000 0.013068000
v 0.011653000 -0.024637000 0.013719000
v 0.010893000 -0.024990000 0.014330000
v 0.010101000 -0.025391000 0.014898000
v 0.010101000 -0.098000000 0.014898000
v 0.011653000 -0.098000000 0.013719000
v 0.011653000 -0.087363000 0.013719000
v 0.010893000 -0.087010000 0.014330000
v 0.010101000 -0.086609000 0.014898000
v 0.008431000 -0.098000000 0.015903000
v 0.013068000 -0.098000000 0.012379000
v 0.014330000 -0.098000000 0.010893000
v 0.014330000 -0.088268000 0.010893000
v 0.013719000 -0.088119000 0.011653000
v 0.013068000 -0.087918000 0.012379000
v 0.012379000 -0.087666000 0.013068000
v 0.016336000 -0.098000000 0.007558000
v 0.015903000 -0.088400000 0.008431000
v 0.015423000 -0.098000000 0.009280000
v 0.015423000 -0.088409000 0.009280000
v 0.014898000 -0.088365000 0.010101000
v 0.017058000 -0.098000000 0.005747000
v 0.016722000 -0.088224000 0.006662000
v 0.016336000 -0.088338000 0.007558000
v 0.017579000 -0.098000000 0.003869000
v 0.017344000 -0.087840000 0.004816000
v 0.017058000 -0.088058000 0.005747000
v 0.017894000 -0.098000000 0.001946000
v 0.017763000 -0.087251000 0.002912000
v 0.017579000 -0.087570000 0.003869000
v 0.017894000 -0.098000000 -0.001946000
v 0.017974000 -0.086464000 0.000975000
v 0.017894000 -0.086882000 0.001946000
v 0.006662000 -0.098000000 0.016722000
v 0.004816000 -0.098000000 0.017344000
v 0.002912000 -0.098000000 0.017763000
v 0.000975000 -0.098000000 0.017974000
v -0.000975000 -0.098000000 0.017974000
v -0.002912000 -0.098000000 0.017763000
v -0.004816000 -0.098000000 0.017344000
v -0.006662000 -0.098000000 0.016722000
v 0.017974000 -0.025536000 0.000975000
v 0.011653000 -0.098000000 -0.013719000
v 0.013068000 -0.098000000 -0.012379000
v 0.014330000 -0.098000000 -0.010893000
v 0.015423000 -0.098000000 -0.009280000
v 0.016336000 -0.098000000 -0.007558000
v 0.017058000 -0.098000000 -0.005747000
v 0.017579000 -0.098000000 -0.003869000
v -0.011653000 -0.098000000 -0.013719000
v -0.013068000 -0.098000000 -0.012379000
v -0.014330000 -0.098000000 -0.010893000
v -0.015423000 -0.098000000 -0.009280000
v -0.016336000 -0.098000000 -0.007558000
v -0.017058000 -0.098000000 -0.005747000
v -0.017579000 -0.098000000 -0.003869000
v -0.017894000 -0.098000000 -0.001946000
v -0.017974000 -0.086464000 0.000975000
v -0.000000000 -0.007000000 -0.015588000
v 0.013500000 -0.007000000 0.007794000
v -0.013500000 -0.007000000 0.007794000
v -0.047000000 -0.113000000 -0.054500000
v -0.047000000 -0.113000000 -0.120077000
v -0.047000000 -0.167000000 -0.054500000
v -0.047000000 -0.167000000 -0.120077000
v 0.047000000 -0.113000000 -0.054500000
v 0.047000000 -0.167000000 -0.054500000
v 0.047000000 -0.113000000 -0.120077000
v 0.047000000 -0.167000000 -0.120077000
v -0.161491000 -0.136927000 -0.222162000
v -0.161491000 -0.199000000 -0.222162000
v -0.161491000 -0.136927000 -0.231776000
v -0.161491000 -0.199000000 -0.231776000
v -0.208425000 -0.153421000 -0.232967000
v -0.208425000 -0.199000000 -0.232967000
v -0.208425000 -0.153421000 -0.222162000
v -0.208425000 -0.199000000 -0.222162000
v -0.208425000 -0.153421000 -0.240449000
v -0.208425000 -0.199000000 -0.240449000
v -0.161491000 -0.136927000 -0.237808000
v -0.161491000 -0.199000000 -0.237808000
v -0.161491000 -0.136927000 -0.245254000
v -0.161491000 -0.199000000 -0.245254000
v -0.208425000 -0.153421000 -0.250995000
v -0.208425000 -0.199000000 -0.250995000
v -0.208425000 -0.153421000 -0.258983000
v -0.208425000 -0.199000000 -0.258983000
v -0.161491000 -0.136927000 -0.252209000
v -0.161491000 -0.199000000 -0.252209000
v -0.161491000 -0.136927000 -0.260039000
v -0.161491000 -0.199000000 -0.260039000
v -0.208425000 -0.153421000 -0.269657000
v -0.208425000 -0.199000000 -0.269657000
v -0.208425000 -0.153421000 -0.277938000
v -0.208425000 -0.199000000 -0.277938000
v -0.161491000 -0.136927000 -0.266623000
v -0.161491000 -0.199000000 -0.266623000
v -0.161491000 -0.136927000 -0.275089000
v -0.161491000 -0.199000000 -0.275089000
v -0.208425000 -0.153421000 -0.288951000
v -0.208425000 -0.199000000 -0.288951000
v -0.161491000 -0.136927000 -0.291414000
v -0.161491000 -0.199000000 -0.291414000
v -0.208425000 -0.153421000 -0.309487000
v -0.208425000 -0.199000000 -0.309487000
v -0.208425000 -0.153421000 -0.297409000
v -0.208425000 -0.199000000 -0.297409000
v -0.161491000 -0.136927000 -0.281440000
v -0.161491000 -0.199000000 -0.281440000
v -0.208425000 -0.153421000 -0.318129000
v -0.208425000 -0.199000000 -0.318129000
v -0.161491000 -0.136927000 -0.297976000
v -0.161491000 -0.199000000 -0.297976000
v -0.161491000 -0.136927000 -0.307599000
v -0.161491000 -0.199000000 -0.307599000
v -0.208425000 -0.153421000 -0.331600000
v -0.208425000 -0.199000000 -0.331600000
v -0.161491000 -0.136927000 -0.321336000
v -0.161491000 -0.199000000 -0.321336000
v -0.156326000 -0.136927000 -0.324318000
v -0.156326000 -0.199000000 -0.324318000
v -0.202142000 -0.153480000 -0.352654000
v -0.202142000 -0.199000000 -0.352654000
v -0.208592000 -0.153480000 -0.348930000
v -0.208592000 -0.199000000 -0.348930000
v -0.161491000 -0.199000000 -0.315591000
v -0.208592000 -0.199000000 -0.340954000
v -0.161491000 -0.136927000 -0.315591000
v -0.208592000 -0.153480000 -0.340954000
v -0.141548000 -0.137043000 -0.333234000
v -0.141548000 -0.199000000 -0.333234000
v -0.183020000 -0.153466000 -0.363647000
v -0.183020000 -0.199000000 -0.363647000
v -0.193925000 -0.153466000 -0.357351000
v -0.193925000 -0.199000000 -0.357351000
v -0.150552000 -0.137043000 -0.328036000
v -0.150552000 -0.199000000 -0.328036000
v -0.127628000 -0.137043000 -0.341271000
v -0.127628000 -0.199000000 -0.341271000
v -0.164719000 -0.153466000 -0.374214000
v -0.164719000 -0.199000000 -0.374214000
v -0.174634000 -0.153466000 -0.368489000
v -0.174634000 -0.199000000 -0.368489000
v -0.135463000 -0.137043000 -0.336747000
v -0.135463000 -0.199000000 -0.336747000
v -0.121627000 -0.137043000 -0.344736000
v -0.121627000 -0.199000000 -0.344736000
v -0.114689000 -0.137043000 -0.348741000
v -0.114689000 -0.199000000 -0.348741000
v -0.148263000 -0.153466000 -0.383714000
v -0.148263000 -0.199000000 -0.383714000
v -0.157011000 -0.153466000 -0.378664000
v -0.157011000 -0.199000000 -0.378664000
v -0.101654000 -0.137043000 -0.356267000
v -0.101654000 -0.199000000 -0.356267000
v -0.130927000 -0.153466000 -0.393723000
v -0.130927000 -0.199000000 -0.393723000
v -0.140147000 -0.153466000 -0.388400000
v -0.140147000 -0.199000000 -0.388400000
v -0.108780000 -0.137043000 -0.352153000
v -0.108780000 -0.199000000 -0.352153000
v -0.089261000 -0.137043000 -0.363423000
v -0.089261000 -0.199000000 -0.363423000
v -0.115125000 -0.153466000 -0.402847000
v -0.115125000 -0.199000000 -0.402847000
v -0.124828000 -0.153466000 -0.397245000
v -0.124828000 -0.199000000 -0.397245000
v -0.095849000 -0.137043000 -0.359619000
v -0.095849000 -0.199000000 -0.359619000
v -0.076899000 -0.137043000 -0.370560000
v -0.076899000 -0.199000000 -0.370560000
v -0.099723000 -0.153466000 -0.411739000
v -0.099723000 -0.199000000 -0.411739000
v -0.108783000 -0.153466000 -0.406508000
v -0.108783000 -0.199000000 -0.406508000
v -0.083972000 -0.137043000 -0.366476000
v -0.083972000 -0.199000000 -0.366476000
v -0.064414000 -0.137043000 -0.377768000
v -0.064414000 -0.199000000 -0.377768000
v -0.083730000 -0.153466000 -0.420972000
v -0.083730000 -0.199000000 -0.420972000
v -0.092931000 -0.153466000 -0.415661000
v -0.092931000 -0.199000000 -0.415661000
v -0.071552000 -0.137043000 -0.373647000
v -0.071552000 -0.199000000 -0.373647000
v -0.077410000 -0.153466000 -0.424621000
v -0.077410000 -0.199000000 -0.424621000
v -0.059404000 -0.137043000 -0.380660000
v -0.059404000 -0.199000000 -0.380660000
v -0.052046000 -0.137043000 -0.384909000
v -0.052046000 -0.199000000 -0.384909000
v -0.067738000 -0.153466000 -0.430205000
v -0.067738000 -0.199000000 -0.430205000
v -0.039321000 -0.137043000 -0.392256000
v -0.039321000 -0.199000000 -0.392256000
v -0.050682000 -0.153466000 -0.440053000
v -0.050682000 -0.199000000 -0.440053000
v -0.060627000 -0.153466000 -0.434311000
v -0.060627000 -0.199000000 -0.434311000
v -0.046313000 -0.137043000 -0.388218000
v -0.046313000 -0.199000000 -0.388218000
v -0.025625000 -0.137043000 -0.400163000
v -0.025625000 -0.199000000 -0.400163000
v -0.032472000 -0.153466000 -0.450566000
v -0.032472000 -0.199000000 -0.450566000
v -0.043362000 -0.153466000 -0.444279000
v -0.043362000 -0.199000000 -0.444279000
v -0.033143000 -0.137043000 -0.395822000
v -0.033143000 -0.199000000 -0.395822000
v -0.010659000 -0.137043000 -0.408803000
v -0.010659000 -0.199000000 -0.408803000
v -0.013973000 -0.153466000 -0.461247000
v -0.013973000 -0.199000000 -0.461247000
v -0.025202000 -0.153466000 -0.454763000
v -0.025202000 -0.199000000 -0.454763000
v -0.019142000 -0.137043000 -0.403906000
v -0.019142000 -0.199000000 -0.403906000
v 0.010659000 -0.199000000 -0.408803000
v 0.019142000 -0.199000000 -0.403906000
v 0.010659000 -0.137043000 -0.408803000
v 0.019142000 -0.137043000 -0.403906000
v 0.025202000 -0.199000000 -0.454763000
v 0.025202000 -0.153466000 -0.454763000
v 0.013973000 -0.199000000 -0.461247000
v 0.013973000 -0.153466000 -0.461247000
v 0.025625000 -0.199000000 -0.400163000
v 0.033143000 -0.199000000 -0.395822000
v 0.025625000 -0.137043000 -0.400163000
v 0.033143000 -0.137043000 -0.395822000
v 0.043362000 -0.199000000 -0.444279000
v 0.043362000 -0.153466000 -0.444279000
v 0.032472000 -0.199000000 -0.450566000
v 0.032472000 -0.153466000 -0.450566000
v 0.039321000 -0.199000000 -0.392256000
v 0.046313000 -0.199000000 -0.388218000
v 0.039321000 -0.137043000 -0.392256000
v 0.046313000 -0.137043000 -0.388218000
v 0.060627000 -0.199000000 -0.434311000
v 0.060627000 -0.153466000 -0.434311000
v 0.050682000 -0.199000000 -0.440053000
v 0.050682000 -0.153466000 -0.440053000
v 0.052046000 -0.199000000 -0.384909000
v 0.059404000 -0.199000000 -0.380660000
v 0.052046000 -0.137043000 -0.384909000
v 0.059404000 -0.137043000 -0.380660000
v 0.077410000 -0.199000000 -0.424621000
v 0.077410000 -0.153466000 -0.424621000
v 0.067738000 -0.199000000 -0.430205000
v 0.067738000 -0.153466000 -0.430205000
v 0.064414000 -0.199000000 -0.377768000
v 0.071552000 -0.199000000 -0.373647000
v 0.064414000 -0.137043000 -0.377768000
v 0.071552000 -0.137043000 -0.373647000
v 0.092931000 -0.199000000 -0.415661000
v 0.092931000 -0.153466000 -0.415661000
v 0.083730000 -0.199000000 -0.420972000
v 0.083730000 -0.153466000 -0.420972000
v 0.083972000 -0.199000000 -0.366476000
v 0.108783000 -0.199000000 -0.406508000
v 0.083972000 -0.137043000 -0.366476000
v 0.108783000 -0.153466000 -0.406508000
v 0.099723000 -0.199000000 -0.411739000
v 0.099723000 -0.153466000 -0.411739000
v 0.076899000 -0.199000000 -0.370560000
v 0.076899000 -0.137043000 -0.370560000
v 0.095849000 -0.199000000 -0.359619000
v 0.124828000 -0.199000000 -0.397245000
v 0.095849000 -0.137043000 -0.359619000
v 0.124828000 -0.153466000 -0.397245000
v 0.115125000 -0.199000000 -0.402847000
v 0.115125000 -0.153466000 -0.402847000
v 0.089261000 -0.199000000 -0.363423000
v 0.089261000 -0.137043000 -0.363423000
v 0.101654000 -0.199000000 -0.356267000
v 0.108780000 -0.199000000 -0.352153000
v 0.101654000 -0.137043000 -0.356267000
v 0.108780000 -0.137043000 -0.352153000
v 0.140147000 -0.199000000 -0.388400000
v 0.140147000 -0.153466000 -0.388400000
v 0.130927000 -0.199000000 -0.393723000
v 0.130927000 -0.153466000 -0.393723000
v 0.121627000 -0.199000000 -0.344736000
v 0.157011000 -0.199000000 -0.378664000
v 0.121627000 -0.137043000 -0.344736000
v 0.157011000 -0.153466000 -0.378664000
v 0.148263000 -0.199000000 -0.383714000
v 0.148263000 -0.153466000 -0.383714000
v 0.114689000 -0.199000000 -0.348741000
v 0.114689000 -0.137043000 -0.348741000
v 0.127628000 -0.199000000 -0.341271000
v 0.135463000 -0.199000000 -0.336747000
v 0.127628000 -0.137043000 -0.341271000
v 0.135463000 -0.137043000 -0.336747000
v 0.174634000 -0.199000000 -0.368489000
v 0.174634000 -0.153466000 -0.368489000
v 0.164719000 -0.199000000 -0.374214000
v 0.164719000 -0.153466000 -0.374214000
v 0.141548000 -0.199000000 -0.333234000
v 0.150552000 -0.199000000 -0.328036000
v 0.141548000 -0.137043000 -0.333234000
v 0.150552000 -0.137043000 -0.328036000
v 0.193925000 -0.199000000 -0.357351000
v 0.193925000 -0.153466000 -0.357351000
v 0.183020000 -0.199000000 -0.363647000
v 0.183020000 -0.153466000 -0.363647000
v 0.161491000 -0.136927000 -0.321336000
v 0.161491000 -0.199000000 -0.321336000
v 0.161491000 -0.136927000 -0.315591000
v 0.161491000 -0.199000000 -0.315591000
v 0.208592000 -0.153480000 -0.340954000
v 0.208592000 -0.199000000 -0.340954000
v 0.208592000 -0.153480000 -0.348930000
v 0.208592000 -0.199000000 -0.348930000
v 0.156326000 -0.136927000 -0.324318000
v 0.202142000 -0.153480000 -0.352654000
v 0.156326000 -0.199000000 -0.324318000
v 0.202142000 -0.199000000 -0.352654000
v 0.161491000 -0.136927000 -0.307599000
v 0.161491000 -0.199000000 -0.307599000
v 0.161491000 -0.136927000 -0.297976000
v 0.161491000 -0.199000000 -0.297976000
v 0.208425000 -0.153421000 -0.318129000
v 0.208425000 -0.199000000 -0.318129000
v 0.208425000 -0.153421000 -0.331600000
v 0.208425000 -0.199000000 -0.331600000
v 0.161491000 -0.136927000 -0.291414000
v 0.161491000 -0.199000000 -0.291414000
v 0.161491000 -0.136927000 -0.281440000
v 0.161491000 -0.199000000 -0.281440000
v 0.208425000 -0.153421000 -0.297409000
v 0.208425000 -0.199000000 -0.297409000
v 0.208425000 -0.153421000 -0.309487000
v 0.208425000 -0.199000000 -0.309487000
v 0.161491000 -0.136927000 -0.275089000
v 0.161491000 -0.199000000 -0.275089000
v 0.161491000 -0.136927000 -0.266623000
v 0.161491000 -0.199000000 -0.266623000
v 0.208425000 -0.153421000 -0.277938000
v 0.208425000 -0.199000000 -0.277938000
v 0.208425000 -0.153421000 -0.288951000
v 0.208425000 -0.199000000 -0.288951000
v 0.161491000 -0.136927000 -0.260039000
v 0.161491000 -0.199000000 -0.260039000
v 0.161491000 -0.136927000 -0.252209000
v 0.161491000 -0.199000000 -0.252209000
v 0.208425000 -0.153421000 -0.258983000
v 0.208425000 -0.199000000 -0.258983000
v 0.208425000 -0.153421000 -0.269657000
v 0.208425000 -0.199000000 -0.269657000
v 0.161491000 -0.136927000 -0.245254000
v 0.161491000 -0.199000000 -0.245254000
v 0.161491000 -0.136927000 -0.237808000
v 0.161491000 -0.199000000 -0.237808000
v 0.208425000 -0.153421000 -0.240449000
v 0.208425000 -0.199000000 -0.240449000
v 0.208425000 -0.153421000 -0.250995000
v 0.208425000 -0.199000000 -0.250995000
v 0.208425000 -0.153421000 -0.232967000
v 0.208425000 -0.199000000 -0.232967000
v 0.161491000 -0.136927000 -0.231776000
v 0.161491000 -0.199000000 -0.231776000
v 0.161491000 -0.136927000 -0.222162000
v 0.161491000 -0.199000000 -0.222162000
v 0.208425000 -0.153421000 -0.222162000
v 0.208425000 -0.199000000 -0.222162000
v 0.147694000 -0.139617000 -0.320680000
v 0.148517000 -0.134896000 -0.322106000
v 0.147907000 -0.139655000 -0.320681000
v 0.148731000 -0.134934000 -0.322107000
v 0.148118000 -0.139699000 -0.320704000
v 0.148941000 -0.134978000 -0.322131000
v 0.148324000 -0.139748000 -0.320750000
v 0.149147000 -0.135027000 -0.322176000
v 0.148522000 -0.139803000 -0.320817000
v 0.149346000 -0.135082000 -0.322243000
v 0.148711000 -0.139863000 -0.320905000
v 0.149534000 -0.135142000 -0.322331000
v 0.148888000 -0.139926000 -0.321013000
v 0.149711000 -0.135205000 -0.322439000
v 0.149051000 -0.139993000 -0.321139000
v 0.149874000 -0.135272000 -0.322566000
v 0.149197000 -0.140062000 -0.321283000
v 0.150021000 -0.135341000 -0.322709000
v 0.149327000 -0.140132000 -0.321441000
v 0.150150000 -0.135411000 -0.322868000
v 0.149437000 -0.140203000 -0.321614000
v 0.150260000 -0.135483000 -0.323040000
v 0.149526000 -0.140275000 -0.321798000
v 0.150350000 -0.135554000 -0.323224000
v 0.149595000 -0.140345000 -0.321991000
v 0.150418000 -0.135624000 -0.323417000
v 0.149641000 -0.140413000 -0.322191000
v 0.150464000 -0.135692000 -0.323617000
v 0.149664000 -0.140479000 -0.322396000
v 0.150487000 -0.135758000 -0.323822000
v 0.149664000 -0.140542000 -0.322603000
v 0.150487000 -0.135821000 -0.324030000
v 0.149641000 -0.140601000 -0.322810000
v 0.150464000 -0.135880000 -0.324237000
v 0.149595000 -0.140654000 -0.323015000
v 0.150418000 -0.135933000 -0.324441000
v 0.149526000 -0.140703000 -0.323215000
v 0.150350000 -0.135982000 -0.324641000
v 0.149437000 -0.140745000 -0.323407000
v 0.150260000 -0.136024000 -0.324834000
v 0.149327000 -0.140781000 -0.323590000
v 0.150150000 -0.136060000 -0.325017000
v 0.149197000 -0.140811000 -0.323761000
v 0.150021000 -0.136090000 -0.325188000
v 0.149051000 -0.140833000 -0.323919000
v 0.149874000 -0.136112000 -0.325345000
v 0.148888000 -0.140847000 -0.324061000
v 0.149711000 -0.136126000 -0.325487000
v 0.148711000 -0.140854000 -0.324186000
v 0.149534000 -0.136133000 -0.325612000
v 0.148522000 -0.140853000 -0.324292000
v 0.149346000 -0.136132000 -0.325719000
v 0.148324000 -0.140845000 -0.324379000
v 0.149147000 -0.136124000 -0.325805000
v 0.148118000 -0.140829000 -0.324444000
v 0.148941000 -0.136108000 -0.325870000
v 0.147907000 -0.140805000 -0.324488000
v 0.148731000 -0.136084000 -0.325914000
v 0.147694000 -0.140774000 -0.324509000
v 0.148517000 -0.136053000 -0.325936000
v 0.147481000 -0.140737000 -0.324508000
v 0.148304000 -0.136016000 -0.325935000
v 0.147270000 -0.140693000 -0.324485000
v 0.148093000 -0.135972000 -0.325911000
v 0.147064000 -0.140643000 -0.324439000
v 0.147887000 -0.135922000 -0.325866000
v 0.146866000 -0.140588000 -0.324372000
v 0.147689000 -0.135867000 -0.325799000
v 0.146677000 -0.140529000 -0.324284000
v 0.147500000 -0.135808000 -0.325711000
v 0.146500000 -0.140465000 -0.324176000
v 0.147324000 -0.135745000 -0.325603000
v 0.146337000 -0.140399000 -0.324050000
v 0.147161000 -0.135678000 -0.325476000
v 0.146190000 -0.140330000 -0.323907000
v 0.147014000 -0.135609000 -0.325333000
v 0.146061000 -0.140259000 -0.323748000
v 0.146885000 -0.135538000 -0.325174000
v 0.145951000 -0.140188000 -0.323576000
v 0.146774000 -0.135467000 -0.325002000
v 0.145861000 -0.140117000 -0.323392000
v 0.146685000 -0.135396000 -0.324818000
v 0.145793000 -0.140047000 -0.323199000
v 0.146617000 -0.135326000 -0.324625000
v 0.145747000 -0.139978000 -0.322998000
v 0.146571000 -0.135257000 -0.324425000
v 0.145724000 -0.139912000 -0.322793000
v 0.146548000 -0.135191000 -0.324220000
v 0.145724000 -0.139850000 -0.322586000
v 0.146548000 -0.135129000 -0.324012000
v 0.145747000 -0.139791000 -0.322379000
v 0.146571000 -0.135070000 -0.323805000
v 0.145793000 -0.139737000 -0.322174000
v 0.146617000 -0.135016000 -0.323601000
v 0.145861000 -0.139689000 -0.321975000
v 0.146685000 -0.134968000 -0.323401000
v 0.145951000 -0.139646000 -0.321782000
v 0.146774000 -0.134925000 -0.323208000
v 0.146061000 -0.139610000 -0.321599000
v 0.146885000 -0.134889000 -0.323025000
v 0.146190000 -0.139581000 -0.321428000
v 0.147014000 -0.134860000 -0.322854000
v 0.146337000 -0.139559000 -0.321270000
v 0.147161000 -0.134838000 -0.322697000
v 0.146500000 -0.139545000 -0.321128000
v 0.147324000 -0.134824000 -0.322554000
v 0.146677000 -0.139538000 -0.321003000
v 0.147500000 -0.134817000 -0.322430000
v 0.146866000 -0.139538000 -0.320897000
v 0.147689000 -0.134817000 -0.322323000
v 0.147064000 -0.139547000 -0.320811000
v 0.147887000 -0.134826000 -0.322237000
v 0.147270000 -0.139563000 -0.320745000
v 0.148093000 -0.134842000 -0.322172000
v 0.147481000 -0.139587000 -0.320702000
v 0.148304000 -0.134866000 -0.322128000
v 0.006158000 -0.139293000 -0.401323000
v 0.006981000 -0.134572000 -0.402749000
v 0.006371000 -0.139331000 -0.401324000
v 0.007194000 -0.134610000 -0.402750000
v 0.006582000 -0.139374000 -0.401347000
v 0.007405000 -0.134654000 -0.402774000
v 0.006788000 -0.139424000 -0.401393000
v 0.007611000 -0.134703000 -0.402819000
v 0.006986000 -0.139479000 -0.401460000
v 0.007809000 -0.134758000 -0.402886000
v 0.007175000 -0.139539000 -0.401548000
v 0.007998000 -0.134818000 -0.402974000
v 0.007351000 -0.139602000 -0.401656000
v 0.008175000 -0.134881000 -0.403082000
v 0.007514000 -0.139669000 -0.401782000
v 0.008338000 -0.134948000 -0.403208000
v 0.007661000 -0.139737000 -0.401926000
v 0.008485000 -0.135017000 -0.403352000
v 0.007790000 -0.139808000 -0.402084000
v 0.008614000 -0.135087000 -0.403511000
v 0.007901000 -0.139879000 -0.402257000
v 0.008724000 -0.135158000 -0.403683000
v 0.007990000 -0.139950000 -0.402440000
v 0.008814000 -0.135229000 -0.403867000
v 0.008058000 -0.140021000 -0.402634000
v 0.008882000 -0.135300000 -0.404060000
v 0.008104000 -0.140089000 -0.402834000
v 0.008928000 -0.135368000 -0.404260000
v 0.008127000 -0.140155000 -0.403039000
v 0.008951000 -0.135434000 -0.404465000
v 0.008127000 -0.140218000 -0.403246000
v 0.008951000 -0.135497000 -0.404672000
v 0.008104000 -0.140276000 -0.403453000
v 0.008928000 -0.135555000 -0.404880000
v 0.008058000 -0.140330000 -0.403658000
v 0.008882000 -0.135609000 -0.405084000
v 0.007990000 -0.140379000 -0.403858000
v 0.008814000 -0.135658000 -0.405284000
v 0.007901000 -0.140421000 -0.404050000
v 0.008724000 -0.135700000 -0.405476000
v 0.007790000 -0.140457000 -0.404233000
v 0.008614000 -0.135736000 -0.405659000
v 0.007661000 -0.140486000 -0.404404000
v 0.008485000 -0.135765000 -0.405831000
v 0.007514000 -0.140508000 -0.404562000
v 0.008338000 -0.135787000 -0.405988000
v 0.007351000 -0.140523000 -0.404704000
v 0.008175000 -0.135802000 -0.406130000
v 0.007175000 -0.140530000 -0.404829000
v 0.007998000 -0.135809000 -0.406255000
v 0.006986000 -0.140529000 -0.404935000
v 0.007809000 -0.135808000 -0.406361000
v 0.006788000 -0.140520000 -0.405021000
v 0.007611000 -0.135799000 -0.406448000
v 0.006582000 -0.140504000 -0.405087000
v 0.007405000 -0.135783000 -0.406513000
v 0.006371000 -0.140481000 -0.405131000
v 0.007194000 -0.135760000 -0.406557000
v 0.006158000 -0.140450000 -0.405152000
v 0.006981000 -0.135729000 -0.406578000
v 0.005944000 -0.140413000 -0.405151000
v 0.006768000 -0.135692000 -0.406577000
v 0.005734000 -0.140369000 -0.405128000
v 0.006557000 -0.135648000 -0.406554000
v 0.005528000 -0.140319000 -0.405082000
v 0.006351000 -0.135598000 -0.406509000
v 0.005329000 -0.140264000 -0.405015000
v 0.006153000 -0.135543000 -0.406441000
v 0.005141000 -0.140205000 -0.404927000
v 0.005964000 -0.135484000 -0.406353000
v 0.004964000 -0.140141000 -0.404819000
v 0.005787000 -0.135420000 -0.406246000
v 0.004801000 -0.140075000 -0.404693000
v 0.005625000 -0.135354000 -0.406119000
v 0.004654000 -0.140006000 -0.404550000
v 0.005478000 -0.135285000 -0.405976000
v 0.004525000 -0.139935000 -0.404391000
v 0.005348000 -0.135214000 -0.405817000
v 0.004415000 -0.139864000 -0.404218000
v 0.005238000 -0.135143000 -0.405645000
v 0.004325000 -0.139793000 -0.404035000
v 0.005149000 -0.135072000 -0.405461000
v 0.004257000 -0.139723000 -0.403842000
v 0.005080000 -0.135002000 -0.405268000
v 0.004211000 -0.139654000 -0.403641000
v 0.005034000 -0.134933000 -0.405068000
v 0.004188000 -0.139588000 -0.403436000
v 0.005011000 -0.134867000 -0.404863000
v 0.004188000 -0.139525000 -0.403229000
v 0.005011000 -0.134804000 -0.404655000
v 0.004211000 -0.139467000 -0.403022000
v 0.005034000 -0.134746000 -0.404448000
v 0.004257000 -0.139413000 -0.402817000
v 0.005080000 -0.134692000 -0.404243000
v 0.004325000 -0.139365000 -0.402617000
v 0.005149000 -0.134644000 -0.404044000
v 0.004415000 -0.139322000 -0.402425000
v 0.005238000 -0.134601000 -0.403851000
v 0.004525000 -0.139286000 -0.402242000
v 0.005348000 -0.134565000 -0.403668000
v 0.004654000 -0.139257000 -0.402071000
v 0.005478000 -0.134536000 -0.403497000
v 0.004801000 -0.139235000 -0.401913000
v 0.005625000 -0.134514000 -0.403339000
v 0.004964000 -0.139220000 -0.401771000
v 0.005787000 -0.134499000 -0.403197000
v 0.005141000 -0.139213000 -0.401646000
v 0.005964000 -0.134492000 -0.403073000
v 0.005329000 -0.139214000 -0.401540000
v 0.006153000 -0.134493000 -0.402966000
v 0.005528000 -0.139223000 -0.401454000
v 0.006351000 -0.134502000 -0.402880000
v 0.005734000 -0.139239000 -0.401388000
v 0.006557000 -0.134518000 -0.402815000
v 0.005944000 -0.139262000 -0.401345000
v 0.006768000 -0.134542000 -0.402771000
v 0.034535000 -0.139916000 -0.387000000
v 0.035359000 -0.135195000 -0.388426000
v 0.034749000 -0.139953000 -0.387001000
v 0.035572000 -0.135232000 -0.388427000
v 0.034959000 -0.139997000 -0.387024000
v 0.035783000 -0.135276000 -0.388451000
v 0.035165000 -0.140047000 -0.387070000
v 0.035989000 -0.135326000 -0.388496000
v 0.035364000 -0.140102000 -0.387137000
v 0.036187000 -0.135381000 -0.388563000
v 0.035552000 -0.140161000 -0.387225000
v 0.036376000 -0.135440000 -0.388651000
v 0.035729000 -0.140225000 -0.387333000
v 0.036553000 -0.135504000 -0.388759000
v 0.035892000 -0.140291000 -0.387459000
v 0.036715000 -0.135570000 -0.388885000
v 0.036039000 -0.140360000 -0.387602000
v 0.036862000 -0.135639000 -0.389029000
v 0.036168000 -0.140431000 -0.387761000
v 0.036992000 -0.135710000 -0.389188000
v 0.036278000 -0.140502000 -0.387934000
v 0.037102000 -0.135781000 -0.389360000
v 0.036368000 -0.140573000 -0.388117000
v 0.037191000 -0.135852000 -0.389544000
v 0.036436000 -0.140643000 -0.388310000
v 0.037260000 -0.135922000 -0.389737000
v 0.036482000 -0.140712000 -0.388511000
v 0.037306000 -0.135991000 -0.389937000
v 0.036505000 -0.140778000 -0.388716000
v 0.037329000 -0.136057000 -0.390142000
v 0.036505000 -0.140840000 -0.388923000
v 0.037329000 -0.136119000 -0.390349000
v 0.036482000 -0.140899000 -0.389130000
v 0.037306000 -0.136178000 -0.390557000
v 0.036436000 -0.140953000 -0.389335000
v 0.037260000 -0.136232000 -0.390761000
v 0.036368000 -0.141001000 -0.389535000
v 0.037191000 -0.136280000 -0.390961000
v 0.036278000 -0.141044000 -0.389727000
v 0.037102000 -0.136323000 -0.391153000
v 0.036168000 -0.141080000 -0.389910000
v 0.036992000 -0.136359000 -0.391336000
v 0.036039000 -0.141109000 -0.390081000
v 0.036862000 -0.136388000 -0.391508000
v 0.035892000 -0.141131000 -0.390239000
v 0.036715000 -0.136410000 -0.391665000
v 0.035729000 -0.141146000 -0.390381000
v 0.036553000 -0.136425000 -0.391807000
v 0.035552000 -0.141152000 -0.390506000
v 0.036376000 -0.136431000 -0.391932000
v 0.035364000 -0.141152000 -0.390612000
v 0.036187000 -0.136431000 -0.392038000
v 0.035165000 -0.141143000 -0.390698000
v 0.035989000 -0.136422000 -0.392125000
v 0.034959000 -0.141127000 -0.390764000
v 0.035783000 -0.136406000 -0.392190000
v 0.034749000 -0.141103000 -0.390807000
v 0.035572000 -0.136382000 -0.392234000
v 0.034535000 -0.141073000 -0.390829000
v 0.035359000 -0.136352000 -0.392255000
v 0.034322000 -0.141035000 -0.390828000
v 0.035146000 -0.136314000 -0.392254000
v 0.034111000 -0.140991000 -0.390805000
v 0.034935000 -0.136270000 -0.392231000
v 0.033905000 -0.140942000 -0.390759000
v 0.034729000 -0.136221000 -0.392186000
v 0.033707000 -0.140887000 -0.390692000
v 0.034530000 -0.136166000 -0.392118000
v 0.033518000 -0.140827000 -0.390604000
v 0.034342000 -0.136106000 -0.392030000
v 0.033341000 -0.140764000 -0.390496000
v 0.034165000 -0.136043000 -0.391923000
v 0.033179000 -0.140697000 -0.390370000
v 0.034002000 -0.135976000 -0.391796000
v 0.033032000 -0.140628000 -0.390227000
v 0.033855000 -0.135907000 -0.391653000
v 0.032903000 -0.140558000 -0.390068000
v 0.033726000 -0.135837000 -0.391494000
v 0.032792000 -0.140487000 -0.389895000
v 0.033616000 -0.135766000 -0.391322000
v 0.032703000 -0.140415000 -0.389712000
v 0.033526000 -0.135694000 -0.391138000
v 0.032635000 -0.140345000 -0.389518000
v 0.033458000 -0.135624000 -0.390945000
v 0.032589000 -0.140277000 -0.389318000
v 0.033412000 -0.135556000 -0.390745000
v 0.032566000 -0.140211000 -0.389113000
v 0.033389000 -0.135490000 -0.390540000
v 0.032566000 -0.140148000 -0.388906000
v 0.033389000 -0.135427000 -0.390332000
v 0.032589000 -0.140089000 -0.388699000
v 0.033412000 -0.135369000 -0.390125000
v 0.032635000 -0.140036000 -0.388494000
v 0.033458000 -0.135315000 -0.389920000
v 0.032703000 -0.139987000 -0.388294000
v 0.033526000 -0.135266000 -0.389721000
v 0.032792000 -0.139945000 -0.388102000
v 0.033616000 -0.135224000 -0.389528000
v 0.032903000 -0.139909000 -0.387919000
v 0.033726000 -0.135188000 -0.389345000
v 0.033032000 -0.139879000 -0.387748000
v 0.033855000 -0.135158000 -0.389174000
v 0.033179000 -0.139857000 -0.387590000
v 0.034002000 -0.135136000 -0.389016000
v 0.033341000 -0.139843000 -0.387448000
v 0.034165000 -0.135122000 -0.388874000
v 0.033518000 -0.139836000 -0.387323000
v 0.034342000 -0.135115000 -0.388749000
v 0.033707000 -0.139837000 -0.387217000
v 0.034530000 -0.135116000 -0.388643000
v 0.033905000 -0.139845000 -0.387131000
v 0.034729000 -0.135124000 -0.388557000
v 0.034111000 -0.139862000 -0.387065000
v 0.034935000 -0.135141000 -0.388492000
v 0.034322000 -0.139885000 -0.387021000
v 0.035146000 -0.135164000 -0.388448000
v 0.060013000 -0.139676000 -0.371496000
v 0.060837000 -0.134955000 -0.372923000
v 0.060226000 -0.139713000 -0.371497000
v 0.061050000 -0.134992000 -0.372924000
v 0.060437000 -0.139757000 -0.371521000
v 0.061261000 -0.135036000 -0.372947000
v 0.060643000 -0.139807000 -0.371566000
v 0.061466000 -0.135086000 -0.372993000
v 0.060841000 -0.139862000 -0.371633000
v 0.061665000 -0.135141000 -0.373060000
v 0.061030000 -0.139921000 -0.371721000
v 0.061854000 -0.135200000 -0.373148000
v 0.061207000 -0.139985000 -0.371829000
v 0.062030000 -0.135264000 -0.373256000
v 0.061370000 -0.140051000 -0.371956000
v 0.062193000 -0.135330000 -0.373382000
v 0.061517000 -0.140120000 -0.372099000
v 0.062340000 -0.135399000 -0.373525000
v 0.061646000 -0.140191000 -0.372258000
v 0.062469000 -0.135470000 -0.373684000
v 0.061756000 -0.140262000 -0.372430000
v 0.062579000 -0.135541000 -0.373856000
v 0.061846000 -0.140333000 -0.372614000
v 0.062669000 -0.135612000 -0.374040000
v 0.061914000 -0.140403000 -0.372807000
v 0.062737000 -0.135682000 -0.374233000
v 0.061960000 -0.140472000 -0.373007000
v 0.062783000 -0.135751000 -0.374434000
v 0.061983000 -0.140538000 -0.373212000
v 0.062806000 -0.135817000 -0.374639000
v 0.061983000 -0.140601000 -0.373420000
v 0.062806000 -0.135880000 -0.374846000
v 0.061960000 -0.140659000 -0.373627000
v 0.062783000 -0.135938000 -0.375053000
v 0.061914000 -0.140713000 -0.373831000
v 0.062737000 -0.135992000 -0.375258000
v 0.061846000 -0.140761000 -0.374031000
v 0.062669000 -0.136040000 -0.375457000
v 0.061756000 -0.140804000 -0.374224000
v 0.062579000 -0.136083000 -0.375650000
v 0.061646000 -0.140840000 -0.374407000
v 0.062469000 -0.136119000 -0.375833000
v 0.061517000 -0.140869000 -0.374578000
v 0.062340000 -0.136148000 -0.376004000
v 0.061370000 -0.140891000 -0.374735000
v 0.062193000 -0.136170000 -0.376162000
v 0.061207000 -0.140906000 -0.374878000
v 0.062030000 -0.136185000 -0.376304000
v 0.061030000 -0.140913000 -0.375002000
v 0.061854000 -0.136192000 -0.376429000
v 0.060841000 -0.140912000 -0.375109000
v 0.061665000 -0.136191000 -0.376535000
v 0.060643000 -0.140903000 -0.375195000
v 0.061466000 -0.136182000 -0.376621000
v 0.060437000 -0.140887000 -0.375260000
v 0.061261000 -0.136166000 -0.376687000
v 0.060226000 -0.140863000 -0.375304000
v 0.061050000 -0.136143000 -0.376730000
v 0.060013000 -0.140833000 -0.375326000
v 0.060837000 -0.136112000 -0.376752000
v 0.059800000 -0.140795000 -0.375325000
v 0.060623000 -0.136074000 -0.376751000
v 0.059589000 -0.140751000 -0.375301000
v 0.060412000 -0.136031000 -0.376728000
v 0.059383000 -0.140702000 -0.375256000
v 0.060207000 -0.135981000 -0.376682000
v 0.059185000 -0.140647000 -0.375189000
v 0.060008000 -0.135926000 -0.376615000
v 0.058996000 -0.140587000 -0.375101000
v 0.059820000 -0.135866000 -0.376527000
v 0.058819000 -0.140524000 -0.374993000
v 0.059643000 -0.135803000 -0.376419000
v 0.058656000 -0.140457000 -0.374866000
v 0.059480000 -0.135736000 -0.376293000
v 0.058510000 -0.140389000 -0.374723000
v 0.059333000 -0.135668000 -0.376149000
v 0.058380000 -0.140318000 -0.374564000
v 0.059204000 -0.135597000 -0.375991000
v 0.058270000 -0.140247000 -0.374392000
v 0.059094000 -0.135526000 -0.375818000
v 0.058180000 -0.140176000 -0.374208000
v 0.059004000 -0.135455000 -0.375634000
v 0.058112000 -0.140105000 -0.374015000
v 0.058936000 -0.135384000 -0.375441000
v 0.058066000 -0.140037000 -0.373815000
v 0.058890000 -0.135316000 -0.375241000
v 0.058043000 -0.139971000 -0.373610000
v 0.058867000 -0.135250000 -0.375036000
v 0.058043000 -0.139908000 -0.373402000
v 0.058867000 -0.135187000 -0.374829000
v 0.058066000 -0.139850000 -0.373195000
v 0.058890000 -0.135129000 -0.374622000
v 0.058112000 -0.139796000 -0.372991000
v 0.058936000 -0.135075000 -0.374417000
v 0.058180000 -0.139747000 -0.372791000
v 0.059004000 -0.135026000 -0.374217000
v 0.058270000 -0.139705000 -0.372598000
v 0.059094000 -0.134984000 -0.374025000
v 0.058380000 -0.139669000 -0.372415000
v 0.059204000 -0.134948000 -0.373842000
v 0.058510000 -0.139640000 -0.372244000
v 0.059333000 -0.134919000 -0.373671000
v 0.058656000 -0.139618000 -0.372087000
v 0.059480000 -0.134897000 -0.373513000
v 0.058819000 -0.139603000 -0.371945000
v 0.059643000 -0.134882000 -0.373371000
v 0.058996000 -0.139596000 -0.371820000
v 0.059820000 -0.134875000 -0.373246000
v 0.059185000 -0.139597000 -0.371713000
v 0.060008000 -0.134876000 -0.373140000
v 0.059383000 -0.139606000 -0.371627000
v 0.060207000 -0.134885000 -0.373053000
v 0.059589000 -0.139622000 -0.371562000
v 0.060412000 -0.134901000 -0.372988000
v 0.059800000 -0.139645000 -0.371518000
v 0.060623000 -0.134924000 -0.372944000
v 0.080994000 -0.158773000 -0.422592000
v 0.081817000 -0.154052000 -0.424018000
v 0.081207000 -0.158810000 -0.422593000
v 0.082030000 -0.154089000 -0.424019000
v 0.081418000 -0.158854000 -0.422616000
v 0.082241000 -0.154133000 -0.424042000
v 0.081624000 -0.158904000 -0.422661000
v 0.082447000 -0.154183000 -0.424088000
v 0.081822000 -0.158959000 -0.422729000
v 0.082645000 -0.154238000 -0.424155000
v 0.082011000 -0.159018000 -0.422817000
v 0.082834000 -0.154297000 -0.424243000
v 0.082188000 -0.159082000 -0.422924000
v 0.083011000 -0.154361000 -0.424351000
v 0.082350000 -0.159148000 -0.423051000
v 0.083174000 -0.154427000 -0.424477000
v 0.082497000 -0.159217000 -0.423194000
v 0.083321000 -0.154496000 -0.424620000
v 0.082626000 -0.159288000 -0.423353000
v 0.083450000 -0.154567000 -0.424779000
v 0.082737000 -0.159359000 -0.423525000
v 0.083560000 -0.154638000 -0.424952000
v 0.082826000 -0.159430000 -0.423709000
v 0.083650000 -0.154709000 -0.425135000
v 0.082894000 -0.159500000 -0.423902000
v 0.083718000 -0.154779000 -0.425329000
v 0.082940000 -0.159569000 -0.424102000
v 0.083764000 -0.154848000 -0.425529000
v 0.082963000 -0.159635000 -0.424307000
v 0.083787000 -0.154914000 -0.425734000
v 0.082963000 -0.159698000 -0.424515000
v 0.083787000 -0.154977000 -0.425941000
v 0.082940000 -0.159756000 -0.424722000
v 0.083764000 -0.155035000 -0.426148000
v 0.082894000 -0.159810000 -0.424927000
v 0.083718000 -0.155089000 -0.426353000
v 0.082826000 -0.159858000 -0.425126000
v 0.083650000 -0.155137000 -0.426553000
v 0.082737000 -0.159901000 -0.425319000
v 0.083560000 -0.155180000 -0.426745000
v 0.082626000 -0.159937000 -0.425502000
v 0.083450000 -0.155216000 -0.426928000
v 0.082497000 -0.159966000 -0.425673000
v 0.083321000 -0.155245000 -0.427099000
v 0.082350000 -0.159988000 -0.425831000
v 0.083174000 -0.155267000 -0.427257000
v 0.082188000 -0.160003000 -0.425973000
v 0.083011000 -0.155282000 -0.427399000
v 0.082011000 -0.160010000 -0.426098000
v 0.082834000 -0.155289000 -0.427524000
v 0.081822000 -0.160009000 -0.426204000
v 0.082645000 -0.155288000 -0.427630000
v 0.081624000 -0.160000000 -0.426290000
v 0.082447000 -0.155279000 -0.427716000
v 0.081418000 -0.159984000 -0.426355000
v 0.082241000 -0.155263000 -0.427782000
v 0.081207000 -0.159960000 -0.426399000
v 0.082030000 -0.155240000 -0.427826000
v 0.080994000 -0.159930000 -0.426421000
v 0.081817000 -0.155209000 -0.427847000
v 0.080780000 -0.159892000 -0.426420000
v 0.081604000 -0.155171000 -0.427846000
v 0.080570000 -0.159848000 -0.426396000
v 0.081393000 -0.155128000 -0.427823000
v 0.080364000 -0.159799000 -0.426351000
v 0.081187000 -0.155078000 -0.427777000
v 0.080165000 -0.159744000 -0.426284000
v 0.080989000 -0.155023000 -0.427710000
v 0.079977000 -0.159684000 -0.426196000
v 0.080800000 -0.154963000 -0.427622000
v 0.079800000 -0.159621000 -0.426088000
v 0.080623000 -0.154900000 -0.427514000
v 0.079637000 -0.159554000 -0.425962000
v 0.080461000 -0.154833000 -0.427388000
v 0.079490000 -0.159485000 -0.425818000
v 0.080314000 -0.154765000 -0.427245000
v 0.079361000 -0.159415000 -0.425659000
v 0.080184000 -0.154694000 -0.427086000
v 0.079251000 -0.159344000 -0.425487000
v 0.080074000 -0.154623000 -0.426913000
v 0.079161000 -0.159273000 -0.425303000
v 0.079985000 -0.154552000 -0.426730000
v 0.079093000 -0.159202000 -0.425110000
v 0.079916000 -0.154481000 -0.426537000
v 0.079047000 -0.159134000 -0.424910000
v 0.079870000 -0.154413000 -0.426336000
v 0.079024000 -0.159068000 -0.424705000
v 0.079847000 -0.154347000 -0.426131000
v 0.079024000 -0.159005000 -0.424498000
v 0.079847000 -0.154284000 -0.425924000
v 0.079047000 -0.158947000 -0.424290000
v 0.079870000 -0.154226000 -0.425717000
v 0.079093000 -0.158893000 -0.424086000
v 0.079916000 -0.154172000 -0.425512000
v 0.079161000 -0.158844000 -0.423886000
v 0.079985000 -0.154123000 -0.425312000
v 0.079251000 -0.158802000 -0.423694000
v 0.080074000 -0.154081000 -0.425120000
v 0.079361000 -0.158766000 -0.423511000
v 0.080184000 -0.154045000 -0.424937000
v 0.079490000 -0.158737000 -0.423339000
v 0.080314000 -0.154016000 -0.424766000
v 0.079637000 -0.158715000 -0.423182000
v 0.080461000 -0.153994000 -0.424608000
v 0.079800000 -0.158700000 -0.423040000
v 0.080623000 -0.153979000 -0.424466000
v 0.079977000 -0.158693000 -0.422915000
v 0.080800000 -0.153972000 -0.424341000
v 0.080165000 -0.158694000 -0.422809000
v 0.080989000 -0.153973000 -0.424235000
v 0.080364000 -0.158703000 -0.422722000
v 0.081187000 -0.153982000 -0.424149000
v 0.080570000 -0.158719000 -0.422657000
v 0.081393000 -0.153998000 -0.424083000
v 0.080780000 -0.158742000 -0.422613000
v 0.081604000 -0.154021000 -0.424040000
v 0.047291000 -0.159018000 -0.442859000
v 0.048115000 -0.154297000 -0.444286000
v 0.047505000 -0.159055000 -0.442860000
v 0.048328000 -0.154334000 -0.444286000
v 0.047716000 -0.159099000 -0.442883000
v 0.048539000 -0.154378000 -0.444310000
v 0.047921000 -0.159148000 -0.442929000
v 0.048745000 -0.154427000 -0.444355000
v 0.048120000 -0.159203000 -0.442996000
v 0.048943000 -0.154482000 -0.444422000
v 0.048308000 -0.159263000 -0.443084000
v 0.049132000 -0.154542000 -0.444510000
v 0.048485000 -0.159326000 -0.443192000
v 0.049309000 -0.154605000 -0.444618000
v 0.048648000 -0.159393000 -0.443318000
v 0.049472000 -0.154672000 -0.444745000
v 0.048795000 -0.159462000 -0.443462000
v 0.049618000 -0.154741000 -0.444888000
v 0.048924000 -0.159532000 -0.443620000
v 0.049748000 -0.154811000 -0.445047000
v 0.049034000 -0.159604000 -0.443793000
v 0.049858000 -0.154883000 -0.445219000
v 0.049124000 -0.159675000 -0.443977000
v 0.049948000 -0.154954000 -0.445403000
v 0.049192000 -0.159745000 -0.444170000
v 0.050016000 -0.155024000 -0.445596000
v 0.049238000 -0.159814000 -0.444370000
v 0.050062000 -0.155093000 -0.445796000
v 0.049261000 -0.159879000 -0.444575000
v 0.050085000 -0.155159000 -0.446001000
v 0.049261000 -0.159942000 -0.444782000
v 0.050085000 -0.155221000 -0.446209000
v 0.049238000 -0.160001000 -0.444989000
v 0.050062000 -0.155280000 -0.446416000
v 0.049192000 -0.160055000 -0.445194000
v 0.050016000 -0.155334000 -0.446620000
v 0.049124000 -0.160103000 -0.445394000
v 0.049948000 -0.155382000 -0.446820000
v 0.049034000 -0.160145000 -0.445586000
v 0.049858000 -0.155425000 -0.447013000
v 0.048924000 -0.160182000 -0.445769000
v 0.049748000 -0.155461000 -0.447196000
v 0.048795000 -0.160211000 -0.445941000
v 0.049618000 -0.155490000 -0.447367000
v 0.048648000 -0.160233000 -0.446098000
v 0.049472000 -0.155512000 -0.447524000
v 0.048485000 -0.160247000 -0.446240000
v 0.049309000 -0.155526000 -0.447667000
v 0.048308000 -0.160254000 -0.446365000
v 0.049132000 -0.155533000 -0.447791000
v 0.048120000 -0.160253000 -0.446471000
v 0.048943000 -0.155532000 -0.447898000
v 0.047921000 -0.160245000 -0.446558000
v 0.048745000 -0.155524000 -0.447984000
v 0.047716000 -0.160229000 -0.446623000
v 0.048539000 -0.155508000 -0.448049000
v 0.047505000 -0.160205000 -0.446667000
v 0.048328000 -0.155484000 -0.448093000
v 0.047291000 -0.160174000 -0.446688000
v 0.048115000 -0.155453000 -0.448115000
v 0.047078000 -0.160137000 -0.446687000
v 0.047902000 -0.155416000 -0.448114000
v 0.046867000 -0.160093000 -0.446664000
v 0.047691000 -0.155372000 -0.448090000
v 0.046662000 -0.160043000 -0.446618000
v 0.047485000 -0.155322000 -0.448045000
v 0.046463000 -0.159989000 -0.446551000
v 0.047287000 -0.155268000 -0.447978000
v 0.046274000 -0.159929000 -0.446463000
v 0.047098000 -0.155208000 -0.447890000
v 0.046098000 -0.159866000 -0.446356000
v 0.046921000 -0.155145000 -0.447782000
v 0.045935000 -0.159799000 -0.446229000
v 0.046758000 -0.155078000 -0.447655000
v 0.045788000 -0.159730000 -0.446086000
v 0.046611000 -0.155009000 -0.447512000
v 0.045659000 -0.159660000 -0.445927000
v 0.046482000 -0.154939000 -0.447353000
v 0.045549000 -0.159588000 -0.445755000
v 0.046372000 -0.154867000 -0.447181000
v 0.045459000 -0.159517000 -0.445571000
v 0.046282000 -0.154796000 -0.446997000
v 0.045391000 -0.159447000 -0.445378000
v 0.046214000 -0.154726000 -0.446804000
v 0.045345000 -0.159378000 -0.445177000
v 0.046168000 -0.154657000 -0.446604000
v 0.045322000 -0.159312000 -0.444973000
v 0.046145000 -0.154591000 -0.446399000
v 0.045322000 -0.159250000 -0.444765000
v 0.046145000 -0.154529000 -0.446192000
v 0.045345000 -0.159191000 -0.444558000
v 0.046168000 -0.154470000 -0.445984000
v 0.045391000 -0.159137000 -0.444353000
v 0.046214000 -0.154416000 -0.445780000
v 0.045459000 -0.159089000 -0.444154000
v 0.046282000 -0.154368000 -0.445580000
v 0.045549000 -0.159046000 -0.443961000
v 0.046372000 -0.154325000 -0.445387000
v 0.045659000 -0.159010000 -0.443778000
v 0.046482000 -0.154289000 -0.445204000
v 0.045788000 -0.158981000 -0.443607000
v 0.046611000 -0.154260000 -0.445033000
v 0.045935000 -0.158959000 -0.443449000
v 0.046758000 -0.154238000 -0.444876000
v 0.046098000 -0.158945000 -0.443307000
v 0.046921000 -0.154224000 -0.444734000
v 0.046274000 -0.158938000 -0.443182000
v 0.047098000 -0.154217000 -0.444609000
v 0.046463000 -0.158939000 -0.443076000
v 0.047287000 -0.154218000 -0.444502000
v 0.046662000 -0.158947000 -0.442990000
v 0.047485000 -0.154226000 -0.444416000
v 0.046867000 -0.158963000 -0.442924000
v 0.047691000 -0.154242000 -0.444351000
v 0.047078000 -0.158987000 -0.442881000
v 0.047902000 -0.154266000 -0.444307000
v 0.011330000 -0.159132000 -0.464001000
v 0.012154000 -0.154411000 -0.465427000
v 0.011544000 -0.159170000 -0.464002000
v 0.012367000 -0.154449000 -0.465428000
v 0.011754000 -0.159213000 -0.464025000
v 0.012578000 -0.154492000 -0.465451000
v 0.011960000 -0.159263000 -0.464071000
v 0.012784000 -0.154542000 -0.465497000
v 0.012159000 -0.159318000 -0.464138000
v 0.012982000 -0.154597000 -0.465564000
v 0.012347000 -0.159377000 -0.464226000
v 0.013171000 -0.154657000 -0.465652000
v 0.012524000 -0.159441000 -0.464334000
v 0.013348000 -0.154720000 -0.465760000
v 0.012687000 -0.159507000 -0.464460000
v 0.013510000 -0.154787000 -0.465886000
v 0.012834000 -0.159576000 -0.464603000
v 0.013657000 -0.154855000 -0.466030000
v 0.012963000 -0.159647000 -0.464762000
v 0.013787000 -0.154926000 -0.466188000
v 0.013073000 -0.159718000 -0.464934000
v 0.013897000 -0.154997000 -0.466361000
v 0.013163000 -0.159789000 -0.465118000
v 0.013986000 -0.155068000 -0.466545000
v 0.013231000 -0.159860000 -0.465311000
v 0.014055000 -0.155139000 -0.466738000
v 0.013277000 -0.159928000 -0.465512000
v 0.014100000 -0.155207000 -0.466938000
v 0.013300000 -0.159994000 -0.465717000
v 0.014124000 -0.155273000 -0.467143000
v 0.013300000 -0.160057000 -0.465924000
v 0.014124000 -0.155336000 -0.467350000
v 0.013277000 -0.160115000 -0.466131000
v 0.014100000 -0.155394000 -0.467557000
v 0.013231000 -0.160169000 -0.466336000
v 0.014055000 -0.155448000 -0.467762000
v 0.013163000 -0.160218000 -0.466535000
v 0.013986000 -0.155497000 -0.467962000
v 0.013073000 -0.160260000 -0.466728000
v 0.013897000 -0.155539000 -0.468154000
v 0.012963000 -0.160296000 -0.466911000
v 0.013787000 -0.155575000 -0.468337000
v 0.012834000 -0.160325000 -0.467082000
v 0.013657000 -0.155604000 -0.468508000
v 0.012687000 -0.160347000 -0.467240000
v 0.013510000 -0.155626000 -0.468666000
v 0.012524000 -0.160362000 -0.467382000
v 0.013348000 -0.155641000 -0.468808000
v 0.012347000 -0.160369000 -0.467507000
v 0.013171000 -0.155648000 -0.468933000
v 0.012159000 -0.160368000 -0.467613000
v 0.012982000 -0.155647000 -0.469039000
v 0.011960000 -0.160359000 -0.467699000
v 0.012784000 -0.155638000 -0.469126000
v 0.011754000 -0.160343000 -0.467765000
v 0.012578000 -0.155622000 -0.469191000
v 0.011544000 -0.160320000 -0.467808000
v 0.012367000 -0.155599000 -0.469235000
v 0.011330000 -0.160289000 -0.467830000
v 0.012154000 -0.155568000 -0.469256000
v 0.011117000 -0.160252000 -0.467829000
v 0.011941000 -0.155531000 -0.469255000
v 0.010906000 -0.160208000 -0.467806000
v 0.011730000 -0.155487000 -0.469232000
v 0.010700000 -0.160158000 -0.467760000
v 0.011524000 -0.155437000 -0.469186000
v 0.010502000 -0.160103000 -0.467693000
v 0.011325000 -0.155382000 -0.469119000
v 0.010313000 -0.160044000 -0.467605000
v 0.011137000 -0.155323000 -0.469031000
v 0.010136000 -0.159980000 -0.467497000
v 0.010960000 -0.155259000 -0.468923000
v 0.009974000 -0.159914000 -0.467371000
v 0.010797000 -0.155193000 -0.468797000
v 0.009827000 -0.159845000 -0.467227000
v 0.010650000 -0.155124000 -0.468654000
v 0.009698000 -0.159774000 -0.467069000
v 0.010521000 -0.155053000 -0.468495000
v 0.009587000 -0.159703000 -0.466896000
v 0.010411000 -0.154982000 -0.468323000
v 0.009498000 -0.159632000 -0.466712000
v 0.010321000 -0.154911000 -0.468139000
v 0.009430000 -0.159561000 -0.466519000
v 0.010253000 -0.154841000 -0.467946000
v 0.009384000 -0.159493000 -0.466319000
v 0.010207000 -0.154772000 -0.467745000
v 0.009361000 -0.159427000 -0.466114000
v 0.010184000 -0.154706000 -0.467540000
v 0.009361000 -0.159364000 -0.465907000
v 0.010184000 -0.154643000 -0.467333000
v 0.009384000 -0.159306000 -0.465700000
v 0.010207000 -0.154585000 -0.467126000
v 0.009430000 -0.159252000 -0.465495000
v 0.010253000 -0.154531000 -0.466921000
v 0.009498000 -0.159204000 -0.465295000
v 0.010321000 -0.154483000 -0.466722000
v 0.009587000 -0.159161000 -0.465103000
v 0.010411000 -0.154440000 -0.466529000
v 0.009698000 -0.159125000 -0.464920000
v 0.010521000 -0.154404000 -0.466346000
v 0.009827000 -0.159096000 -0.464748000
v 0.010650000 -0.154375000 -0.466175000
v 0.009974000 -0.159074000 -0.464591000
v 0.010797000 -0.154353000 -0.466017000
v 0.010136000 -0.159059000 -0.464449000
v 0.010960000 -0.154338000 -0.465875000
v 0.010313000 -0.159052000 -0.464324000
v 0.011137000 -0.154331000 -0.465750000
v 0.010502000 -0.159053000 -0.464218000
v 0.011325000 -0.154332000 -0.465644000
v 0.010700000 -0.159062000 -0.464131000
v 0.011524000 -0.154341000 -0.465558000
v 0.010906000 -0.159078000 -0.464066000
v 0.011730000 -0.154357000 -0.465492000
v 0.011117000 -0.159101000 -0.464022000
v 0.011941000 -0.154380000 -0.465449000
v 0.095983000 -0.140106000 -0.352152000
v 0.096807000 -0.135385000 -0.353579000
v 0.096197000 -0.140143000 -0.352153000
v 0.097020000 -0.135422000 -0.353579000
v 0.096407000 -0.140187000 -0.352177000
v 0.097231000 -0.135466000 -0.353603000
v 0.096613000 -0.140237000 -0.352222000
v 0.097437000 -0.135516000 -0.353648000
v 0.096812000 -0.140292000 -0.352289000
v 0.097635000 -0.135571000 -0.353716000
v 0.097000000 -0.140351000 -0.352377000
v 0.097824000 -0.135630000 -0.353804000
v 0.097177000 -0.140415000 -0.352485000
v 0.098001000 -0.135694000 -0.353911000
v 0.097340000 -0.140481000 -0.352611000
v 0.098164000 -0.135760000 -0.354038000
v 0.097487000 -0.140550000 -0.352755000
v 0.098310000 -0.135829000 -0.354181000
v 0.097616000 -0.140621000 -0.352913000
v 0.098440000 -0.135900000 -0.354340000
v 0.097726000 -0.140692000 -0.353086000
v 0.098550000 -0.135971000 -0.354512000
v 0.097816000 -0.140763000 -0.353270000
v 0.098639000 -0.136042000 -0.354696000
v 0.097884000 -0.140833000 -0.353463000
v 0.098708000 -0.136112000 -0.354889000
v 0.097930000 -0.140902000 -0.353663000
v 0.098754000 -0.136181000 -0.355089000
v 0.097953000 -0.140968000 -0.353868000
v 0.098777000 -0.136247000 -0.355294000
v 0.097953000 -0.141031000 -0.354075000
v 0.098777000 -0.136310000 -0.355502000
v 0.097930000 -0.141089000 -0.354282000
v 0.098754000 -0.136368000 -0.355709000
v 0.097884000 -0.141143000 -0.354487000
v 0.098708000 -0.136422000 -0.355913000
v 0.097816000 -0.141191000 -0.354687000
v 0.098639000 -0.136470000 -0.356113000
v 0.097726000 -0.141234000 -0.354879000
v 0.098550000 -0.136513000 -0.356306000
v 0.097616000 -0.141270000 -0.355062000
v 0.098440000 -0.136549000 -0.356489000
v 0.097487000 -0.141299000 -0.355234000
v 0.098310000 -0.136578000 -0.356660000
v 0.097340000 -0.141321000 -0.355391000
v 0.098164000 -0.136600000 -0.356818000
v 0.097177000 -0.141336000 -0.355533000
v 0.098001000 -0.136615000 -0.356960000
v 0.097000000 -0.141343000 -0.355658000
v 0.097824000 -0.136622000 -0.357084000
v 0.096812000 -0.141342000 -0.355764000
v 0.097635000 -0.136621000 -0.357191000
v 0.096613000 -0.141333000 -0.355851000
v 0.097437000 -0.136612000 -0.357277000
v 0.096407000 -0.141317000 -0.355916000
v 0.097231000 -0.136596000 -0.357342000
v 0.096197000 -0.141293000 -0.355960000
v 0.097020000 -0.136573000 -0.357386000
v 0.095983000 -0.141263000 -0.355981000
v 0.096807000 -0.136542000 -0.357408000
v 0.095770000 -0.141225000 -0.355980000
v 0.096594000 -0.136504000 -0.357407000
v 0.095559000 -0.141181000 -0.355957000
v 0.096383000 -0.136461000 -0.357383000
v 0.095354000 -0.141132000 -0.355911000
v 0.096177000 -0.136411000 -0.357338000
v 0.095155000 -0.141077000 -0.355844000
v 0.095979000 -0.136356000 -0.357271000
v 0.094966000 -0.141017000 -0.355756000
v 0.095790000 -0.136296000 -0.357183000
v 0.094790000 -0.140954000 -0.355649000
v 0.095613000 -0.136233000 -0.357075000
v 0.094627000 -0.140887000 -0.355522000
v 0.095450000 -0.136167000 -0.356949000
v 0.094480000 -0.140819000 -0.355379000
v 0.095303000 -0.136098000 -0.356805000
v 0.094351000 -0.140748000 -0.355220000
v 0.095174000 -0.136027000 -0.356646000
v 0.094241000 -0.140677000 -0.355048000
v 0.095064000 -0.135956000 -0.356474000
v 0.094151000 -0.140606000 -0.354864000
v 0.094974000 -0.135885000 -0.356290000
v 0.094083000 -0.140535000 -0.354671000
v 0.094906000 -0.135814000 -0.356097000
v 0.094037000 -0.140467000 -0.354471000
v 0.094860000 -0.135746000 -0.355897000
v 0.094014000 -0.140401000 -0.354266000
v 0.094837000 -0.135680000 -0.355692000
v 0.094014000 -0.140338000 -0.354058000
v 0.094837000 -0.135617000 -0.355485000
v 0.094037000 -0.140280000 -0.353851000
v 0.094860000 -0.135559000 -0.355277000
v 0.094083000 -0.140226000 -0.353646000
v 0.094906000 -0.135505000 -0.355073000
v 0.094151000 -0.140177000 -0.353447000
v 0.094974000 -0.135456000 -0.354873000
v 0.094241000 -0.140135000 -0.353254000
v 0.095064000 -0.135414000 -0.354680000
v 0.094351000 -0.140099000 -0.353071000
v 0.095174000 -0.135378000 -0.354498000
v 0.094480000 -0.140070000 -0.352900000
v 0.095303000 -0.135349000 -0.354326000
v 0.094627000 -0.140048000 -0.352742000
v 0.095450000 -0.135327000 -0.354169000
v 0.094790000 -0.140033000 -0.352600000
v 0.095613000 -0.135312000 -0.354027000
v 0.094966000 -0.140026000 -0.352475000
v 0.095790000 -0.135305000 -0.353902000
v 0.095155000 -0.140027000 -0.352369000
v 0.095979000 -0.135306000 -0.353796000
v 0.095354000 -0.140036000 -0.352283000
v 0.096177000 -0.135315000 -0.353709000
v 0.095559000 -0.140052000 -0.352217000
v 0.096383000 -0.135331000 -0.353644000
v 0.095770000 -0.140075000 -0.352174000
v 0.096594000 -0.135354000 -0.353600000
v 0.121839000 -0.139862000 -0.336416000
v 0.122662000 -0.135141000 -0.337843000
v 0.122052000 -0.139899000 -0.336417000
v 0.122875000 -0.135178000 -0.337843000
v 0.122263000 -0.139943000 -0.336440000
v 0.123086000 -0.135222000 -0.337867000
v 0.122469000 -0.139993000 -0.336486000
v 0.123292000 -0.135272000 -0.337912000
v 0.122667000 -0.140048000 -0.336553000
v 0.123490000 -0.135327000 -0.337979000
v 0.122856000 -0.140107000 -0.336641000
v 0.123679000 -0.135386000 -0.338067000
v 0.123032000 -0.140170000 -0.336749000
v 0.123856000 -0.135449000 -0.338175000
v 0.123195000 -0.140237000 -0.336875000
v 0.124019000 -0.135516000 -0.338302000
v 0.123342000 -0.140306000 -0.337019000
v 0.124166000 -0.135585000 -0.338445000
v 0.123471000 -0.140376000 -0.337177000
v 0.124295000 -0.135656000 -0.338604000
v 0.123582000 -0.140448000 -0.337350000
v 0.124405000 -0.135727000 -0.338776000
v 0.123671000 -0.140519000 -0.337534000
v 0.124495000 -0.135798000 -0.338960000
v 0.123739000 -0.140589000 -0.337727000
v 0.124563000 -0.135868000 -0.339153000
v 0.123785000 -0.140658000 -0.337927000
v 0.124609000 -0.135937000 -0.339353000
v 0.123808000 -0.140724000 -0.338132000
v 0.124632000 -0.136003000 -0.339558000
v 0.123808000 -0.140786000 -0.338339000
v 0.124632000 -0.136065000 -0.339766000
v 0.123785000 -0.140845000 -0.338546000
v 0.124609000 -0.136124000 -0.339973000
v 0.123739000 -0.140899000 -0.338751000
v 0.124563000 -0.136178000 -0.340177000
v 0.123671000 -0.140947000 -0.338951000
v 0.124495000 -0.136226000 -0.340377000
v 0.123582000 -0.140990000 -0.339143000
v 0.124405000 -0.136269000 -0.340570000
v 0.123471000 -0.141026000 -0.339326000
v 0.124295000 -0.136305000 -0.340753000
v 0.123342000 -0.141055000 -0.339498000
v 0.124166000 -0.136334000 -0.340924000
v 0.123195000 -0.141077000 -0.339655000
v 0.124019000 -0.136356000 -0.341081000
v 0.123032000 -0.141091000 -0.339797000
v 0.123856000 -0.136370000 -0.341224000
v 0.122856000 -0.141098000 -0.339922000
v 0.123679000 -0.136377000 -0.341348000
v 0.122667000 -0.141097000 -0.340028000
v 0.123490000 -0.136377000 -0.341455000
v 0.122469000 -0.141089000 -0.340115000
v 0.123292000 -0.136368000 -0.341541000
v 0.122263000 -0.141073000 -0.340180000
v 0.123086000 -0.136352000 -0.341606000
v 0.122052000 -0.141049000 -0.340224000
v 0.122875000 -0.136328000 -0.341650000
v 0.121839000 -0.141019000 -0.340245000
v 0.122662000 -0.136298000 -0.341672000
v 0.121625000 -0.140981000 -0.340244000
v 0.122449000 -0.136260000 -0.341671000
v 0.121415000 -0.140937000 -0.340221000
v 0.122238000 -0.136216000 -0.341647000
v 0.121209000 -0.140888000 -0.340175000
v 0.122032000 -0.136167000 -0.341602000
v 0.121010000 -0.140833000 -0.340108000
v 0.121834000 -0.136112000 -0.341535000
v 0.120822000 -0.140773000 -0.340020000
v 0.121645000 -0.136052000 -0.341447000
v 0.120645000 -0.140710000 -0.339913000
v 0.121468000 -0.135989000 -0.341339000
v 0.120482000 -0.140643000 -0.339786000
v 0.121306000 -0.135922000 -0.341213000
v 0.120335000 -0.140574000 -0.339643000
v 0.121159000 -0.135853000 -0.341069000
v 0.120206000 -0.140504000 -0.339484000
v 0.121029000 -0.135783000 -0.340910000
v 0.120096000 -0.140432000 -0.339312000
v 0.120919000 -0.135711000 -0.340738000
v 0.120006000 -0.140361000 -0.339128000
v 0.120830000 -0.135640000 -0.340554000
v 0.119938000 -0.140291000 -0.338935000
v 0.120761000 -0.135570000 -0.340361000
v 0.119892000 -0.140223000 -0.338734000
v 0.120715000 -0.135502000 -0.340161000
v 0.119869000 -0.140157000 -0.338529000
v 0.120692000 -0.135436000 -0.339956000
v 0.119869000 -0.140094000 -0.338322000
v 0.120692000 -0.135373000 -0.339749000
v 0.119892000 -0.140035000 -0.338115000
v 0.120715000 -0.135314000 -0.339541000
v 0.119938000 -0.139982000 -0.337910000
v 0.120761000 -0.135261000 -0.339337000
v 0.120006000 -0.139933000 -0.337711000
v 0.120830000 -0.135212000 -0.339137000
v 0.120096000 -0.139891000 -0.337518000
v 0.120919000 -0.135170000 -0.338944000
v 0.120206000 -0.139854000 -0.337335000
v 0.121029000 -0.135134000 -0.338762000
v 0.120335000 -0.139825000 -0.337164000
v 0.121159000 -0.135104000 -0.338590000
v 0.120482000 -0.139803000 -0.337006000
v 0.121306000 -0.135082000 -0.338433000
v 0.120645000 -0.139789000 -0.336864000
v 0.121468000 -0.135068000 -0.338291000
v 0.120822000 -0.139782000 -0.336739000
v 0.121645000 -0.135061000 -0.338166000
v 0.121010000 -0.139783000 -0.336633000
v 0.121834000 -0.135062000 -0.338059000
v 0.121209000 -0.139791000 -0.336547000
v 0.122032000 -0.135070000 -0.337973000
v 0.121415000 -0.139807000 -0.336481000
v 0.122238000 -0.135086000 -0.337908000
v 0.121625000 -0.139831000 -0.336438000
v 0.122449000 -0.135110000 -0.337864000
v 0.162696000 -0.158979000 -0.376102000
v 0.163520000 -0.154258000 -0.377528000
v 0.162910000 -0.159016000 -0.376103000
v 0.163733000 -0.154295000 -0.377529000
v 0.163121000 -0.159060000 -0.376126000
v 0.163944000 -0.154339000 -0.377553000
v 0.163326000 -0.159110000 -0.376172000
v 0.164150000 -0.154389000 -0.377598000
v 0.163525000 -0.159165000 -0.376239000
v 0.164348000 -0.154444000 -0.377665000
v 0.163713000 -0.159224000 -0.376327000
v 0.164537000 -0.154503000 -0.377753000
v 0.163890000 -0.159288000 -0.376435000
v 0.164714000 -0.154567000 -0.377861000
v 0.164053000 -0.159354000 -0.376561000
v 0.164877000 -0.154633000 -0.377987000
v 0.164200000 -0.159423000 -0.376705000
v 0.165023000 -0.154702000 -0.378131000
v 0.164329000 -0.159494000 -0.376863000
v 0.165153000 -0.154773000 -0.378290000
v 0.164439000 -0.159565000 -0.377036000
v 0.165263000 -0.154844000 -0.378462000
v 0.164529000 -0.159636000 -0.377219000
v 0.165353000 -0.154915000 -0.378646000
v 0.164597000 -0.159706000 -0.377413000
v 0.165421000 -0.154985000 -0.378839000
v 0.164643000 -0.159775000 -0.377613000
v 0.165467000 -0.155054000 -0.379039000
v 0.164666000 -0.159841000 -0.377818000
v 0.165490000 -0.155120000 -0.379244000
v 0.164666000 -0.159903000 -0.378025000
v 0.165490000 -0.155182000 -0.379451000
v 0.164643000 -0.159962000 -0.378232000
v 0.165467000 -0.155241000 -0.379659000
v 0.164597000 -0.160016000 -0.378437000
v 0.165421000 -0.155295000 -0.379863000
v 0.164529000 -0.160064000 -0.378637000
v 0.165353000 -0.155343000 -0.380063000
v 0.164439000 -0.160107000 -0.378829000
v 0.165263000 -0.155386000 -0.380256000
v 0.164329000 -0.160143000 -0.379012000
v 0.165153000 -0.155422000 -0.380438000
v 0.164200000 -0.160172000 -0.379183000
v 0.165023000 -0.155451000 -0.380610000
v 0.164053000 -0.160194000 -0.379341000
v 0.164877000 -0.155473000 -0.380767000
v 0.163890000 -0.160209000 -0.379483000
v 0.164714000 -0.155488000 -0.380909000
v 0.163713000 -0.160215000 -0.379608000
v 0.164537000 -0.155494000 -0.381034000
v 0.163525000 -0.160215000 -0.379714000
v 0.164348000 -0.155494000 -0.381140000
v 0.163326000 -0.160206000 -0.379800000
v 0.164150000 -0.155485000 -0.381227000
v 0.163121000 -0.160190000 -0.379866000
v 0.163944000 -0.155469000 -0.381292000
v 0.162910000 -0.160166000 -0.379910000
v 0.163733000 -0.155445000 -0.381336000
v 0.162696000 -0.160136000 -0.379931000
v 0.163520000 -0.155415000 -0.381357000
v 0.162483000 -0.160098000 -0.379930000
v 0.163307000 -0.155377000 -0.381357000
v 0.162272000 -0.160054000 -0.379907000
v 0.163096000 -0.155333000 -0.381333000
v 0.162067000 -0.160005000 -0.379861000
v 0.162890000 -0.155284000 -0.381288000
v 0.161868000 -0.159950000 -0.379794000
v 0.162692000 -0.155229000 -0.381220000
v 0.161679000 -0.159890000 -0.379706000
v 0.162503000 -0.155169000 -0.381132000
v 0.161503000 -0.159827000 -0.379598000
v 0.162326000 -0.155106000 -0.381025000
v 0.161340000 -0.159760000 -0.379472000
v 0.162163000 -0.155039000 -0.380898000
v 0.161193000 -0.159691000 -0.379329000
v 0.162016000 -0.154970000 -0.380755000
v 0.161064000 -0.159621000 -0.379170000
v 0.161887000 -0.154900000 -0.380596000
v 0.160954000 -0.159550000 -0.378998000
v 0.161777000 -0.154829000 -0.380424000
v 0.160864000 -0.159478000 -0.378814000
v 0.161687000 -0.154757000 -0.380240000
v 0.160796000 -0.159408000 -0.378621000
v 0.161619000 -0.154687000 -0.380047000
v 0.160750000 -0.159340000 -0.378420000
v 0.161573000 -0.154619000 -0.379847000
v 0.160727000 -0.159274000 -0.378215000
v 0.161550000 -0.154553000 -0.379642000
v 0.160727000 -0.159211000 -0.378008000
v 0.161550000 -0.154490000 -0.379434000
v 0.160750000 -0.159152000 -0.377801000
v 0.161573000 -0.154432000 -0.379227000
v 0.160796000 -0.159099000 -0.377596000
v 0.161619000 -0.154378000 -0.379023000
v 0.160864000 -0.159050000 -0.377396000
v 0.161687000 -0.154329000 -0.378823000
v 0.160954000 -0.159008000 -0.377204000
v 0.161777000 -0.154287000 -0.378630000
v 0.161064000 -0.158972000 -0.377021000
v 0.161887000 -0.154251000 -0.378447000
v 0.161193000 -0.158942000 -0.376850000
v 0.162016000 -0.154221000 -0.378276000
v 0.161340000 -0.158920000 -0.376692000
v 0.162163000 -0.154199000 -0.378118000
v 0.161503000 -0.158906000 -0.376550000
v 0.162326000 -0.154185000 -0.377976000
v 0.161679000 -0.158899000 -0.376425000
v 0.162503000 -0.154178000 -0.377852000
v 0.161868000 -0.158900000 -0.376319000
v 0.162692000 -0.154179000 -0.377745000
v 0.162067000 -0.158908000 -0.376233000
v 0.162890000 -0.154187000 -0.377659000
v 0.162272000 -0.158925000 -0.376167000
v 0.163096000 -0.154204000 -0.377594000
v 0.162483000 -0.158948000 -0.376124000
v 0.163307000 -0.154227000 -0.377550000
v 0.128649000 -0.158873000 -0.395408000
v 0.129472000 -0.154152000 -0.396834000
v 0.128862000 -0.158910000 -0.395408000
v 0.129686000 -0.154189000 -0.396835000
v 0.129073000 -0.158954000 -0.395432000
v 0.129897000 -0.154233000 -0.396858000
v 0.129279000 -0.159003000 -0.395477000
v 0.130102000 -0.154283000 -0.396904000
v 0.129477000 -0.159058000 -0.395544000
v 0.130301000 -0.154337000 -0.396971000
v 0.129666000 -0.159118000 -0.395632000
v 0.130489000 -0.154397000 -0.397059000
v 0.129843000 -0.159181000 -0.395740000
v 0.130666000 -0.154460000 -0.397167000
v 0.130006000 -0.159248000 -0.395867000
v 0.130829000 -0.154527000 -0.397293000
v 0.130152000 -0.159317000 -0.396010000
v 0.130976000 -0.154596000 -0.397436000
v 0.130282000 -0.159387000 -0.396169000
v 0.131105000 -0.154666000 -0.397595000
v 0.130392000 -0.159459000 -0.396341000
v 0.131215000 -0.154738000 -0.397767000
v 0.130482000 -0.159530000 -0.396525000
v 0.131305000 -0.154809000 -0.397951000
v 0.130550000 -0.159600000 -0.396718000
v 0.131373000 -0.154879000 -0.398144000
v 0.130596000 -0.159669000 -0.396918000
v 0.131419000 -0.154948000 -0.398345000
v 0.130619000 -0.159735000 -0.397123000
v 0.131442000 -0.155014000 -0.398550000
v 0.130619000 -0.159797000 -0.397331000
v 0.131442000 -0.155076000 -0.398757000
v 0.130596000 -0.159856000 -0.397538000
v 0.131419000 -0.155135000 -0.398964000
v 0.130550000 -0.159910000 -0.397742000
v 0.131373000 -0.155189000 -0.399169000
v 0.130482000 -0.159958000 -0.397942000
v 0.131305000 -0.155237000 -0.399369000
v 0.130392000 -0.160000000 -0.398135000
v 0.131215000 -0.155280000 -0.399561000
v 0.130282000 -0.160037000 -0.398318000
v 0.131105000 -0.155316000 -0.399744000
v 0.130152000 -0.160066000 -0.398489000
v 0.130976000 -0.155345000 -0.399915000
v 0.130006000 -0.160088000 -0.398647000
v 0.130829000 -0.155367000 -0.400073000
v 0.129843000 -0.160102000 -0.398789000
v 0.130666000 -0.155381000 -0.400215000
v 0.129666000 -0.160109000 -0.398913000
v 0.130489000 -0.155388000 -0.400340000
v 0.129477000 -0.160108000 -0.399020000
v 0.130301000 -0.155387000 -0.400446000
v 0.129279000 -0.160100000 -0.399106000
v 0.130102000 -0.155379000 -0.400532000
v 0.129073000 -0.160084000 -0.399171000
v 0.129897000 -0.155363000 -0.400598000
v 0.128862000 -0.160060000 -0.399215000
v 0.129686000 -0.155339000 -0.400641000
v 0.128649000 -0.160029000 -0.399237000
v 0.129472000 -0.155308000 -0.400663000
v 0.128436000 -0.159992000 -0.399236000
v 0.129259000 -0.155271000 -0.400662000
v 0.128225000 -0.159948000 -0.399212000
v 0.129048000 -0.155227000 -0.400639000
v 0.128019000 -0.159898000 -0.399167000
v 0.128843000 -0.155177000 -0.400593000
v 0.127821000 -0.159844000 -0.399100000
v 0.128644000 -0.155123000 -0.400526000
v 0.127632000 -0.159784000 -0.399012000
v 0.128455000 -0.155063000 -0.400438000
v 0.127455000 -0.159721000 -0.398904000
v 0.128279000 -0.155000000 -0.400330000
v 0.127292000 -0.159654000 -0.398778000
v 0.128116000 -0.154933000 -0.400204000
v 0.127145000 -0.159585000 -0.398634000
v 0.127969000 -0.154864000 -0.400060000
v 0.127016000 -0.159515000 -0.398475000
v 0.127840000 -0.154794000 -0.399902000
v 0.126906000 -0.159443000 -0.398303000
v 0.127730000 -0.154722000 -0.399729000
v 0.126816000 -0.159372000 -0.398119000
v 0.127640000 -0.154651000 -0.399546000
v 0.126748000 -0.159302000 -0.397926000
v 0.127572000 -0.154581000 -0.399352000
v 0.126702000 -0.159233000 -0.397726000
v 0.127526000 -0.154512000 -0.399152000
v 0.126679000 -0.159167000 -0.397521000
v 0.127503000 -0.154446000 -0.398947000
v 0.126679000 -0.159105000 -0.397314000
v 0.127503000 -0.154384000 -0.398740000
v 0.126702000 -0.159046000 -0.397106000
v 0.127526000 -0.154325000 -0.398533000
v 0.126748000 -0.158992000 -0.396902000
v 0.127572000 -0.154271000 -0.398328000
v 0.126816000 -0.158944000 -0.396702000
v 0.127640000 -0.154223000 -0.398128000
v 0.126906000 -0.158901000 -0.396509000
v 0.127730000 -0.154180000 -0.397936000
v 0.127016000 -0.158865000 -0.396327000
v 0.127840000 -0.154144000 -0.397753000
v 0.127145000 -0.158836000 -0.396155000
v 0.127969000 -0.154115000 -0.397582000
v 0.127292000 -0.158814000 -0.395998000
v 0.128116000 -0.154093000 -0.397424000
v 0.127455000 -0.158800000 -0.395856000
v 0.128279000 -0.154079000 -0.397282000
v 0.127632000 -0.158793000 -0.395731000
v 0.128455000 -0.154072000 -0.397157000
v 0.127821000 -0.158794000 -0.395625000
v 0.128644000 -0.154073000 -0.397051000
v 0.128019000 -0.158802000 -0.395538000
v 0.128843000 -0.154081000 -0.396965000
v 0.128225000 -0.158818000 -0.395473000
v 0.129048000 -0.154097000 -0.396899000
v 0.128436000 -0.158842000 -0.395429000
v 0.129259000 -0.154121000 -0.396855000
v 0.199292000 -0.158896000 -0.354700000
v 0.200116000 -0.154175000 -0.356126000
v 0.199505000 -0.158934000 -0.354701000
v 0.200329000 -0.154213000 -0.356127000
v 0.199716000 -0.158977000 -0.354724000
v 0.200540000 -0.154257000 -0.356151000
v 0.199922000 -0.159027000 -0.354770000
v 0.200745000 -0.154306000 -0.356196000
v 0.200120000 -0.159082000 -0.354837000
v 0.200944000 -0.154361000 -0.356263000
v 0.200309000 -0.159142000 -0.354925000
v 0.201133000 -0.154421000 -0.356351000
v 0.200486000 -0.159205000 -0.355033000
v 0.201309000 -0.154484000 -0.356459000
v 0.200649000 -0.159272000 -0.355159000
v 0.201472000 -0.154551000 -0.356585000
v 0.200796000 -0.159340000 -0.355303000
v 0.201619000 -0.154620000 -0.356729000
v 0.200925000 -0.159411000 -0.355461000
v 0.201748000 -0.154690000 -0.356888000
v 0.201035000 -0.159482000 -0.355634000
v 0.201858000 -0.154761000 -0.357060000
v 0.201125000 -0.159553000 -0.355817000
v 0.201948000 -0.154832000 -0.357244000
v 0.201193000 -0.159624000 -0.356011000
v 0.202016000 -0.154903000 -0.357437000
v 0.201239000 -0.159692000 -0.356211000
v 0.202062000 -0.154971000 -0.357637000
v 0.201262000 -0.159758000 -0.356416000
v 0.202085000 -0.155037000 -0.357842000
v 0.201262000 -0.159821000 -0.356623000
v 0.202085000 -0.155100000 -0.358049000
v 0.201239000 -0.159879000 -0.356830000
v 0.202062000 -0.155158000 -0.358257000
v 0.201193000 -0.159933000 -0.357035000
v 0.202016000 -0.155212000 -0.358461000
v 0.201125000 -0.159982000 -0.357235000
v 0.201948000 -0.155261000 -0.358661000
v 0.201035000 -0.160024000 -0.357427000
v 0.201858000 -0.155303000 -0.358854000
v 0.200925000 -0.160060000 -0.357610000
v 0.201748000 -0.155339000 -0.359036000
v 0.200796000 -0.160089000 -0.357781000
v 0.201619000 -0.155368000 -0.359208000
v 0.200649000 -0.160111000 -0.357939000
v 0.201472000 -0.155390000 -0.359365000
v 0.200486000 -0.160126000 -0.358081000
v 0.201309000 -0.155405000 -0.359507000
v 0.200309000 -0.160133000 -0.358206000
v 0.201133000 -0.155412000 -0.359632000
v 0.200120000 -0.160132000 -0.358312000
v 0.200944000 -0.155411000 -0.359738000
v 0.199922000 -0.160123000 -0.358398000
v 0.200745000 -0.155402000 -0.359825000
v 0.199716000 -0.160107000 -0.358464000
v 0.200540000 -0.155386000 -0.359890000
v 0.199505000 -0.160084000 -0.358508000
v 0.200329000 -0.155363000 -0.359934000
v 0.199292000 -0.160053000 -0.358529000
v 0.200116000 -0.155332000 -0.359955000
v 0.199079000 -0.160016000 -0.358528000
v 0.199902000 -0.155295000 -0.359955000
v 0.198868000 -0.159972000 -0.358505000
v 0.199691000 -0.155251000 -0.359931000
v 0.198662000 -0.159922000 -0.358459000
v 0.199486000 -0.155201000 -0.359886000
v 0.198464000 -0.159867000 -0.358392000
v 0.199287000 -0.155146000 -0.359818000
v 0.198275000 -0.159808000 -0.358304000
v 0.199098000 -0.155087000 -0.359731000
v 0.198098000 -0.159744000 -0.358196000
v 0.198922000 -0.155023000 -0.359623000
v 0.197935000 -0.159678000 -0.358070000
v 0.198759000 -0.154957000 -0.359496000
v 0.197789000 -0.159609000 -0.357927000
v 0.198612000 -0.154888000 -0.359353000
v 0.197659000 -0.159538000 -0.357768000
v 0.198483000 -0.154817000 -0.359194000
v 0.197549000 -0.159467000 -0.357596000
v 0.198373000 -0.154746000 -0.359022000
v 0.197459000 -0.159396000 -0.357412000
v 0.198283000 -0.154675000 -0.358838000
v 0.197391000 -0.159326000 -0.357219000
v 0.198215000 -0.154605000 -0.358645000
v 0.197345000 -0.159257000 -0.357018000
v 0.198169000 -0.154536000 -0.358445000
v 0.197322000 -0.159191000 -0.356813000
v 0.198146000 -0.154470000 -0.358240000
v 0.197322000 -0.159128000 -0.356606000
v 0.198146000 -0.154407000 -0.358032000
v 0.197345000 -0.159070000 -0.356399000
v 0.198169000 -0.154349000 -0.357825000
v 0.197391000 -0.159016000 -0.356194000
v 0.198215000 -0.154295000 -0.357621000
v 0.197459000 -0.158968000 -0.355994000
v 0.198283000 -0.154247000 -0.357421000
v 0.197549000 -0.158925000 -0.355802000
v 0.198373000 -0.154204000 -0.357228000
v 0.197659000 -0.158889000 -0.355619000
v 0.198483000 -0.154168000 -0.357045000
v 0.197789000 -0.158860000 -0.355448000
v 0.198612000 -0.154139000 -0.356874000
v 0.197935000 -0.158838000 -0.355290000
v 0.198759000 -0.154117000 -0.356717000
v 0.198098000 -0.158823000 -0.355148000
v 0.198922000 -0.154102000 -0.356574000
v 0.198275000 -0.158816000 -0.355023000
v 0.199098000 -0.154095000 -0.356450000
v 0.198464000 -0.158817000 -0.354917000
v 0.199287000 -0.154096000 -0.356343000
v 0.198662000 -0.158826000 -0.354831000
v 0.199486000 -0.154105000 -0.356257000
v 0.198868000 -0.158842000 -0.354765000
v 0.199691000 -0.154121000 -0.356192000
v 0.199079000 -0.158865000 -0.354722000
v 0.199902000 -0.154145000 -0.356148000
v 0.213506000 -0.160506000 -0.217576000
v 0.215164000 -0.155789000 -0.217576000
v 0.213495000 -0.160502000 -0.217792000
v 0.215153000 -0.155785000 -0.217792000
v 0.213462000 -0.160491000 -0.218006000
v 0.215120000 -0.155774000 -0.218006000
v 0.213408000 -0.160472000 -0.218215000
v 0.215065000 -0.155754000 -0.218215000
v 0.213332000 -0.160445000 -0.218416000
v 0.214990000 -0.155728000 -0.218416000
v 0.213236000 -0.160411000 -0.218607000
v 0.214894000 -0.155694000 -0.218607000
v 0.213122000 -0.160371000 -0.218786000
v 0.214779000 -0.155654000 -0.218786000
v 0.212989000 -0.160325000 -0.218952000
v 0.214647000 -0.155607000 -0.218952000
v 0.212841000 -0.160273000 -0.219100000
v 0.214499000 -0.155555000 -0.219100000
v 0.212678000 -0.160215000 -0.219232000
v 0.214336000 -0.155498000 -0.219232000
v 0.212503000 -0.160154000 -0.219343000
v 0.214161000 -0.155437000 -0.219343000
v 0.212318000 -0.160089000 -0.219434000
v 0.213976000 -0.155372000 -0.219434000
v 0.212124000 -0.160021000 -0.219503000
v 0.213782000 -0.155303000 -0.219503000
v 0.211925000 -0.159951000 -0.219550000
v 0.213583000 -0.155233000 -0.219550000
v 0.211722000 -0.159879000 -0.219573000
v 0.213379000 -0.155162000 -0.219573000
v 0.211517000 -0.159807000 -0.219573000
v 0.213175000 -0.155090000 -0.219573000
v 0.211314000 -0.159736000 -0.219550000
v 0.212972000 -0.155019000 -0.219550000
v 0.211115000 -0.159666000 -0.219503000
v 0.212772000 -0.154949000 -0.219503000
v 0.210921000 -0.159598000 -0.219434000
v 0.212579000 -0.154881000 -0.219434000
v 0.210736000 -0.159533000 -0.219343000
v 0.212393000 -0.154815000 -0.219343000
v 0.210561000 -0.159471000 -0.219232000
v 0.212218000 -0.154754000 -0.219232000
v 0.210398000 -0.159414000 -0.219100000
v 0.212056000 -0.154697000 -0.219100000
v 0.210250000 -0.159362000 -0.218952000
v 0.211907000 -0.154645000 -0.218952000
v 0.210117000 -0.159315000 -0.218786000
v 0.211775000 -0.154598000 -0.218786000
v 0.210003000 -0.159275000 -0.218607000
v 0.211660000 -0.154558000 -0.218607000
v 0.209907000 -0.159241000 -0.218416000
v 0.211565000 -0.154524000 -0.218416000
v 0.209831000 -0.159215000 -0.218215000
v 0.211489000 -0.154498000 -0.218215000
v 0.209777000 -0.159196000 -0.218006000
v 0.211434000 -0.154478000 -0.218006000
v 0.209744000 -0.159184000 -0.217792000
v 0.211401000 -0.154467000 -0.217792000
v 0.209733000 -0.159180000 -0.217576000
v 0.211390000 -0.154463000 -0.217576000
v 0.209744000 -0.159184000 -0.217360000
v 0.211401000 -0.154467000 -0.217360000
v 0.209777000 -0.159196000 -0.217146000
v 0.211434000 -0.154478000 -0.217146000
v 0.209831000 -0.159215000 -0.216938000
v 0.211489000 -0.154498000 -0.216938000
v 0.209907000 -0.159241000 -0.216736000
v 0.211565000 -0.154524000 -0.216736000
v 0.210003000 -0.159275000 -0.216545000
v 0.211660000 -0.154558000 -0.216545000
v 0.210117000 -0.159315000 -0.216366000
v 0.211775000 -0.154598000 -0.216366000
v 0.210250000 -0.159362000 -0.216201000
v 0.211907000 -0.154645000 -0.216201000
v 0.210398000 -0.159414000 -0.216052000
v 0.212056000 -0.154697000 -0.216052000
v 0.210561000 -0.159471000 -0.215921000
v 0.212218000 -0.154754000 -0.215921000
v 0.210736000 -0.159533000 -0.215809000
v 0.212393000 -0.154815000 -0.215809000
v 0.210921000 -0.159598000 -0.215718000
v 0.212579000 -0.154881000 -0.215718000
v 0.211115000 -0.159666000 -0.215649000
v 0.212772000 -0.154949000 -0.215649000
v 0.211314000 -0.159736000 -0.215602000
v 0.212972000 -0.155019000 -0.215602000
v 0.211517000 -0.159807000 -0.215579000
v 0.213175000 -0.155090000 -0.215579000
v 0.211722000 -0.159879000 -0.215579000
v 0.213379000 -0.155162000 -0.215579000
v 0.211925000 -0.159951000 -0.215602000
v 0.213583000 -0.155233000 -0.215602000
v 0.212124000 -0.160021000 -0.215649000
v 0.213782000 -0.155303000 -0.215649000
v 0.212318000 -0.160089000 -0.215718000
v 0.213976000 -0.155372000 -0.215718000
v 0.212503000 -0.160154000 -0.215809000
v 0.214161000 -0.155437000 -0.215809000
v 0.212678000 -0.160215000 -0.215921000
v 0.214336000 -0.155498000 -0.215921000
v 0.212841000 -0.160273000 -0.216052000
v 0.214499000 -0.155555000 -0.216052000
v 0.212989000 -0.160325000 -0.216201000
v 0.214647000 -0.155607000 -0.216201000
v 0.213122000 -0.160371000 -0.216366000
v 0.214779000 -0.155654000 -0.216366000
v 0.213236000 -0.160411000 -0.216545000
v 0.214894000 -0.155694000 -0.216545000
v 0.213332000 -0.160445000 -0.216736000
v 0.214990000 -0.155728000 -0.216736000
v 0.213408000 -0.160472000 -0.216938000
v 0.215065000 -0.155754000 -0.216938000
v 0.213462000 -0.160491000 -0.217146000
v 0.215120000 -0.155774000 -0.217146000
v 0.213495000 -0.160502000 -0.217360000
v 0.215153000 -0.155785000 -0.217360000
v 0.155093000 -0.139978000 -0.309881000
v 0.156751000 -0.135261000 -0.309881000
v 0.155082000 -0.139974000 -0.310097000
v 0.156740000 -0.135257000 -0.310097000
v 0.155049000 -0.139963000 -0.310311000
v 0.156707000 -0.135245000 -0.310311000
v 0.154994000 -0.139943000 -0.310520000
v 0.156652000 -0.135226000 -0.310520000
v 0.154919000 -0.139917000 -0.310721000
v 0.156576000 -0.135200000 -0.310721000
v 0.154823000 -0.139883000 -0.310912000
v 0.156481000 -0.135166000 -0.310912000
v 0.154708000 -0.139843000 -0.311091000
v 0.156366000 -0.135126000 -0.311091000
v 0.154576000 -0.139796000 -0.311256000
v 0.156234000 -0.135079000 -0.311256000
v 0.154428000 -0.139744000 -0.311405000
v 0.156085000 -0.135027000 -0.311405000
v 0.154265000 -0.139687000 -0.311536000
v 0.155923000 -0.134970000 -0.311536000
v 0.154090000 -0.139626000 -0.311648000
v 0.155748000 -0.134908000 -0.311648000
v 0.153905000 -0.139560000 -0.311739000
v 0.155562000 -0.134843000 -0.311739000
v 0.153711000 -0.139492000 -0.311808000
v 0.155369000 -0.134775000 -0.311808000
v 0.153511000 -0.139422000 -0.311855000
v 0.155169000 -0.134705000 -0.311855000
v 0.153308000 -0.139351000 -0.311878000
v 0.154966000 -0.134634000 -0.311878000
v 0.153104000 -0.139279000 -0.311878000
v 0.154762000 -0.134562000 -0.311878000
v 0.152901000 -0.139208000 -0.311855000
v 0.154559000 -0.134491000 -0.311855000
v 0.152701000 -0.139138000 -0.311808000
v 0.154359000 -0.134420000 -0.311808000
v 0.152508000 -0.139070000 -0.311739000
v 0.154165000 -0.134352000 -0.311739000
v 0.152322000 -0.139004000 -0.311648000
v 0.153980000 -0.134287000 -0.311648000
v 0.152147000 -0.138943000 -0.311536000
v 0.153805000 -0.134226000 -0.311536000
v 0.151985000 -0.138886000 -0.311405000
v 0.153642000 -0.134169000 -0.311405000
v 0.151836000 -0.138834000 -0.311256000
v 0.153494000 -0.134116000 -0.311256000
v 0.151704000 -0.138787000 -0.311091000
v 0.153362000 -0.134070000 -0.311091000
v 0.151589000 -0.138747000 -0.310912000
v 0.153247000 -0.134030000 -0.310912000
v 0.151494000 -0.138713000 -0.310721000
v 0.153151000 -0.133996000 -0.310721000
v 0.151418000 -0.138687000 -0.310520000
v 0.153076000 -0.133969000 -0.310520000
v 0.151363000 -0.138667000 -0.310311000
v 0.153021000 -0.133950000 -0.310311000
v 0.151330000 -0.138656000 -0.310097000
v 0.152988000 -0.133939000 -0.310097000
v 0.151319000 -0.138652000 -0.309881000
v 0.152977000 -0.133935000 -0.309881000
v 0.151330000 -0.138656000 -0.309665000
v 0.152988000 -0.133939000 -0.309665000
v 0.151363000 -0.138667000 -0.309451000
v 0.153021000 -0.133950000 -0.309451000
v 0.151418000 -0.138687000 -0.309242000
v 0.153076000 -0.133969000 -0.309242000
v 0.151494000 -0.138713000 -0.309041000
v 0.153151000 -0.133996000 -0.309041000
v 0.151589000 -0.138747000 -0.308850000
v 0.153247000 -0.134030000 -0.308850000
v 0.151704000 -0.138787000 -0.308671000
v 0.153362000 -0.134070000 -0.308671000
v 0.151836000 -0.138834000 -0.308506000
v 0.153494000 -0.134116000 -0.308506000
v 0.151985000 -0.138886000 -0.308357000
v 0.153642000 -0.134169000 -0.308357000
v 0.152147000 -0.138943000 -0.308226000
v 0.153805000 -0.134226000 -0.308226000
v 0.152322000 -0.139004000 -0.308114000
v 0.153980000 -0.134287000 -0.308114000
v 0.152508000 -0.139070000 -0.308023000
v 0.154165000 -0.134352000 -0.308023000
v 0.152701000 -0.139138000 -0.307954000
v 0.154359000 -0.134420000 -0.307954000
v 0.152901000 -0.139208000 -0.307907000
v 0.154559000 -0.134491000 -0.307907000
v 0.153104000 -0.139279000 -0.307884000
v 0.154762000 -0.134562000 -0.307884000
v 0.153308000 -0.139351000 -0.307884000
v 0.154966000 -0.134634000 -0.307884000
v 0.153511000 -0.139422000 -0.307907000
v 0.155169000 -0.134705000 -0.307907000
v 0.153711000 -0.139492000 -0.307954000
v 0.155369000 -0.134775000 -0.307954000
v 0.153905000 -0.139560000 -0.308023000
v 0.155562000 -0.134843000 -0.308023000
v 0.154090000 -0.139626000 -0.308114000
v 0.155748000 -0.134908000 -0.308114000
v 0.154265000 -0.139687000 -0.308226000
v 0.155923000 -0.134970000 -0.308226000
v 0.154428000 -0.139744000 -0.308357000
v 0.156085000 -0.135027000 -0.308357000
v 0.154576000 -0.139796000 -0.308506000
v 0.156234000 -0.135079000 -0.308506000
v 0.154708000 -0.139843000 -0.308671000
v 0.156366000 -0.135126000 -0.308671000
v 0.154823000 -0.139883000 -0.308850000
v 0.156481000 -0.135166000 -0.308850000
v 0.154919000 -0.139917000 -0.309041000
v 0.156576000 -0.135200000 -0.309041000
v 0.154994000 -0.139943000 -0.309242000
v 0.156652000 -0.135226000 -0.309242000
v 0.155049000 -0.139963000 -0.309451000
v 0.156707000 -0.135245000 -0.309451000
v 0.155082000 -0.139974000 -0.309665000
v 0.156740000 -0.135257000 -0.309665000
v 0.155093000 -0.139978000 -0.279113000
v 0.156751000 -0.135261000 -0.279113000
v 0.155082000 -0.139974000 -0.279329000
v 0.156740000 -0.135257000 -0.279329000
v 0.155049000 -0.139963000 -0.279543000
v 0.156707000 -0.135245000 -0.279543000
v 0.154994000 -0.139943000 -0.279751000
v 0.156652000 -0.135226000 -0.279751000
v 0.154919000 -0.139917000 -0.279952000
v 0.156576000 -0.135200000 -0.279952000
v 0.154823000 -0.139883000 -0.280144000
v 0.156481000 -0.135166000 -0.280144000
v 0.154708000 -0.139843000 -0.280323000
v 0.156366000 -0.135126000 -0.280323000
v 0.154576000 -0.139796000 -0.280488000
v 0.156234000 -0.135079000 -0.280488000
v 0.154428000 -0.139744000 -0.280637000
v 0.156085000 -0.135027000 -0.280637000
v 0.154265000 -0.139687000 -0.280768000
v 0.155923000 -0.134970000 -0.280768000
v 0.154090000 -0.139626000 -0.280880000
v 0.155748000 -0.134908000 -0.280880000
v 0.153905000 -0.139560000 -0.280971000
v 0.155562000 -0.134843000 -0.280971000
v 0.153711000 -0.139492000 -0.281040000
v 0.155369000 -0.134775000 -0.281040000
v 0.153511000 -0.139422000 -0.281086000
v 0.155169000 -0.134705000 -0.281086000
v 0.153308000 -0.139351000 -0.281110000
v 0.154966000 -0.134634000 -0.281110000
v 0.153104000 -0.139279000 -0.281110000
v 0.154762000 -0.134562000 -0.281110000
v 0.152901000 -0.139208000 -0.281086000
v 0.154559000 -0.134491000 -0.281086000
v 0.152701000 -0.139138000 -0.281040000
v 0.154359000 -0.134420000 -0.281040000
v 0.152508000 -0.139070000 -0.280971000
v 0.154165000 -0.134352000 -0.280971000
v 0.152322000 -0.139004000 -0.280880000
v 0.153980000 -0.134287000 -0.280880000
v 0.152147000 -0.138943000 -0.280768000
v 0.153805000 -0.134226000 -0.280768000
v 0.151985000 -0.138886000 -0.280637000
v 0.153642000 -0.134169000 -0.280637000
v 0.151836000 -0.138834000 -0.280488000
v 0.153494000 -0.134116000 -0.280488000
v 0.151704000 -0.138787000 -0.280323000
v 0.153362000 -0.134070000 -0.280323000
v 0.151589000 -0.138747000 -0.280144000
v 0.153247000 -0.134030000 -0.280144000
v 0.151494000 -0.138713000 -0.279952000
v 0.153151000 -0.133996000 -0.279952000
v 0.151418000 -0.138687000 -0.279751000
v 0.153076000 -0.133969000 -0.279751000
v 0.151363000 -0.138667000 -0.279543000
v 0.153021000 -0.133950000 -0.279543000
v 0.151330000 -0.138656000 -0.279329000
v 0.152988000 -0.133939000 -0.279329000
v 0.151319000 -0.138652000 -0.279113000
v 0.152977000 -0.133935000 -0.279113000
v 0.151330000 -0.138656000 -0.278896000
v 0.152988000 -0.133939000 -0.278896000
v 0.151363000 -0.138667000 -0.278683000
v 0.153021000 -0.133950000 -0.278683000
v 0.151418000 -0.138687000 -0.278474000
v 0.153076000 -0.133969000 -0.278474000
v 0.151494000 -0.138713000 -0.278273000
v 0.153151000 -0.133996000 -0.278273000
v 0.151589000 -0.138747000 -0.278082000
v 0.153247000 -0.134030000 -0.278082000
v 0.151704000 -0.138787000 -0.277902000
v 0.153362000 -0.134070000 -0.277902000
v 0.151836000 -0.138834000 -0.277737000
v 0.153494000 -0.134116000 -0.277737000
v 0.151985000 -0.138886000 -0.277588000
v 0.153642000 -0.134169000 -0.277588000
v 0.152147000 -0.138943000 -0.277457000
v 0.153805000 -0.134226000 -0.277457000
v 0.152322000 -0.139004000 -0.277346000
v 0.153980000 -0.134287000 -0.277346000
v 0.152508000 -0.139070000 -0.277255000
v 0.154165000 -0.134352000 -0.277255000
v 0.152701000 -0.139138000 -0.277186000
v 0.154359000 -0.134420000 -0.277186000
v 0.152901000 -0.139208000 -0.277139000
v 0.154559000 -0.134491000 -0.277139000
v 0.153104000 -0.139279000 -0.277116000
v 0.154762000 -0.134562000 -0.277116000
v 0.153308000 -0.139351000 -0.277116000
v 0.154966000 -0.134634000 -0.277116000
v 0.153511000 -0.139422000 -0.277139000
v 0.155169000 -0.134705000 -0.277139000
v 0.153711000 -0.139492000 -0.277186000
v 0.155369000 -0.134775000 -0.277186000
v 0.153905000 -0.139560000 -0.277255000
v 0.155562000 -0.134843000 -0.277255000
v 0.154090000 -0.139626000 -0.277346000
v 0.155748000 -0.134908000 -0.277346000
v 0.154265000 -0.139687000 -0.277457000
v 0.155923000 -0.134970000 -0.277457000
v 0.154428000 -0.139744000 -0.277588000
v 0.156085000 -0.135027000 -0.277588000
v 0.154576000 -0.139796000 -0.277737000
v 0.156234000 -0.135079000 -0.277737000
v 0.154708000 -0.139843000 -0.277902000
v 0.156366000 -0.135126000 -0.277902000
v 0.154823000 -0.139883000 -0.278082000
v 0.156481000 -0.135166000 -0.278082000
v 0.154919000 -0.139917000 -0.278273000
v 0.156576000 -0.135200000 -0.278273000
v 0.154994000 -0.139943000 -0.278474000
v 0.156652000 -0.135226000 -0.278474000
v 0.155049000 -0.139963000 -0.278683000
v 0.156707000 -0.135245000 -0.278683000
v 0.155082000 -0.139974000 -0.278896000
v 0.156740000 -0.135257000 -0.278896000
v 0.155093000 -0.139978000 -0.248344000
v 0.156751000 -0.135261000 -0.248344000
v 0.155082000 -0.139974000 -0.248561000
v 0.156740000 -0.135257000 -0.248561000
v 0.155049000 -0.139963000 -0.248774000
v 0.156707000 -0.135245000 -0.248774000
v 0.154994000 -0.139943000 -0.248983000
v 0.156652000 -0.135226000 -0.248983000
v 0.154919000 -0.139917000 -0.249184000
v 0.156576000 -0.135200000 -0.249184000
v 0.154823000 -0.139883000 -0.249376000
v 0.156481000 -0.135166000 -0.249376000
v 0.154708000 -0.139843000 -0.249555000
v 0.156366000 -0.135126000 -0.249555000
v 0.154576000 -0.139796000 -0.249720000
v 0.156234000 -0.135079000 -0.249720000
v 0.154428000 -0.139744000 -0.249869000
v 0.156085000 -0.135027000 -0.249869000
v 0.154265000 -0.139687000 -0.250000000
v 0.155923000 -0.134970000 -0.250000000
v 0.154090000 -0.139626000 -0.250111000
v 0.155748000 -0.134908000 -0.250111000
v 0.153905000 -0.139560000 -0.250202000
v 0.155562000 -0.134843000 -0.250202000
v 0.153711000 -0.139492000 -0.250271000
v 0.155369000 -0.134775000 -0.250271000
v 0.153511000 -0.139422000 -0.250318000
v 0.155169000 -0.134705000 -0.250318000
v 0.153308000 -0.139351000 -0.250341000
v 0.154966000 -0.134634000 -0.250341000
v 0.153104000 -0.139279000 -0.250341000
v 0.154762000 -0.134562000 -0.250341000
v 0.152901000 -0.139208000 -0.250318000
v 0.154559000 -0.134491000 -0.250318000
v 0.152701000 -0.139138000 -0.250271000
v 0.154359000 -0.134420000 -0.250271000
v 0.152508000 -0.139070000 -0.250202000
v 0.154165000 -0.134352000 -0.250202000
v 0.152322000 -0.139004000 -0.250111000
v 0.153980000 -0.134287000 -0.250111000
v 0.152147000 -0.138943000 -0.250000000
v 0.153805000 -0.134226000 -0.250000000
v 0.151985000 -0.138886000 -0.249869000
v 0.153642000 -0.134169000 -0.249869000
v 0.151836000 -0.138834000 -0.249720000
v 0.153494000 -0.134116000 -0.249720000
v 0.151704000 -0.138787000 -0.249555000
v 0.153362000 -0.134070000 -0.249555000
v 0.151589000 -0.138747000 -0.249376000
v 0.153247000 -0.134030000 -0.249376000
v 0.151494000 -0.138713000 -0.249184000
v 0.153151000 -0.133996000 -0.249184000
v 0.151418000 -0.138687000 -0.248983000
v 0.153076000 -0.133969000 -0.248983000
v 0.151363000 -0.138667000 -0.248774000
v 0.153021000 -0.133950000 -0.248774000
v 0.151330000 -0.138656000 -0.248561000
v 0.152988000 -0.133939000 -0.248561000
v 0.151319000 -0.138652000 -0.248344000
v 0.152977000 -0.133935000 -0.248344000
v 0.151330000 -0.138656000 -0.248128000
v 0.152988000 -0.133939000 -0.248128000
v 0.151363000 -0.138667000 -0.247914000
v 0.153021000 -0.133950000 -0.247914000
v 0.151418000 -0.138687000 -0.247706000
v 0.153076000 -0.133969000 -0.247706000
v 0.151494000 -0.138713000 -0.247505000
v 0.153151000 -0.133996000 -0.247505000
v 0.151589000 -0.138747000 -0.247313000
v 0.153247000 -0.134030000 -0.247313000
v 0.151704000 -0.138787000 -0.247134000
v 0.153362000 -0.134070000 -0.247134000
v 0.151836000 -0.138834000 -0.246969000
v 0.153494000 -0.134116000 -0.246969000
v 0.151985000 -0.138886000 -0.246820000
v 0.153642000 -0.134169000 -0.246820000
v 0.152147000 -0.138943000 -0.246689000
v 0.153805000 -0.134226000 -0.246689000
v 0.152322000 -0.139004000 -0.246577000
v 0.153980000 -0.134287000 -0.246577000
v 0.152508000 -0.139070000 -0.246486000
v 0.154165000 -0.134352000 -0.246486000
v 0.152701000 -0.139138000 -0.246417000
v 0.154359000 -0.134420000 -0.246417000
v 0.152901000 -0.139208000 -0.246371000
v 0.154559000 -0.134491000 -0.246371000
v 0.153104000 -0.139279000 -0.246347000
v 0.154762000 -0.134562000 -0.246347000
v 0.153308000 -0.139351000 -0.246347000
v 0.154966000 -0.134634000 -0.246347000
v 0.153511000 -0.139422000 -0.246371000
v 0.155169000 -0.134705000 -0.246371000
v 0.153711000 -0.139492000 -0.246417000
v 0.155369000 -0.134775000 -0.246417000
v 0.153905000 -0.139560000 -0.246486000
v 0.155562000 -0.134843000 -0.246486000
v 0.154090000 -0.139626000 -0.246577000
v 0.155748000 -0.134908000 -0.246577000
v 0.154265000 -0.139687000 -0.246689000
v 0.155923000 -0.134970000 -0.246689000
v 0.154428000 -0.139744000 -0.246820000
v 0.156085000 -0.135027000 -0.246820000
v 0.154576000 -0.139796000 -0.246969000
v 0.156234000 -0.135079000 -0.246969000
v 0.154708000 -0.139843000 -0.247134000
v 0.156366000 -0.135126000 -0.247134000
v 0.154823000 -0.139883000 -0.247313000
v 0.156481000 -0.135166000 -0.247313000
v 0.154919000 -0.139917000 -0.247505000
v 0.156576000 -0.135200000 -0.247505000
v 0.154994000 -0.139943000 -0.247706000
v 0.156652000 -0.135226000 -0.247706000
v 0.155049000 -0.139963000 -0.247914000
v 0.156707000 -0.135245000 -0.247914000
v 0.155082000 -0.139974000 -0.248128000
v 0.156740000 -0.135257000 -0.248128000
v 0.213506000 -0.160506000 -0.258390000
v 0.215164000 -0.155789000 -0.258390000
v 0.213495000 -0.160502000 -0.258607000
v 0.215153000 -0.155785000 -0.258607000
v 0.213462000 -0.160491000 -0.258820000
v 0.215120000 -0.155774000 -0.258820000
v 0.213408000 -0.160472000 -0.259029000
v 0.215065000 -0.155754000 -0.259029000
v 0.213332000 -0.160445000 -0.259230000
v 0.214990000 -0.155728000 -0.259230000
v 0.213236000 -0.160411000 -0.259421000
v 0.214894000 -0.155694000 -0.259421000
v 0.213122000 -0.160371000 -0.259601000
v 0.214779000 -0.155654000 -0.259601000
v 0.212989000 -0.160325000 -0.259766000
v 0.214647000 -0.155607000 -0.259766000
v 0.212841000 -0.160273000 -0.259915000
v 0.214499000 -0.155555000 -0.259915000
v 0.212678000 -0.160215000 -0.260046000
v 0.214336000 -0.155498000 -0.260046000
v 0.212503000 -0.160154000 -0.260157000
v 0.214161000 -0.155437000 -0.260157000
v 0.212318000 -0.160089000 -0.260248000
v 0.213976000 -0.155372000 -0.260248000
v 0.212124000 -0.160021000 -0.260317000
v 0.213782000 -0.155303000 -0.260317000
v 0.211925000 -0.159951000 -0.260364000
v 0.213583000 -0.155233000 -0.260364000
v 0.211722000 -0.159879000 -0.260387000
v 0.213379000 -0.155162000 -0.260387000
v 0.211517000 -0.159807000 -0.260387000
v 0.213175000 -0.155090000 -0.260387000
v 0.211314000 -0.159736000 -0.260364000
v 0.212972000 -0.155019000 -0.260364000
v 0.211115000 -0.159666000 -0.260317000
v 0.212772000 -0.154949000 -0.260317000
v 0.210921000 -0.159598000 -0.260248000
v 0.212579000 -0.154881000 -0.260248000
v 0.210736000 -0.159533000 -0.260157000
v 0.212393000 -0.154815000 -0.260157000
v 0.210561000 -0.159471000 -0.260046000
v 0.212218000 -0.154754000 -0.260046000
v 0.210398000 -0.159414000 -0.259915000
v 0.212056000 -0.154697000 -0.259915000
v 0.210250000 -0.159362000 -0.259766000
v 0.211907000 -0.154645000 -0.259766000
v 0.210117000 -0.159315000 -0.259601000
v 0.211775000 -0.154598000 -0.259601000
v 0.210003000 -0.159275000 -0.259421000
v 0.211660000 -0.154558000 -0.259421000
v 0.209907000 -0.159241000 -0.259230000
v 0.211565000 -0.154524000 -0.259230000
v 0.209831000 -0.159215000 -0.259029000
v 0.211489000 -0.154498000 -0.259029000
v 0.209777000 -0.159196000 -0.258820000
v 0.211434000 -0.154478000 -0.258820000
v 0.209744000 -0.159184000 -0.258607000
v 0.211401000 -0.154467000 -0.258607000
v 0.209733000 -0.159180000 -0.258390000
v 0.211390000 -0.154463000 -0.258390000
v 0.209744000 -0.159184000 -0.258174000
v 0.211401000 -0.154467000 -0.258174000
v 0.209777000 -0.159196000 -0.257960000
v 0.211434000 -0.154478000 -0.257960000
v 0.209831000 -0.159215000 -0.257752000
v 0.211489000 -0.154498000 -0.257752000
v 0.209907000 -0.159241000 -0.257551000
v 0.211565000 -0.154524000 -0.257551000
v 0.210003000 -0.159275000 -0.257359000
v 0.211660000 -0.154558000 -0.257359000
v 0.210117000 -0.159315000 -0.257180000
v 0.211775000 -0.154598000 -0.257180000
v 0.210250000 -0.159362000 -0.257015000
v 0.211907000 -0.154645000 -0.257015000
v 0.210398000 -0.159414000 -0.256866000
v 0.212056000 -0.154697000 -0.256866000
v 0.210561000 -0.159471000 -0.256735000
v 0.212218000 -0.154754000 -0.256735000
v 0.210736000 -0.159533000 -0.256623000
v 0.212393000 -0.154815000 -0.256623000
v 0.210921000 -0.159598000 -0.256532000
v 0.212579000 -0.154881000 -0.256532000
v 0.211115000 -0.159666000 -0.256463000
v 0.212772000 -0.154949000 -0.256463000
v 0.211314000 -0.159736000 -0.256417000
v 0.212972000 -0.155019000 -0.256417000
v 0.211517000 -0.159807000 -0.256393000
v 0.213175000 -0.155090000 -0.256393000
v 0.211722000 -0.159879000 -0.256393000
v 0.213379000 -0.155162000 -0.256393000
v 0.211925000 -0.159951000 -0.256417000
v 0.213583000 -0.155233000 -0.256417000
v 0.212124000 -0.160021000 -0.256463000
v 0.213782000 -0.155303000 -0.256463000
v 0.212318000 -0.160089000 -0.256532000
v 0.213976000 -0.155372000 -0.256532000
v 0.212503000 -0.160154000 -0.256623000
v 0.214161000 -0.155437000 -0.256623000
v 0.212678000 -0.160215000 -0.256735000
v 0.214336000 -0.155498000 -0.256735000
v 0.212841000 -0.160273000 -0.256866000
v 0.214499000 -0.155555000 -0.256866000
v 0.212989000 -0.160325000 -0.257015000
v 0.214647000 -0.155607000 -0.257015000
v 0.213122000 -0.160371000 -0.257180000
v 0.214779000 -0.155654000 -0.257180000
v 0.213236000 -0.160411000 -0.257359000
v 0.214894000 -0.155694000 -0.257359000
v 0.213332000 -0.160445000 -0.257551000
v 0.214990000 -0.155728000 -0.257551000
v 0.213408000 -0.160472000 -0.257752000
v 0.215065000 -0.155754000 -0.257752000
v 0.213462000 -0.160491000 -0.257960000
v 0.215120000 -0.155774000 -0.257960000
v 0.213495000 -0.160502000 -0.258174000
v 0.215153000 -0.155785000 -0.258174000
v 0.213506000 -0.160506000 -0.299204000
v 0.215164000 -0.155789000 -0.299204000
v 0.213495000 -0.160502000 -0.299421000
v 0.215153000 -0.155785000 -0.299421000
v 0.213462000 -0.160491000 -0.299634000
v 0.215120000 -0.155774000 -0.299634000
v 0.213408000 -0.160472000 -0.299843000
v 0.215065000 -0.155754000 -0.299843000
v 0.213332000 -0.160445000 -0.300044000
v 0.214990000 -0.155728000 -0.300044000
v 0.213236000 -0.160411000 -0.300236000
v 0.214894000 -0.155694000 -0.300236000
v 0.213122000 -0.160371000 -0.300415000
v 0.214779000 -0.155654000 -0.300415000
v 0.212989000 -0.160325000 -0.300580000
v 0.214647000 -0.155607000 -0.300580000
v 0.212841000 -0.160273000 -0.300729000
v 0.214499000 -0.155555000 -0.300729000
v 0.212678000 -0.160215000 -0.300860000
v 0.214336000 -0.155498000 -0.300860000
v 0.212503000 -0.160154000 -0.300971000
v 0.214161000 -0.155437000 -0.300971000
v 0.212318000 -0.160089000 -0.301062000
v 0.213976000 -0.155372000 -0.301062000
v 0.212124000 -0.160021000 -0.301132000
v 0.213782000 -0.155303000 -0.301132000
v 0.211925000 -0.159951000 -0.301178000
v 0.213583000 -0.155233000 -0.301178000
v 0.211722000 -0.159879000 -0.301201000
v 0.213379000 -0.155162000 -0.301201000
v 0.211517000 -0.159807000 -0.301201000
v 0.213175000 -0.155090000 -0.301201000
v 0.211314000 -0.159736000 -0.301178000
v 0.212972000 -0.155019000 -0.301178000
v 0.211115000 -0.159666000 -0.301132000
v 0.212772000 -0.154949000 -0.301132000
v 0.210921000 -0.159598000 -0.301062000
v 0.212579000 -0.154881000 -0.301062000
v 0.210736000 -0.159533000 -0.300971000
v 0.212393000 -0.154815000 -0.300971000
v 0.210561000 -0.159471000 -0.300860000
v 0.212218000 -0.154754000 -0.300860000
v 0.210398000 -0.159414000 -0.300729000
v 0.212056000 -0.154697000 -0.300729000
v 0.210250000 -0.159362000 -0.300580000
v 0.211907000 -0.154645000 -0.300580000
v 0.210117000 -0.159315000 -0.300415000
v 0.211775000 -0.154598000 -0.300415000
v 0.210003000 -0.159275000 -0.300236000
v 0.211660000 -0.154558000 -0.300236000
v 0.209907000 -0.159241000 -0.300044000
v 0.211565000 -0.154524000 -0.300044000
v 0.209831000 -0.159215000 -0.299843000
v 0.211489000 -0.154498000 -0.299843000
v 0.209777000 -0.159196000 -0.299634000
v 0.211434000 -0.154478000 -0.299634000
v 0.209744000 -0.159184000 -0.299421000
v 0.211401000 -0.154467000 -0.299421000
v 0.209733000 -0.159180000 -0.299204000
v 0.211390000 -0.154463000 -0.299204000
v 0.209744000 -0.159184000 -0.298988000
v 0.211401000 -0.154467000 -0.298988000
v 0.209777000 -0.159196000 -0.298774000
v 0.211434000 -0.154478000 -0.298774000
v 0.209831000 -0.159215000 -0.298566000
v 0.211489000 -0.154498000 -0.298566000
v 0.209907000 -0.159241000 -0.298365000
v 0.211565000 -0.154524000 -0.298365000
v 0.210003000 -0.159275000 -0.298173000
v 0.211660000 -0.154558000 -0.298173000
v 0.210117000 -0.159315000 -0.297994000
v 0.211775000 -0.154598000 -0.297994000
v 0.210250000 -0.159362000 -0.297829000
v 0.211907000 -0.154645000 -0.297829000
v 0.210398000 -0.159414000 -0.297680000
v 0.212056000 -0.154697000 -0.297680000
v 0.210561000 -0.159471000 -0.297549000
v 0.212218000 -0.154754000 -0.297549000
v 0.210736000 -0.159533000 -0.297437000
v 0.212393000 -0.154815000 -0.297437000
v 0.210921000 -0.159598000 -0.297346000
v 0.212579000 -0.154881000 -0.297346000
v 0.211115000 -0.159666000 -0.297277000
v 0.212772000 -0.154949000 -0.297277000
v 0.211314000 -0.159736000 -0.297231000
v 0.212972000 -0.155019000 -0.297231000
v 0.211517000 -0.159807000 -0.297207000
v 0.213175000 -0.155090000 -0.297207000
v 0.211722000 -0.159879000 -0.297207000
v 0.213379000 -0.155162000 -0.297207000
v 0.211925000 -0.159951000 -0.297231000
v 0.213583000 -0.155233000 -0.297231000
v 0.212124000 -0.160021000 -0.297277000
v 0.213782000 -0.155303000 -0.297277000
v 0.212318000 -0.160089000 -0.297346000
v 0.213976000 -0.155372000 -0.297346000
v 0.212503000 -0.160154000 -0.297437000
v 0.214161000 -0.155437000 -0.297437000
v 0.212678000 -0.160215000 -0.297549000
v 0.214336000 -0.155498000 -0.297549000
v 0.212841000 -0.160273000 -0.297680000
v 0.214499000 -0.155555000 -0.297680000
v 0.212989000 -0.160325000 -0.297829000
v 0.214647000 -0.155607000 -0.297829000
v 0.213122000 -0.160371000 -0.297994000
v 0.214779000 -0.155654000 -0.297994000
v 0.213236000 -0.160411000 -0.298173000
v 0.214894000 -0.155694000 -0.298173000
v 0.213332000 -0.160445000 -0.298365000
v 0.214990000 -0.155728000 -0.298365000
v 0.213408000 -0.160472000 -0.298566000
v 0.215065000 -0.155754000 -0.298566000
v 0.213462000 -0.160491000 -0.298774000
v 0.215120000 -0.155774000 -0.298774000
v 0.213495000 -0.160502000 -0.298988000
v 0.215153000 -0.155785000 -0.298988000
v 0.213506000 -0.160506000 -0.340019000
v 0.215164000 -0.155789000 -0.340019000
v 0.213495000 -0.160502000 -0.340235000
v 0.215153000 -0.155785000 -0.340235000
v 0.213462000 -0.160491000 -0.340449000
v 0.215120000 -0.155774000 -0.340449000
v 0.213408000 -0.160472000 -0.340657000
v 0.215065000 -0.155754000 -0.340657000
v 0.213332000 -0.160445000 -0.340858000
v 0.214990000 -0.155728000 -0.340858000
v 0.213236000 -0.160411000 -0.341050000
v 0.214894000 -0.155694000 -0.341050000
v 0.213122000 -0.160371000 -0.341229000
v 0.214779000 -0.155654000 -0.341229000
v 0.212989000 -0.160325000 -0.341394000
v 0.214647000 -0.155607000 -0.341394000
v 0.212841000 -0.160273000 -0.341543000
v 0.214499000 -0.155555000 -0.341543000
v 0.212678000 -0.160215000 -0.341674000
v 0.214336000 -0.155498000 -0.341674000
v 0.212503000 -0.160154000 -0.341786000
v 0.214161000 -0.155437000 -0.341786000
v 0.212318000 -0.160089000 -0.341877000
v 0.213976000 -0.155372000 -0.341877000
v 0.212124000 -0.160021000 -0.341946000
v 0.213782000 -0.155303000 -0.341946000
v 0.211925000 -0.159951000 -0.341992000
v 0.213583000 -0.155233000 -0.341992000
v 0.211722000 -0.159879000 -0.342016000
v 0.213379000 -0.155162000 -0.342016000
v 0.211517000 -0.159807000 -0.342016000
v 0.213175000 -0.155090000 -0.342016000
v 0.211314000 -0.159736000 -0.341992000
v 0.212972000 -0.155019000 -0.341992000
v 0.211115000 -0.159666000 -0.341946000
v 0.212772000 -0.154949000 -0.341946000
v 0.210921000 -0.159598000 -0.341877000
v 0.212579000 -0.154881000 -0.341877000
v 0.210736000 -0.159533000 -0.341786000
v 0.212393000 -0.154815000 -0.341786000
v 0.210561000 -0.159471000 -0.341674000
v 0.212218000 -0.154754000 -0.341674000
v 0.210398000 -0.159414000 -0.341543000
v 0.212056000 -0.154697000 -0.341543000
v 0.210250000 -0.159362000 -0.341394000
v 0.211907000 -0.154645000 -0.341394000
v 0.210117000 -0.159315000 -0.341229000
v 0.211775000 -0.154598000 -0.341229000
v 0.210003000 -0.159275000 -0.341050000
v 0.211660000 -0.154558000 -0.341050000
v 0.209907000 -0.159241000 -0.340858000
v 0.211565000 -0.154524000 -0.340858000
v 0.209831000 -0.159215000 -0.340657000
v 0.211489000 -0.154498000 -0.340657000
v 0.209777000 -0.159196000 -0.340449000
v 0.211434000 -0.154478000 -0.340449000
v 0.209744000 -0.159184000 -0.340235000
v 0.211401000 -0.154467000 -0.340235000
v 0.209733000 -0.159180000 -0.340019000
v 0.211390000 -0.154463000 -0.340019000
v 0.209744000 -0.159184000 -0.339802000
v 0.211401000 -0.154467000 -0.339802000
v 0.209777000 -0.159196000 -0.339589000
v 0.211434000 -0.154478000 -0.339589000
v 0.209831000 -0.159215000 -0.339380000
v 0.211489000 -0.154498000 -0.339380000
v 0.209907000 -0.159241000 -0.339179000
v 0.211565000 -0.154524000 -0.339179000
v 0.210003000 -0.159275000 -0.338987000
v 0.211660000 -0.154558000 -0.338987000
v 0.210117000 -0.159315000 -0.338808000
v 0.211775000 -0.154598000 -0.338808000
v 0.210250000 -0.159362000 -0.338643000
v 0.211907000 -0.154645000 -0.338643000
v 0.210398000 -0.159414000 -0.338494000
v 0.212056000 -0.154697000 -0.338494000
v 0.210561000 -0.159471000 -0.338363000
v 0.212218000 -0.154754000 -0.338363000
v 0.210736000 -0.159533000 -0.338252000
v 0.212393000 -0.154815000 -0.338252000
v 0.210921000 -0.159598000 -0.338161000
v 0.212579000 -0.154881000 -0.338161000
v 0.211115000 -0.159666000 -0.338091000
v 0.212772000 -0.154949000 -0.338091000
v 0.211314000 -0.159736000 -0.338045000
v 0.212972000 -0.155019000 -0.338045000
v 0.211517000 -0.159807000 -0.338022000
v 0.213175000 -0.155090000 -0.338022000
v 0.211722000 -0.159879000 -0.338022000
v 0.213379000 -0.155162000 -0.338022000
v 0.211925000 -0.159951000 -0.338045000
v 0.213583000 -0.155233000 -0.338045000
v 0.212124000 -0.160021000 -0.338091000
v 0.213782000 -0.155303000 -0.338091000
v 0.212318000 -0.160089000 -0.338161000
v 0.213976000 -0.155372000 -0.338161000
v 0.212503000 -0.160154000 -0.338252000
v 0.214161000 -0.155437000 -0.338252000
v 0.212678000 -0.160215000 -0.338363000
v 0.214336000 -0.155498000 -0.338363000
v 0.212841000 -0.160273000 -0.338494000
v 0.214499000 -0.155555000 -0.338494000
v 0.212989000 -0.160325000 -0.338643000
v 0.214647000 -0.155607000 -0.338643000
v 0.213122000 -0.160371000 -0.338808000
v 0.214779000 -0.155654000 -0.338808000
v 0.213236000 -0.160411000 -0.338987000
v 0.214894000 -0.155694000 -0.338987000
v 0.213332000 -0.160445000 -0.339179000
v 0.214990000 -0.155728000 -0.339179000
v 0.213408000 -0.160472000 -0.339380000
v 0.215065000 -0.155754000 -0.339380000
v 0.213462000 -0.160491000 -0.339589000
v 0.215120000 -0.155774000 -0.339589000
v 0.213495000 -0.160502000 -0.339802000
v 0.215153000 -0.155785000 -0.339802000
v 0.155093000 -0.139978000 -0.217576000
v 0.156751000 -0.135261000 -0.217576000
v 0.155082000 -0.139974000 -0.217792000
v 0.156740000 -0.135257000 -0.217792000
v 0.155049000 -0.139963000 -0.218006000
v 0.156707000 -0.135245000 -0.218006000
v 0.154994000 -0.139943000 -0.218215000
v 0.156652000 -0.135226000 -0.218215000
v 0.154919000 -0.139917000 -0.218416000
v 0.156576000 -0.135200000 -0.218416000
v 0.154823000 -0.139883000 -0.218607000
v 0.156481000 -0.135166000 -0.218607000
v 0.154708000 -0.139843000 -0.218786000
v 0.156366000 -0.135126000 -0.218786000
v 0.154576000 -0.139796000 -0.218952000
v 0.156234000 -0.135079000 -0.218952000
v 0.154428000 -0.139744000 -0.219100000
v 0.156085000 -0.135027000 -0.219100000
v 0.154265000 -0.139687000 -0.219232000
v 0.155923000 -0.134970000 -0.219232000
v 0.154090000 -0.139626000 -0.219343000
v 0.155748000 -0.134908000 -0.219343000
v 0.153905000 -0.139560000 -0.219434000
v 0.155562000 -0.134843000 -0.219434000
v 0.153711000 -0.139492000 -0.219503000
v 0.155369000 -0.134775000 -0.219503000
v 0.153511000 -0.139422000 -0.219550000
v 0.155169000 -0.134705000 -0.219550000
v 0.153308000 -0.139351000 -0.219573000
v 0.154966000 -0.134634000 -0.219573000
v 0.153104000 -0.139279000 -0.219573000
v 0.154762000 -0.134562000 -0.219573000
v 0.152901000 -0.139208000 -0.219550000
v 0.154559000 -0.134491000 -0.219550000
v 0.152701000 -0.139138000 -0.219503000
v 0.154359000 -0.134420000 -0.219503000
v 0.152508000 -0.139070000 -0.219434000
v 0.154165000 -0.134352000 -0.219434000
v 0.152322000 -0.139004000 -0.219343000
v 0.153980000 -0.134287000 -0.219343000
v 0.152147000 -0.138943000 -0.219232000
v 0.153805000 -0.134226000 -0.219232000
v 0.151985000 -0.138886000 -0.219100000
v 0.153642000 -0.134169000 -0.219100000
v 0.151836000 -0.138834000 -0.218952000
v 0.153494000 -0.134116000 -0.218952000
v 0.151704000 -0.138787000 -0.218786000
v 0.153362000 -0.134070000 -0.218786000
v 0.151589000 -0.138747000 -0.218607000
v 0.153247000 -0.134030000 -0.218607000
v 0.151494000 -0.138713000 -0.218416000
v 0.153151000 -0.133996000 -0.218416000
v 0.151418000 -0.138687000 -0.218215000
v 0.153076000 -0.133969000 -0.218215000
v 0.151363000 -0.138667000 -0.218006000
v 0.153021000 -0.133950000 -0.218006000
v 0.151330000 -0.138656000 -0.217792000
v 0.152988000 -0.133939000 -0.217792000
v 0.151319000 -0.138652000 -0.217576000
v 0.152977000 -0.133935000 -0.217576000
v 0.151330000 -0.138656000 -0.217360000
v 0.152988000 -0.133939000 -0.217360000
v 0.151363000 -0.138667000 -0.217146000
v 0.153021000 -0.133950000 -0.217146000
v 0.151418000 -0.138687000 -0.216938000
v 0.153076000 -0.133969000 -0.216938000
v 0.151494000 -0.138713000 -0.216736000
v 0.153151000 -0.133996000 -0.216736000
v 0.151589000 -0.138747000 -0.216545000
v 0.153247000 -0.134030000 -0.216545000
v 0.151704000 -0.138787000 -0.216366000
v 0.153362000 -0.134070000 -0.216366000
v 0.151836000 -0.138834000 -0.216201000
v 0.153494000 -0.134116000 -0.216201000
v 0.151985000 -0.138886000 -0.216052000
v 0.153642000 -0.134169000 -0.216052000
v 0.152147000 -0.138943000 -0.215921000
v 0.153805000 -0.134226000 -0.215921000
v 0.152322000 -0.139004000 -0.215809000
v 0.153980000 -0.134287000 -0.215809000
v 0.152508000 -0.139070000 -0.215718000
v 0.154165000 -0.134352000 -0.215718000
v 0.152701000 -0.139138000 -0.215649000
v 0.154359000 -0.134420000 -0.215649000
v 0.152901000 -0.139208000 -0.215602000
v 0.154559000 -0.134491000 -0.215602000
v 0.153104000 -0.139279000 -0.215579000
v 0.154762000 -0.134562000 -0.215579000
v 0.153308000 -0.139351000 -0.215579000
v 0.154966000 -0.134634000 -0.215579000
v 0.153511000 -0.139422000 -0.215602000
v 0.155169000 -0.134705000 -0.215602000
v 0.153711000 -0.139492000 -0.215649000
v 0.155369000 -0.134775000 -0.215649000
v 0.153905000 -0.139560000 -0.215718000
v 0.155562000 -0.134843000 -0.215718000
v 0.154090000 -0.139626000 -0.215809000
v 0.155748000 -0.134908000 -0.215809000
v 0.154265000 -0.139687000 -0.215921000
v 0.155923000 -0.134970000 -0.215921000
v 0.154428000 -0.139744000 -0.216052000
v 0.156085000 -0.135027000 -0.216052000
v 0.154576000 -0.139796000 -0.216201000
v 0.156234000 -0.135079000 -0.216201000
v 0.154708000 -0.139843000 -0.216366000
v 0.156366000 -0.135126000 -0.216366000
v 0.154823000 -0.139883000 -0.216545000
v 0.156481000 -0.135166000 -0.216545000
v 0.154919000 -0.139917000 -0.216736000
v 0.156576000 -0.135200000 -0.216736000
v 0.154994000 -0.139943000 -0.216938000
v 0.156652000 -0.135226000 -0.216938000
v 0.155049000 -0.139963000 -0.217146000
v 0.156707000 -0.135245000 -0.217146000
v 0.155082000 -0.139974000 -0.217360000
v 0.156740000 -0.135257000 -0.217360000
v -0.147694000 -0.139617000 -0.320680000
v -0.148517000 -0.134896000 -0.322106000
v -0.147481000 -0.139587000 -0.320702000
v -0.148304000 -0.134866000 -0.322128000
v -0.147270000 -0.139563000 -0.320745000
v -0.148093000 -0.134842000 -0.322172000
v -0.147064000 -0.139547000 -0.320811000
v -0.147887000 -0.134826000 -0.322237000
v -0.146866000 -0.139538000 -0.320897000
v -0.147689000 -0.134817000 -0.322323000
v -0.146677000 -0.139538000 -0.321003000
v -0.147500000 -0.134817000 -0.322430000
v -0.146500000 -0.139545000 -0.321128000
v -0.147324000 -0.134824000 -0.322554000
v -0.146337000 -0.139559000 -0.321270000
v -0.147161000 -0.134838000 -0.322697000
v -0.146190000 -0.139581000 -0.321428000
v -0.147014000 -0.134860000 -0.322854000
v -0.146061000 -0.139610000 -0.321599000
v -0.146885000 -0.134889000 -0.323025000
v -0.145951000 -0.139646000 -0.321782000
v -0.146774000 -0.134925000 -0.323208000
v -0.145861000 -0.139689000 -0.321975000
v -0.146685000 -0.134968000 -0.323401000
v -0.145793000 -0.139737000 -0.322174000
v -0.146617000 -0.135016000 -0.323601000
v -0.145747000 -0.139791000 -0.322379000
v -0.146571000 -0.135070000 -0.323805000
v -0.145724000 -0.139850000 -0.322586000
v -0.146548000 -0.135129000 -0.324012000
v -0.145724000 -0.139912000 -0.322793000
v -0.146548000 -0.135191000 -0.324220000
v -0.145747000 -0.139978000 -0.322998000
v -0.146571000 -0.135257000 -0.324425000
v -0.145793000 -0.140047000 -0.323199000
v -0.146617000 -0.135326000 -0.324625000
v -0.145861000 -0.140117000 -0.323392000
v -0.146685000 -0.135396000 -0.324818000
v -0.145951000 -0.140188000 -0.323576000
v -0.146774000 -0.135467000 -0.325002000
v -0.146061000 -0.140259000 -0.323748000
v -0.146885000 -0.135538000 -0.325174000
v -0.146190000 -0.140330000 -0.323907000
v -0.147014000 -0.135609000 -0.325333000
v -0.146337000 -0.140399000 -0.324050000
v -0.147161000 -0.135678000 -0.325476000
v -0.146500000 -0.140465000 -0.324176000
v -0.147324000 -0.135745000 -0.325603000
v -0.146677000 -0.140529000 -0.324284000
v -0.147500000 -0.135808000 -0.325711000
v -0.146866000 -0.140588000 -0.324372000
v -0.147689000 -0.135867000 -0.325799000
v -0.147064000 -0.140643000 -0.324439000
v -0.147887000 -0.135922000 -0.325866000
v -0.147270000 -0.140693000 -0.324485000
v -0.148093000 -0.135972000 -0.325911000
v -0.147481000 -0.140737000 -0.324508000
v -0.148304000 -0.136016000 -0.325935000
v -0.147694000 -0.140774000 -0.324509000
v -0.148517000 -0.136053000 -0.325936000
v -0.147907000 -0.140805000 -0.324488000
v -0.148731000 -0.136084000 -0.325914000
v -0.148118000 -0.140829000 -0.324444000
v -0.148941000 -0.136108000 -0.325870000
v -0.148324000 -0.140845000 -0.324379000
v -0.149147000 -0.136124000 -0.325805000
v -0.148522000 -0.140853000 -0.324292000
v -0.149346000 -0.136132000 -0.325719000
v -0.148711000 -0.140854000 -0.324186000
v -0.149534000 -0.136133000 -0.325612000
v -0.148888000 -0.140847000 -0.324061000
v -0.149711000 -0.136126000 -0.325487000
v -0.149051000 -0.140833000 -0.323919000
v -0.149874000 -0.136112000 -0.325345000
v -0.149197000 -0.140811000 -0.323761000
v -0.150021000 -0.136090000 -0.325188000
v -0.149327000 -0.140781000 -0.323590000
v -0.150150000 -0.136060000 -0.325017000
v -0.149437000 -0.140745000 -0.323407000
v -0.150260000 -0.136024000 -0.324834000
v -0.149526000 -0.140703000 -0.323215000
v -0.150350000 -0.135982000 -0.324641000
v -0.149595000 -0.140654000 -0.323015000
v -0.150418000 -0.135933000 -0.324441000
v -0.149641000 -0.140601000 -0.322810000
v -0.150464000 -0.135880000 -0.324237000
v -0.149664000 -0.140542000 -0.322603000
v -0.150487000 -0.135821000 -0.324030000
v -0.149664000 -0.140479000 -0.322396000
v -0.150487000 -0.135758000 -0.323822000
v -0.149641000 -0.140413000 -0.322191000
v -0.150464000 -0.135692000 -0.323617000
v -0.149595000 -0.140345000 -0.321991000
v -0.150418000 -0.135624000 -0.323417000
v -0.149526000 -0.140275000 -0.321798000
v -0.150350000 -0.135554000 -0.323224000
v -0.149437000 -0.140203000 -0.321614000
v -0.150260000 -0.135483000 -0.323040000
v -0.149327000 -0.140132000 -0.321441000
v -0.150150000 -0.135411000 -0.322868000
v -0.149197000 -0.140062000 -0.321283000
v -0.150021000 -0.135341000 -0.322709000
v -0.149051000 -0.139993000 -0.321139000
v -0.149874000 -0.135272000 -0.322566000
v -0.148888000 -0.139926000 -0.321013000
v -0.149711000 -0.135205000 -0.322439000
v -0.148711000 -0.139863000 -0.320905000
v -0.149534000 -0.135142000 -0.322331000
v -0.148522000 -0.139803000 -0.320817000
v -0.149346000 -0.135082000 -0.322243000
v -0.148324000 -0.139748000 -0.320750000
v -0.149147000 -0.135027000 -0.322176000
v -0.148118000 -0.139699000 -0.320704000
v -0.148941000 -0.134978000 -0.322131000
v -0.147907000 -0.139655000 -0.320681000
v -0.148731000 -0.134934000 -0.322107000
v -0.006158000 -0.139293000 -0.401323000
v -0.006981000 -0.134572000 -0.402749000
v -0.005944000 -0.139262000 -0.401345000
v -0.006768000 -0.134542000 -0.402771000
v -0.005734000 -0.139239000 -0.401388000
v -0.006557000 -0.134518000 -0.402815000
v -0.005528000 -0.139223000 -0.401454000
v -0.006351000 -0.134502000 -0.402880000
v -0.005329000 -0.139214000 -0.401540000
v -0.006153000 -0.134493000 -0.402966000
v -0.005141000 -0.139213000 -0.401646000
v -0.005964000 -0.134492000 -0.403073000
v -0.004964000 -0.139220000 -0.401771000
v -0.005787000 -0.134499000 -0.403197000
v -0.004801000 -0.139235000 -0.401913000
v -0.005625000 -0.134514000 -0.403339000
v -0.004654000 -0.139257000 -0.402071000
v -0.005478000 -0.134536000 -0.403497000
v -0.004525000 -0.139286000 -0.402242000
v -0.005348000 -0.134565000 -0.403668000
v -0.004415000 -0.139322000 -0.402425000
v -0.005238000 -0.134601000 -0.403851000
v -0.004325000 -0.139365000 -0.402617000
v -0.005149000 -0.134644000 -0.404044000
v -0.004257000 -0.139413000 -0.402817000
v -0.005080000 -0.134692000 -0.404243000
v -0.004211000 -0.139467000 -0.403022000
v -0.005034000 -0.134746000 -0.404448000
v -0.004188000 -0.139525000 -0.403229000
v -0.005011000 -0.134804000 -0.404655000
v -0.004188000 -0.139588000 -0.403436000
v -0.005011000 -0.134867000 -0.404863000
v -0.004211000 -0.139654000 -0.403641000
v -0.005034000 -0.134933000 -0.405068000
v -0.004257000 -0.139723000 -0.403842000
v -0.005080000 -0.135002000 -0.405268000
v -0.004325000 -0.139793000 -0.404035000
v -0.005149000 -0.135072000 -0.405461000
v -0.004415000 -0.139864000 -0.404218000
v -0.005238000 -0.135143000 -0.405645000
v -0.004525000 -0.139935000 -0.404391000
v -0.005348000 -0.135214000 -0.405817000
v -0.004654000 -0.140006000 -0.404550000
v -0.005478000 -0.135285000 -0.405976000
v -0.004801000 -0.140075000 -0.404693000
v -0.005625000 -0.135354000 -0.406119000
v -0.004964000 -0.140141000 -0.404819000
v -0.005787000 -0.135420000 -0.406246000
v -0.005141000 -0.140205000 -0.404927000
v -0.005964000 -0.135484000 -0.406353000
v -0.005329000 -0.140264000 -0.405015000
v -0.006153000 -0.135543000 -0.406441000
v -0.005528000 -0.140319000 -0.405082000
v -0.006351000 -0.135598000 -0.406509000
v -0.005734000 -0.140369000 -0.405128000
v -0.006557000 -0.135648000 -0.406554000
v -0.005944000 -0.140413000 -0.405151000
v -0.006768000 -0.135692000 -0.406577000
v -0.006158000 -0.140450000 -0.405152000
v -0.006981000 -0.135729000 -0.406578000
v -0.006371000 -0.140481000 -0.405131000
v -0.007194000 -0.135760000 -0.406557000
v -0.006582000 -0.140504000 -0.405087000
v -0.007405000 -0.135783000 -0.406513000
v -0.006788000 -0.140520000 -0.405021000
v -0.007611000 -0.135799000 -0.406448000
v -0.006986000 -0.140529000 -0.404935000
v -0.007809000 -0.135808000 -0.406361000
v -0.007175000 -0.140530000 -0.404829000
v -0.007998000 -0.135809000 -0.406255000
v -0.007351000 -0.140523000 -0.404704000
v -0.008175000 -0.135802000 -0.406130000
v -0.007514000 -0.140508000 -0.404562000
v -0.008338000 -0.135787000 -0.405988000
v -0.007661000 -0.140486000 -0.404404000
v -0.008485000 -0.135765000 -0.405831000
v -0.007790000 -0.140457000 -0.404233000
v -0.008614000 -0.135736000 -0.405659000
v -0.007901000 -0.140421000 -0.404050000
v -0.008724000 -0.135700000 -0.405476000
v -0.007990000 -0.140379000 -0.403858000
v -0.008814000 -0.135658000 -0.405284000
v -0.008058000 -0.140330000 -0.403658000
v -0.008882000 -0.135609000 -0.405084000
v -0.008104000 -0.140276000 -0.403453000
v -0.008928000 -0.135555000 -0.404880000
v -0.008127000 -0.140218000 -0.403246000
v -0.008951000 -0.135497000 -0.404672000
v -0.008127000 -0.140155000 -0.403039000
v -0.008951000 -0.135434000 -0.404465000
v -0.008104000 -0.140089000 -0.402834000
v -0.008928000 -0.135368000 -0.404260000
v -0.008058000 -0.140021000 -0.402634000
v -0.008882000 -0.135300000 -0.404060000
v -0.007990000 -0.139950000 -0.402440000
v -0.008814000 -0.135229000 -0.403867000
v -0.007901000 -0.139879000 -0.402257000
v -0.008724000 -0.135158000 -0.403683000
v -0.007790000 -0.139808000 -0.402084000
v -0.008614000 -0.135087000 -0.403511000
v -0.007661000 -0.139737000 -0.401926000
v -0.008485000 -0.135017000 -0.403352000
v -0.007514000 -0.139669000 -0.401782000
v -0.008338000 -0.134948000 -0.403208000
v -0.007351000 -0.139602000 -0.401656000
v -0.008175000 -0.134881000 -0.403082000
v -0.007175000 -0.139539000 -0.401548000
v -0.007998000 -0.134818000 -0.402974000
v -0.006986000 -0.139479000 -0.401460000
v -0.007809000 -0.134758000 -0.402886000
v -0.006788000 -0.139424000 -0.401393000
v -0.007611000 -0.134703000 -0.402819000
v -0.006582000 -0.139374000 -0.401347000
v -0.007405000 -0.134654000 -0.402774000
v -0.006371000 -0.139331000 -0.401324000
v -0.007194000 -0.134610000 -0.402750000
v -0.034535000 -0.139916000 -0.387000000
v -0.035359000 -0.135195000 -0.388426000
v -0.034322000 -0.139885000 -0.387021000
v -0.035146000 -0.135164000 -0.388448000
v -0.034111000 -0.139862000 -0.387065000
v -0.034935000 -0.135141000 -0.388492000
v -0.033905000 -0.139845000 -0.387131000
v -0.034729000 -0.135124000 -0.388557000
v -0.033707000 -0.139837000 -0.387217000
v -0.034530000 -0.135116000 -0.388643000
v -0.033518000 -0.139836000 -0.387323000
v -0.034342000 -0.135115000 -0.388749000
v -0.033341000 -0.139843000 -0.387448000
v -0.034165000 -0.135122000 -0.388874000
v -0.033179000 -0.139857000 -0.387590000
v -0.034002000 -0.135136000 -0.389016000
v -0.033032000 -0.139879000 -0.387748000
v -0.033855000 -0.135158000 -0.389174000
v -0.032903000 -0.139909000 -0.387919000
v -0.033726000 -0.135188000 -0.389345000
v -0.032792000 -0.139945000 -0.388102000
v -0.033616000 -0.135224000 -0.389528000
v -0.032703000 -0.139987000 -0.388294000
v -0.033526000 -0.135266000 -0.389721000
v -0.032635000 -0.140036000 -0.388494000
v -0.033458000 -0.135315000 -0.389920000
v -0.032589000 -0.140089000 -0.388699000
v -0.033412000 -0.135369000 -0.390125000
v -0.032566000 -0.140148000 -0.388906000
v -0.033389000 -0.135427000 -0.390332000
v -0.032566000 -0.140211000 -0.389113000
v -0.033389000 -0.135490000 -0.390540000
v -0.032589000 -0.140277000 -0.389318000
v -0.033412000 -0.135556000 -0.390745000
v -0.032635000 -0.140345000 -0.389518000
v -0.033458000 -0.135624000 -0.390945000
v -0.032703000 -0.140415000 -0.389712000
v -0.033526000 -0.135694000 -0.391138000
v -0.032792000 -0.140487000 -0.389895000
v -0.033616000 -0.135766000 -0.391322000
v -0.032903000 -0.140558000 -0.390068000
v -0.033726000 -0.135837000 -0.391494000
v -0.033032000 -0.140628000 -0.390227000
v -0.033855000 -0.135907000 -0.391653000
v -0.033179000 -0.140697000 -0.390370000
v -0.034002000 -0.135976000 -0.391796000
v -0.033341000 -0.140764000 -0.390496000
v -0.034165000 -0.136043000 -0.391923000
v -0.033518000 -0.140827000 -0.390604000
v -0.034342000 -0.136106000 -0.392030000
v -0.033707000 -0.140887000 -0.390692000
v -0.034530000 -0.136166000 -0.392118000
v -0.033905000 -0.140942000 -0.390759000
v -0.034729000 -0.136221000 -0.392186000
v -0.034111000 -0.140991000 -0.390805000
v -0.034935000 -0.136270000 -0.392231000
v -0.034322000 -0.141035000 -0.390828000
v -0.035146000 -0.136314000 -0.392254000
v -0.034535000 -0.141073000 -0.390829000
v -0.035359000 -0.136352000 -0.392255000
v -0.034749000 -0.141103000 -0.390807000
v -0.035572000 -0.136382000 -0.392234000
v -0.034959000 -0.141127000 -0.390764000
v -0.035783000 -0.136406000 -0.392190000
v -0.035165000 -0.141143000 -0.390698000
v -0.035989000 -0.136422000 -0.392125000
v -0.035364000 -0.141152000 -0.390612000
v -0.036187000 -0.136431000 -0.392038000
v -0.035552000 -0.141152000 -0.390506000
v -0.036376000 -0.136431000 -0.391932000
v -0.035729000 -0.141146000 -0.390381000
v -0.036553000 -0.136425000 -0.391807000
v -0.035892000 -0.141131000 -0.390239000
v -0.036715000 -0.136410000 -0.391665000
v -0.036039000 -0.141109000 -0.390081000
v -0.036862000 -0.136388000 -0.391508000
v -0.036168000 -0.141080000 -0.389910000
v -0.036992000 -0.136359000 -0.391336000
v -0.036278000 -0.141044000 -0.389727000
v -0.037102000 -0.136323000 -0.391153000
v -0.036368000 -0.141001000 -0.389535000
v -0.037191000 -0.136280000 -0.390961000
v -0.036436000 -0.140953000 -0.389335000
v -0.037260000 -0.136232000 -0.390761000
v -0.036482000 -0.140899000 -0.389130000
v -0.037306000 -0.136178000 -0.390557000
v -0.036505000 -0.140840000 -0.388923000
v -0.037329000 -0.136119000 -0.390349000
v -0.036505000 -0.140778000 -0.388716000
v -0.037329000 -0.136057000 -0.390142000
v -0.036482000 -0.140712000 -0.388511000
v -0.037306000 -0.135991000 -0.389937000
v -0.036436000 -0.140643000 -0.388310000
v -0.037260000 -0.135922000 -0.389737000
v -0.036368000 -0.140573000 -0.388117000
v -0.037191000 -0.135852000 -0.389544000
v -0.036278000 -0.140502000 -0.387934000
v -0.037102000 -0.135781000 -0.389360000
v -0.036168000 -0.140431000 -0.387761000
v -0.036992000 -0.135710000 -0.389188000
v -0.036039000 -0.140360000 -0.387602000
v -0.036862000 -0.135639000 -0.389029000
v -0.035892000 -0.140291000 -0.387459000
v -0.036715000 -0.135570000 -0.388885000
v -0.035729000 -0.140225000 -0.387333000
v -0.036553000 -0.135504000 -0.388759000
v -0.035552000 -0.140161000 -0.387225000
v -0.036376000 -0.135440000 -0.388651000
v -0.035364000 -0.140102000 -0.387137000
v -0.036187000 -0.135381000 -0.388563000
v -0.035165000 -0.140047000 -0.387070000
v -0.035989000 -0.135326000 -0.388496000
v -0.034959000 -0.139997000 -0.387024000
v -0.035783000 -0.135276000 -0.388451000
v -0.034749000 -0.139953000 -0.387001000
v -0.035572000 -0.135232000 -0.388427000
v -0.060013000 -0.139676000 -0.371496000
v -0.060837000 -0.134955000 -0.372923000
v -0.059800000 -0.139645000 -0.371518000
v -0.060623000 -0.134924000 -0.372944000
v -0.059589000 -0.139622000 -0.371562000
v -0.060412000 -0.134901000 -0.372988000
v -0.059383000 -0.139606000 -0.371627000
v -0.060207000 -0.134885000 -0.373053000
v -0.059185000 -0.139597000 -0.371713000
v -0.060008000 -0.134876000 -0.373140000
v -0.058996000 -0.139596000 -0.371820000
v -0.059820000 -0.134875000 -0.373246000
v -0.058819000 -0.139603000 -0.371945000
v -0.059643000 -0.134882000 -0.373371000
v -0.058656000 -0.139618000 -0.372087000
v -0.059480000 -0.134897000 -0.373513000
v -0.058510000 -0.139640000 -0.372244000
v -0.059333000 -0.134919000 -0.373671000
v -0.058380000 -0.139669000 -0.372415000
v -0.059204000 -0.134948000 -0.373842000
v -0.058270000 -0.139705000 -0.372598000
v -0.059094000 -0.134984000 -0.374025000
v -0.058180000 -0.139747000 -0.372791000
v -0.059004000 -0.135026000 -0.374217000
v -0.058112000 -0.139796000 -0.372991000
v -0.058936000 -0.135075000 -0.374417000
v -0.058066000 -0.139850000 -0.373195000
v -0.058890000 -0.135129000 -0.374622000
v -0.058043000 -0.139908000 -0.373402000
v -0.058867000 -0.135187000 -0.374829000
v -0.058043000 -0.139971000 -0.373610000
v -0.058867000 -0.135250000 -0.375036000
v -0.058066000 -0.140037000 -0.373815000
v -0.058890000 -0.135316000 -0.375241000
v -0.058112000 -0.140105000 -0.374015000
v -0.058936000 -0.135384000 -0.375441000
v -0.058180000 -0.140176000 -0.374208000
v -0.059004000 -0.135455000 -0.375634000
v -0.058270000 -0.140247000 -0.374392000
v -0.059094000 -0.135526000 -0.375818000
v -0.058380000 -0.140318000 -0.374564000
v -0.059204000 -0.135597000 -0.375991000
v -0.058510000 -0.140389000 -0.374723000
v -0.059333000 -0.135668000 -0.376149000
v -0.058656000 -0.140457000 -0.374866000
v -0.059480000 -0.135736000 -0.376293000
v -0.058819000 -0.140524000 -0.374993000
v -0.059643000 -0.135803000 -0.376419000
v -0.058996000 -0.140587000 -0.375101000
v -0.059820000 -0.135866000 -0.376527000
v -0.059185000 -0.140647000 -0.375189000
v -0.060008000 -0.135926000 -0.376615000
v -0.059383000 -0.140702000 -0.375256000
v -0.060207000 -0.135981000 -0.376682000
v -0.059589000 -0.140751000 -0.375301000
v -0.060412000 -0.136031000 -0.376728000
v -0.059800000 -0.140795000 -0.375325000
v -0.060623000 -0.136074000 -0.376751000
v -0.060013000 -0.140833000 -0.375326000
v -0.060837000 -0.136112000 -0.376752000
v -0.060226000 -0.140863000 -0.375304000
v -0.061050000 -0.136143000 -0.376730000
v -0.060437000 -0.140887000 -0.375260000
v -0.061261000 -0.136166000 -0.376687000
v -0.060643000 -0.140903000 -0.375195000
v -0.061466000 -0.136182000 -0.376621000
v -0.060841000 -0.140912000 -0.375109000
v -0.061665000 -0.136191000 -0.376535000
v -0.061030000 -0.140913000 -0.375002000
v -0.061854000 -0.136192000 -0.376429000
v -0.061207000 -0.140906000 -0.374878000
v -0.062030000 -0.136185000 -0.376304000
v -0.061370000 -0.140891000 -0.374735000
v -0.062193000 -0.136170000 -0.376162000
v -0.061517000 -0.140869000 -0.374578000
v -0.062340000 -0.136148000 -0.376004000
v -0.061646000 -0.140840000 -0.374407000
v -0.062469000 -0.136119000 -0.375833000
v -0.061756000 -0.140804000 -0.374224000
v -0.062579000 -0.136083000 -0.375650000
v -0.061846000 -0.140761000 -0.374031000
v -0.062669000 -0.136040000 -0.375457000
v -0.061914000 -0.140713000 -0.373831000
v -0.062737000 -0.135992000 -0.375258000
v -0.061960000 -0.140659000 -0.373627000
v -0.062783000 -0.135938000 -0.375053000
v -0.061983000 -0.140601000 -0.373420000
v -0.062806000 -0.135880000 -0.374846000
v -0.061983000 -0.140538000 -0.373212000
v -0.062806000 -0.135817000 -0.374639000
v -0.061960000 -0.140472000 -0.373007000
v -0.062783000 -0.135751000 -0.374434000
v -0.061914000 -0.140403000 -0.372807000
v -0.062737000 -0.135682000 -0.374233000
v -0.061846000 -0.140333000 -0.372614000
v -0.062669000 -0.135612000 -0.374040000
v -0.061756000 -0.140262000 -0.372430000
v -0.062579000 -0.135541000 -0.373856000
v -0.061646000 -0.140191000 -0.372258000
v -0.062469000 -0.135470000 -0.373684000
v -0.061517000 -0.140120000 -0.372099000
v -0.062340000 -0.135399000 -0.373525000
v -0.061370000 -0.140051000 -0.371956000
v -0.062193000 -0.135330000 -0.373382000
v -0.061207000 -0.139985000 -0.371829000
v -0.062030000 -0.135264000 -0.373256000
v -0.061030000 -0.139921000 -0.371721000
v -0.061854000 -0.135200000 -0.373148000
v -0.060841000 -0.139862000 -0.371633000
v -0.061665000 -0.135141000 -0.373060000
v -0.060643000 -0.139807000 -0.371566000
v -0.061466000 -0.135086000 -0.372993000
v -0.060437000 -0.139757000 -0.371521000
v -0.061261000 -0.135036000 -0.372947000
v -0.060226000 -0.139713000 -0.371497000
v -0.061050000 -0.134992000 -0.372924000
v -0.080994000 -0.158773000 -0.422592000
v -0.081817000 -0.154052000 -0.424018000
v -0.080780000 -0.158742000 -0.422613000
v -0.081604000 -0.154021000 -0.424040000
v -0.080570000 -0.158719000 -0.422657000
v -0.081393000 -0.153998000 -0.424083000
v -0.080364000 -0.158703000 -0.422722000
v -0.081187000 -0.153982000 -0.424149000
v -0.080165000 -0.158694000 -0.422809000
v -0.080989000 -0.153973000 -0.424235000
v -0.079977000 -0.158693000 -0.422915000
v -0.080800000 -0.153972000 -0.424341000
v -0.079800000 -0.158700000 -0.423040000
v -0.080623000 -0.153979000 -0.424466000
v -0.079637000 -0.158715000 -0.423182000
v -0.080461000 -0.153994000 -0.424608000
v -0.079490000 -0.158737000 -0.423339000
v -0.080314000 -0.154016000 -0.424766000
v -0.079361000 -0.158766000 -0.423511000
v -0.080184000 -0.154045000 -0.424937000
v -0.079251000 -0.158802000 -0.423694000
v -0.080074000 -0.154081000 -0.425120000
v -0.079161000 -0.158844000 -0.423886000
v -0.079985000 -0.154123000 -0.425312000
v -0.079093000 -0.158893000 -0.424086000
v -0.079916000 -0.154172000 -0.425512000
v -0.079047000 -0.158947000 -0.424290000
v -0.079870000 -0.154226000 -0.425717000
v -0.079024000 -0.159005000 -0.424498000
v -0.079847000 -0.154284000 -0.425924000
v -0.079024000 -0.159068000 -0.424705000
v -0.079847000 -0.154347000 -0.426131000
v -0.079047000 -0.159134000 -0.424910000
v -0.079870000 -0.154413000 -0.426336000
v -0.079093000 -0.159202000 -0.425110000
v -0.079916000 -0.154481000 -0.426537000
v -0.079161000 -0.159273000 -0.425303000
v -0.079985000 -0.154552000 -0.426730000
v -0.079251000 -0.159344000 -0.425487000
v -0.080074000 -0.154623000 -0.426913000
v -0.079361000 -0.159415000 -0.425659000
v -0.080184000 -0.154694000 -0.427086000
v -0.079490000 -0.159485000 -0.425818000
v -0.080314000 -0.154765000 -0.427245000
v -0.079637000 -0.159554000 -0.425962000
v -0.080461000 -0.154833000 -0.427388000
v -0.079800000 -0.159621000 -0.426088000
v -0.080623000 -0.154900000 -0.427514000
v -0.079977000 -0.159684000 -0.426196000
v -0.080800000 -0.154963000 -0.427622000
v -0.080165000 -0.159744000 -0.426284000
v -0.080989000 -0.155023000 -0.427710000
v -0.080364000 -0.159799000 -0.426351000
v -0.081187000 -0.155078000 -0.427777000
v -0.080570000 -0.159848000 -0.426396000
v -0.081393000 -0.155128000 -0.427823000
v -0.080780000 -0.159892000 -0.426420000
v -0.081604000 -0.155171000 -0.427846000
v -0.080994000 -0.159930000 -0.426421000
v -0.081817000 -0.155209000 -0.427847000
v -0.081207000 -0.159960000 -0.426399000
v -0.082030000 -0.155240000 -0.427826000
v -0.081418000 -0.159984000 -0.426355000
v -0.082241000 -0.155263000 -0.427782000
v -0.081624000 -0.160000000 -0.426290000
v -0.082447000 -0.155279000 -0.427716000
v -0.081822000 -0.160009000 -0.426204000
v -0.082645000 -0.155288000 -0.427630000
v -0.082011000 -0.160010000 -0.426098000
v -0.082834000 -0.155289000 -0.427524000
v -0.082188000 -0.160003000 -0.425973000
v -0.083011000 -0.155282000 -0.427399000
v -0.082350000 -0.159988000 -0.425831000
v -0.083174000 -0.155267000 -0.427257000
v -0.082497000 -0.159966000 -0.425673000
v -0.083321000 -0.155245000 -0.427099000
v -0.082626000 -0.159937000 -0.425502000
v -0.083450000 -0.155216000 -0.426928000
v -0.082737000 -0.159901000 -0.425319000
v -0.083560000 -0.155180000 -0.426745000
v -0.082826000 -0.159858000 -0.425126000
v -0.083650000 -0.155137000 -0.426553000
v -0.082894000 -0.159810000 -0.424927000
v -0.083718000 -0.155089000 -0.426353000
v -0.082940000 -0.159756000 -0.424722000
v -0.083764000 -0.155035000 -0.426148000
v -0.082963000 -0.159698000 -0.424515000
v -0.083787000 -0.154977000 -0.425941000
v -0.082963000 -0.159635000 -0.424307000
v -0.083787000 -0.154914000 -0.425734000
v -0.082940000 -0.159569000 -0.424102000
v -0.083764000 -0.154848000 -0.425529000
v -0.082894000 -0.159500000 -0.423902000
v -0.083718000 -0.154779000 -0.425329000
v -0.082826000 -0.159430000 -0.423709000
v -0.083650000 -0.154709000 -0.425135000
v -0.082737000 -0.159359000 -0.423525000
v -0.083560000 -0.154638000 -0.424952000
v -0.082626000 -0.159288000 -0.423353000
v -0.083450000 -0.154567000 -0.424779000
v -0.082497000 -0.159217000 -0.423194000
v -0.083321000 -0.154496000 -0.424620000
v -0.082350000 -0.159148000 -0.423051000
v -0.083174000 -0.154427000 -0.424477000
v -0.082188000 -0.159082000 -0.422924000
v -0.083011000 -0.154361000 -0.424351000
v -0.082011000 -0.159018000 -0.422817000
v -0.082834000 -0.154297000 -0.424243000
v -0.081822000 -0.158959000 -0.422729000
v -0.082645000 -0.154238000 -0.424155000
v -0.081624000 -0.158904000 -0.422661000
v -0.082447000 -0.154183000 -0.424088000
v -0.081418000 -0.158854000 -0.422616000
v -0.082241000 -0.154133000 -0.424042000
v -0.081207000 -0.158810000 -0.422593000
v -0.082030000 -0.154089000 -0.424019000
v -0.047291000 -0.159018000 -0.442859000
v -0.048115000 -0.154297000 -0.444286000
v -0.047078000 -0.158987000 -0.442881000
v -0.047902000 -0.154266000 -0.444307000
v -0.046867000 -0.158963000 -0.442924000
v -0.047691000 -0.154242000 -0.444351000
v -0.046662000 -0.158947000 -0.442990000
v -0.047485000 -0.154226000 -0.444416000
v -0.046463000 -0.158939000 -0.443076000
v -0.047287000 -0.154218000 -0.444502000
v -0.046274000 -0.158938000 -0.443182000
v -0.047098000 -0.154217000 -0.444609000
v -0.046098000 -0.158945000 -0.443307000
v -0.046921000 -0.154224000 -0.444734000
v -0.045935000 -0.158959000 -0.443449000
v -0.046758000 -0.154238000 -0.444876000
v -0.045788000 -0.158981000 -0.443607000
v -0.046611000 -0.154260000 -0.445033000
v -0.045659000 -0.159010000 -0.443778000
v -0.046482000 -0.154289000 -0.445204000
v -0.045549000 -0.159046000 -0.443961000
v -0.046372000 -0.154325000 -0.445387000
v -0.045459000 -0.159089000 -0.444154000
v -0.046282000 -0.154368000 -0.445580000
v -0.045391000 -0.159137000 -0.444353000
v -0.046214000 -0.154416000 -0.445780000
v -0.045345000 -0.159191000 -0.444558000
v -0.046168000 -0.154470000 -0.445984000
v -0.045322000 -0.159250000 -0.444765000
v -0.046145000 -0.154529000 -0.446192000
v -0.045322000 -0.159312000 -0.444973000
v -0.046145000 -0.154591000 -0.446399000
v -0.045345000 -0.159378000 -0.445177000
v -0.046168000 -0.154657000 -0.446604000
v -0.045391000 -0.159447000 -0.445378000
v -0.046214000 -0.154726000 -0.446804000
v -0.045459000 -0.159517000 -0.445571000
v -0.046282000 -0.154796000 -0.446997000
v -0.045549000 -0.159588000 -0.445755000
v -0.046372000 -0.154867000 -0.447181000
v -0.045659000 -0.159660000 -0.445927000
v -0.046482000 -0.154939000 -0.447353000
v -0.045788000 -0.159730000 -0.446086000
v -0.046611000 -0.155009000 -0.447512000
v -0.045935000 -0.159799000 -0.446229000
v -0.046758000 -0.155078000 -0.447655000
v -0.046098000 -0.159866000 -0.446356000
v -0.046921000 -0.155145000 -0.447782000
v -0.046274000 -0.159929000 -0.446463000
v -0.047098000 -0.155208000 -0.447890000
v -0.046463000 -0.159989000 -0.446551000
v -0.047287000 -0.155268000 -0.447978000
v -0.046662000 -0.160043000 -0.446618000
v -0.047485000 -0.155322000 -0.448045000
v -0.046867000 -0.160093000 -0.446664000
v -0.047691000 -0.155372000 -0.448090000
v -0.047078000 -0.160137000 -0.446687000
v -0.047902000 -0.155416000 -0.448114000
v -0.047291000 -0.160174000 -0.446688000
v -0.048115000 -0.155453000 -0.448115000
v -0.047505000 -0.160205000 -0.446667000
v -0.048328000 -0.155484000 -0.448093000
v -0.047716000 -0.160229000 -0.446623000
v -0.048539000 -0.155508000 -0.448049000
v -0.047921000 -0.160245000 -0.446558000
v -0.048745000 -0.155524000 -0.447984000
v -0.048120000 -0.160253000 -0.446471000
v -0.048943000 -0.155532000 -0.447898000
v -0.048308000 -0.160254000 -0.446365000
v -0.049132000 -0.155533000 -0.447791000
v -0.048485000 -0.160247000 -0.446240000
v -0.049309000 -0.155526000 -0.447667000
v -0.048648000 -0.160233000 -0.446098000
v -0.049472000 -0.155512000 -0.447524000
v -0.048795000 -0.160211000 -0.445941000
v -0.049618000 -0.155490000 -0.447367000
v -0.048924000 -0.160182000 -0.445769000
v -0.049748000 -0.155461000 -0.447196000
v -0.049034000 -0.160145000 -0.445586000
v -0.049858000 -0.155425000 -0.447013000
v -0.049124000 -0.160103000 -0.445394000
v -0.049948000 -0.155382000 -0.446820000
v -0.049192000 -0.160055000 -0.445194000
v -0.050016000 -0.155334000 -0.446620000
v -0.049238000 -0.160001000 -0.444989000
v -0.050062000 -0.155280000 -0.446416000
v -0.049261000 -0.159942000 -0.444782000
v -0.050085000 -0.155221000 -0.446209000
v -0.049261000 -0.159879000 -0.444575000
v -0.050085000 -0.155159000 -0.446001000
v -0.049238000 -0.159814000 -0.444370000
v -0.050062000 -0.155093000 -0.445796000
v -0.049192000 -0.159745000 -0.444170000
v -0.050016000 -0.155024000 -0.445596000
v -0.049124000 -0.159675000 -0.443977000
v -0.049948000 -0.154954000 -0.445403000
v -0.049034000 -0.159604000 -0.443793000
v -0.049858000 -0.154883000 -0.445219000
v -0.048924000 -0.159532000 -0.443620000
v -0.049748000 -0.154811000 -0.445047000
v -0.048795000 -0.159462000 -0.443462000
v -0.049618000 -0.154741000 -0.444888000
v -0.048648000 -0.159393000 -0.443318000
v -0.049472000 -0.154672000 -0.444745000
v -0.048485000 -0.159326000 -0.443192000
v -0.049309000 -0.154605000 -0.444618000
v -0.048308000 -0.159263000 -0.443084000
v -0.049132000 -0.154542000 -0.444510000
v -0.048120000 -0.159203000 -0.442996000
v -0.048943000 -0.154482000 -0.444422000
v -0.047921000 -0.159148000 -0.442929000
v -0.048745000 -0.154427000 -0.444355000
v -0.047716000 -0.159099000 -0.442883000
v -0.048539000 -0.154378000 -0.444310000
v -0.047505000 -0.159055000 -0.442860000
v -0.048328000 -0.154334000 -0.444286000
v -0.011330000 -0.159132000 -0.464001000
v -0.012154000 -0.154411000 -0.465427000
v -0.011117000 -0.159101000 -0.464022000
v -0.011941000 -0.154380000 -0.465449000
v -0.010906000 -0.159078000 -0.464066000
v -0.011730000 -0.154357000 -0.465492000
v -0.010700000 -0.159062000 -0.464131000
v -0.011524000 -0.154341000 -0.465558000
v -0.010502000 -0.159053000 -0.464218000
v -0.011325000 -0.154332000 -0.465644000
v -0.010313000 -0.159052000 -0.464324000
v -0.011137000 -0.154331000 -0.465750000
v -0.010136000 -0.159059000 -0.464449000
v -0.010960000 -0.154338000 -0.465875000
v -0.009974000 -0.159074000 -0.464591000
v -0.010797000 -0.154353000 -0.466017000
v -0.009827000 -0.159096000 -0.464748000
v -0.010650000 -0.154375000 -0.466175000
v -0.009698000 -0.159125000 -0.464920000
v -0.010521000 -0.154404000 -0.466346000
v -0.009587000 -0.159161000 -0.465103000
v -0.010411000 -0.154440000 -0.466529000
v -0.009498000 -0.159204000 -0.465295000
v -0.010321000 -0.154483000 -0.466722000
v -0.009430000 -0.159252000 -0.465495000
v -0.010253000 -0.154531000 -0.466921000
v -0.009384000 -0.159306000 -0.465700000
v -0.010207000 -0.154585000 -0.467126000
v -0.009361000 -0.159364000 -0.465907000
v -0.010184000 -0.154643000 -0.467333000
v -0.009361000 -0.159427000 -0.466114000
v -0.010184000 -0.154706000 -0.467540000
v -0.009384000 -0.159493000 -0.466319000
v -0.010207000 -0.154772000 -0.467745000
v -0.009430000 -0.159561000 -0.466519000
v -0.010253000 -0.154841000 -0.467946000
v -0.009498000 -0.159632000 -0.466712000
v -0.010321000 -0.154911000 -0.468139000
v -0.009587000 -0.159703000 -0.466896000
v -0.010411000 -0.154982000 -0.468323000
v -0.009698000 -0.159774000 -0.467069000
v -0.010521000 -0.155053000 -0.468495000
v -0.009827000 -0.159845000 -0.467227000
v -0.010650000 -0.155124000 -0.468654000
v -0.009974000 -0.159914000 -0.467371000
v -0.010797000 -0.155193000 -0.468797000
v -0.010136000 -0.159980000 -0.467497000
v -0.010960000 -0.155259000 -0.468923000
v -0.010313000 -0.160044000 -0.467605000
v -0.011137000 -0.155323000 -0.469031000
v -0.010502000 -0.160103000 -0.467693000
v -0.011325000 -0.155382000 -0.469119000
v -0.010700000 -0.160158000 -0.467760000
v -0.011524000 -0.155437000 -0.469186000
v -0.010906000 -0.160208000 -0.467806000
v -0.011730000 -0.155487000 -0.469232000
v -0.011117000 -0.160252000 -0.467829000
v -0.011941000 -0.155531000 -0.469255000
v -0.011330000 -0.160289000 -0.467830000
v -0.012154000 -0.155568000 -0.469256000
v -0.011544000 -0.160320000 -0.467808000
v -0.012367000 -0.155599000 -0.469235000
v -0.011754000 -0.160343000 -0.467765000
v -0.012578000 -0.155622000 -0.469191000
v -0.011960000 -0.160359000 -0.467699000
v -0.012784000 -0.155638000 -0.469126000
v -0.012159000 -0.160368000 -0.467613000
v -0.012982000 -0.155647000 -0.469039000
v -0.012347000 -0.160369000 -0.467507000
v -0.013171000 -0.155648000 -0.468933000
v -0.012524000 -0.160362000 -0.467382000
v -0.013348000 -0.155641000 -0.468808000
v -0.012687000 -0.160347000 -0.467240000
v -0.013510000 -0.155626000 -0.468666000
v -0.012834000 -0.160325000 -0.467082000
v -0.013657000 -0.155604000 -0.468508000
v -0.012963000 -0.160296000 -0.466911000
v -0.013787000 -0.155575000 -0.468337000
v -0.013073000 -0.160260000 -0.466728000
v -0.013897000 -0.155539000 -0.468154000
v -0.013163000 -0.160218000 -0.466535000
v -0.013986000 -0.155497000 -0.467962000
v -0.013231000 -0.160169000 -0.466336000
v -0.014055000 -0.155448000 -0.467762000
v -0.013277000 -0.160115000 -0.466131000
v -0.014100000 -0.155394000 -0.467557000
v -0.013300000 -0.160057000 -0.465924000
v -0.014124000 -0.155336000 -0.467350000
v -0.013300000 -0.159994000 -0.465717000
v -0.014124000 -0.155273000 -0.467143000
v -0.013277000 -0.159928000 -0.465512000
v -0.014100000 -0.155207000 -0.466938000
v -0.013231000 -0.159860000 -0.465311000
v -0.014055000 -0.155139000 -0.466738000
v -0.013163000 -0.159789000 -0.465118000
v -0.013986000 -0.155068000 -0.466545000
v -0.013073000 -0.159718000 -0.464934000
v -0.013897000 -0.154997000 -0.466361000
v -0.012963000 -0.159647000 -0.464762000
v -0.013787000 -0.154926000 -0.466188000
v -0.012834000 -0.159576000 -0.464603000
v -0.013657000 -0.154855000 -0.466030000
v -0.012687000 -0.159507000 -0.464460000
v -0.013510000 -0.154787000 -0.465886000
v -0.012524000 -0.159441000 -0.464334000
v -0.013348000 -0.154720000 -0.465760000
v -0.012347000 -0.159377000 -0.464226000
v -0.013171000 -0.154657000 -0.465652000
v -0.012159000 -0.159318000 -0.464138000
v -0.012982000 -0.154597000 -0.465564000
v -0.011960000 -0.159263000 -0.464071000
v -0.012784000 -0.154542000 -0.465497000
v -0.011754000 -0.159213000 -0.464025000
v -0.012578000 -0.154492000 -0.465451000
v -0.011544000 -0.159170000 -0.464002000
v -0.012367000 -0.154449000 -0.465428000
v -0.095983000 -0.140106000 -0.352152000
v -0.096807000 -0.135385000 -0.353579000
v -0.095770000 -0.140075000 -0.352174000
v -0.096594000 -0.135354000 -0.353600000
v -0.095559000 -0.140052000 -0.352217000
v -0.096383000 -0.135331000 -0.353644000
v -0.095354000 -0.140036000 -0.352283000
v -0.096177000 -0.135315000 -0.353709000
v -0.095155000 -0.140027000 -0.352369000
v -0.095979000 -0.135306000 -0.353796000
v -0.094966000 -0.140026000 -0.352475000
v -0.095790000 -0.135305000 -0.353902000
v -0.094790000 -0.140033000 -0.352600000
v -0.095613000 -0.135312000 -0.354027000
v -0.094627000 -0.140048000 -0.352742000
v -0.095450000 -0.135327000 -0.354169000
v -0.094480000 -0.140070000 -0.352900000
v -0.095303000 -0.135349000 -0.354326000
v -0.094351000 -0.140099000 -0.353071000
v -0.095174000 -0.135378000 -0.354498000
v -0.094241000 -0.140135000 -0.353254000
v -0.095064000 -0.135414000 -0.354680000
v -0.094151000 -0.140177000 -0.353447000
v -0.094974000 -0.135456000 -0.354873000
v -0.094083000 -0.140226000 -0.353646000
v -0.094906000 -0.135505000 -0.355073000
v -0.094037000 -0.140280000 -0.353851000
v -0.094860000 -0.135559000 -0.355277000
v -0.094014000 -0.140338000 -0.354058000
v -0.094837000 -0.135617000 -0.355485000
v -0.094014000 -0.140401000 -0.354266000
v -0.094837000 -0.135680000 -0.355692000
v -0.094037000 -0.140467000 -0.354471000
v -0.094860000 -0.135746000 -0.355897000
v -0.094083000 -0.140535000 -0.354671000
v -0.094906000 -0.135814000 -0.356097000
v -0.094151000 -0.140606000 -0.354864000
v -0.094974000 -0.135885000 -0.356290000
v -0.094241000 -0.140677000 -0.355048000
v -0.095064000 -0.135956000 -0.356474000
v -0.094351000 -0.140748000 -0.355220000
v -0.095174000 -0.136027000 -0.356646000
v -0.094480000 -0.140819000 -0.355379000
v -0.095303000 -0.136098000 -0.356805000
v -0.094627000 -0.140887000 -0.355522000
v -0.095450000 -0.136167000 -0.356949000
v -0.094790000 -0.140954000 -0.355649000
v -0.095613000 -0.136233000 -0.357075000
v -0.094966000 -0.141017000 -0.355756000
v -0.095790000 -0.136296000 -0.357183000
v -0.095155000 -0.141077000 -0.355844000
v -0.095979000 -0.136356000 -0.357271000
v -0.095354000 -0.141132000 -0.355911000
v -0.096177000 -0.136411000 -0.357338000
v -0.095559000 -0.141181000 -0.355957000
v -0.096383000 -0.136461000 -0.357383000
v -0.095770000 -0.141225000 -0.355980000
v -0.096594000 -0.136504000 -0.357407000
v -0.095983000 -0.141263000 -0.355981000
v -0.096807000 -0.136542000 -0.357408000
v -0.096197000 -0.141293000 -0.355960000
v -0.097020000 -0.136573000 -0.357386000
v -0.096407000 -0.141317000 -0.355916000
v -0.097231000 -0.136596000 -0.357342000
v -0.096613000 -0.141333000 -0.355851000
v -0.097437000 -0.136612000 -0.357277000
v -0.096812000 -0.141342000 -0.355764000
v -0.097635000 -0.136621000 -0.357191000
v -0.097000000 -0.141343000 -0.355658000
v -0.097824000 -0.136622000 -0.357084000
v -0.097177000 -0.141336000 -0.355533000
v -0.098001000 -0.136615000 -0.356960000
v -0.097340000 -0.141321000 -0.355391000
v -0.098164000 -0.136600000 -0.356818000
v -0.097487000 -0.141299000 -0.355234000
v -0.098310000 -0.136578000 -0.356660000
v -0.097616000 -0.141270000 -0.355062000
v -0.098440000 -0.136549000 -0.356489000
v -0.097726000 -0.141234000 -0.354879000
v -0.098550000 -0.136513000 -0.356306000
v -0.097816000 -0.141191000 -0.354687000
v -0.098639000 -0.136470000 -0.356113000
v -0.097884000 -0.141143000 -0.354487000
v -0.098708000 -0.136422000 -0.355913000
v -0.097930000 -0.141089000 -0.354282000
v -0.098754000 -0.136368000 -0.355709000
v -0.097953000 -0.141031000 -0.354075000
v -0.098777000 -0.136310000 -0.355502000
v -0.097953000 -0.140968000 -0.353868000
v -0.098777000 -0.136247000 -0.355294000
v -0.097930000 -0.140902000 -0.353663000
v -0.098754000 -0.136181000 -0.355089000
v -0.097884000 -0.140833000 -0.353463000
v -0.098708000 -0.136112000 -0.354889000
v -0.097816000 -0.140763000 -0.353270000
v -0.098639000 -0.136042000 -0.354696000
v -0.097726000 -0.140692000 -0.353086000
v -0.098550000 -0.135971000 -0.354512000
v -0.097616000 -0.140621000 -0.352913000
v -0.098440000 -0.135900000 -0.354340000
v -0.097487000 -0.140550000 -0.352755000
v -0.098310000 -0.135829000 -0.354181000
v -0.097340000 -0.140481000 -0.352611000
v -0.098164000 -0.135760000 -0.354038000
v -0.097177000 -0.140415000 -0.352485000
v -0.098001000 -0.135694000 -0.353911000
v -0.097000000 -0.140351000 -0.352377000
v -0.097824000 -0.135630000 -0.353804000
v -0.096812000 -0.140292000 -0.352289000
v -0.097635000 -0.135571000 -0.353716000
v -0.096613000 -0.140237000 -0.352222000
v -0.097437000 -0.135516000 -0.353648000
v -0.096407000 -0.140187000 -0.352177000
v -0.097231000 -0.135466000 -0.353603000
v -0.096197000 -0.140143000 -0.352153000
v -0.097020000 -0.135422000 -0.353579000
v -0.121839000 -0.139862000 -0.336416000
v -0.122662000 -0.135141000 -0.337843000
v -0.121625000 -0.139831000 -0.336438000
v -0.122449000 -0.135110000 -0.337864000
v -0.121415000 -0.139807000 -0.336481000
v -0.122238000 -0.135086000 -0.337908000
v -0.121209000 -0.139791000 -0.336547000
v -0.122032000 -0.135070000 -0.337973000
v -0.121010000 -0.139783000 -0.336633000
v -0.121834000 -0.135062000 -0.338059000
v -0.120822000 -0.139782000 -0.336739000
v -0.121645000 -0.135061000 -0.338166000
v -0.120645000 -0.139789000 -0.336864000
v -0.121468000 -0.135068000 -0.338291000
v -0.120482000 -0.139803000 -0.337006000
v -0.121306000 -0.135082000 -0.338433000
v -0.120335000 -0.139825000 -0.337164000
v -0.121159000 -0.135104000 -0.338590000
v -0.120206000 -0.139854000 -0.337335000
v -0.121029000 -0.135134000 -0.338762000
v -0.120096000 -0.139891000 -0.337518000
v -0.120919000 -0.135170000 -0.338944000
v -0.120006000 -0.139933000 -0.337711000
v -0.120830000 -0.135212000 -0.339137000
v -0.119938000 -0.139982000 -0.337910000
v -0.120761000 -0.135261000 -0.339337000
v -0.119892000 -0.140035000 -0.338115000
v -0.120715000 -0.135314000 -0.339541000
v -0.119869000 -0.140094000 -0.338322000
v -0.120692000 -0.135373000 -0.339749000
v -0.119869000 -0.140157000 -0.338529000
v -0.120692000 -0.135436000 -0.339956000
v -0.119892000 -0.140223000 -0.338734000
v -0.120715000 -0.135502000 -0.340161000
v -0.119938000 -0.140291000 -0.338935000
v -0.120761000 -0.135570000 -0.340361000
v -0.120006000 -0.140361000 -0.339128000
v -0.120830000 -0.135640000 -0.340554000
v -0.120096000 -0.140432000 -0.339312000
v -0.120919000 -0.135711000 -0.340738000
v -0.120206000 -0.140504000 -0.339484000
v -0.121029000 -0.135783000 -0.340910000
v -0.120335000 -0.140574000 -0.339643000
v -0.121159000 -0.135853000 -0.341069000
v -0.120482000 -0.140643000 -0.339786000
v -0.121306000 -0.135922000 -0.341213000
v -0.120645000 -0.140710000 -0.339913000
v -0.121468000 -0.135989000 -0.341339000
v -0.120822000 -0.140773000 -0.340020000
v -0.121645000 -0.136052000 -0.341447000
v -0.121010000 -0.140833000 -0.340108000
v -0.121834000 -0.136112000 -0.341535000
v -0.121209000 -0.140888000 -0.340175000
v -0.122032000 -0.136167000 -0.341602000
v -0.121415000 -0.140937000 -0.340221000
v -0.122238000 -0.136216000 -0.341647000
v -0.121625000 -0.140981000 -0.340244000
v -0.122449000 -0.136260000 -0.341671000
v -0.121839000 -0.141019000 -0.340245000
v -0.122662000 -0.136298000 -0.341672000
v -0.122052000 -0.141049000 -0.340224000
v -0.122875000 -0.136328000 -0.341650000
v -0.122263000 -0.141073000 -0.340180000
v -0.123086000 -0.136352000 -0.341606000
v -0.122469000 -0.141089000 -0.340115000
v -0.123292000 -0.136368000 -0.341541000
v -0.122667000 -0.141097000 -0.340028000
v -0.123490000 -0.136377000 -0.341455000
v -0.122856000 -0.141098000 -0.339922000
v -0.123679000 -0.136377000 -0.341348000
v -0.123032000 -0.141091000 -0.339797000
v -0.123856000 -0.136370000 -0.341224000
v -0.123195000 -0.141077000 -0.339655000
v -0.124019000 -0.136356000 -0.341081000
v -0.123342000 -0.141055000 -0.339498000
v -0.124166000 -0.136334000 -0.340924000
v -0.123471000 -0.141026000 -0.339326000
v -0.124295000 -0.136305000 -0.340753000
v -0.123582000 -0.140990000 -0.339143000
v -0.124405000 -0.136269000 -0.340570000
v -0.123671000 -0.140947000 -0.338951000
v -0.124495000 -0.136226000 -0.340377000
v -0.123739000 -0.140899000 -0.338751000
v -0.124563000 -0.136178000 -0.340177000
v -0.123785000 -0.140845000 -0.338546000
v -0.124609000 -0.136124000 -0.339973000
v -0.123808000 -0.140786000 -0.338339000
v -0.124632000 -0.136065000 -0.339766000
v -0.123808000 -0.140724000 -0.338132000
v -0.124632000 -0.136003000 -0.339558000
v -0.123785000 -0.140658000 -0.337927000
v -0.124609000 -0.135937000 -0.339353000
v -0.123739000 -0.140589000 -0.337727000
v -0.124563000 -0.135868000 -0.339153000
v -0.123671000 -0.140519000 -0.337534000
v -0.124495000 -0.135798000 -0.338960000
v -0.123582000 -0.140448000 -0.337350000
v -0.124405000 -0.135727000 -0.338776000
v -0.123471000 -0.140376000 -0.337177000
v -0.124295000 -0.135656000 -0.338604000
v -0.123342000 -0.140306000 -0.337019000
v -0.124166000 -0.135585000 -0.338445000
v -0.123195000 -0.140237000 -0.336875000
v -0.124019000 -0.135516000 -0.338302000
v -0.123032000 -0.140170000 -0.336749000
v -0.123856000 -0.135449000 -0.338175000
v -0.122856000 -0.140107000 -0.336641000
v -0.123679000 -0.135386000 -0.338067000
v -0.122667000 -0.140048000 -0.336553000
v -0.123490000 -0.135327000 -0.337979000
v -0.122469000 -0.139993000 -0.336486000
v -0.123292000 -0.135272000 -0.337912000
v -0.122263000 -0.139943000 -0.336440000
v -0.123086000 -0.135222000 -0.337867000
v -0.122052000 -0.139899000 -0.336417000
v -0.122875000 -0.135178000 -0.337843000
v -0.162696000 -0.158979000 -0.376102000
v -0.163520000 -0.154258000 -0.377528000
v -0.162483000 -0.158948000 -0.376124000
v -0.163307000 -0.154227000 -0.377550000
v -0.162272000 -0.158925000 -0.376167000
v -0.163096000 -0.154204000 -0.377594000
v -0.162067000 -0.158908000 -0.376233000
v -0.162890000 -0.154187000 -0.377659000
v -0.161868000 -0.158900000 -0.376319000
v -0.162692000 -0.154179000 -0.377745000
v -0.161679000 -0.158899000 -0.376425000
v -0.162503000 -0.154178000 -0.377852000
v -0.161503000 -0.158906000 -0.376550000
v -0.162326000 -0.154185000 -0.377976000
v -0.161340000 -0.158920000 -0.376692000
v -0.162163000 -0.154199000 -0.378118000
v -0.161193000 -0.158942000 -0.376850000
v -0.162016000 -0.154221000 -0.378276000
v -0.161064000 -0.158972000 -0.377021000
v -0.161887000 -0.154251000 -0.378447000
v -0.160954000 -0.159008000 -0.377204000
v -0.161777000 -0.154287000 -0.378630000
v -0.160864000 -0.159050000 -0.377396000
v -0.161687000 -0.154329000 -0.378823000
v -0.160796000 -0.159099000 -0.377596000
v -0.161619000 -0.154378000 -0.379023000
v -0.160750000 -0.159152000 -0.377801000
v -0.161573000 -0.154432000 -0.379227000
v -0.160727000 -0.159211000 -0.378008000
v -0.161550000 -0.154490000 -0.379434000
v -0.160727000 -0.159274000 -0.378215000
v -0.161550000 -0.154553000 -0.379642000
v -0.160750000 -0.159340000 -0.378420000
v -0.161573000 -0.154619000 -0.379847000
v -0.160796000 -0.159408000 -0.378621000
v -0.161619000 -0.154687000 -0.380047000
v -0.160864000 -0.159478000 -0.378814000
v -0.161687000 -0.154757000 -0.380240000
v -0.160954000 -0.159550000 -0.378998000
v -0.161777000 -0.154829000 -0.380424000
v -0.161064000 -0.159621000 -0.379170000
v -0.161887000 -0.154900000 -0.380596000
v -0.161193000 -0.159691000 -0.379329000
v -0.162016000 -0.154970000 -0.380755000
v -0.161340000 -0.159760000 -0.379472000
v -0.162163000 -0.155039000 -0.380898000
v -0.161503000 -0.159827000 -0.379598000
v -0.162326000 -0.155106000 -0.381025000
v -0.161679000 -0.159890000 -0.379706000
v -0.162503000 -0.155169000 -0.381132000
v -0.161868000 -0.159950000 -0.379794000
v -0.162692000 -0.155229000 -0.381220000
v -0.162067000 -0.160005000 -0.379861000
v -0.162890000 -0.155284000 -0.381288000
v -0.162272000 -0.160054000 -0.379907000
v -0.163096000 -0.155333000 -0.381333000
v -0.162483000 -0.160098000 -0.379930000
v -0.163307000 -0.155377000 -0.381357000
v -0.162696000 -0.160136000 -0.379931000
v -0.163520000 -0.155415000 -0.381357000
v -0.162910000 -0.160166000 -0.379910000
v -0.163733000 -0.155445000 -0.381336000
v -0.163121000 -0.160190000 -0.379866000
v -0.163944000 -0.155469000 -0.381292000
v -0.163326000 -0.160206000 -0.379800000
v -0.164150000 -0.155485000 -0.381227000
v -0.163525000 -0.160215000 -0.379714000
v -0.164348000 -0.155494000 -0.381140000
v -0.163713000 -0.160215000 -0.379608000
v -0.164537000 -0.155494000 -0.381034000
v -0.163890000 -0.160209000 -0.379483000
v -0.164714000 -0.155488000 -0.380909000
v -0.164053000 -0.160194000 -0.379341000
v -0.164877000 -0.155473000 -0.380767000
v -0.164200000 -0.160172000 -0.379183000
v -0.165023000 -0.155451000 -0.380610000
v -0.164329000 -0.160143000 -0.379012000
v -0.165153000 -0.155422000 -0.380438000
v -0.164439000 -0.160107000 -0.378829000
v -0.165263000 -0.155386000 -0.380256000
v -0.164529000 -0.160064000 -0.378637000
v -0.165353000 -0.155343000 -0.380063000
v -0.164597000 -0.160016000 -0.378437000
v -0.165421000 -0.155295000 -0.379863000
v -0.164643000 -0.159962000 -0.378232000
v -0.165467000 -0.155241000 -0.379659000
v -0.164666000 -0.159903000 -0.378025000
v -0.165490000 -0.155182000 -0.379451000
v -0.164666000 -0.159841000 -0.377818000
v -0.165490000 -0.155120000 -0.379244000
v -0.164643000 -0.159775000 -0.377613000
v -0.165467000 -0.155054000 -0.379039000
v -0.164597000 -0.159706000 -0.377413000
v -0.165421000 -0.154985000 -0.378839000
v -0.164529000 -0.159636000 -0.377219000
v -0.165353000 -0.154915000 -0.378646000
v -0.164439000 -0.159565000 -0.377036000
v -0.165263000 -0.154844000 -0.378462000
v -0.164329000 -0.159494000 -0.376863000
v -0.165153000 -0.154773000 -0.378290000
v -0.164200000 -0.159423000 -0.376705000
v -0.165023000 -0.154702000 -0.378131000
v -0.164053000 -0.159354000 -0.376561000
v -0.164877000 -0.154633000 -0.377987000
v -0.163890000 -0.159288000 -0.376435000
v -0.164714000 -0.154567000 -0.377861000
v -0.163713000 -0.159224000 -0.376327000
v -0.164537000 -0.154503000 -0.377753000
v -0.163525000 -0.159165000 -0.376239000
v -0.164348000 -0.154444000 -0.377665000
v -0.163326000 -0.159110000 -0.376172000
v -0.164150000 -0.154389000 -0.377598000
v -0.163121000 -0.159060000 -0.376126000
v -0.163944000 -0.154339000 -0.377553000
v -0.162910000 -0.159016000 -0.376103000
v -0.163733000 -0.154295000 -0.377529000
v -0.128649000 -0.158873000 -0.395408000
v -0.129472000 -0.154152000 -0.396834000
v -0.128436000 -0.158842000 -0.395429000
v -0.129259000 -0.154121000 -0.396855000
v -0.128225000 -0.158818000 -0.395473000
v -0.129048000 -0.154097000 -0.396899000
v -0.128019000 -0.158802000 -0.395538000
v -0.128843000 -0.154081000 -0.396965000
v -0.127821000 -0.158794000 -0.395625000
v -0.128644000 -0.154073000 -0.397051000
v -0.127632000 -0.158793000 -0.395731000
v -0.128455000 -0.154072000 -0.397157000
v -0.127455000 -0.158800000 -0.395856000
v -0.128279000 -0.154079000 -0.397282000
v -0.127292000 -0.158814000 -0.395998000
v -0.128116000 -0.154093000 -0.397424000
v -0.127145000 -0.158836000 -0.396155000
v -0.127969000 -0.154115000 -0.397582000
v -0.127016000 -0.158865000 -0.396327000
v -0.127840000 -0.154144000 -0.397753000
v -0.126906000 -0.158901000 -0.396509000
v -0.127730000 -0.154180000 -0.397936000
v -0.126816000 -0.158944000 -0.396702000
v -0.127640000 -0.154223000 -0.398128000
v -0.126748000 -0.158992000 -0.396902000
v -0.127572000 -0.154271000 -0.398328000
v -0.126702000 -0.159046000 -0.397106000
v -0.127526000 -0.154325000 -0.398533000
v -0.126679000 -0.159105000 -0.397314000
v -0.127503000 -0.154384000 -0.398740000
v -0.126679000 -0.159167000 -0.397521000
v -0.127503000 -0.154446000 -0.398947000
v -0.126702000 -0.159233000 -0.397726000
v -0.127526000 -0.154512000 -0.399152000
v -0.126748000 -0.159302000 -0.397926000
v -0.127572000 -0.154581000 -0.399352000
v -0.126816000 -0.159372000 -0.398119000
v -0.127640000 -0.154651000 -0.399546000
v -0.126906000 -0.159443000 -0.398303000
v -0.127730000 -0.154722000 -0.399729000
v -0.127016000 -0.159515000 -0.398475000
v -0.127840000 -0.154794000 -0.399902000
v -0.127145000 -0.159585000 -0.398634000
v -0.127969000 -0.154864000 -0.400060000
v -0.127292000 -0.159654000 -0.398778000
v -0.128116000 -0.154933000 -0.400204000
v -0.127455000 -0.159721000 -0.398904000
v -0.128279000 -0.155000000 -0.400330000
v -0.127632000 -0.159784000 -0.399012000
v -0.128455000 -0.155063000 -0.400438000
v -0.127821000 -0.159844000 -0.399100000
v -0.128644000 -0.155123000 -0.400526000
v -0.128019000 -0.159898000 -0.399167000
v -0.128843000 -0.155177000 -0.400593000
v -0.128225000 -0.159948000 -0.399212000
v -0.129048000 -0.155227000 -0.400639000
v -0.128436000 -0.159992000 -0.399236000
v -0.129259000 -0.155271000 -0.400662000
v -0.128649000 -0.160029000 -0.399237000
v -0.129472000 -0.155308000 -0.400663000
v -0.128862000 -0.160060000 -0.399215000
v -0.129686000 -0.155339000 -0.400641000
v -0.129073000 -0.160084000 -0.399171000
v -0.129897000 -0.155363000 -0.400598000
v -0.129279000 -0.160100000 -0.399106000
v -0.130102000 -0.155379000 -0.400532000
v -0.129477000 -0.160108000 -0.399020000
v -0.130301000 -0.155387000 -0.400446000
v -0.129666000 -0.160109000 -0.398913000
v -0.130489000 -0.155388000 -0.400340000
v -0.129843000 -0.160102000 -0.398789000
v -0.130666000 -0.155381000 -0.400215000
v -0.130006000 -0.160088000 -0.398647000
v -0.130829000 -0.155367000 -0.400073000
v -0.130152000 -0.160066000 -0.398489000
v -0.130976000 -0.155345000 -0.399915000
v -0.130282000 -0.160037000 -0.398318000
v -0.131105000 -0.155316000 -0.399744000
v -0.130392000 -0.160000000 -0.398135000
v -0.131215000 -0.155280000 -0.399561000
v -0.130482000 -0.159958000 -0.397942000
v -0.131305000 -0.155237000 -0.399369000
v -0.130550000 -0.159910000 -0.397742000
v -0.131373000 -0.155189000 -0.399169000
v -0.130596000 -0.159856000 -0.397538000
v -0.131419000 -0.155135000 -0.398964000
v -0.130619000 -0.159797000 -0.397331000
v -0.131442000 -0.155076000 -0.398757000
v -0.130619000 -0.159735000 -0.397123000
v -0.131442000 -0.155014000 -0.398550000
v -0.130596000 -0.159669000 -0.396918000
v -0.131419000 -0.154948000 -0.398345000
v -0.130550000 -0.159600000 -0.396718000
v -0.131373000 -0.154879000 -0.398144000
v -0.130482000 -0.159530000 -0.396525000
v -0.131305000 -0.154809000 -0.397951000
v -0.130392000 -0.159459000 -0.396341000
v -0.131215000 -0.154738000 -0.397767000
v -0.130282000 -0.159387000 -0.396169000
v -0.131105000 -0.154666000 -0.397595000
v -0.130152000 -0.159317000 -0.396010000
v -0.130976000 -0.154596000 -0.397436000
v -0.130006000 -0.159248000 -0.395867000
v -0.130829000 -0.154527000 -0.397293000
v -0.129843000 -0.159181000 -0.395740000
v -0.130666000 -0.154460000 -0.397167000
v -0.129666000 -0.159118000 -0.395632000
v -0.130489000 -0.154397000 -0.397059000
v -0.129477000 -0.159058000 -0.395544000
v -0.130301000 -0.154337000 -0.396971000
v -0.129279000 -0.159003000 -0.395477000
v -0.130102000 -0.154283000 -0.396904000
v -0.129073000 -0.158954000 -0.395432000
v -0.129897000 -0.154233000 -0.396858000
v -0.128862000 -0.158910000 -0.395408000
v -0.129686000 -0.154189000 -0.396835000
v -0.199292000 -0.158896000 -0.354700000
v -0.200116000 -0.154175000 -0.356126000
v -0.199079000 -0.158865000 -0.354722000
v -0.199902000 -0.154145000 -0.356148000
v -0.198868000 -0.158842000 -0.354765000
v -0.199691000 -0.154121000 -0.356192000
v -0.198662000 -0.158826000 -0.354831000
v -0.199486000 -0.154105000 -0.356257000
v -0.198464000 -0.158817000 -0.354917000
v -0.199287000 -0.154096000 -0.356343000
v -0.198275000 -0.158816000 -0.355023000
v -0.199098000 -0.154095000 -0.356450000
v -0.198098000 -0.158823000 -0.355148000
v -0.198922000 -0.154102000 -0.356574000
v -0.197935000 -0.158838000 -0.355290000
v -0.198759000 -0.154117000 -0.356717000
v -0.197789000 -0.158860000 -0.355448000
v -0.198612000 -0.154139000 -0.356874000
v -0.197659000 -0.158889000 -0.355619000
v -0.198483000 -0.154168000 -0.357045000
v -0.197549000 -0.158925000 -0.355802000
v -0.198373000 -0.154204000 -0.357228000
v -0.197459000 -0.158968000 -0.355994000
v -0.198283000 -0.154247000 -0.357421000
v -0.197391000 -0.159016000 -0.356194000
v -0.198215000 -0.154295000 -0.357621000
v -0.197345000 -0.159070000 -0.356399000
v -0.198169000 -0.154349000 -0.357825000
v -0.197322000 -0.159128000 -0.356606000
v -0.198146000 -0.154407000 -0.358032000
v -0.197322000 -0.159191000 -0.356813000
v -0.198146000 -0.154470000 -0.358240000
v -0.197345000 -0.159257000 -0.357018000
v -0.198169000 -0.154536000 -0.358445000
v -0.197391000 -0.159326000 -0.357219000
v -0.198215000 -0.154605000 -0.358645000
v -0.197459000 -0.159396000 -0.357412000
v -0.198283000 -0.154675000 -0.358838000
v -0.197549000 -0.159467000 -0.357596000
v -0.198373000 -0.154746000 -0.359022000
v -0.197659000 -0.159538000 -0.357768000
v -0.198483000 -0.154817000 -0.359194000
v -0.197789000 -0.159609000 -0.357927000
v -0.198612000 -0.154888000 -0.359353000
v -0.197935000 -0.159678000 -0.358070000
v -0.198759000 -0.154957000 -0.359496000
v -0.198098000 -0.159744000 -0.358196000
v -0.198922000 -0.155023000 -0.359623000
v -0.198275000 -0.159808000 -0.358304000
v -0.199098000 -0.155087000 -0.359731000
v -0.198464000 -0.159867000 -0.358392000
v -0.199287000 -0.155146000 -0.359818000
v -0.198662000 -0.159922000 -0.358459000
v -0.199486000 -0.155201000 -0.359886000
v -0.198868000 -0.159972000 -0.358505000
v -0.199691000 -0.155251000 -0.359931000
v -0.199079000 -0.160016000 -0.358528000
v -0.199902000 -0.155295000 -0.359955000
v -0.199292000 -0.160053000 -0.358529000
v -0.200116000 -0.155332000 -0.359955000
v -0.199505000 -0.160084000 -0.358508000
v -0.200329000 -0.155363000 -0.359934000
v -0.199716000 -0.160107000 -0.358464000
v -0.200540000 -0.155386000 -0.359890000
v -0.199922000 -0.160123000 -0.358398000
v -0.200745000 -0.155402000 -0.359825000
v -0.200120000 -0.160132000 -0.358312000
v -0.200944000 -0.155411000 -0.359738000
v -0.200309000 -0.160133000 -0.358206000
v -0.201133000 -0.155412000 -0.359632000
v -0.200486000 -0.160126000 -0.358081000
v -0.201309000 -0.155405000 -0.359507000
v -0.200649000 -0.160111000 -0.357939000
v -0.201472000 -0.155390000 -0.359365000
v -0.200796000 -0.160089000 -0.357781000
v -0.201619000 -0.155368000 -0.359208000
v -0.200925000 -0.160060000 -0.357610000
v -0.201748000 -0.155339000 -0.359036000
v -0.201035000 -0.160024000 -0.357427000
v -0.201858000 -0.155303000 -0.358854000
v -0.201125000 -0.159982000 -0.357235000
v -0.201948000 -0.155261000 -0.358661000
v -0.201193000 -0.159933000 -0.357035000
v -0.202016000 -0.155212000 -0.358461000
v -0.201239000 -0.159879000 -0.356830000
v -0.202062000 -0.155158000 -0.358257000
v -0.201262000 -0.159821000 -0.356623000
v -0.202085000 -0.155100000 -0.358049000
v -0.201262000 -0.159758000 -0.356416000
v -0.202085000 -0.155037000 -0.357842000
v -0.201239000 -0.159692000 -0.356211000
v -0.202062000 -0.154971000 -0.357637000
v -0.201193000 -0.159624000 -0.356011000
v -0.202016000 -0.154903000 -0.357437000
v -0.201125000 -0.159553000 -0.355817000
v -0.201948000 -0.154832000 -0.357244000
v -0.201035000 -0.159482000 -0.355634000
v -0.201858000 -0.154761000 -0.357060000
v -0.200925000 -0.159411000 -0.355461000
v -0.201748000 -0.154690000 -0.356888000
v -0.200796000 -0.159340000 -0.355303000
v -0.201619000 -0.154620000 -0.356729000
v -0.200649000 -0.159272000 -0.355159000
v -0.201472000 -0.154551000 -0.356585000
v -0.200486000 -0.159205000 -0.355033000
v -0.201309000 -0.154484000 -0.356459000
v -0.200309000 -0.159142000 -0.354925000
v -0.201133000 -0.154421000 -0.356351000
v -0.200120000 -0.159082000 -0.354837000
v -0.200944000 -0.154361000 -0.356263000
v -0.199922000 -0.159027000 -0.354770000
v -0.200745000 -0.154306000 -0.356196000
v -0.199716000 -0.158977000 -0.354724000
v -0.200540000 -0.154257000 -0.356151000
v -0.199505000 -0.158934000 -0.354701000
v -0.200329000 -0.154213000 -0.356127000
v -0.209733000 -0.159180000 -0.217576000
v -0.211390000 -0.154463000 -0.217576000
v -0.209744000 -0.159184000 -0.217792000
v -0.211401000 -0.154467000 -0.217792000
v -0.209777000 -0.159196000 -0.218006000
v -0.211434000 -0.154478000 -0.218006000
v -0.209831000 -0.159215000 -0.218215000
v -0.211489000 -0.154498000 -0.218215000
v -0.209907000 -0.159241000 -0.218416000
v -0.211565000 -0.154524000 -0.218416000
v -0.210003000 -0.159275000 -0.218607000
v -0.211660000 -0.154558000 -0.218607000
v -0.210117000 -0.159315000 -0.218786000
v -0.211775000 -0.154598000 -0.218786000
v -0.210250000 -0.159362000 -0.218952000
v -0.211907000 -0.154645000 -0.218952000
v -0.210398000 -0.159414000 -0.219100000
v -0.212056000 -0.154697000 -0.219100000
v -0.210561000 -0.159471000 -0.219232000
v -0.212218000 -0.154754000 -0.219232000
v -0.210736000 -0.159533000 -0.219343000
v -0.212393000 -0.154815000 -0.219343000
v -0.210921000 -0.159598000 -0.219434000
v -0.212579000 -0.154881000 -0.219434000
v -0.211115000 -0.159666000 -0.219503000
v -0.212772000 -0.154949000 -0.219503000
v -0.211314000 -0.159736000 -0.219550000
v -0.212972000 -0.155019000 -0.219550000
v -0.211517000 -0.159807000 -0.219573000
v -0.213175000 -0.155090000 -0.219573000
v -0.211722000 -0.159879000 -0.219573000
v -0.213379000 -0.155162000 -0.219573000
v -0.211925000 -0.159951000 -0.219550000
v -0.213583000 -0.155233000 -0.219550000
v -0.212124000 -0.160021000 -0.219503000
v -0.213782000 -0.155303000 -0.219503000
v -0.212318000 -0.160089000 -0.219434000
v -0.213976000 -0.155372000 -0.219434000
v -0.212503000 -0.160154000 -0.219343000
v -0.214161000 -0.155437000 -0.219343000
v -0.212678000 -0.160215000 -0.219232000
v -0.214336000 -0.155498000 -0.219232000
v -0.212841000 -0.160273000 -0.219100000
v -0.214499000 -0.155555000 -0.219100000
v -0.212989000 -0.160325000 -0.218952000
v -0.214647000 -0.155607000 -0.218952000
v -0.213122000 -0.160371000 -0.218786000
v -0.214779000 -0.155654000 -0.218786000
v -0.213236000 -0.160411000 -0.218607000
v -0.214894000 -0.155694000 -0.218607000
v -0.213332000 -0.160445000 -0.218416000
v -0.214990000 -0.155728000 -0.218416000
v -0.213408000 -0.160472000 -0.218215000
v -0.215065000 -0.155754000 -0.218215000
v -0.213462000 -0.160491000 -0.218006000
v -0.215120000 -0.155774000 -0.218006000
v -0.213495000 -0.160502000 -0.217792000
v -0.215153000 -0.155785000 -0.217792000
v -0.213506000 -0.160506000 -0.217576000
v -0.215164000 -0.155789000 -0.217576000
v -0.213495000 -0.160502000 -0.217360000
v -0.215153000 -0.155785000 -0.217360000
v -0.213462000 -0.160491000 -0.217146000
v -0.215120000 -0.155774000 -0.217146000
v -0.213408000 -0.160472000 -0.216938000
v -0.215065000 -0.155754000 -0.216938000
v -0.213332000 -0.160445000 -0.216736000
v -0.214990000 -0.155728000 -0.216736000
v -0.213236000 -0.160411000 -0.216545000
v -0.214894000 -0.155694000 -0.216545000
v -0.213122000 -0.160371000 -0.216366000
v -0.214779000 -0.155654000 -0.216366000
v -0.212989000 -0.160325000 -0.216201000
v -0.214647000 -0.155607000 -0.216201000
v -0.212841000 -0.160273000 -0.216052000
v -0.214499000 -0.155555000 -0.216052000
v -0.212678000 -0.160215000 -0.215921000
v -0.214336000 -0.155498000 -0.215921000
v -0.212503000 -0.160154000 -0.215809000
v -0.214161000 -0.155437000 -0.215809000
v -0.212318000 -0.160089000 -0.215718000
v -0.213976000 -0.155372000 -0.215718000
v -0.212124000 -0.160021000 -0.215649000
v -0.213782000 -0.155303000 -0.215649000
v -0.211925000 -0.159951000 -0.215602000
v -0.213583000 -0.155233000 -0.215602000
v -0.211722000 -0.159879000 -0.215579000
v -0.213379000 -0.155162000 -0.215579000
v -0.211517000 -0.159807000 -0.215579000
v -0.213175000 -0.155090000 -0.215579000
v -0.211314000 -0.159736000 -0.215602000
v -0.212972000 -0.155019000 -0.215602000
v -0.211115000 -0.159666000 -0.215649000
v -0.212772000 -0.154949000 -0.215649000
v -0.210921000 -0.159598000 -0.215718000
v -0.212579000 -0.154881000 -0.215718000
v -0.210736000 -0.159533000 -0.215809000
v -0.212393000 -0.154815000 -0.215809000
v -0.210561000 -0.159471000 -0.215921000
v -0.212218000 -0.154754000 -0.215921000
v -0.210398000 -0.159414000 -0.216052000
v -0.212056000 -0.154697000 -0.216052000
v -0.210250000 -0.159362000 -0.216201000
v -0.211907000 -0.154645000 -0.216201000
v -0.210117000 -0.159315000 -0.216366000
v -0.211775000 -0.154598000 -0.216366000
v -0.210003000 -0.159275000 -0.216545000
v -0.211660000 -0.154558000 -0.216545000
v -0.209907000 -0.159241000 -0.216736000
v -0.211565000 -0.154524000 -0.216736000
v -0.209831000 -0.159215000 -0.216938000
v -0.211489000 -0.154498000 -0.216938000
v -0.209777000 -0.159196000 -0.217146000
v -0.211434000 -0.154478000 -0.217146000
v -0.209744000 -0.159184000 -0.217360000
v -0.211401000 -0.154467000 -0.217360000
v -0.151319000 -0.138652000 -0.309881000
v -0.152977000 -0.133935000 -0.309881000
v -0.151330000 -0.138656000 -0.310097000
v -0.152988000 -0.133939000 -0.310097000
v -0.151363000 -0.138667000 -0.310311000
v -0.153021000 -0.133950000 -0.310311000
v -0.151418000 -0.138687000 -0.310520000
v -0.153076000 -0.133969000 -0.310520000
v -0.151494000 -0.138713000 -0.310721000
v -0.153151000 -0.133996000 -0.310721000
v -0.151589000 -0.138747000 -0.310912000
v -0.153247000 -0.134030000 -0.310912000
v -0.151704000 -0.138787000 -0.311091000
v -0.153362000 -0.134070000 -0.311091000
v -0.151836000 -0.138834000 -0.311256000
v -0.153494000 -0.134116000 -0.311256000
v -0.151985000 -0.138886000 -0.311405000
v -0.153642000 -0.134169000 -0.311405000
v -0.152147000 -0.138943000 -0.311536000
v -0.153805000 -0.134226000 -0.311536000
v -0.152322000 -0.139004000 -0.311648000
v -0.153980000 -0.134287000 -0.311648000
v -0.152508000 -0.139070000 -0.311739000
v -0.154165000 -0.134352000 -0.311739000
v -0.152701000 -0.139138000 -0.311808000
v -0.154359000 -0.134420000 -0.311808000
v -0.152901000 -0.139208000 -0.311855000
v -0.154559000 -0.134491000 -0.311855000
v -0.153104000 -0.139279000 -0.311878000
v -0.154762000 -0.134562000 -0.311878000
v -0.153308000 -0.139351000 -0.311878000
v -0.154966000 -0.134634000 -0.311878000
v -0.153511000 -0.139422000 -0.311855000
v -0.155169000 -0.134705000 -0.311855000
v -0.153711000 -0.139492000 -0.311808000
v -0.155369000 -0.134775000 -0.311808000
v -0.153905000 -0.139560000 -0.311739000
v -0.155562000 -0.134843000 -0.311739000
v -0.154090000 -0.139626000 -0.311648000
v -0.155748000 -0.134908000 -0.311648000
v -0.154265000 -0.139687000 -0.311536000
v -0.155923000 -0.134970000 -0.311536000
v -0.154428000 -0.139744000 -0.311405000
v -0.156085000 -0.135027000 -0.311405000
v -0.154576000 -0.139796000 -0.311256000
v -0.156234000 -0.135079000 -0.311256000
v -0.154708000 -0.139843000 -0.311091000
v -0.156366000 -0.135126000 -0.311091000
v -0.154823000 -0.139883000 -0.310912000
v -0.156481000 -0.135166000 -0.310912000
v -0.154919000 -0.139917000 -0.310721000
v -0.156576000 -0.135200000 -0.310721000
v -0.154994000 -0.139943000 -0.310520000
v -0.156652000 -0.135226000 -0.310520000
v -0.155049000 -0.139963000 -0.310311000
v -0.156707000 -0.135245000 -0.310311000
v -0.155082000 -0.139974000 -0.310097000
v -0.156740000 -0.135257000 -0.310097000
v -0.155093000 -0.139978000 -0.309881000
v -0.156751000 -0.135261000 -0.309881000
v -0.155082000 -0.139974000 -0.309665000
v -0.156740000 -0.135257000 -0.309665000
v -0.155049000 -0.139963000 -0.309451000
v -0.156707000 -0.135245000 -0.309451000
v -0.154994000 -0.139943000 -0.309242000
v -0.156652000 -0.135226000 -0.309242000
v -0.154919000 -0.139917000 -0.309041000
v -0.156576000 -0.135200000 -0.309041000
v -0.154823000 -0.139883000 -0.308850000
v -0.156481000 -0.135166000 -0.308850000
v -0.154708000 -0.139843000 -0.308671000
v -0.156366000 -0.135126000 -0.308671000
v -0.154576000 -0.139796000 -0.308506000
v -0.156234000 -0.135079000 -0.308506000
v -0.154428000 -0.139744000 -0.308357000
v -0.156085000 -0.135027000 -0.308357000
v -0.154265000 -0.139687000 -0.308226000
v -0.155923000 -0.134970000 -0.308226000
v -0.154090000 -0.139626000 -0.308114000
v -0.155748000 -0.134908000 -0.308114000
v -0.153905000 -0.139560000 -0.308023000
v -0.155562000 -0.134843000 -0.308023000
v -0.153711000 -0.139492000 -0.307954000
v -0.155369000 -0.134775000 -0.307954000
v -0.153511000 -0.139422000 -0.307907000
v -0.155169000 -0.134705000 -0.307907000
v -0.153308000 -0.139351000 -0.307884000
v -0.154966000 -0.134634000 -0.307884000
v -0.153104000 -0.139279000 -0.307884000
v -0.154762000 -0.134562000 -0.307884000
v -0.152901000 -0.139208000 -0.307907000
v -0.154559000 -0.134491000 -0.307907000
v -0.152701000 -0.139138000 -0.307954000
v -0.154359000 -0.134420000 -0.307954000
v -0.152508000 -0.139070000 -0.308023000
v -0.154165000 -0.134352000 -0.308023000
v -0.152322000 -0.139004000 -0.308114000
v -0.153980000 -0.134287000 -0.308114000
v -0.152147000 -0.138943000 -0.308226000
v -0.153805000 -0.134226000 -0.308226000
v -0.151985000 -0.138886000 -0.308357000
v -0.153642000 -0.134169000 -0.308357000
v -0.151836000 -0.138834000 -0.308506000
v -0.153494000 -0.134116000 -0.308506000
v -0.151704000 -0.138787000 -0.308671000
v -0.153362000 -0.134070000 -0.308671000
v -0.151589000 -0.138747000 -0.308850000
v -0.153247000 -0.134030000 -0.308850000
v -0.151494000 -0.138713000 -0.309041000
v -0.153151000 -0.133996000 -0.309041000
v -0.151418000 -0.138687000 -0.309242000
v -0.153076000 -0.133969000 -0.309242000
v -0.151363000 -0.138667000 -0.309451000
v -0.153021000 -0.133950000 -0.309451000
v -0.151330000 -0.138656000 -0.309665000
v -0.152988000 -0.133939000 -0.309665000
v -0.151319000 -0.138652000 -0.279113000
v -0.152977000 -0.133935000 -0.279113000
v -0.151330000 -0.138656000 -0.279329000
v -0.152988000 -0.133939000 -0.279329000
v -0.151363000 -0.138667000 -0.279543000
v -0.153021000 -0.133950000 -0.279543000
v -0.151418000 -0.138687000 -0.279751000
v -0.153076000 -0.133969000 -0.279751000
v -0.151494000 -0.138713000 -0.279952000
v -0.153151000 -0.133996000 -0.279952000
v -0.151589000 -0.138747000 -0.280144000
v -0.153247000 -0.134030000 -0.280144000
v -0.151704000 -0.138787000 -0.280323000
v -0.153362000 -0.134070000 -0.280323000
v -0.151836000 -0.138834000 -0.280488000
v -0.153494000 -0.134116000 -0.280488000
v -0.151985000 -0.138886000 -0.280637000
v -0.153642000 -0.134169000 -0.280637000
v -0.152147000 -0.138943000 -0.280768000
v -0.153805000 -0.134226000 -0.280768000
v -0.152322000 -0.139004000 -0.280880000
v -0.153980000 -0.134287000 -0.280880000
v -0.152508000 -0.139070000 -0.280971000
v -0.154165000 -0.134352000 -0.280971000
v -0.152701000 -0.139138000 -0.281040000
v -0.154359000 -0.134420000 -0.281040000
v -0.152901000 -0.139208000 -0.281086000
v -0.154559000 -0.134491000 -0.281086000
v -0.153104000 -0.139279000 -0.281110000
v -0.154762000 -0.134562000 -0.281110000
v -0.153308000 -0.139351000 -0.281110000
v -0.154966000 -0.134634000 -0.281110000
v -0.153511000 -0.139422000 -0.281086000
v -0.155169000 -0.134705000 -0.281086000
v -0.153711000 -0.139492000 -0.281040000
v -0.155369000 -0.134775000 -0.281040000
v -0.153905000 -0.139560000 -0.280971000
v -0.155562000 -0.134843000 -0.280971000
v -0.154090000 -0.139626000 -0.280880000
v -0.155748000 -0.134908000 -0.280880000
v -0.154265000 -0.139687000 -0.280768000
v -0.155923000 -0.134970000 -0.280768000
v -0.154428000 -0.139744000 -0.280637000
v -0.156085000 -0.135027000 -0.280637000
v -0.154576000 -0.139796000 -0.280488000
v -0.156234000 -0.135079000 -0.280488000
v -0.154708000 -0.139843000 -0.280323000
v -0.156366000 -0.135126000 -0.280323000
v -0.154823000 -0.139883000 -0.280144000
v -0.156481000 -0.135166000 -0.280144000
v -0.154919000 -0.139917000 -0.279952000
v -0.156576000 -0.135200000 -0.279952000
v -0.154994000 -0.139943000 -0.279751000
v -0.156652000 -0.135226000 -0.279751000
v -0.155049000 -0.139963000 -0.279543000
v -0.156707000 -0.135245000 -0.279543000
v -0.155082000 -0.139974000 -0.279329000
v -0.156740000 -0.135257000 -0.279329000
v -0.155093000 -0.139978000 -0.279113000
v -0.156751000 -0.135261000 -0.279113000
v -0.155082000 -0.139974000 -0.278896000
v -0.156740000 -0.135257000 -0.278896000
v -0.155049000 -0.139963000 -0.278683000
v -0.156707000 -0.135245000 -0.278683000
v -0.154994000 -0.139943000 -0.278474000
v -0.156652000 -0.135226000 -0.278474000
v -0.154919000 -0.139917000 -0.278273000
v -0.156576000 -0.135200000 -0.278273000
v -0.154823000 -0.139883000 -0.278082000
v -0.156481000 -0.135166000 -0.278082000
v -0.154708000 -0.139843000 -0.277902000
v -0.156366000 -0.135126000 -0.277902000
v -0.154576000 -0.139796000 -0.277737000
v -0.156234000 -0.135079000 -0.277737000
v -0.154428000 -0.139744000 -0.277588000
v -0.156085000 -0.135027000 -0.277588000
v -0.154265000 -0.139687000 -0.277457000
v -0.155923000 -0.134970000 -0.277457000
v -0.154090000 -0.139626000 -0.277346000
v -0.155748000 -0.134908000 -0.277346000
v -0.153905000 -0.139560000 -0.277255000
v -0.155562000 -0.134843000 -0.277255000
v -0.153711000 -0.139492000 -0.277186000
v -0.155369000 -0.134775000 -0.277186000
v -0.153511000 -0.139422000 -0.277139000
v -0.155169000 -0.134705000 -0.277139000
v -0.153308000 -0.139351000 -0.277116000
v -0.154966000 -0.134634000 -0.277116000
v -0.153104000 -0.139279000 -0.277116000
v -0.154762000 -0.134562000 -0.277116000
v -0.152901000 -0.139208000 -0.277139000
v -0.154559000 -0.134491000 -0.277139000
v -0.152701000 -0.139138000 -0.277186000
v -0.154359000 -0.134420000 -0.277186000
v -0.152508000 -0.139070000 -0.277255000
v -0.154165000 -0.134352000 -0.277255000
v -0.152322000 -0.139004000 -0.277346000
v -0.153980000 -0.134287000 -0.277346000
v -0.152147000 -0.138943000 -0.277457000
v -0.153805000 -0.134226000 -0.277457000
v -0.151985000 -0.138886000 -0.277588000
v -0.153642000 -0.134169000 -0.277588000
v -0.151836000 -0.138834000 -0.277737000
v -0.153494000 -0.134116000 -0.277737000
v -0.151704000 -0.138787000 -0.277902000
v -0.153362000 -0.134070000 -0.277902000
v -0.151589000 -0.138747000 -0.278082000
v -0.153247000 -0.134030000 -0.278082000
v -0.151494000 -0.138713000 -0.278273000
v -0.153151000 -0.133996000 -0.278273000
v -0.151418000 -0.138687000 -0.278474000
v -0.153076000 -0.133969000 -0.278474000
v -0.151363000 -0.138667000 -0.278683000
v -0.153021000 -0.133950000 -0.278683000
v -0.151330000 -0.138656000 -0.278896000
v -0.152988000 -0.133939000 -0.278896000
v -0.151319000 -0.138652000 -0.248344000
v -0.152977000 -0.133935000 -0.248344000
v -0.151330000 -0.138656000 -0.248561000
v -0.152988000 -0.133939000 -0.248561000
v -0.151363000 -0.138667000 -0.248774000
v -0.153021000 -0.133950000 -0.248774000
v -0.151418000 -0.138687000 -0.248983000
v -0.153076000 -0.133969000 -0.248983000
v -0.151494000 -0.138713000 -0.249184000
v -0.153151000 -0.133996000 -0.249184000
v -0.151589000 -0.138747000 -0.249376000
v -0.153247000 -0.134030000 -0.249376000
v -0.151704000 -0.138787000 -0.249555000
v -0.153362000 -0.134070000 -0.249555000
v -0.151836000 -0.138834000 -0.249720000
v -0.153494000 -0.134116000 -0.249720000
v -0.151985000 -0.138886000 -0.249869000
v -0.153642000 -0.134169000 -0.249869000
v -0.152147000 -0.138943000 -0.250000000
v -0.153805000 -0.134226000 -0.250000000
v -0.152322000 -0.139004000 -0.250111000
v -0.153980000 -0.134287000 -0.250111000
v -0.152508000 -0.139070000 -0.250202000
v -0.154165000 -0.134352000 -0.250202000
v -0.152701000 -0.139138000 -0.250271000
v -0.154359000 -0.134420000 -0.250271000
v -0.152901000 -0.139208000 -0.250318000
v -0.154559000 -0.134491000 -0.250318000
v -0.153104000 -0.139279000 -0.250341000
v -0.154762000 -0.134562000 -0.250341000
v -0.153308000 -0.139351000 -0.250341000
v -0.154966000 -0.134634000 -0.250341000
v -0.153511000 -0.139422000 -0.250318000
v -0.155169000 -0.134705000 -0.250318000
v -0.153711000 -0.139492000 -0.250271000
v -0.155369000 -0.134775000 -0.250271000
v -0.153905000 -0.139560000 -0.250202000
v -0.155562000 -0.134843000 -0.250202000
v -0.154090000 -0.139626000 -0.250111000
v -0.155748000 -0.134908000 -0.250111000
v -0.154265000 -0.139687000 -0.250000000
v -0.155923000 -0.134970000 -0.250000000
v -0.154428000 -0.139744000 -0.249869000
v -0.156085000 -0.135027000 -0.249869000
v -0.154576000 -0.139796000 -0.249720000
v -0.156234000 -0.135079000 -0.249720000
v -0.154708000 -0.139843000 -0.249555000
v -0.156366000 -0.135126000 -0.249555000
v -0.154823000 -0.139883000 -0.249376000
v -0.156481000 -0.135166000 -0.249376000
v -0.154919000 -0.139917000 -0.249184000
v -0.156576000 -0.135200000 -0.249184000
v -0.154994000 -0.139943000 -0.248983000
v -0.156652000 -0.135226000 -0.248983000
v -0.155049000 -0.139963000 -0.248774000
v -0.156707000 -0.135245000 -0.248774000
v -0.155082000 -0.139974000 -0.248561000
v -0.156740000 -0.135257000 -0.248561000
v -0.155093000 -0.139978000 -0.248344000
v -0.156751000 -0.135261000 -0.248344000
v -0.155082000 -0.139974000 -0.248128000
v -0.156740000 -0.135257000 -0.248128000
v -0.155049000 -0.139963000 -0.247914000
v -0.156707000 -0.135245000 -0.247914000
v -0.154994000 -0.139943000 -0.247706000
v -0.156652000 -0.135226000 -0.247706000
v -0.154919000 -0.139917000 -0.247505000
v -0.156576000 -0.135200000 -0.247505000
v -0.154823000 -0.139883000 -0.247313000
v -0.156481000 -0.135166000 -0.247313000
v -0.154708000 -0.139843000 -0.247134000
v -0.156366000 -0.135126000 -0.247134000
v -0.154576000 -0.139796000 -0.246969000
v -0.156234000 -0.135079000 -0.246969000
v -0.154428000 -0.139744000 -0.246820000
v -0.156085000 -0.135027000 -0.246820000
v -0.154265000 -0.139687000 -0.246689000
v -0.155923000 -0.134970000 -0.246689000
v -0.154090000 -0.139626000 -0.246577000
v -0.155748000 -0.134908000 -0.246577000
v -0.153905000 -0.139560000 -0.246486000
v -0.155562000 -0.134843000 -0.246486000
v -0.153711000 -0.139492000 -0.246417000
v -0.155369000 -0.134775000 -0.246417000
v -0.153511000 -0.139422000 -0.246371000
v -0.155169000 -0.134705000 -0.246371000
v -0.153308000 -0.139351000 -0.246347000
v -0.154966000 -0.134634000 -0.246347000
v -0.153104000 -0.139279000 -0.246347000
v -0.154762000 -0.134562000 -0.246347000
v -0.152901000 -0.139208000 -0.246371000
v -0.154559000 -0.134491000 -0.246371000
v -0.152701000 -0.139138000 -0.246417000
v -0.154359000 -0.134420000 -0.246417000
v -0.152508000 -0.139070000 -0.246486000
v -0.154165000 -0.134352000 -0.246486000
v -0.152322000 -0.139004000 -0.246577000
v -0.153980000 -0.134287000 -0.246577000
v -0.152147000 -0.138943000 -0.246689000
v -0.153805000 -0.134226000 -0.246689000
v -0.151985000 -0.138886000 -0.246820000
v -0.153642000 -0.134169000 -0.246820000
v -0.151836000 -0.138834000 -0.246969000
v -0.153494000 -0.134116000 -0.246969000
v -0.151704000 -0.138787000 -0.247134000
v -0.153362000 -0.134070000 -0.247134000
v -0.151589000 -0.138747000 -0.247313000
v -0.153247000 -0.134030000 -0.247313000
v -0.151494000 -0.138713000 -0.247505000
v -0.153151000 -0.133996000 -0.247505000
v -0.151418000 -0.138687000 -0.247706000
v -0.153076000 -0.133969000 -0.247706000
v -0.151363000 -0.138667000 -0.247914000
v -0.153021000 -0.133950000 -0.247914000
v -0.151330000 -0.138656000 -0.248128000
v -0.152988000 -0.133939000 -0.248128000
v -0.209733000 -0.159180000 -0.258390000
v -0.211390000 -0.154463000 -0.258390000
v -0.209744000 -0.159184000 -0.258607000
v -0.211401000 -0.154467000 -0.258607000
v -0.209777000 -0.159196000 -0.258820000
v -0.211434000 -0.154478000 -0.258820000
v -0.209831000 -0.159215000 -0.259029000
v -0.211489000 -0.154498000 -0.259029000
v -0.209907000 -0.159241000 -0.259230000
v -0.211565000 -0.154524000 -0.259230000
v -0.210003000 -0.159275000 -0.259421000
v -0.211660000 -0.154558000 -0.259421000
v -0.210117000 -0.159315000 -0.259601000
v -0.211775000 -0.154598000 -0.259601000
v -0.210250000 -0.159362000 -0.259766000
v -0.211907000 -0.154645000 -0.259766000
v -0.210398000 -0.159414000 -0.259915000
v -0.212056000 -0.154697000 -0.259915000
v -0.210561000 -0.159471000 -0.260046000
v -0.212218000 -0.154754000 -0.260046000
v -0.210736000 -0.159533000 -0.260157000
v -0.212393000 -0.154815000 -0.260157000
v -0.210921000 -0.159598000 -0.260248000
v -0.212579000 -0.154881000 -0.260248000
v -0.211115000 -0.159666000 -0.260317000
v -0.212772000 -0.154949000 -0.260317000
v -0.211314000 -0.159736000 -0.260364000
v -0.212972000 -0.155019000 -0.260364000
v -0.211517000 -0.159807000 -0.260387000
v -0.213175000 -0.155090000 -0.260387000
v -0.211722000 -0.159879000 -0.260387000
v -0.213379000 -0.155162000 -0.260387000
v -0.211925000 -0.159951000 -0.260364000
v -0.213583000 -0.155233000 -0.260364000
v -0.212124000 -0.160021000 -0.260317000
v -0.213782000 -0.155303000 -0.260317000
v -0.212318000 -0.160089000 -0.260248000
v -0.213976000 -0.155372000 -0.260248000
v -0.212503000 -0.160154000 -0.260157000
v -0.214161000 -0.155437000 -0.260157000
v -0.212678000 -0.160215000 -0.260046000
v -0.214336000 -0.155498000 -0.260046000
v -0.212841000 -0.160273000 -0.259915000
v -0.214499000 -0.155555000 -0.259915000
v -0.212989000 -0.160325000 -0.259766000
v -0.214647000 -0.155607000 -0.259766000
v -0.213122000 -0.160371000 -0.259601000
v -0.214779000 -0.155654000 -0.259601000
v -0.213236000 -0.160411000 -0.259421000
v -0.214894000 -0.155694000 -0.259421000
v -0.213332000 -0.160445000 -0.259230000
v -0.214990000 -0.155728000 -0.259230000
v -0.213408000 -0.160472000 -0.259029000
v -0.215065000 -0.155754000 -0.259029000
v -0.213462000 -0.160491000 -0.258820000
v -0.215120000 -0.155774000 -0.258820000
v -0.213495000 -0.160502000 -0.258607000
v -0.215153000 -0.155785000 -0.258607000
v -0.213506000 -0.160506000 -0.258390000
v -0.215164000 -0.155789000 -0.258390000
v -0.213495000 -0.160502000 -0.258174000
v -0.215153000 -0.155785000 -0.258174000
v -0.213462000 -0.160491000 -0.257960000
v -0.215120000 -0.155774000 -0.257960000
v -0.213408000 -0.160472000 -0.257752000
v -0.215065000 -0.155754000 -0.257752000
v -0.213332000 -0.160445000 -0.257551000
v -0.214990000 -0.155728000 -0.257551000
v -0.213236000 -0.160411000 -0.257359000
v -0.214894000 -0.155694000 -0.257359000
v -0.213122000 -0.160371000 -0.257180000
v -0.214779000 -0.155654000 -0.257180000
v -0.212989000 -0.160325000 -0.257015000
v -0.214647000 -0.155607000 -0.257015000
v -0.212841000 -0.160273000 -0.256866000
v -0.214499000 -0.155555000 -0.256866000
v -0.212678000 -0.160215000 -0.256735000
v -0.214336000 -0.155498000 -0.256735000
v -0.212503000 -0.160154000 -0.256623000
v -0.214161000 -0.155437000 -0.256623000
v -0.212318000 -0.160089000 -0.256532000
v -0.213976000 -0.155372000 -0.256532000
v -0.212124000 -0.160021000 -0.256463000
v -0.213782000 -0.155303000 -0.256463000
v -0.211925000 -0.159951000 -0.256417000
v -0.213583000 -0.155233000 -0.256417000
v -0.211722000 -0.159879000 -0.256393000
v -0.213379000 -0.155162000 -0.256393000
v -0.211517000 -0.159807000 -0.256393000
v -0.213175000 -0.155090000 -0.256393000
v -0.211314000 -0.159736000 -0.256417000
v -0.212972000 -0.155019000 -0.256417000
v -0.211115000 -0.159666000 -0.256463000
v -0.212772000 -0.154949000 -0.256463000
v -0.210921000 -0.159598000 -0.256532000
v -0.212579000 -0.154881000 -0.256532000
v -0.210736000 -0.159533000 -0.256623000
v -0.212393000 -0.154815000 -0.256623000
v -0.210561000 -0.159471000 -0.256735000
v -0.212218000 -0.154754000 -0.256735000
v -0.210398000 -0.159414000 -0.256866000
v -0.212056000 -0.154697000 -0.256866000
v -0.210250000 -0.159362000 -0.257015000
v -0.211907000 -0.154645000 -0.257015000
v -0.210117000 -0.159315000 -0.257180000
v -0.211775000 -0.154598000 -0.257180000
v -0.210003000 -0.159275000 -0.257359000
v -0.211660000 -0.154558000 -0.257359000
v -0.209907000 -0.159241000 -0.257551000
v -0.211565000 -0.154524000 -0.257551000
v -0.209831000 -0.159215000 -0.257752000
v -0.211489000 -0.154498000 -0.257752000
v -0.209777000 -0.159196000 -0.257960000
v -0.211434000 -0.154478000 -0.257960000
v -0.209744000 -0.159184000 -0.258174000
v -0.211401000 -0.154467000 -0.258174000
v -0.209733000 -0.159180000 -0.299204000
v -0.211390000 -0.154463000 -0.299204000
v -0.209744000 -0.159184000 -0.299421000
v -0.211401000 -0.154467000 -0.299421000
v -0.209777000 -0.159196000 -0.299634000
v -0.211434000 -0.154478000 -0.299634000
v -0.209831000 -0.159215000 -0.299843000
v -0.211489000 -0.154498000 -0.299843000
v -0.209907000 -0.159241000 -0.300044000
v -0.211565000 -0.154524000 -0.300044000
v -0.210003000 -0.159275000 -0.300236000
v -0.211660000 -0.154558000 -0.300236000
v -0.210117000 -0.159315000 -0.300415000
v -0.211775000 -0.154598000 -0.300415000
v -0.210250000 -0.159362000 -0.300580000
v -0.211907000 -0.154645000 -0.300580000
v -0.210398000 -0.159414000 -0.300729000
v -0.212056000 -0.154697000 -0.300729000
v -0.210561000 -0.159471000 -0.300860000
v -0.212218000 -0.154754000 -0.300860000
v -0.210736000 -0.159533000 -0.300971000
v -0.212393000 -0.154815000 -0.300971000
v -0.210921000 -0.159598000 -0.301062000
v -0.212579000 -0.154881000 -0.301062000
v -0.211115000 -0.159666000 -0.301132000
v -0.212772000 -0.154949000 -0.301132000
v -0.211314000 -0.159736000 -0.301178000
v -0.212972000 -0.155019000 -0.301178000
v -0.211517000 -0.159807000 -0.301201000
v -0.213175000 -0.155090000 -0.301201000
v -0.211722000 -0.159879000 -0.301201000
v -0.213379000 -0.155162000 -0.301201000
v -0.211925000 -0.159951000 -0.301178000
v -0.213583000 -0.155233000 -0.301178000
v -0.212124000 -0.160021000 -0.301132000
v -0.213782000 -0.155303000 -0.301132000
v -0.212318000 -0.160089000 -0.301062000
v -0.213976000 -0.155372000 -0.301062000
v -0.212503000 -0.160154000 -0.300971000
v -0.214161000 -0.155437000 -0.300971000
v -0.212678000 -0.160215000 -0.300860000
v -0.214336000 -0.155498000 -0.300860000
v -0.212841000 -0.160273000 -0.300729000
v -0.214499000 -0.155555000 -0.300729000
v -0.212989000 -0.160325000 -0.300580000
v -0.214647000 -0.155607000 -0.300580000
v -0.213122000 -0.160371000 -0.300415000
v -0.214779000 -0.155654000 -0.300415000
v -0.213236000 -0.160411000 -0.300236000
v -0.214894000 -0.155694000 -0.300236000
v -0.213332000 -0.160445000 -0.300044000
v -0.214990000 -0.155728000 -0.300044000
v -0.213408000 -0.160472000 -0.299843000
v -0.215065000 -0.155754000 -0.299843000
v -0.213462000 -0.160491000 -0.299634000
v -0.215120000 -0.155774000 -0.299634000
v -0.213495000 -0.160502000 -0.299421000
v -0.215153000 -0.155785000 -0.299421000
v -0.213506000 -0.160506000 -0.299204000
v -0.215164000 -0.155789000 -0.299204000
v -0.213495000 -0.160502000 -0.298988000
v -0.215153000 -0.155785000 -0.298988000
v -0.213462000 -0.160491000 -0.298774000
v -0.215120000 -0.155774000 -0.298774000
v -0.213408000 -0.160472000 -0.298566000
v -0.215065000 -0.155754000 -0.298566000
v -0.213332000 -0.160445000 -0.298365000
v -0.214990000 -0.155728000 -0.298365000
v -0.213236000 -0.160411000 -0.298173000
v -0.214894000 -0.155694000 -0.298173000
v -0.213122000 -0.160371000 -0.297994000
v -0.214779000 -0.155654000 -0.297994000
v -0.212989000 -0.160325000 -0.297829000
v -0.214647000 -0.155607000 -0.297829000
v -0.212841000 -0.160273000 -0.297680000
v -0.214499000 -0.155555000 -0.297680000
v -0.212678000 -0.160215000 -0.297549000
v -0.214336000 -0.155498000 -0.297549000
v -0.212503000 -0.160154000 -0.297437000
v -0.214161000 -0.155437000 -0.297437000
v -0.212318000 -0.160089000 -0.297346000
v -0.213976000 -0.155372000 -0.297346000
v -0.212124000 -0.160021000 -0.297277000
v -0.213782000 -0.155303000 -0.297277000
v -0.211925000 -0.159951000 -0.297231000
v -0.213583000 -0.155233000 -0.297231000
v -0.211722000 -0.159879000 -0.297207000
v -0.213379000 -0.155162000 -0.297207000
v -0.211517000 -0.159807000 -0.297207000
v -0.213175000 -0.155090000 -0.297207000
v -0.211314000 -0.159736000 -0.297231000
v -0.212972000 -0.155019000 -0.297231000
v -0.211115000 -0.159666000 -0.297277000
v -0.212772000 -0.154949000 -0.297277000
v -0.210921000 -0.159598000 -0.297346000
v -0.212579000 -0.154881000 -0.297346000
v -0.210736000 -0.159533000 -0.297437000
v -0.212393000 -0.154815000 -0.297437000
v -0.210561000 -0.159471000 -0.297549000
v -0.212218000 -0.154754000 -0.297549000
v -0.210398000 -0.159414000 -0.297680000
v -0.212056000 -0.154697000 -0.297680000
v -0.210250000 -0.159362000 -0.297829000
v -0.211907000 -0.154645000 -0.297829000
v -0.210117000 -0.159315000 -0.297994000
v -0.211775000 -0.154598000 -0.297994000
v -0.210003000 -0.159275000 -0.298173000
v -0.211660000 -0.154558000 -0.298173000
v -0.209907000 -0.159241000 -0.298365000
v -0.211565000 -0.154524000 -0.298365000
v -0.209831000 -0.159215000 -0.298566000
v -0.211489000 -0.154498000 -0.298566000
v -0.209777000 -0.159196000 -0.298774000
v -0.211434000 -0.154478000 -0.298774000
v -0.209744000 -0.159184000 -0.298988000
v -0.211401000 -0.154467000 -0.298988000
v -0.209733000 -0.159180000 -0.340019000
v -0.211390000 -0.154463000 -0.340019000
v -0.209744000 -0.159184000 -0.340235000
v -0.211401000 -0.154467000 -0.340235000
v -0.209777000 -0.159196000 -0.340449000
v -0.211434000 -0.154478000 -0.340449000
v -0.209831000 -0.159215000 -0.340657000
v -0.211489000 -0.154498000 -0.340657000
v -0.209907000 -0.159241000 -0.340858000
v -0.211565000 -0.154524000 -0.340858000
v -0.210003000 -0.159275000 -0.341050000
v -0.211660000 -0.154558000 -0.341050000
v -0.210117000 -0.159315000 -0.341229000
v -0.211775000 -0.154598000 -0.341229000
v -0.210250000 -0.159362000 -0.341394000
v -0.211907000 -0.154645000 -0.341394000
v -0.210398000 -0.159414000 -0.341543000
v -0.212056000 -0.154697000 -0.341543000
v -0.210561000 -0.159471000 -0.341674000
v -0.212218000 -0.154754000 -0.341674000
v -0.210736000 -0.159533000 -0.341786000
v -0.212393000 -0.154815000 -0.341786000
v -0.210921000 -0.159598000 -0.341877000
v -0.212579000 -0.154881000 -0.341877000
v -0.211115000 -0.159666000 -0.341946000
v -0.212772000 -0.154949000 -0.341946000
v -0.211314000 -0.159736000 -0.341992000
v -0.212972000 -0.155019000 -0.341992000
v -0.211517000 -0.159807000 -0.342016000
v -0.213175000 -0.155090000 -0.342016000
v -0.211722000 -0.159879000 -0.342016000
v -0.213379000 -0.155162000 -0.342016000
v -0.211925000 -0.159951000 -0.341992000
v -0.213583000 -0.155233000 -0.341992000
v -0.212124000 -0.160021000 -0.341946000
v -0.213782000 -0.155303000 -0.341946000
v -0.212318000 -0.160089000 -0.341877000
v -0.213976000 -0.155372000 -0.341877000
v -0.212503000 -0.160154000 -0.341786000
v -0.214161000 -0.155437000 -0.341786000
v -0.212678000 -0.160215000 -0.341674000
v -0.214336000 -0.155498000 -0.341674000
v -0.212841000 -0.160273000 -0.341543000
v -0.214499000 -0.155555000 -0.341543000
v -0.212989000 -0.160325000 -0.341394000
v -0.214647000 -0.155607000 -0.341394000
v -0.213122000 -0.160371000 -0.341229000
v -0.214779000 -0.155654000 -0.341229000
v -0.213236000 -0.160411000 -0.341050000
v -0.214894000 -0.155694000 -0.341050000
v -0.213332000 -0.160445000 -0.340858000
v -0.214990000 -0.155728000 -0.340858000
v -0.213408000 -0.160472000 -0.340657000
v -0.215065000 -0.155754000 -0.340657000
v -0.213462000 -0.160491000 -0.340449000
v -0.215120000 -0.155774000 -0.340449000
v -0.213495000 -0.160502000 -0.340235000
v -0.215153000 -0.155785000 -0.340235000
v -0.213506000 -0.160506000 -0.340019000
v -0.215164000 -0.155789000 -0.340019000
v -0.213495000 -0.160502000 -0.339802000
v -0.215153000 -0.155785000 -0.339802000
v -0.213462000 -0.160491000 -0.339589000
v -0.215120000 -0.155774000 -0.339589000
v -0.213408000 -0.160472000 -0.339380000
v -0.215065000 -0.155754000 -0.339380000
v -0.213332000 -0.160445000 -0.339179000
v -0.214990000 -0.155728000 -0.339179000
v -0.213236000 -0.160411000 -0.338987000
v -0.214894000 -0.155694000 -0.338987000
v -0.213122000 -0.160371000 -0.338808000
v -0.214779000 -0.155654000 -0.338808000
v -0.212989000 -0.160325000 -0.338643000
v -0.214647000 -0.155607000 -0.338643000
v -0.212841000 -0.160273000 -0.338494000
v -0.214499000 -0.155555000 -0.338494000
v -0.212678000 -0.160215000 -0.338363000
v -0.214336000 -0.155498000 -0.338363000
v -0.212503000 -0.160154000 -0.338252000
v -0.214161000 -0.155437000 -0.338252000
v -0.212318000 -0.160089000 -0.338161000
v -0.213976000 -0.155372000 -0.338161000
v -0.212124000 -0.160021000 -0.338091000
v -0.213782000 -0.155303000 -0.338091000
v -0.211925000 -0.159951000 -0.338045000
v -0.213583000 -0.155233000 -0.338045000
v -0.211722000 -0.159879000 -0.338022000
v -0.213379000 -0.155162000 -0.338022000
v -0.211517000 -0.159807000 -0.338022000
v -0.213175000 -0.155090000 -0.338022000
v -0.211314000 -0.159736000 -0.338045000
v -0.212972000 -0.155019000 -0.338045000
v -0.211115000 -0.159666000 -0.338091000
v -0.212772000 -0.154949000 -0.338091000
v -0.210921000 -0.159598000 -0.338161000
v -0.212579000 -0.154881000 -0.338161000
v -0.210736000 -0.159533000 -0.338252000
v -0.212393000 -0.154815000 -0.338252000
v -0.210561000 -0.159471000 -0.338363000
v -0.212218000 -0.154754000 -0.338363000
v -0.210398000 -0.159414000 -0.338494000
v -0.212056000 -0.154697000 -0.338494000
v -0.210250000 -0.159362000 -0.338643000
v -0.211907000 -0.154645000 -0.338643000
v -0.210117000 -0.159315000 -0.338808000
v -0.211775000 -0.154598000 -0.338808000
v -0.210003000 -0.159275000 -0.338987000
v -0.211660000 -0.154558000 -0.338987000
v -0.209907000 -0.159241000 -0.339179000
v -0.211565000 -0.154524000 -0.339179000
v -0.209831000 -0.159215000 -0.339380000
v -0.211489000 -0.154498000 -0.339380000
v -0.209777000 -0.159196000 -0.339589000
v -0.211434000 -0.154478000 -0.339589000
v -0.209744000 -0.159184000 -0.339802000
v -0.211401000 -0.154467000 -0.339802000
v -0.151319000 -0.138652000 -0.217576000
v -0.152977000 -0.133935000 -0.217576000
v -0.151330000 -0.138656000 -0.217792000
v -0.152988000 -0.133939000 -0.217792000
v -0.151363000 -0.138667000 -0.218006000
v -0.153021000 -0.133950000 -0.218006000
v -0.151418000 -0.138687000 -0.218215000
v -0.153076000 -0.133969000 -0.218215000
v -0.151494000 -0.138713000 -0.218416000
v -0.153151000 -0.133996000 -0.218416000
v -0.151589000 -0.138747000 -0.218607000
v -0.153247000 -0.134030000 -0.218607000
v -0.151704000 -0.138787000 -0.218786000
v -0.153362000 -0.134070000 -0.218786000
v -0.151836000 -0.138834000 -0.218952000
v -0.153494000 -0.134116000 -0.218952000
v -0.151985000 -0.138886000 -0.219100000
v -0.153642000 -0.134169000 -0.219100000
v -0.152147000 -0.138943000 -0.219232000
v -0.153805000 -0.134226000 -0.219232000
v -0.152322000 -0.139004000 -0.219343000
v -0.153980000 -0.134287000 -0.219343000
v -0.152508000 -0.139070000 -0.219434000
v -0.154165000 -0.134352000 -0.219434000
v -0.152701000 -0.139138000 -0.219503000
v -0.154359000 -0.134420000 -0.219503000
v -0.152901000 -0.139208000 -0.219550000
v -0.154559000 -0.134491000 -0.219550000
v -0.153104000 -0.139279000 -0.219573000
v -0.154762000 -0.134562000 -0.219573000
v -0.153308000 -0.139351000 -0.219573000
v -0.154966000 -0.134634000 -0.219573000
v -0.153511000 -0.139422000 -0.219550000
v -0.155169000 -0.134705000 -0.219550000
v -0.153711000 -0.139492000 -0.219503000
v -0.155369000 -0.134775000 -0.219503000
v -0.153905000 -0.139560000 -0.219434000
v -0.155562000 -0.134843000 -0.219434000
v -0.154090000 -0.139626000 -0.219343000
v -0.155748000 -0.134908000 -0.219343000
v -0.154265000 -0.139687000 -0.219232000
v -0.155923000 -0.134970000 -0.219232000
v -0.154428000 -0.139744000 -0.219100000
v -0.156085000 -0.135027000 -0.219100000
v -0.154576000 -0.139796000 -0.218952000
v -0.156234000 -0.135079000 -0.218952000
v -0.154708000 -0.139843000 -0.218786000
v -0.156366000 -0.135126000 -0.218786000
v -0.154823000 -0.139883000 -0.218607000
v -0.156481000 -0.135166000 -0.218607000
v -0.154919000 -0.139917000 -0.218416000
v -0.156576000 -0.135200000 -0.218416000
v -0.154994000 -0.139943000 -0.218215000
v -0.156652000 -0.135226000 -0.218215000
v -0.155049000 -0.139963000 -0.218006000
v -0.156707000 -0.135245000 -0.218006000
v -0.155082000 -0.139974000 -0.217792000
v -0.156740000 -0.135257000 -0.217792000
v -0.155093000 -0.139978000 -0.217576000
v -0.156751000 -0.135261000 -0.217576000
v -0.155082000 -0.139974000 -0.217360000
v -0.156740000 -0.135257000 -0.217360000
v -0.155049000 -0.139963000 -0.217146000
v -0.156707000 -0.135245000 -0.217146000
v -0.154994000 -0.139943000 -0.216938000
v -0.156652000 -0.135226000 -0.216938000
v -0.154919000 -0.139917000 -0.216736000
v -0.156576000 -0.135200000 -0.216736000
v -0.154823000 -0.139883000 -0.216545000
v -0.156481000 -0.135166000 -0.216545000
v -0.154708000 -0.139843000 -0.216366000
v -0.156366000 -0.135126000 -0.216366000
v -0.154576000 -0.139796000 -0.216201000
v -0.156234000 -0.135079000 -0.216201000
v -0.154428000 -0.139744000 -0.216052000
v -0.156085000 -0.135027000 -0.216052000
v -0.154265000 -0.139687000 -0.215921000
v -0.155923000 -0.134970000 -0.215921000
v -0.154090000 -0.139626000 -0.215809000
v -0.155748000 -0.134908000 -0.215809000
v -0.153905000 -0.139560000 -0.215718000
v -0.155562000 -0.134843000 -0.215718000
v -0.153711000 -0.139492000 -0.215649000
v -0.155369000 -0.134775000 -0.215649000
v -0.153511000 -0.139422000 -0.215602000
v -0.155169000 -0.134705000 -0.215602000
v -0.153308000 -0.139351000 -0.215579000
v -0.154966000 -0.134634000 -0.215579000
v -0.153104000 -0.139279000 -0.215579000
v -0.154762000 -0.134562000 -0.215579000
v -0.152901000 -0.139208000 -0.215602000
v -0.154559000 -0.134491000 -0.215602000
v -0.152701000 -0.139138000 -0.215649000
v -0.154359000 -0.134420000 -0.215649000
v -0.152508000 -0.139070000 -0.215718000
v -0.154165000 -0.134352000 -0.215718000
v -0.152322000 -0.139004000 -0.215809000
v -0.153980000 -0.134287000 -0.215809000
v -0.152147000 -0.138943000 -0.215921000
v -0.153805000 -0.134226000 -0.215921000
v -0.151985000 -0.138886000 -0.216052000
v -0.153642000 -0.134169000 -0.216052000
v -0.151836000 -0.138834000 -0.216201000
v -0.153494000 -0.134116000 -0.216201000
v -0.151704000 -0.138787000 -0.216366000
v -0.153362000 -0.134070000 -0.216366000
v -0.151589000 -0.138747000 -0.216545000
v -0.153247000 -0.134030000 -0.216545000
v -0.151494000 -0.138713000 -0.216736000
v -0.153151000 -0.133996000 -0.216736000
v -0.151418000 -0.138687000 -0.216938000
v -0.153076000 -0.133969000 -0.216938000
v -0.151363000 -0.138667000 -0.217146000
v -0.153021000 -0.133950000 -0.217146000
v -0.151330000 -0.138656000 -0.217360000
v -0.152988000 -0.133939000 -0.217360000
v -0.038018000 -0.170000000 -0.226402000
v -0.035035000 -0.167000000 -0.226726000
v -0.038070000 -0.170000000 -0.226722000
v -0.035140000 -0.167000000 -0.227367000
v -0.038157000 -0.170000000 -0.227035000
v -0.035314000 -0.167000000 -0.227993000
v -0.038277000 -0.170000000 -0.227337000
v -0.035555000 -0.167000000 -0.228597000
v -0.038429000 -0.170000000 -0.227624000
v -0.035859000 -0.167000000 -0.229171000
v -0.038612000 -0.170000000 -0.227893000
v -0.036223000 -0.167000000 -0.229708000
v -0.038822000 -0.170000000 -0.228140000
v -0.036644000 -0.167000000 -0.230204000
v -0.039058000 -0.170000000 -0.228364000
v -0.037116000 -0.167000000 -0.230650000
v -0.039316000 -0.170000000 -0.228560000
v -0.037633000 -0.167000000 -0.231043000
v -0.039595000 -0.170000000 -0.228728000
v -0.038190000 -0.167000000 -0.231378000
v -0.039890000 -0.170000000 -0.228864000
v -0.038779000 -0.167000000 -0.231651000
v -0.040197000 -0.170000000 -0.228968000
v -0.039395000 -0.167000000 -0.231859000
v -0.040515000 -0.170000000 -0.229038000
v -0.040029000 -0.167000000 -0.231998000
v -0.040838000 -0.170000000 -0.229073000
v -0.040675000 -0.167000000 -0.232069000
v -0.041162000 -0.170000000 -0.229073000
v -0.041325000 -0.167000000 -0.232069000
v -0.041485000 -0.170000000 -0.229038000
v -0.041971000 -0.167000000 -0.231998000
v -0.041803000 -0.170000000 -0.228968000
v -0.042605000 -0.167000000 -0.231859000
v -0.042110000 -0.170000000 -0.228864000
v -0.043221000 -0.167000000 -0.231651000
v -0.042405000 -0.170000000 -0.228728000
v -0.043810000 -0.167000000 -0.231378000
v -0.042684000 -0.170000000 -0.228560000
v -0.044367000 -0.167000000 -0.231043000
v -0.042942000 -0.170000000 -0.228364000
v -0.044884000 -0.167000000 -0.230650000
v -0.043178000 -0.170000000 -0.228140000
v -0.045356000 -0.167000000 -0.230204000
v -0.043388000 -0.170000000 -0.227893000
v -0.045777000 -0.167000000 -0.229708000
v -0.043571000 -0.170000000 -0.227624000
v -0.046141000 -0.167000000 -0.229171000
v -0.043723000 -0.170000000 -0.227337000
v -0.046445000 -0.167000000 -0.228597000
v -0.043843000 -0.170000000 -0.227035000
v -0.046686000 -0.167000000 -0.227993000
v -0.043930000 -0.170000000 -0.226722000
v -0.046860000 -0.167000000 -0.227367000
v -0.043982000 -0.170000000 -0.226402000
v -0.046965000 -0.167000000 -0.226726000
v -0.044000000 -0.170000000 -0.226077000
v -0.047000000 -0.167000000 -0.226077000
v -0.043982000 -0.170000000 -0.225753000
v -0.046965000 -0.167000000 -0.225429000
v -0.043930000 -0.170000000 -0.225432000
v -0.046860000 -0.167000000 -0.224788000
v -0.043843000 -0.170000000 -0.225119000
v -0.046686000 -0.167000000 -0.224162000
v -0.043723000 -0.170000000 -0.224818000
v -0.046445000 -0.167000000 -0.223558000
v -0.043571000 -0.170000000 -0.224531000
v -0.046141000 -0.167000000 -0.222984000
v -0.043388000 -0.170000000 -0.224262000
v -0.045777000 -0.167000000 -0.222446000
v -0.043178000 -0.170000000 -0.224014000
v -0.045356000 -0.167000000 -0.221951000
v -0.042942000 -0.170000000 -0.223791000
v -0.044884000 -0.167000000 -0.221504000
v -0.042684000 -0.170000000 -0.223594000
v -0.044367000 -0.167000000 -0.221111000
v -0.042405000 -0.170000000 -0.223427000
v -0.043810000 -0.167000000 -0.220776000
v -0.042110000 -0.170000000 -0.223290000
v -0.043221000 -0.167000000 -0.220503000
v -0.041803000 -0.170000000 -0.223187000
v -0.042605000 -0.167000000 -0.220296000
v -0.041485000 -0.170000000 -0.223117000
v -0.041971000 -0.167000000 -0.220156000
v -0.041162000 -0.170000000 -0.223082000
v -0.041325000 -0.167000000 -0.220086000
v -0.040838000 -0.170000000 -0.223082000
v -0.040675000 -0.167000000 -0.220086000
v -0.040515000 -0.170000000 -0.223117000
v -0.040029000 -0.167000000 -0.220156000
v -0.040197000 -0.170000000 -0.223187000
v -0.039395000 -0.167000000 -0.220296000
v -0.039890000 -0.170000000 -0.223290000
v -0.038779000 -0.167000000 -0.220503000
v -0.039595000 -0.170000000 -0.223427000
v -0.038190000 -0.167000000 -0.220776000
v -0.039316000 -0.170000000 -0.223594000
v -0.037633000 -0.167000000 -0.221111000
v -0.039058000 -0.170000000 -0.223791000
v -0.037116000 -0.167000000 -0.221504000
v -0.038822000 -0.170000000 -0.224014000
v -0.036644000 -0.167000000 -0.221951000
v -0.038612000 -0.170000000 -0.224262000
v -0.036223000 -0.167000000 -0.222446000
v -0.038429000 -0.170000000 -0.224531000
v -0.035859000 -0.167000000 -0.222984000
v -0.038277000 -0.170000000 -0.224818000
v -0.035555000 -0.167000000 -0.223558000
v -0.038157000 -0.170000000 -0.225119000
v -0.035314000 -0.167000000 -0.224162000
v -0.038070000 -0.170000000 -0.225432000
v -0.035140000 -0.167000000 -0.224788000
v -0.038018000 -0.170000000 -0.225753000
v -0.035035000 -0.167000000 -0.225429000
v -0.038000000 -0.170000000 -0.226077000
v -0.035000000 -0.167000000 -0.226077000
v -0.038018000 -0.170000000 -0.183402000
v -0.035035000 -0.167000000 -0.183726000
v -0.038070000 -0.170000000 -0.183722000
v -0.035140000 -0.167000000 -0.184367000
v -0.038157000 -0.170000000 -0.184035000
v -0.035314000 -0.167000000 -0.184993000
v -0.038277000 -0.170000000 -0.184337000
v -0.035555000 -0.167000000 -0.185597000
v -0.038429000 -0.170000000 -0.184624000
v -0.035859000 -0.167000000 -0.186171000
v -0.038612000 -0.170000000 -0.184893000
v -0.036223000 -0.167000000 -0.186708000
v -0.038822000 -0.170000000 -0.185140000
v -0.036644000 -0.167000000 -0.187204000
v -0.039058000 -0.170000000 -0.185364000
v -0.037116000 -0.167000000 -0.187650000
v -0.039316000 -0.170000000 -0.185560000
v -0.037633000 -0.167000000 -0.188043000
v -0.039595000 -0.170000000 -0.185728000
v -0.038190000 -0.167000000 -0.188378000
v -0.039890000 -0.170000000 -0.185864000
v -0.038779000 -0.167000000 -0.188651000
v -0.040197000 -0.170000000 -0.185968000
v -0.039395000 -0.167000000 -0.188859000
v -0.040515000 -0.170000000 -0.186038000
v -0.040029000 -0.167000000 -0.188998000
v -0.040838000 -0.170000000 -0.186073000
v -0.040675000 -0.167000000 -0.189069000
v -0.041162000 -0.170000000 -0.186073000
v -0.041325000 -0.167000000 -0.189069000
v -0.041485000 -0.170000000 -0.186038000
v -0.041971000 -0.167000000 -0.188998000
v -0.041803000 -0.170000000 -0.185968000
v -0.042605000 -0.167000000 -0.188859000
v -0.042110000 -0.170000000 -0.185864000
v -0.043221000 -0.167000000 -0.188651000
v -0.042405000 -0.170000000 -0.185728000
v -0.043810000 -0.167000000 -0.188378000
v -0.042684000 -0.170000000 -0.185560000
v -0.044367000 -0.167000000 -0.188043000
v -0.042942000 -0.170000000 -0.185364000
v -0.044884000 -0.167000000 -0.187650000
v -0.043178000 -0.170000000 -0.185140000
v -0.045356000 -0.167000000 -0.187204000
v -0.043388000 -0.170000000 -0.184893000
v -0.045777000 -0.167000000 -0.186708000
v -0.043571000 -0.170000000 -0.184624000
v -0.046141000 -0.167000000 -0.186171000
v -0.043723000 -0.170000000 -0.184337000
v -0.046445000 -0.167000000 -0.185597000
v -0.043843000 -0.170000000 -0.184035000
v -0.046686000 -0.167000000 -0.184993000
v -0.043930000 -0.170000000 -0.183722000
v -0.046860000 -0.167000000 -0.184367000
v -0.043982000 -0.170000000 -0.183402000
v -0.046965000 -0.167000000 -0.183726000
v -0.044000000 -0.170000000 -0.183077000
v -0.047000000 -0.167000000 -0.183077000
v -0.043982000 -0.170000000 -0.182753000
v -0.046965000 -0.167000000 -0.182429000
v -0.043930000 -0.170000000 -0.182432000
v -0.046860000 -0.167000000 -0.181788000
v -0.043843000 -0.170000000 -0.182119000
v -0.046686000 -0.167000000 -0.181162000
v -0.043723000 -0.170000000 -0.181818000
v -0.046445000 -0.167000000 -0.180558000
v -0.043571000 -0.170000000 -0.181531000
v -0.046141000 -0.167000000 -0.179984000
v -0.043388000 -0.170000000 -0.181262000
v -0.045777000 -0.167000000 -0.179446000
v -0.043178000 -0.170000000 -0.181014000
v -0.045356000 -0.167000000 -0.178951000
v -0.042942000 -0.170000000 -0.180791000
v -0.044884000 -0.167000000 -0.178504000
v -0.042684000 -0.170000000 -0.180594000
v -0.044367000 -0.167000000 -0.178111000
v -0.042405000 -0.170000000 -0.180427000
v -0.043810000 -0.167000000 -0.177776000
v -0.042110000 -0.170000000 -0.180290000
v -0.043221000 -0.167000000 -0.177503000
v -0.041803000 -0.170000000 -0.180187000
v -0.042605000 -0.167000000 -0.177296000
v -0.041485000 -0.170000000 -0.180117000
v -0.041971000 -0.167000000 -0.177156000
v -0.041162000 -0.170000000 -0.180082000
v -0.041325000 -0.167000000 -0.177086000
v -0.040838000 -0.170000000 -0.180082000
v -0.040675000 -0.167000000 -0.177086000
v -0.040515000 -0.170000000 -0.180117000
v -0.040029000 -0.167000000 -0.177156000
v -0.040197000 -0.170000000 -0.180187000
v -0.039395000 -0.167000000 -0.177296000
v -0.039890000 -0.170000000 -0.180290000
v -0.038779000 -0.167000000 -0.177503000
v -0.039595000 -0.170000000 -0.180427000
v -0.038190000 -0.167000000 -0.177776000
v -0.039316000 -0.170000000 -0.180594000
v -0.037633000 -0.167000000 -0.178111000
v -0.039058000 -0.170000000 -0.180791000
v -0.037116000 -0.167000000 -0.178504000
v -0.038822000 -0.170000000 -0.181014000
v -0.036644000 -0.167000000 -0.178951000
v -0.038612000 -0.170000000 -0.181262000
v -0.036223000 -0.167000000 -0.179446000
v -0.038429000 -0.170000000 -0.181531000
v -0.035859000 -0.167000000 -0.179984000
v -0.038277000 -0.170000000 -0.181818000
v -0.035555000 -0.167000000 -0.180558000
v -0.038157000 -0.170000000 -0.182119000
v -0.035314000 -0.167000000 -0.181162000
v -0.038070000 -0.170000000 -0.182432000
v -0.035140000 -0.167000000 -0.181788000
v -0.038018000 -0.170000000 -0.182753000
v -0.035035000 -0.167000000 -0.182429000
v -0.038000000 -0.170000000 -0.183077000
v -0.035000000 -0.167000000 -0.183077000
v -0.038018000 -0.170000000 -0.140402000
v -0.035035000 -0.167000000 -0.140726000
v -0.038070000 -0.170000000 -0.140722000
v -0.035140000 -0.167000000 -0.141367000
v -0.038157000 -0.170000000 -0.141035000
v -0.035314000 -0.167000000 -0.141993000
v -0.038277000 -0.170000000 -0.141337000
v -0.035555000 -0.167000000 -0.142597000
v -0.038429000 -0.170000000 -0.141624000
v -0.035859000 -0.167000000 -0.143171000
v -0.038612000 -0.170000000 -0.141893000
v -0.036223000 -0.167000000 -0.143708000
v -0.038822000 -0.170000000 -0.142140000
v -0.036644000 -0.167000000 -0.144204000
v -0.039058000 -0.170000000 -0.142364000
v -0.037116000 -0.167000000 -0.144650000
v -0.039316000 -0.170000000 -0.142560000
v -0.037633000 -0.167000000 -0.145043000
v -0.039595000 -0.170000000 -0.142728000
v -0.038190000 -0.167000000 -0.145378000
v -0.039890000 -0.170000000 -0.142864000
v -0.038779000 -0.167000000 -0.145651000
v -0.040197000 -0.170000000 -0.142968000
v -0.039395000 -0.167000000 -0.145859000
v -0.040515000 -0.170000000 -0.143038000
v -0.040029000 -0.167000000 -0.145998000
v -0.040838000 -0.170000000 -0.143073000
v -0.040675000 -0.167000000 -0.146069000
v -0.041162000 -0.170000000 -0.143073000
v -0.041325000 -0.167000000 -0.146069000
v -0.041485000 -0.170000000 -0.143038000
v -0.041971000 -0.167000000 -0.145998000
v -0.041803000 -0.170000000 -0.142968000
v -0.042605000 -0.167000000 -0.145859000
v -0.042110000 -0.170000000 -0.142864000
v -0.043221000 -0.167000000 -0.145651000
v -0.042405000 -0.170000000 -0.142728000
v -0.043810000 -0.167000000 -0.145378000
v -0.042684000 -0.170000000 -0.142560000
v -0.044367000 -0.167000000 -0.145043000
v -0.042942000 -0.170000000 -0.142364000
v -0.044884000 -0.167000000 -0.144650000
v -0.043178000 -0.170000000 -0.142140000
v -0.045356000 -0.167000000 -0.144204000
v -0.043388000 -0.170000000 -0.141893000
v -0.045777000 -0.167000000 -0.143708000
v -0.043571000 -0.170000000 -0.141624000
v -0.046141000 -0.167000000 -0.143171000
v -0.043723000 -0.170000000 -0.141337000
v -0.046445000 -0.167000000 -0.142597000
v -0.043843000 -0.170000000 -0.141035000
v -0.046686000 -0.167000000 -0.141993000
v -0.043930000 -0.170000000 -0.140722000
v -0.046860000 -0.167000000 -0.141367000
v -0.043982000 -0.170000000 -0.140402000
v -0.046965000 -0.167000000 -0.140726000
v -0.044000000 -0.170000000 -0.140077000
v -0.047000000 -0.167000000 -0.140077000
v -0.043982000 -0.170000000 -0.139753000
v -0.046965000 -0.167000000 -0.139429000
v -0.043930000 -0.170000000 -0.139432000
v -0.046860000 -0.167000000 -0.138788000
v -0.043843000 -0.170000000 -0.139119000
v -0.046686000 -0.167000000 -0.138162000
v -0.043723000 -0.170000000 -0.138818000
v -0.046445000 -0.167000000 -0.137558000
v -0.043571000 -0.170000000 -0.138531000
v -0.046141000 -0.167000000 -0.136984000
v -0.043388000 -0.170000000 -0.138262000
v -0.045777000 -0.167000000 -0.136446000
v -0.043178000 -0.170000000 -0.138014000
v -0.045356000 -0.167000000 -0.135951000
v -0.042942000 -0.170000000 -0.137791000
v -0.044884000 -0.167000000 -0.135504000
v -0.042684000 -0.170000000 -0.137594000
v -0.044367000 -0.167000000 -0.135111000
v -0.042405000 -0.170000000 -0.137427000
v -0.043810000 -0.167000000 -0.134776000
v -0.042110000 -0.170000000 -0.137290000
v -0.043221000 -0.167000000 -0.134503000
v -0.041803000 -0.170000000 -0.137187000
v -0.042605000 -0.167000000 -0.134296000
v -0.041485000 -0.170000000 -0.137117000
v -0.041971000 -0.167000000 -0.134156000
v -0.041162000 -0.170000000 -0.137082000
v -0.041325000 -0.167000000 -0.134086000
v -0.040838000 -0.170000000 -0.137082000
v -0.040675000 -0.167000000 -0.134086000
v -0.040515000 -0.170000000 -0.137117000
v -0.040029000 -0.167000000 -0.134156000
v -0.040197000 -0.170000000 -0.137187000
v -0.039395000 -0.167000000 -0.134296000
v -0.039890000 -0.170000000 -0.137290000
v -0.038779000 -0.167000000 -0.134503000
v -0.039595000 -0.170000000 -0.137427000
v -0.038190000 -0.167000000 -0.134776000
v -0.039316000 -0.170000000 -0.137594000
v -0.037633000 -0.167000000 -0.135111000
v -0.039058000 -0.170000000 -0.137791000
v -0.037116000 -0.167000000 -0.135504000
v -0.038822000 -0.170000000 -0.138014000
v -0.036644000 -0.167000000 -0.135951000
v -0.038612000 -0.170000000 -0.138262000
v -0.036223000 -0.167000000 -0.136446000
v -0.038429000 -0.170000000 -0.138531000
v -0.035859000 -0.167000000 -0.136984000
v -0.038277000 -0.170000000 -0.138818000
v -0.035555000 -0.167000000 -0.137558000
v -0.038157000 -0.170000000 -0.139119000
v -0.035314000 -0.167000000 -0.138162000
v -0.038070000 -0.170000000 -0.139432000
v -0.035140000 -0.167000000 -0.138788000
v -0.038018000 -0.170000000 -0.139753000
v -0.035035000 -0.167000000 -0.139429000
v -0.038000000 -0.170000000 -0.140077000
v -0.035000000 -0.167000000 -0.140077000
v 0.043982000 -0.170000000 -0.140402000
v 0.046965000 -0.167000000 -0.140726000
v 0.043930000 -0.170000000 -0.140722000
v 0.046860000 -0.167000000 -0.141367000
v 0.043843000 -0.170000000 -0.141035000
v 0.046686000 -0.167000000 -0.141993000
v 0.043723000 -0.170000000 -0.141337000
v 0.046445000 -0.167000000 -0.142597000
v 0.043571000 -0.170000000 -0.141624000
v 0.046141000 -0.167000000 -0.143171000
v 0.043388000 -0.170000000 -0.141893000
v 0.045777000 -0.167000000 -0.143708000
v 0.043178000 -0.170000000 -0.142140000
v 0.045356000 -0.167000000 -0.144204000
v 0.042942000 -0.170000000 -0.142364000
v 0.044884000 -0.167000000 -0.144650000
v 0.042684000 -0.170000000 -0.142560000
v 0.044367000 -0.167000000 -0.145043000
v 0.042405000 -0.170000000 -0.142728000
v 0.043810000 -0.167000000 -0.145378000
v 0.042110000 -0.170000000 -0.142864000
v 0.043221000 -0.167000000 -0.145651000
v 0.041803000 -0.170000000 -0.142968000
v 0.042605000 -0.167000000 -0.145859000
v 0.041485000 -0.170000000 -0.143038000
v 0.041971000 -0.167000000 -0.145998000
v 0.041162000 -0.170000000 -0.143073000
v 0.041325000 -0.167000000 -0.146069000
v 0.040838000 -0.170000000 -0.143073000
v 0.040675000 -0.167000000 -0.146069000
v 0.040515000 -0.170000000 -0.143038000
v 0.040029000 -0.167000000 -0.145998000
v 0.040197000 -0.170000000 -0.142968000
v 0.039395000 -0.167000000 -0.145859000
v 0.039890000 -0.170000000 -0.142864000
v 0.038779000 -0.167000000 -0.145651000
v 0.039595000 -0.170000000 -0.142728000
v 0.038190000 -0.167000000 -0.145378000
v 0.039316000 -0.170000000 -0.142560000
v 0.037633000 -0.167000000 -0.145043000
v 0.039058000 -0.170000000 -0.142364000
v 0.037116000 -0.167000000 -0.144650000
v 0.038822000 -0.170000000 -0.142140000
v 0.036644000 -0.167000000 -0.144204000
v 0.038612000 -0.170000000 -0.141893000
v 0.036223000 -0.167000000 -0.143708000
v 0.038429000 -0.170000000 -0.141624000
v 0.035859000 -0.167000000 -0.143171000
v 0.038277000 -0.170000000 -0.141337000
v 0.035555000 -0.167000000 -0.142597000
v 0.038157000 -0.170000000 -0.141035000
v 0.035314000 -0.167000000 -0.141993000
v 0.038070000 -0.170000000 -0.140722000
v 0.035140000 -0.167000000 -0.141367000
v 0.038018000 -0.170000000 -0.140402000
v 0.035035000 -0.167000000 -0.140726000
v 0.038000000 -0.170000000 -0.140077000
v 0.035000000 -0.167000000 -0.140077000
v 0.038018000 -0.170000000 -0.139753000
v 0.035035000 -0.167000000 -0.139429000
v 0.038070000 -0.170000000 -0.139432000
v 0.035140000 -0.167000000 -0.138788000
v 0.038157000 -0.170000000 -0.139119000
v 0.035314000 -0.167000000 -0.138162000
v 0.038277000 -0.170000000 -0.138818000
v 0.035555000 -0.167000000 -0.137558000
v 0.038429000 -0.170000000 -0.138531000
v 0.035859000 -0.167000000 -0.136984000
v 0.038612000 -0.170000000 -0.138262000
v 0.036223000 -0.167000000 -0.136446000
v 0.038822000 -0.170000000 -0.138014000
v 0.036644000 -0.167000000 -0.135951000
v 0.039058000 -0.170000000 -0.137791000
v 0.037116000 -0.167000000 -0.135504000
v 0.039316000 -0.170000000 -0.137594000
v 0.037633000 -0.167000000 -0.135111000
v 0.039595000 -0.170000000 -0.137427000
v 0.038190000 -0.167000000 -0.134776000
v 0.039890000 -0.170000000 -0.137290000
v 0.038779000 -0.167000000 -0.134503000
v 0.040197000 -0.170000000 -0.137187000
v 0.039395000 -0.167000000 -0.134296000
v 0.040515000 -0.170000000 -0.137117000
v 0.040029000 -0.167000000 -0.134156000
v 0.040838000 -0.170000000 -0.137082000
v 0.040675000 -0.167000000 -0.134086000
v 0.041162000 -0.170000000 -0.137082000
v 0.041325000 -0.167000000 -0.134086000
v 0.041485000 -0.170000000 -0.137117000
v 0.041971000 -0.167000000 -0.134156000
v 0.041803000 -0.170000000 -0.137187000
v 0.042605000 -0.167000000 -0.134296000
v 0.042110000 -0.170000000 -0.137290000
v 0.043221000 -0.167000000 -0.134503000
v 0.042405000 -0.170000000 -0.137427000
v 0.043810000 -0.167000000 -0.134776000
v 0.042684000 -0.170000000 -0.137594000
v 0.044367000 -0.167000000 -0.135111000
v 0.042942000 -0.170000000 -0.137791000
v 0.044884000 -0.167000000 -0.135504000
v 0.043178000 -0.170000000 -0.138014000
v 0.045356000 -0.167000000 -0.135951000
v 0.043388000 -0.170000000 -0.138262000
v 0.045777000 -0.167000000 -0.136446000
v 0.043571000 -0.170000000 -0.138531000
v 0.046141000 -0.167000000 -0.136984000
v 0.043723000 -0.170000000 -0.138818000
v 0.046445000 -0.167000000 -0.137558000
v 0.043843000 -0.170000000 -0.139119000
v 0.046686000 -0.167000000 -0.138162000
v 0.043930000 -0.170000000 -0.139432000
v 0.046860000 -0.167000000 -0.138788000
v 0.043982000 -0.170000000 -0.139753000
v 0.046965000 -0.167000000 -0.139429000
v 0.044000000 -0.170000000 -0.140077000
v 0.047000000 -0.167000000 -0.140077000
v 0.043982000 -0.170000000 -0.183402000
v 0.046965000 -0.167000000 -0.183726000
v 0.043930000 -0.170000000 -0.183722000
v 0.046860000 -0.167000000 -0.184367000
v 0.043843000 -0.170000000 -0.184035000
v 0.046686000 -0.167000000 -0.184993000
v 0.043723000 -0.170000000 -0.184337000
v 0.046445000 -0.167000000 -0.185597000
v 0.043571000 -0.170000000 -0.184624000
v 0.046141000 -0.167000000 -0.186171000
v 0.043388000 -0.170000000 -0.184893000
v 0.045777000 -0.167000000 -0.186708000
v 0.043178000 -0.170000000 -0.185140000
v 0.045356000 -0.167000000 -0.187204000
v 0.042942000 -0.170000000 -0.185364000
v 0.044884000 -0.167000000 -0.187650000
v 0.042684000 -0.170000000 -0.185560000
v 0.044367000 -0.167000000 -0.188043000
v 0.042405000 -0.170000000 -0.185728000
v 0.043810000 -0.167000000 -0.188378000
v 0.042110000 -0.170000000 -0.185864000
v 0.043221000 -0.167000000 -0.188651000
v 0.041803000 -0.170000000 -0.185968000
v 0.042605000 -0.167000000 -0.188859000
v 0.041485000 -0.170000000 -0.186038000
v 0.041971000 -0.167000000 -0.188998000
v 0.041162000 -0.170000000 -0.186073000
v 0.041325000 -0.167000000 -0.189069000
v 0.040838000 -0.170000000 -0.186073000
v 0.040675000 -0.167000000 -0.189069000
v 0.040515000 -0.170000000 -0.186038000
v 0.040029000 -0.167000000 -0.188998000
v 0.040197000 -0.170000000 -0.185968000
v 0.039395000 -0.167000000 -0.188859000
v 0.039890000 -0.170000000 -0.185864000
v 0.038779000 -0.167000000 -0.188651000
v 0.039595000 -0.170000000 -0.185728000
v 0.038190000 -0.167000000 -0.188378000
v 0.039316000 -0.170000000 -0.185560000
v 0.037633000 -0.167000000 -0.188043000
v 0.039058000 -0.170000000 -0.185364000
v 0.037116000 -0.167000000 -0.187650000
v 0.038822000 -0.170000000 -0.185140000
v 0.036644000 -0.167000000 -0.187204000
v 0.038612000 -0.170000000 -0.184893000
v 0.036223000 -0.167000000 -0.186708000
v 0.038429000 -0.170000000 -0.184624000
v 0.035859000 -0.167000000 -0.186171000
v 0.038277000 -0.170000000 -0.184337000
v 0.035555000 -0.167000000 -0.185597000
v 0.038157000 -0.170000000 -0.184035000
v 0.035314000 -0.167000000 -0.184993000
v 0.038070000 -0.170000000 -0.183722000
v 0.035140000 -0.167000000 -0.184367000
v 0.038018000 -0.170000000 -0.183402000
v 0.035035000 -0.167000000 -0.183726000
v 0.038000000 -0.170000000 -0.183077000
v 0.035000000 -0.167000000 -0.183077000
v 0.038018000 -0.170000000 -0.182753000
v 0.035035000 -0.167000000 -0.182429000
v 0.038070000 -0.170000000 -0.182432000
v 0.035140000 -0.167000000 -0.181788000
v 0.038157000 -0.170000000 -0.182119000
v 0.035314000 -0.167000000 -0.181162000
v 0.038277000 -0.170000000 -0.181818000
v 0.035555000 -0.167000000 -0.180558000
v 0.038429000 -0.170000000 -0.181531000
v 0.035859000 -0.167000000 -0.179984000
v 0.038612000 -0.170000000 -0.181262000
v 0.036223000 -0.167000000 -0.179446000
v 0.038822000 -0.170000000 -0.181014000
v 0.036644000 -0.167000000 -0.178951000
v 0.039058000 -0.170000000 -0.180791000
v 0.037116000 -0.167000000 -0.178504000
v 0.039316000 -0.170000000 -0.180594000
v 0.037633000 -0.167000000 -0.178111000
v 0.039595000 -0.170000000 -0.180427000
v 0.038190000 -0.167000000 -0.177776000
v 0.039890000 -0.170000000 -0.180290000
v 0.038779000 -0.167000000 -0.177503000
v 0.040197000 -0.170000000 -0.180187000
v 0.039395000 -0.167000000 -0.177296000
v 0.040515000 -0.170000000 -0.180117000
v 0.040029000 -0.167000000 -0.177156000
v 0.040838000 -0.170000000 -0.180082000
v 0.040675000 -0.167000000 -0.177086000
v 0.041162000 -0.170000000 -0.180082000
v 0.041325000 -0.167000000 -0.177086000
v 0.041485000 -0.170000000 -0.180117000
v 0.041971000 -0.167000000 -0.177156000
v 0.041803000 -0.170000000 -0.180187000
v 0.042605000 -0.167000000 -0.177296000
v 0.042110000 -0.170000000 -0.180290000
v 0.043221000 -0.167000000 -0.177503000
v 0.042405000 -0.170000000 -0.180427000
v 0.043810000 -0.167000000 -0.177776000
v 0.042684000 -0.170000000 -0.180594000
v 0.044367000 -0.167000000 -0.178111000
v 0.042942000 -0.170000000 -0.180791000
v 0.044884000 -0.167000000 -0.178504000
v 0.043178000 -0.170000000 -0.181014000
v 0.045356000 -0.167000000 -0.178951000
v 0.043388000 -0.170000000 -0.181262000
v 0.045777000 -0.167000000 -0.179446000
v 0.043571000 -0.170000000 -0.181531000
v 0.046141000 -0.167000000 -0.179984000
v 0.043723000 -0.170000000 -0.181818000
v 0.046445000 -0.167000000 -0.180558000
v 0.043843000 -0.170000000 -0.182119000
v 0.046686000 -0.167000000 -0.181162000
v 0.043930000 -0.170000000 -0.182432000
v 0.046860000 -0.167000000 -0.181788000
v 0.043982000 -0.170000000 -0.182753000
v 0.046965000 -0.167000000 -0.182429000
v 0.044000000 -0.170000000 -0.183077000
v 0.047000000 -0.167000000 -0.183077000
v 0.043982000 -0.170000000 -0.226402000
v 0.046965000 -0.167000000 -0.226726000
v 0.043930000 -0.170000000 -0.226722000
v 0.046860000 -0.167000000 -0.227367000
v 0.043843000 -0.170000000 -0.227035000
v 0.046686000 -0.167000000 -0.227993000
v 0.043723000 -0.170000000 -0.227337000
v 0.046445000 -0.167000000 -0.228597000
v 0.043571000 -0.170000000 -0.227624000
v 0.046141000 -0.167000000 -0.229171000
v 0.043388000 -0.170000000 -0.227893000
v 0.045777000 -0.167000000 -0.229708000
v 0.043178000 -0.170000000 -0.228140000
v 0.045356000 -0.167000000 -0.230204000
v 0.042942000 -0.170000000 -0.228364000
v 0.044884000 -0.167000000 -0.230650000
v 0.042684000 -0.170000000 -0.228560000
v 0.044367000 -0.167000000 -0.231043000
v 0.042405000 -0.170000000 -0.228728000
v 0.043810000 -0.167000000 -0.231378000
v 0.042110000 -0.170000000 -0.228864000
v 0.043221000 -0.167000000 -0.231651000
v 0.041803000 -0.170000000 -0.228968000
v 0.042605000 -0.167000000 -0.231859000
v 0.041485000 -0.170000000 -0.229038000
v 0.041971000 -0.167000000 -0.231998000
v 0.041162000 -0.170000000 -0.229073000
v 0.041325000 -0.167000000 -0.232069000
v 0.040838000 -0.170000000 -0.229073000
v 0.040675000 -0.167000000 -0.232069000
v 0.040515000 -0.170000000 -0.229038000
v 0.040029000 -0.167000000 -0.231998000
v 0.040197000 -0.170000000 -0.228968000
v 0.039395000 -0.167000000 -0.231859000
v 0.039890000 -0.170000000 -0.228864000
v 0.038779000 -0.167000000 -0.231651000
v 0.039595000 -0.170000000 -0.228728000
v 0.038190000 -0.167000000 -0.231378000
v 0.039316000 -0.170000000 -0.228560000
v 0.037633000 -0.167000000 -0.231043000
v 0.039058000 -0.170000000 -0.228364000
v 0.037116000 -0.167000000 -0.230650000
v 0.038822000 -0.170000000 -0.228140000
v 0.036644000 -0.167000000 -0.230204000
v 0.038612000 -0.170000000 -0.227893000
v 0.036223000 -0.167000000 -0.229708000
v 0.038429000 -0.170000000 -0.227624000
v 0.035859000 -0.167000000 -0.229171000
v 0.038277000 -0.170000000 -0.227337000
v 0.035555000 -0.167000000 -0.228597000
v 0.038157000 -0.170000000 -0.227035000
v 0.035314000 -0.167000000 -0.227993000
v 0.038070000 -0.170000000 -0.226722000
v 0.035140000 -0.167000000 -0.227367000
v 0.038018000 -0.170000000 -0.226402000
v 0.035035000 -0.167000000 -0.226726000
v 0.038000000 -0.170000000 -0.226077000
v 0.035000000 -0.167000000 -0.226077000
v 0.038018000 -0.170000000 -0.225753000
v 0.035035000 -0.167000000 -0.225429000
v 0.038070000 -0.170000000 -0.225432000
v 0.035140000 -0.167000000 -0.224788000
v 0.038157000 -0.170000000 -0.225119000
v 0.035314000 -0.167000000 -0.224162000
v 0.038277000 -0.170000000 -0.224818000
v 0.035555000 -0.167000000 -0.223558000
v 0.038429000 -0.170000000 -0.224531000
v 0.035859000 -0.167000000 -0.222984000
v 0.038612000 -0.170000000 -0.224262000
v 0.036223000 -0.167000000 -0.222446000
v 0.038822000 -0.170000000 -0.224014000
v 0.036644000 -0.167000000 -0.221951000
v 0.039058000 -0.170000000 -0.223791000
v 0.037116000 -0.167000000 -0.221504000
v 0.039316000 -0.170000000 -0.223594000
v 0.037633000 -0.167000000 -0.221111000
v 0.039595000 -0.170000000 -0.223427000
v 0.038190000 -0.167000000 -0.220776000
v 0.039890000 -0.170000000 -0.223290000
v 0.038779000 -0.167000000 -0.220503000
v 0.040197000 -0.170000000 -0.223187000
v 0.039395000 -0.167000000 -0.220296000
v 0.040515000 -0.170000000 -0.223117000
v 0.040029000 -0.167000000 -0.220156000
v 0.040838000 -0.170000000 -0.223082000
v 0.040675000 -0.167000000 -0.220086000
v 0.041162000 -0.170000000 -0.223082000
v 0.041325000 -0.167000000 -0.220086000
v 0.041485000 -0.170000000 -0.223117000
v 0.041971000 -0.167000000 -0.220156000
v 0.041803000 -0.170000000 -0.223187000
v 0.042605000 -0.167000000 -0.220296000
v 0.042110000 -0.170000000 -0.223290000
v 0.043221000 -0.167000000 -0.220503000
v 0.042405000 -0.170000000 -0.223427000
v 0.043810000 -0.167000000 -0.220776000
v 0.042684000 -0.170000000 -0.223594000
v 0.044367000 -0.167000000 -0.221111000
v 0.042942000 -0.170000000 -0.223791000
v 0.044884000 -0.167000000 -0.221504000
v 0.043178000 -0.170000000 -0.224014000
v 0.045356000 -0.167000000 -0.221951000
v 0.043388000 -0.170000000 -0.224262000
v 0.045777000 -0.167000000 -0.222446000
v 0.043571000 -0.170000000 -0.224531000
v 0.046141000 -0.167000000 -0.222984000
v 0.043723000 -0.170000000 -0.224818000
v 0.046445000 -0.167000000 -0.223558000
v 0.043843000 -0.170000000 -0.225119000
v 0.046686000 -0.167000000 -0.224162000
v 0.043930000 -0.170000000 -0.225432000
v 0.046860000 -0.167000000 -0.224788000
v 0.043982000 -0.170000000 -0.225753000
v 0.046965000 -0.167000000 -0.225429000
v 0.044000000 -0.170000000 -0.226077000
v 0.047000000 -0.167000000 -0.226077000
v 0.044000000 -0.172000000 -0.140077000
v 0.043982000 -0.172000000 -0.140402000
v 0.043930000 -0.172000000 -0.140722000
v 0.043843000 -0.172000000 -0.141035000
v 0.043723000 -0.172000000 -0.141337000
v 0.043571000 -0.172000000 -0.141624000
v 0.043388000 -0.172000000 -0.141893000
v 0.043178000 -0.172000000 -0.142140000
v 0.042942000 -0.172000000 -0.142364000
v 0.042684000 -0.172000000 -0.142560000
v 0.042405000 -0.172000000 -0.142728000
v 0.042110000 -0.172000000 -0.142864000
v 0.041803000 -0.172000000 -0.142968000
v 0.041485000 -0.172000000 -0.143038000
v 0.041162000 -0.172000000 -0.143073000
v 0.040838000 -0.172000000 -0.143073000
v 0.040515000 -0.172000000 -0.143038000
v 0.040197000 -0.172000000 -0.142968000
v 0.039890000 -0.172000000 -0.142864000
v 0.039595000 -0.172000000 -0.142728000
v 0.039316000 -0.172000000 -0.142560000
v 0.039058000 -0.172000000 -0.142364000
v 0.038822000 -0.172000000 -0.142140000
v 0.038612000 -0.172000000 -0.141893000
v 0.038429000 -0.172000000 -0.141624000
v 0.038277000 -0.172000000 -0.141337000
v 0.038157000 -0.172000000 -0.141035000
v 0.038070000 -0.172000000 -0.140722000
v 0.038018000 -0.172000000 -0.140402000
v 0.038000000 -0.172000000 -0.140077000
v 0.038018000 -0.172000000 -0.139753000
v 0.038070000 -0.172000000 -0.139432000
v 0.038157000 -0.172000000 -0.139119000
v 0.038277000 -0.172000000 -0.138818000
v 0.038429000 -0.172000000 -0.138531000
v 0.038612000 -0.172000000 -0.138262000
v 0.038822000 -0.172000000 -0.138014000
v 0.039058000 -0.172000000 -0.137791000
v 0.039316000 -0.172000000 -0.137594000
v 0.039595000 -0.172000000 -0.137427000
v 0.039890000 -0.172000000 -0.137290000
v 0.040197000 -0.172000000 -0.137187000
v 0.040515000 -0.172000000 -0.137117000
v 0.040838000 -0.172000000 -0.137082000
v 0.041162000 -0.172000000 -0.137082000
v 0.041485000 -0.172000000 -0.137117000
v 0.041803000 -0.172000000 -0.137187000
v 0.042110000 -0.172000000 -0.137290000
v 0.042405000 -0.172000000 -0.137427000
v 0.042684000 -0.172000000 -0.137594000
v 0.042942000 -0.172000000 -0.137791000
v 0.043178000 -0.172000000 -0.138014000
v 0.043388000 -0.172000000 -0.138262000
v 0.043571000 -0.172000000 -0.138531000
v 0.043723000 -0.172000000 -0.138818000
v 0.043843000 -0.172000000 -0.139119000
v 0.043930000 -0.172000000 -0.139432000
v 0.043982000 -0.172000000 -0.139753000
v 0.044000000 -0.172000000 -0.183077000
v 0.043982000 -0.172000000 -0.183402000
v 0.043930000 -0.172000000 -0.183722000
v 0.043843000 -0.172000000 -0.184035000
v 0.043723000 -0.172000000 -0.184337000
v 0.043571000 -0.172000000 -0.184624000
v 0.043388000 -0.172000000 -0.184893000
v 0.043178000 -0.172000000 -0.185140000
v 0.042942000 -0.172000000 -0.185364000
v 0.042684000 -0.172000000 -0.185560000
v 0.042405000 -0.172000000 -0.185728000
v 0.042110000 -0.172000000 -0.185864000
v 0.041803000 -0.172000000 -0.185968000
v 0.041485000 -0.172000000 -0.186038000
v 0.041162000 -0.172000000 -0.186073000
v 0.040838000 -0.172000000 -0.186073000
v 0.040515000 -0.172000000 -0.186038000
v 0.040197000 -0.172000000 -0.185968000
v 0.039890000 -0.172000000 -0.185864000
v 0.039595000 -0.172000000 -0.185728000
v 0.039316000 -0.172000000 -0.185560000
v 0.039058000 -0.172000000 -0.185364000
v 0.038822000 -0.172000000 -0.185140000
v 0.038612000 -0.172000000 -0.184893000
v 0.038429000 -0.172000000 -0.184624000
v 0.038277000 -0.172000000 -0.184337000
v 0.038157000 -0.172000000 -0.184035000
v 0.038070000 -0.172000000 -0.183722000
v 0.038018000 -0.172000000 -0.183402000
v 0.038000000 -0.172000000 -0.183077000
v 0.038018000 -0.172000000 -0.182753000
v 0.038070000 -0.172000000 -0.182432000
v 0.038157000 -0.172000000 -0.182119000
v 0.038277000 -0.172000000 -0.181818000
v 0.038429000 -0.172000000 -0.181531000
v 0.038612000 -0.172000000 -0.181262000
v 0.038822000 -0.172000000 -0.181014000
v 0.039058000 -0.172000000 -0.180791000
v 0.039316000 -0.172000000 -0.180594000
v 0.039595000 -0.172000000 -0.180427000
v 0.039890000 -0.172000000 -0.180290000
v 0.040197000 -0.172000000 -0.180187000
v 0.040515000 -0.172000000 -0.180117000
v 0.040838000 -0.172000000 -0.180082000
v 0.041162000 -0.172000000 -0.180082000
v 0.041485000 -0.172000000 -0.180117000
v 0.041803000 -0.172000000 -0.180187000
v 0.042110000 -0.172000000 -0.180290000
v 0.042405000 -0.172000000 -0.180427000
v 0.042684000 -0.172000000 -0.180594000
v 0.042942000 -0.172000000 -0.180791000
v 0.043178000 -0.172000000 -0.181014000
v 0.043388000 -0.172000000 -0.181262000
v 0.043571000 -0.172000000 -0.181531000
v 0.043723000 -0.172000000 -0.181818000
v 0.043843000 -0.172000000 -0.182119000
v 0.043930000 -0.172000000 -0.182432000
v 0.043982000 -0.172000000 -0.182753000
v 0.044000000 -0.172000000 -0.226077000
v 0.043982000 -0.172000000 -0.226402000
v 0.043930000 -0.172000000 -0.226722000
v 0.043843000 -0.172000000 -0.227035000
v 0.043723000 -0.172000000 -0.227337000
v 0.043571000 -0.172000000 -0.227624000
v 0.043388000 -0.172000000 -0.227893000
v 0.043178000 -0.172000000 -0.228140000
v 0.042942000 -0.172000000 -0.228364000
v 0.042684000 -0.172000000 -0.228560000
v 0.042405000 -0.172000000 -0.228728000
v 0.042110000 -0.172000000 -0.228864000
v 0.041803000 -0.172000000 -0.228968000
v 0.041485000 -0.172000000 -0.229038000
v 0.041162000 -0.172000000 -0.229073000
v 0.040838000 -0.172000000 -0.229073000
v 0.040515000 -0.172000000 -0.229038000
v 0.040197000 -0.172000000 -0.228968000
v 0.039890000 -0.172000000 -0.228864000
v 0.039595000 -0.172000000 -0.228728000
v 0.039316000 -0.172000000 -0.228560000
v 0.039058000 -0.172000000 -0.228364000
v 0.038822000 -0.172000000 -0.228140000
v 0.038612000 -0.172000000 -0.227893000
v 0.038429000 -0.172000000 -0.227624000
v 0.038277000 -0.172000000 -0.227337000
v 0.038157000 -0.172000000 -0.227035000
v 0.038070000 -0.172000000 -0.226722000
v 0.038018000 -0.172000000 -0.226402000
v 0.038000000 -0.172000000 -0.226077000
v 0.038018000 -0.172000000 -0.225753000
v 0.038070000 -0.172000000 -0.225432000
v 0.038157000 -0.172000000 -0.225119000
v 0.038277000 -0.172000000 -0.224818000
v 0.038429000 -0.172000000 -0.224531000
v 0.038612000 -0.172000000 -0.224262000
v 0.038822000 -0.172000000 -0.224014000
v 0.039058000 -0.172000000 -0.223791000
v 0.039316000 -0.172000000 -0.223594000
v 0.039595000 -0.172000000 -0.223427000
v 0.039890000 -0.172000000 -0.223290000
v 0.040197000 -0.172000000 -0.223187000
v 0.040515000 -0.172000000 -0.223117000
v 0.040838000 -0.172000000 -0.223082000
v 0.041162000 -0.172000000 -0.223082000
v 0.041485000 -0.172000000 -0.223117000
v 0.041803000 -0.172000000 -0.223187000
v 0.042110000 -0.172000000 -0.223290000
v 0.042405000 -0.172000000 -0.223427000
v 0.042684000 -0.172000000 -0.223594000
v 0.042942000 -0.172000000 -0.223791000
v 0.043178000 -0.172000000 -0.224014000
v 0.043388000 -0.172000000 -0.224262000
v 0.043571000 -0.172000000 -0.224531000
v 0.043723000 -0.172000000 -0.224818000
v 0.043843000 -0.172000000 -0.225119000
v 0.043930000 -0.172000000 -0.225432000
v 0.043982000 -0.172000000 -0.225753000
v -0.038000000 -0.172000000 -0.226077000
v -0.038018000 -0.172000000 -0.226402000
v -0.038070000 -0.172000000 -0.226722000
v -0.038157000 -0.172000000 -0.227035000
v -0.038277000 -0.172000000 -0.227337000
v -0.038429000 -0.172000000 -0.227624000
v -0.038612000 -0.172000000 -0.227893000
v -0.038822000 -0.172000000 -0.228140000
v -0.039058000 -0.172000000 -0.228364000
v -0.039316000 -0.172000000 -0.228560000
v -0.039595000 -0.172000000 -0.228728000
v -0.039890000 -0.172000000 -0.228864000
v -0.040197000 -0.172000000 -0.228968000
v -0.040515000 -0.172000000 -0.229038000
v -0.040838000 -0.172000000 -0.229073000
v -0.041162000 -0.172000000 -0.229073000
v -0.041485000 -0.172000000 -0.229038000
v -0.041803000 -0.172000000 -0.228968000
v -0.042110000 -0.172000000 -0.228864000
v -0.042405000 -0.172000000 -0.228728000
v -0.042684000 -0.172000000 -0.228560000
v -0.042942000 -0.172000000 -0.228364000
v -0.043178000 -0.172000000 -0.228140000
v -0.043388000 -0.172000000 -0.227893000
v -0.043571000 -0.172000000 -0.227624000
v -0.043723000 -0.172000000 -0.227337000
v -0.043843000 -0.172000000 -0.227035000
v -0.043930000 -0.172000000 -0.226722000
v -0.043982000 -0.172000000 -0.226402000
v -0.044000000 -0.172000000 -0.226077000
v -0.043982000 -0.172000000 -0.225753000
v -0.043930000 -0.172000000 -0.225432000
v -0.043843000 -0.172000000 -0.225119000
v -0.043723000 -0.172000000 -0.224818000
v -0.043571000 -0.172000000 -0.224531000
v -0.043388000 -0.172000000 -0.224262000
v -0.043178000 -0.172000000 -0.224014000
v -0.042942000 -0.172000000 -0.223791000
v -0.042684000 -0.172000000 -0.223594000
v -0.042405000 -0.172000000 -0.223427000
v -0.042110000 -0.172000000 -0.223290000
v -0.041803000 -0.172000000 -0.223187000
v -0.041485000 -0.172000000 -0.223117000
v -0.041162000 -0.172000000 -0.223082000
v -0.040838000 -0.172000000 -0.223082000
v -0.040515000 -0.172000000 -0.223117000
v -0.040197000 -0.172000000 -0.223187000
v -0.039890000 -0.172000000 -0.223290000
v -0.039595000 -0.172000000 -0.223427000
v -0.039316000 -0.172000000 -0.223594000
v -0.039058000 -0.172000000 -0.223791000
v -0.038822000 -0.172000000 -0.224014000
v -0.038612000 -0.172000000 -0.224262000
v -0.038429000 -0.172000000 -0.224531000
v -0.038277000 -0.172000000 -0.224818000
v -0.038157000 -0.172000000 -0.225119000
v -0.038070000 -0.172000000 -0.225432000
v -0.038018000 -0.172000000 -0.225753000
v -0.038000000 -0.172000000 -0.183077000
v -0.038018000 -0.172000000 -0.183402000
v -0.038070000 -0.172000000 -0.183722000
v -0.038157000 -0.172000000 -0.184035000
v -0.038277000 -0.172000000 -0.184337000
v -0.038429000 -0.172000000 -0.184624000
v -0.038612000 -0.172000000 -0.184893000
v -0.038822000 -0.172000000 -0.185140000
v -0.039058000 -0.172000000 -0.185364000
v -0.039316000 -0.172000000 -0.185560000
v -0.039595000 -0.172000000 -0.185728000
v -0.039890000 -0.172000000 -0.185864000
v -0.040197000 -0.172000000 -0.185968000
v -0.040515000 -0.172000000 -0.186038000
v -0.040838000 -0.172000000 -0.186073000
v -0.041162000 -0.172000000 -0.186073000
v -0.041485000 -0.172000000 -0.186038000
v -0.041803000 -0.172000000 -0.185968000
v -0.042110000 -0.172000000 -0.185864000
v -0.042405000 -0.172000000 -0.185728000
v -0.042684000 -0.172000000 -0.185560000
v -0.042942000 -0.172000000 -0.185364000
v -0.043178000 -0.172000000 -0.185140000
v -0.043388000 -0.172000000 -0.184893000
v -0.043571000 -0.172000000 -0.184624000
v -0.043723000 -0.172000000 -0.184337000
v -0.043843000 -0.172000000 -0.184035000
v -0.043930000 -0.172000000 -0.183722000
v -0.043982000 -0.172000000 -0.183402000
v -0.044000000 -0.172000000 -0.183077000
v -0.043982000 -0.172000000 -0.182753000
v -0.043930000 -0.172000000 -0.182432000
v -0.043843000 -0.172000000 -0.182119000
v -0.043723000 -0.172000000 -0.181818000
v -0.043571000 -0.172000000 -0.181531000
v -0.043388000 -0.172000000 -0.181262000
v -0.043178000 -0.172000000 -0.181014000
v -0.042942000 -0.172000000 -0.180791000
v -0.042684000 -0.172000000 -0.180594000
v -0.042405000 -0.172000000 -0.180427000
v -0.042110000 -0.172000000 -0.180290000
v -0.041803000 -0.172000000 -0.180187000
v -0.041485000 -0.172000000 -0.180117000
v -0.041162000 -0.172000000 -0.180082000
v -0.040838000 -0.172000000 -0.180082000
v -0.040515000 -0.172000000 -0.180117000
v -0.040197000 -0.172000000 -0.180187000
v -0.039890000 -0.172000000 -0.180290000
v -0.039595000 -0.172000000 -0.180427000
v -0.039316000 -0.172000000 -0.180594000
v -0.039058000 -0.172000000 -0.180791000
v -0.038822000 -0.172000000 -0.181014000
v -0.038612000 -0.172000000 -0.181262000
v -0.038429000 -0.172000000 -0.181531000
v -0.038277000 -0.172000000 -0.181818000
v -0.038157000 -0.172000000 -0.182119000
v -0.038070000 -0.172000000 -0.182432000
v -0.038018000 -0.172000000 -0.182753000
v -0.038000000 -0.172000000 -0.140077000
v -0.038018000 -0.172000000 -0.140402000
v -0.038070000 -0.172000000 -0.140722000
v -0.038157000 -0.172000000 -0.141035000
v -0.038277000 -0.172000000 -0.141337000
v -0.038429000 -0.172000000 -0.141624000
v -0.038612000 -0.172000000 -0.141893000
v -0.038822000 -0.172000000 -0.142140000
v -0.039058000 -0.172000000 -0.142364000
v -0.039316000 -0.172000000 -0.142560000
v -0.039595000 -0.172000000 -0.142728000
v -0.039890000 -0.172000000 -0.142864000
v -0.040197000 -0.172000000 -0.142968000
v -0.040515000 -0.172000000 -0.143038000
v -0.040838000 -0.172000000 -0.143073000
v -0.041162000 -0.172000000 -0.143073000
v -0.041485000 -0.172000000 -0.143038000
v -0.041803000 -0.172000000 -0.142968000
v -0.042110000 -0.172000000 -0.142864000
v -0.042405000 -0.172000000 -0.142728000
v -0.042684000 -0.172000000 -0.142560000
v -0.042942000 -0.172000000 -0.142364000
v -0.043178000 -0.172000000 -0.142140000
v -0.043388000 -0.172000000 -0.141893000
v -0.043571000 -0.172000000 -0.141624000
v -0.043723000 -0.172000000 -0.141337000
v -0.043843000 -0.172000000 -0.141035000
v -0.043930000 -0.172000000 -0.140722000
v -0.043982000 -0.172000000 -0.140402000
v -0.044000000 -0.172000000 -0.140077000
v -0.043982000 -0.172000000 -0.139753000
v -0.043930000 -0.172000000 -0.139432000
v -0.043843000 -0.172000000 -0.139119000
v -0.043723000 -0.172000000 -0.138818000
v -0.043571000 -0.172000000 -0.138531000
v -0.043388000 -0.172000000 -0.138262000
v -0.043178000 -0.172000000 -0.138014000
v -0.042942000 -0.172000000 -0.137791000
v -0.042684000 -0.172000000 -0.137594000
v -0.042405000 -0.172000000 -0.137427000
v -0.042110000 -0.172000000 -0.137290000
v -0.041803000 -0.172000000 -0.137187000
v -0.041485000 -0.172000000 -0.137117000
v -0.041162000 -0.172000000 -0.137082000
v -0.040838000 -0.172000000 -0.137082000
v -0.040515000 -0.172000000 -0.137117000
v -0.040197000 -0.172000000 -0.137187000
v -0.039890000 -0.172000000 -0.137290000
v -0.039595000 -0.172000000 -0.137427000
v -0.039316000 -0.172000000 -0.137594000
v -0.039058000 -0.172000000 -0.137791000
v -0.038822000 -0.172000000 -0.138014000
v -0.038612000 -0.172000000 -0.138262000
v -0.038429000 -0.172000000 -0.138531000
v -0.038277000 -0.172000000 -0.138818000
v -0.038157000 -0.172000000 -0.139119000
v -0.038070000 -0.172000000 -0.139432000
v -0.038018000 -0.172000000 -0.139753000
v -0.049012000 -0.112000000 -0.033294000
v -0.047023000 -0.110000000 -0.033510000
v -0.049047000 -0.112000000 -0.033507000
v -0.047094000 -0.110000000 -0.033937000
v -0.049105000 -0.112000000 -0.033716000
v -0.047209000 -0.110000000 -0.034355000
v -0.049185000 -0.112000000 -0.033917000
v -0.047370000 -0.110000000 -0.034757000
v -0.049286000 -0.112000000 -0.034108000
v -0.047573000 -0.110000000 -0.035140000
v -0.049408000 -0.112000000 -0.034288000
v -0.047816000 -0.110000000 -0.035498000
v -0.049548000 -0.112000000 -0.034453000
v -0.048096000 -0.110000000 -0.035828000
v -0.049705000 -0.112000000 -0.034602000
v -0.048410000 -0.110000000 -0.036126000
v -0.049878000 -0.112000000 -0.034733000
v -0.048755000 -0.110000000 -0.036388000
v -0.050063000 -0.112000000 -0.034844000
v -0.049126000 -0.110000000 -0.036611000
v -0.050260000 -0.112000000 -0.034935000
v -0.049519000 -0.110000000 -0.036793000
v -0.050465000 -0.112000000 -0.035004000
v -0.049930000 -0.110000000 -0.036932000
v -0.050676000 -0.112000000 -0.035051000
v -0.050353000 -0.110000000 -0.037025000
v -0.050892000 -0.112000000 -0.035074000
v -0.050783000 -0.110000000 -0.037071000
v -0.051108000 -0.112000000 -0.035074000
v -0.051217000 -0.110000000 -0.037071000
v -0.051324000 -0.112000000 -0.035051000
v -0.051647000 -0.110000000 -0.037025000
v -0.051535000 -0.112000000 -0.035004000
v -0.052070000 -0.110000000 -0.036932000
v -0.051740000 -0.112000000 -0.034935000
v -0.052481000 -0.110000000 -0.036793000
v -0.051937000 -0.112000000 -0.034844000
v -0.052874000 -0.110000000 -0.036611000
v -0.052122000 -0.112000000 -0.034733000
v -0.053245000 -0.110000000 -0.036388000
v -0.052295000 -0.112000000 -0.034602000
v -0.053590000 -0.110000000 -0.036126000
v -0.052452000 -0.112000000 -0.034453000
v -0.053904000 -0.110000000 -0.035828000
v -0.052592000 -0.112000000 -0.034288000
v -0.054184000 -0.110000000 -0.035498000
v -0.052714000 -0.112000000 -0.034108000
v -0.054427000 -0.110000000 -0.035140000
v -0.052815000 -0.112000000 -0.033917000
v -0.054630000 -0.110000000 -0.034757000
v -0.052895000 -0.112000000 -0.033716000
v -0.054791000 -0.110000000 -0.034355000
v -0.052953000 -0.112000000 -0.033507000
v -0.054906000 -0.110000000 -0.033937000
v -0.052988000 -0.112000000 -0.033294000
v -0.054977000 -0.110000000 -0.033510000
v -0.053000000 -0.112000000 -0.033077000
v -0.055000000 -0.110000000 -0.033077000
v -0.052988000 -0.112000000 -0.032861000
v -0.054977000 -0.110000000 -0.032645000
v -0.052953000 -0.112000000 -0.032647000
v -0.054906000 -0.110000000 -0.032217000
v -0.052895000 -0.112000000 -0.032439000
v -0.054791000 -0.110000000 -0.031800000
v -0.052815000 -0.112000000 -0.032238000
v -0.054630000 -0.110000000 -0.031398000
v -0.052714000 -0.112000000 -0.032046000
v -0.054427000 -0.110000000 -0.031015000
v -0.052592000 -0.112000000 -0.031867000
v -0.054184000 -0.110000000 -0.030657000
v -0.052452000 -0.112000000 -0.031702000
v -0.053904000 -0.110000000 -0.030327000
v -0.052295000 -0.112000000 -0.031553000
v -0.053590000 -0.110000000 -0.030029000
v -0.052122000 -0.112000000 -0.031422000
v -0.053245000 -0.110000000 -0.029767000
v -0.051937000 -0.112000000 -0.031310000
v -0.052874000 -0.110000000 -0.029543000
v -0.051740000 -0.112000000 -0.031219000
v -0.052481000 -0.110000000 -0.029361000
v -0.051535000 -0.112000000 -0.031150000
v -0.052070000 -0.110000000 -0.029223000
v -0.051324000 -0.112000000 -0.031104000
v -0.051647000 -0.110000000 -0.029130000
v -0.051108000 -0.112000000 -0.031080000
v -0.051217000 -0.110000000 -0.029083000
v -0.050892000 -0.112000000 -0.031080000
v -0.050783000 -0.110000000 -0.029083000
v -0.050676000 -0.112000000 -0.031104000
v -0.050353000 -0.110000000 -0.029130000
v -0.050465000 -0.112000000 -0.031150000
v -0.049930000 -0.110000000 -0.029223000
v -0.050260000 -0.112000000 -0.031219000
v -0.049519000 -0.110000000 -0.029361000
v -0.050063000 -0.112000000 -0.031310000
v -0.049126000 -0.110000000 -0.029543000
v -0.049878000 -0.112000000 -0.031422000
v -0.048755000 -0.110000000 -0.029767000
v -0.049705000 -0.112000000 -0.031553000
v -0.048410000 -0.110000000 -0.030029000
v -0.049548000 -0.112000000 -0.031702000
v -0.048096000 -0.110000000 -0.030327000
v -0.049408000 -0.112000000 -0.031867000
v -0.047816000 -0.110000000 -0.030657000
v -0.049286000 -0.112000000 -0.032046000
v -0.047573000 -0.110000000 -0.031015000
v -0.049185000 -0.112000000 -0.032238000
v -0.047370000 -0.110000000 -0.031398000
v -0.049105000 -0.112000000 -0.032439000
v -0.047209000 -0.110000000 -0.031800000
v -0.049047000 -0.112000000 -0.032647000
v -0.047094000 -0.110000000 -0.032217000
v -0.049012000 -0.112000000 -0.032861000
v -0.047023000 -0.110000000 -0.032645000
v -0.049000000 -0.112000000 -0.033077000
v -0.047000000 -0.110000000 -0.033077000
v -0.049012000 -0.112000000 0.018706000
v -0.047023000 -0.110000000 0.018490000
v -0.049047000 -0.112000000 0.018493000
v -0.047094000 -0.110000000 0.018063000
v -0.049105000 -0.112000000 0.018284000
v -0.047209000 -0.110000000 0.017645000
v -0.049185000 -0.112000000 0.018083000
v -0.047370000 -0.110000000 0.017243000
v -0.049286000 -0.112000000 0.017892000
v -0.047573000 -0.110000000 0.016860000
v -0.049408000 -0.112000000 0.017712000
v -0.047816000 -0.110000000 0.016502000
v -0.049548000 -0.112000000 0.017547000
v -0.048096000 -0.110000000 0.016172000
v -0.049705000 -0.112000000 0.017398000
v -0.048410000 -0.110000000 0.015874000
v -0.049878000 -0.112000000 0.017267000
v -0.048755000 -0.110000000 0.015612000
v -0.050063000 -0.112000000 0.017156000
v -0.049126000 -0.110000000 0.015389000
v -0.050260000 -0.112000000 0.017065000
v -0.049519000 -0.110000000 0.015207000
v -0.050465000 -0.112000000 0.016996000
v -0.049930000 -0.110000000 0.015068000
v -0.050676000 -0.112000000 0.016949000
v -0.050353000 -0.110000000 0.014975000
v -0.050892000 -0.112000000 0.016926000
v -0.050783000 -0.110000000 0.014929000
v -0.051108000 -0.112000000 0.016926000
v -0.051217000 -0.110000000 0.014929000
v -0.051324000 -0.112000000 0.016949000
v -0.051647000 -0.110000000 0.014975000
v -0.051535000 -0.112000000 0.016996000
v -0.052070000 -0.110000000 0.015068000
v -0.051740000 -0.112000000 0.017065000
v -0.052481000 -0.110000000 0.015207000
v -0.051937000 -0.112000000 0.017156000
v -0.052874000 -0.110000000 0.015389000
v -0.052122000 -0.112000000 0.017267000
v -0.053245000 -0.110000000 0.015612000
v -0.052295000 -0.112000000 0.017398000
v -0.053590000 -0.110000000 0.015874000
v -0.052452000 -0.112000000 0.017547000
v -0.053904000 -0.110000000 0.016172000
v -0.052592000 -0.112000000 0.017712000
v -0.054184000 -0.110000000 0.016502000
v -0.052714000 -0.112000000 0.017892000
v -0.054427000 -0.110000000 0.016860000
v -0.052815000 -0.112000000 0.018083000
v -0.054630000 -0.110000000 0.017243000
v -0.052895000 -0.112000000 0.018284000
v -0.054791000 -0.110000000 0.017645000
v -0.052953000 -0.112000000 0.018493000
v -0.054906000 -0.110000000 0.018063000
v -0.052988000 -0.112000000 0.018706000
v -0.054977000 -0.110000000 0.018490000
v -0.053000000 -0.112000000 0.018923000
v -0.055000000 -0.110000000 0.018923000
v -0.052988000 -0.112000000 0.019139000
v -0.054977000 -0.110000000 0.019355000
v -0.052953000 -0.112000000 0.019353000
v -0.054906000 -0.110000000 0.019783000
v -0.052895000 -0.112000000 0.019561000
v -0.054791000 -0.110000000 0.020200000
v -0.052815000 -0.112000000 0.019762000
v -0.054630000 -0.110000000 0.020602000
v -0.052714000 -0.112000000 0.019954000
v -0.054427000 -0.110000000 0.020985000
v -0.052592000 -0.112000000 0.020133000
v -0.054184000 -0.110000000 0.021343000
v -0.052452000 -0.112000000 0.020298000
v -0.053904000 -0.110000000 0.021673000
v -0.052295000 -0.112000000 0.020447000
v -0.053590000 -0.110000000 0.021971000
v -0.052122000 -0.112000000 0.020578000
v -0.053245000 -0.110000000 0.022233000
v -0.051937000 -0.112000000 0.020690000
v -0.052874000 -0.110000000 0.022457000
v -0.051740000 -0.112000000 0.020781000
v -0.052481000 -0.110000000 0.022639000
v -0.051535000 -0.112000000 0.020850000
v -0.052070000 -0.110000000 0.022777000
v -0.051324000 -0.112000000 0.020896000
v -0.051647000 -0.110000000 0.022870000
v -0.051108000 -0.112000000 0.020920000
v -0.051217000 -0.110000000 0.022917000
v -0.050892000 -0.112000000 0.020920000
v -0.050783000 -0.110000000 0.022917000
v -0.050676000 -0.112000000 0.020896000
v -0.050353000 -0.110000000 0.022870000
v -0.050465000 -0.112000000 0.020850000
v -0.049930000 -0.110000000 0.022777000
v -0.050260000 -0.112000000 0.020781000
v -0.049519000 -0.110000000 0.022639000
v -0.050063000 -0.112000000 0.020690000
v -0.049126000 -0.110000000 0.022457000
v -0.049878000 -0.112000000 0.020578000
v -0.048755000 -0.110000000 0.022233000
v -0.049705000 -0.112000000 0.020447000
v -0.048410000 -0.110000000 0.021971000
v -0.049548000 -0.112000000 0.020298000
v -0.048096000 -0.110000000 0.021673000
v -0.049408000 -0.112000000 0.020133000
v -0.047816000 -0.110000000 0.021343000
v -0.049286000 -0.112000000 0.019954000
v -0.047573000 -0.110000000 0.020985000
v -0.049185000 -0.112000000 0.019762000
v -0.047370000 -0.110000000 0.020602000
v -0.049105000 -0.112000000 0.019561000
v -0.047209000 -0.110000000 0.020200000
v -0.049047000 -0.112000000 0.019353000
v -0.047094000 -0.110000000 0.019783000
v -0.049012000 -0.112000000 0.019139000
v -0.047023000 -0.110000000 0.019355000
v -0.049000000 -0.112000000 0.018923000
v -0.047000000 -0.110000000 0.018923000
v -0.049012000 -0.112000000 -0.085294000
v -0.047023000 -0.110000000 -0.085510000
v -0.049047000 -0.112000000 -0.085507000
v -0.047094000 -0.110000000 -0.085937000
v -0.049105000 -0.112000000 -0.085716000
v -0.047209000 -0.110000000 -0.086355000
v -0.049185000 -0.112000000 -0.085917000
v -0.047370000 -0.110000000 -0.086757000
v -0.049286000 -0.112000000 -0.086108000
v -0.047573000 -0.110000000 -0.087140000
v -0.049408000 -0.112000000 -0.086288000
v -0.047816000 -0.110000000 -0.087498000
v -0.049548000 -0.112000000 -0.086453000
v -0.048096000 -0.110000000 -0.087828000
v -0.049705000 -0.112000000 -0.086602000
v -0.048410000 -0.110000000 -0.088126000
v -0.049878000 -0.112000000 -0.086733000
v -0.048755000 -0.110000000 -0.088388000
v -0.050063000 -0.112000000 -0.086844000
v -0.049126000 -0.110000000 -0.088611000
v -0.050260000 -0.112000000 -0.086935000
v -0.049519000 -0.110000000 -0.088793000
v -0.050465000 -0.112000000 -0.087004000
v -0.049930000 -0.110000000 -0.088932000
v -0.050676000 -0.112000000 -0.087051000
v -0.050353000 -0.110000000 -0.089025000
v -0.050892000 -0.112000000 -0.087074000
v -0.050783000 -0.110000000 -0.089071000
v -0.051108000 -0.112000000 -0.087074000
v -0.051217000 -0.110000000 -0.089071000
v -0.051324000 -0.112000000 -0.087051000
v -0.051647000 -0.110000000 -0.089025000
v -0.051535000 -0.112000000 -0.087004000
v -0.052070000 -0.110000000 -0.088932000
v -0.051740000 -0.112000000 -0.086935000
v -0.052481000 -0.110000000 -0.088793000
v -0.051937000 -0.112000000 -0.086844000
v -0.052874000 -0.110000000 -0.088611000
v -0.052122000 -0.112000000 -0.086733000
v -0.053245000 -0.110000000 -0.088388000
v -0.052295000 -0.112000000 -0.086602000
v -0.053590000 -0.110000000 -0.088126000
v -0.052452000 -0.112000000 -0.086453000
v -0.053904000 -0.110000000 -0.087828000
v -0.052592000 -0.112000000 -0.086288000
v -0.054184000 -0.110000000 -0.087498000
v -0.052714000 -0.112000000 -0.086108000
v -0.054427000 -0.110000000 -0.087140000
v -0.052815000 -0.112000000 -0.085917000
v -0.054630000 -0.110000000 -0.086757000
v -0.052895000 -0.112000000 -0.085716000
v -0.054791000 -0.110000000 -0.086355000
v -0.052953000 -0.112000000 -0.085507000
v -0.054906000 -0.110000000 -0.085937000
v -0.052988000 -0.112000000 -0.085294000
v -0.054977000 -0.110000000 -0.085510000
v -0.053000000 -0.112000000 -0.085077000
v -0.055000000 -0.110000000 -0.085077000
v -0.052988000 -0.112000000 -0.084861000
v -0.054977000 -0.110000000 -0.084645000
v -0.052953000 -0.112000000 -0.084647000
v -0.054906000 -0.110000000 -0.084217000
v -0.052895000 -0.112000000 -0.084439000
v -0.054791000 -0.110000000 -0.083800000
v -0.052815000 -0.112000000 -0.084238000
v -0.054630000 -0.110000000 -0.083398000
v -0.052714000 -0.112000000 -0.084046000
v -0.054427000 -0.110000000 -0.083015000
v -0.052592000 -0.112000000 -0.083867000
v -0.054184000 -0.110000000 -0.082657000
v -0.052452000 -0.112000000 -0.083702000
v -0.053904000 -0.110000000 -0.082327000
v -0.052295000 -0.112000000 -0.083553000
v -0.053590000 -0.110000000 -0.082029000
v -0.052122000 -0.112000000 -0.083422000
v -0.053245000 -0.110000000 -0.081767000
v -0.051937000 -0.112000000 -0.083310000
v -0.052874000 -0.110000000 -0.081543000
v -0.051740000 -0.112000000 -0.083219000
v -0.052481000 -0.110000000 -0.081361000
v -0.051535000 -0.112000000 -0.083150000
v -0.052070000 -0.110000000 -0.081223000
v -0.051324000 -0.112000000 -0.083104000
v -0.051647000 -0.110000000 -0.081130000
v -0.051108000 -0.112000000 -0.083080000
v -0.051217000 -0.110000000 -0.081083000
v -0.050892000 -0.112000000 -0.083080000
v -0.050783000 -0.110000000 -0.081083000
v -0.050676000 -0.112000000 -0.083104000
v -0.050353000 -0.110000000 -0.081130000
v -0.050465000 -0.112000000 -0.083150000
v -0.049930000 -0.110000000 -0.081223000
v -0.050260000 -0.112000000 -0.083219000
v -0.049519000 -0.110000000 -0.081361000
v -0.050063000 -0.112000000 -0.083310000
v -0.049126000 -0.110000000 -0.081543000
v -0.049878000 -0.112000000 -0.083422000
v -0.048755000 -0.110000000 -0.081767000
v -0.049705000 -0.112000000 -0.083553000
v -0.048410000 -0.110000000 -0.082029000
v -0.049548000 -0.112000000 -0.083702000
v -0.048096000 -0.110000000 -0.082327000
v -0.049408000 -0.112000000 -0.083867000
v -0.047816000 -0.110000000 -0.082657000
v -0.049286000 -0.112000000 -0.084046000
v -0.047573000 -0.110000000 -0.083015000
v -0.049185000 -0.112000000 -0.084238000
v -0.047370000 -0.110000000 -0.083398000
v -0.049105000 -0.112000000 -0.084439000
v -0.047209000 -0.110000000 -0.083800000
v -0.049047000 -0.112000000 -0.084647000
v -0.047094000 -0.110000000 -0.084217000
v -0.049012000 -0.112000000 -0.084861000
v -0.047023000 -0.110000000 -0.084645000
v -0.049000000 -0.112000000 -0.085077000
v -0.047000000 -0.110000000 -0.085077000
v -0.049012000 -0.112000000 -0.137294000
v -0.047023000 -0.110000000 -0.137510000
v -0.049047000 -0.112000000 -0.137507000
v -0.047094000 -0.110000000 -0.137937000
v -0.049105000 -0.112000000 -0.137716000
v -0.047209000 -0.110000000 -0.138355000
v -0.049185000 -0.112000000 -0.137917000
v -0.047370000 -0.110000000 -0.138757000
v -0.049286000 -0.112000000 -0.138108000
v -0.047573000 -0.110000000 -0.139140000
v -0.049408000 -0.112000000 -0.138288000
v -0.047816000 -0.110000000 -0.139498000
v -0.049548000 -0.112000000 -0.138453000
v -0.048096000 -0.110000000 -0.139828000
v -0.049705000 -0.112000000 -0.138602000
v -0.048410000 -0.110000000 -0.140126000
v -0.049878000 -0.112000000 -0.138733000
v -0.048755000 -0.110000000 -0.140388000
v -0.050063000 -0.112000000 -0.138844000
v -0.049126000 -0.110000000 -0.140611000
v -0.050260000 -0.112000000 -0.138935000
v -0.049519000 -0.110000000 -0.140793000
v -0.050465000 -0.112000000 -0.139004000
v -0.049930000 -0.110000000 -0.140932000
v -0.050676000 -0.112000000 -0.139051000
v -0.050353000 -0.110000000 -0.141025000
v -0.050892000 -0.112000000 -0.139074000
v -0.050783000 -0.110000000 -0.141071000
v -0.051108000 -0.112000000 -0.139074000
v -0.051217000 -0.110000000 -0.141071000
v -0.051324000 -0.112000000 -0.139051000
v -0.051647000 -0.110000000 -0.141025000
v -0.051535000 -0.112000000 -0.139004000
v -0.052070000 -0.110000000 -0.140932000
v -0.051740000 -0.112000000 -0.138935000
v -0.052481000 -0.110000000 -0.140793000
v -0.051937000 -0.112000000 -0.138844000
v -0.052874000 -0.110000000 -0.140611000
v -0.052122000 -0.112000000 -0.138733000
v -0.053245000 -0.110000000 -0.140388000
v -0.052295000 -0.112000000 -0.138602000
v -0.053590000 -0.110000000 -0.140126000
v -0.052452000 -0.112000000 -0.138453000
v -0.053904000 -0.110000000 -0.139828000
v -0.052592000 -0.112000000 -0.138288000
v -0.054184000 -0.110000000 -0.139498000
v -0.052714000 -0.112000000 -0.138108000
v -0.054427000 -0.110000000 -0.139140000
v -0.052815000 -0.112000000 -0.137917000
v -0.054630000 -0.110000000 -0.138757000
v -0.052895000 -0.112000000 -0.137716000
v -0.054791000 -0.110000000 -0.138355000
v -0.052953000 -0.112000000 -0.137507000
v -0.054906000 -0.110000000 -0.137937000
v -0.052988000 -0.112000000 -0.137294000
v -0.054977000 -0.110000000 -0.137510000
v -0.053000000 -0.112000000 -0.137077000
v -0.055000000 -0.110000000 -0.137077000
v -0.052988000 -0.112000000 -0.136861000
v -0.054977000 -0.110000000 -0.136645000
v -0.052953000 -0.112000000 -0.136647000
v -0.054906000 -0.110000000 -0.136217000
v -0.052895000 -0.112000000 -0.136439000
v -0.054791000 -0.110000000 -0.135800000
v -0.052815000 -0.112000000 -0.136238000
v -0.054630000 -0.110000000 -0.135398000
v -0.052714000 -0.112000000 -0.136046000
v -0.054427000 -0.110000000 -0.135015000
v -0.052592000 -0.112000000 -0.135867000
v -0.054184000 -0.110000000 -0.134657000
v -0.052452000 -0.112000000 -0.135702000
v -0.053904000 -0.110000000 -0.134327000
v -0.052295000 -0.112000000 -0.135553000
v -0.053590000 -0.110000000 -0.134029000
v -0.052122000 -0.112000000 -0.135422000
v -0.053245000 -0.110000000 -0.133767000
v -0.051937000 -0.112000000 -0.135310000
v -0.052874000 -0.110000000 -0.133543000
v -0.051740000 -0.112000000 -0.135219000
v -0.052481000 -0.110000000 -0.133361000
v -0.051535000 -0.112000000 -0.135150000
v -0.052070000 -0.110000000 -0.133223000
v -0.051324000 -0.112000000 -0.135104000
v -0.051647000 -0.110000000 -0.133130000
v -0.051108000 -0.112000000 -0.135080000
v -0.051217000 -0.110000000 -0.133083000
v -0.050892000 -0.112000000 -0.135080000
v -0.050783000 -0.110000000 -0.133083000
v -0.050676000 -0.112000000 -0.135104000
v -0.050353000 -0.110000000 -0.133130000
v -0.050465000 -0.112000000 -0.135150000
v -0.049930000 -0.110000000 -0.133223000
v -0.050260000 -0.112000000 -0.135219000
v -0.049519000 -0.110000000 -0.133361000
v -0.050063000 -0.112000000 -0.135310000
v -0.049126000 -0.110000000 -0.133543000
v -0.049878000 -0.112000000 -0.135422000
v -0.048755000 -0.110000000 -0.133767000
v -0.049705000 -0.112000000 -0.135553000
v -0.048410000 -0.110000000 -0.134029000
v -0.049548000 -0.112000000 -0.135702000
v -0.048096000 -0.110000000 -0.134327000
v -0.049408000 -0.112000000 -0.135867000
v -0.047816000 -0.110000000 -0.134657000
v -0.049286000 -0.112000000 -0.136046000
v -0.047573000 -0.110000000 -0.135015000
v -0.049185000 -0.112000000 -0.136238000
v -0.047370000 -0.110000000 -0.135398000
v -0.049105000 -0.112000000 -0.136439000
v -0.047209000 -0.110000000 -0.135800000
v -0.049047000 -0.112000000 -0.136647000
v -0.047094000 -0.110000000 -0.136217000
v -0.049012000 -0.112000000 -0.136861000
v -0.047023000 -0.110000000 -0.136645000
v -0.049000000 -0.112000000 -0.137077000
v -0.047000000 -0.110000000 -0.137077000
v -0.049012000 -0.112000000 -0.189294000
v -0.047023000 -0.110000000 -0.189510000
v -0.049047000 -0.112000000 -0.189507000
v -0.047094000 -0.110000000 -0.189937000
v -0.049105000 -0.112000000 -0.189716000
v -0.047209000 -0.110000000 -0.190355000
v -0.049185000 -0.112000000 -0.189917000
v -0.047370000 -0.110000000 -0.190757000
v -0.049286000 -0.112000000 -0.190108000
v -0.047573000 -0.110000000 -0.191140000
v -0.049408000 -0.112000000 -0.190288000
v -0.047816000 -0.110000000 -0.191498000
v -0.049548000 -0.112000000 -0.190453000
v -0.048096000 -0.110000000 -0.191828000
v -0.049705000 -0.112000000 -0.190602000
v -0.048410000 -0.110000000 -0.192126000
v -0.049878000 -0.112000000 -0.190733000
v -0.048755000 -0.110000000 -0.192388000
v -0.050063000 -0.112000000 -0.190844000
v -0.049126000 -0.110000000 -0.192611000
v -0.050260000 -0.112000000 -0.190935000
v -0.049519000 -0.110000000 -0.192793000
v -0.050465000 -0.112000000 -0.191004000
v -0.049930000 -0.110000000 -0.192932000
v -0.050676000 -0.112000000 -0.191051000
v -0.050353000 -0.110000000 -0.193025000
v -0.050892000 -0.112000000 -0.191074000
v -0.050783000 -0.110000000 -0.193071000
v -0.051108000 -0.112000000 -0.191074000
v -0.051217000 -0.110000000 -0.193071000
v -0.051324000 -0.112000000 -0.191051000
v -0.051647000 -0.110000000 -0.193025000
v -0.051535000 -0.112000000 -0.191004000
v -0.052070000 -0.110000000 -0.192932000
v -0.051740000 -0.112000000 -0.190935000
v -0.052481000 -0.110000000 -0.192793000
v -0.051937000 -0.112000000 -0.190844000
v -0.052874000 -0.110000000 -0.192611000
v -0.052122000 -0.112000000 -0.190733000
v -0.053245000 -0.110000000 -0.192388000
v -0.052295000 -0.112000000 -0.190602000
v -0.053590000 -0.110000000 -0.192126000
v -0.052452000 -0.112000000 -0.190453000
v -0.053904000 -0.110000000 -0.191828000
v -0.052592000 -0.112000000 -0.190288000
v -0.054184000 -0.110000000 -0.191498000
v -0.052714000 -0.112000000 -0.190108000
v -0.054427000 -0.110000000 -0.191140000
v -0.052815000 -0.112000000 -0.189917000
v -0.054630000 -0.110000000 -0.190757000
v -0.052895000 -0.112000000 -0.189716000
v -0.054791000 -0.110000000 -0.190355000
v -0.052953000 -0.112000000 -0.189507000
v -0.054906000 -0.110000000 -0.189937000
v -0.052988000 -0.112000000 -0.189294000
v -0.054977000 -0.110000000 -0.189510000
v -0.053000000 -0.112000000 -0.189077000
v -0.055000000 -0.110000000 -0.189077000
v -0.052988000 -0.112000000 -0.188861000
v -0.054977000 -0.110000000 -0.188645000
v -0.052953000 -0.112000000 -0.188647000
v -0.054906000 -0.110000000 -0.188217000
v -0.052895000 -0.112000000 -0.188439000
v -0.054791000 -0.110000000 -0.187800000
v -0.052815000 -0.112000000 -0.188238000
v -0.054630000 -0.110000000 -0.187398000
v -0.052714000 -0.112000000 -0.188046000
v -0.054427000 -0.110000000 -0.187015000
v -0.052592000 -0.112000000 -0.187867000
v -0.054184000 -0.110000000 -0.186657000
v -0.052452000 -0.112000000 -0.187702000
v -0.053904000 -0.110000000 -0.186327000
v -0.052295000 -0.112000000 -0.187553000
v -0.053590000 -0.110000000 -0.186029000
v -0.052122000 -0.112000000 -0.187422000
v -0.053245000 -0.110000000 -0.185767000
v -0.051937000 -0.112000000 -0.187310000
v -0.052874000 -0.110000000 -0.185543000
v -0.051740000 -0.112000000 -0.187219000
v -0.052481000 -0.110000000 -0.185361000
v -0.051535000 -0.112000000 -0.187150000
v -0.052070000 -0.110000000 -0.185223000
v -0.051324000 -0.112000000 -0.187104000
v -0.051647000 -0.110000000 -0.185130000
v -0.051108000 -0.112000000 -0.187080000
v -0.051217000 -0.110000000 -0.185083000
v -0.050892000 -0.112000000 -0.187080000
v -0.050783000 -0.110000000 -0.185083000
v -0.050676000 -0.112000000 -0.187104000
v -0.050353000 -0.110000000 -0.185130000
v -0.050465000 -0.112000000 -0.187150000
v -0.049930000 -0.110000000 -0.185223000
v -0.050260000 -0.112000000 -0.187219000
v -0.049519000 -0.110000000 -0.185361000
v -0.050063000 -0.112000000 -0.187310000
v -0.049126000 -0.110000000 -0.185543000
v -0.049878000 -0.112000000 -0.187422000
v -0.048755000 -0.110000000 -0.185767000
v -0.049705000 -0.112000000 -0.187553000
v -0.048410000 -0.110000000 -0.186029000
v -0.049548000 -0.112000000 -0.187702000
v -0.048096000 -0.110000000 -0.186327000
v -0.049408000 -0.112000000 -0.187867000
v -0.047816000 -0.110000000 -0.186657000
v -0.049286000 -0.112000000 -0.188046000
v -0.047573000 -0.110000000 -0.187015000
v -0.049185000 -0.112000000 -0.188238000
v -0.047370000 -0.110000000 -0.187398000
v -0.049105000 -0.112000000 -0.188439000
v -0.047209000 -0.110000000 -0.187800000
v -0.049047000 -0.112000000 -0.188647000
v -0.047094000 -0.110000000 -0.188217000
v -0.049012000 -0.112000000 -0.188861000
v -0.047023000 -0.110000000 -0.188645000
v -0.049000000 -0.112000000 -0.189077000
v -0.047000000 -0.110000000 -0.189077000
v -0.049012000 -0.112000000 -0.241294000
v -0.047023000 -0.110000000 -0.241510000
v -0.049047000 -0.112000000 -0.241507000
v -0.047094000 -0.110000000 -0.241937000
v -0.049105000 -0.112000000 -0.241716000
v -0.047209000 -0.110000000 -0.242355000
v -0.049185000 -0.112000000 -0.241917000
v -0.047370000 -0.110000000 -0.242757000
v -0.049286000 -0.112000000 -0.242108000
v -0.047573000 -0.110000000 -0.243140000
v -0.049408000 -0.112000000 -0.242288000
v -0.047816000 -0.110000000 -0.243498000
v -0.049548000 -0.112000000 -0.242453000
v -0.048096000 -0.110000000 -0.243828000
v -0.049705000 -0.112000000 -0.242602000
v -0.048410000 -0.110000000 -0.244126000
v -0.049878000 -0.112000000 -0.242733000
v -0.048755000 -0.110000000 -0.244388000
v -0.050063000 -0.112000000 -0.242844000
v -0.049126000 -0.110000000 -0.244611000
v -0.050260000 -0.112000000 -0.242935000
v -0.049519000 -0.110000000 -0.244793000
v -0.050465000 -0.112000000 -0.243004000
v -0.049930000 -0.110000000 -0.244932000
v -0.050676000 -0.112000000 -0.243051000
v -0.050353000 -0.110000000 -0.245025000
v -0.050892000 -0.112000000 -0.243074000
v -0.050783000 -0.110000000 -0.245071000
v -0.051108000 -0.112000000 -0.243074000
v -0.051217000 -0.110000000 -0.245071000
v -0.051324000 -0.112000000 -0.243051000
v -0.051647000 -0.110000000 -0.245025000
v -0.051535000 -0.112000000 -0.243004000
v -0.052070000 -0.110000000 -0.244932000
v -0.051740000 -0.112000000 -0.242935000
v -0.052481000 -0.110000000 -0.244793000
v -0.051937000 -0.112000000 -0.242844000
v -0.052874000 -0.110000000 -0.244611000
v -0.052122000 -0.112000000 -0.242733000
v -0.053245000 -0.110000000 -0.244388000
v -0.052295000 -0.112000000 -0.242602000
v -0.053590000 -0.110000000 -0.244126000
v -0.052452000 -0.112000000 -0.242453000
v -0.053904000 -0.110000000 -0.243828000
v -0.052592000 -0.112000000 -0.242288000
v -0.054184000 -0.110000000 -0.243498000
v -0.052714000 -0.112000000 -0.242108000
v -0.054427000 -0.110000000 -0.243140000
v -0.052815000 -0.112000000 -0.241917000
v -0.054630000 -0.110000000 -0.242757000
v -0.052895000 -0.112000000 -0.241716000
v -0.054791000 -0.110000000 -0.242355000
v -0.052953000 -0.112000000 -0.241507000
v -0.054906000 -0.110000000 -0.241937000
v -0.052988000 -0.112000000 -0.241294000
v -0.054977000 -0.110000000 -0.241510000
v -0.053000000 -0.112000000 -0.241077000
v -0.055000000 -0.110000000 -0.241077000
v -0.052988000 -0.112000000 -0.240861000
v -0.054977000 -0.110000000 -0.240645000
v -0.052953000 -0.112000000 -0.240647000
v -0.054906000 -0.110000000 -0.240217000
v -0.052895000 -0.112000000 -0.240439000
v -0.054791000 -0.110000000 -0.239800000
v -0.052815000 -0.112000000 -0.240238000
v -0.054630000 -0.110000000 -0.239398000
v -0.052714000 -0.112000000 -0.240046000
v -0.054427000 -0.110000000 -0.239015000
v -0.052592000 -0.112000000 -0.239867000
v -0.054184000 -0.110000000 -0.238657000
v -0.052452000 -0.112000000 -0.239702000
v -0.053904000 -0.110000000 -0.238327000
v -0.052295000 -0.112000000 -0.239553000
v -0.053590000 -0.110000000 -0.238029000
v -0.052122000 -0.112000000 -0.239422000
v -0.053245000 -0.110000000 -0.237767000
v -0.051937000 -0.112000000 -0.239310000
v -0.052874000 -0.110000000 -0.237543000
v -0.051740000 -0.112000000 -0.239219000
v -0.052481000 -0.110000000 -0.237361000
v -0.051535000 -0.112000000 -0.239150000
v -0.052070000 -0.110000000 -0.237223000
v -0.051324000 -0.112000000 -0.239104000
v -0.051647000 -0.110000000 -0.237130000
v -0.051108000 -0.112000000 -0.239080000
v -0.051217000 -0.110000000 -0.237083000
v -0.050892000 -0.112000000 -0.239080000
v -0.050783000 -0.110000000 -0.237083000
v -0.050676000 -0.112000000 -0.239104000
v -0.050353000 -0.110000000 -0.237130000
v -0.050465000 -0.112000000 -0.239150000
v -0.049930000 -0.110000000 -0.237223000
v -0.050260000 -0.112000000 -0.239219000
v -0.049519000 -0.110000000 -0.237361000
v -0.050063000 -0.112000000 -0.239310000
v -0.049126000 -0.110000000 -0.237543000
v -0.049878000 -0.112000000 -0.239422000
v -0.048755000 -0.110000000 -0.237767000
v -0.049705000 -0.112000000 -0.239553000
v -0.048410000 -0.110000000 -0.238029000
v -0.049548000 -0.112000000 -0.239702000
v -0.048096000 -0.110000000 -0.238327000
v -0.049408000 -0.112000000 -0.239867000
v -0.047816000 -0.110000000 -0.238657000
v -0.049286000 -0.112000000 -0.240046000
v -0.047573000 -0.110000000 -0.239015000
v -0.049185000 -0.112000000 -0.240238000
v -0.047370000 -0.110000000 -0.239398000
v -0.049105000 -0.112000000 -0.240439000
v -0.047209000 -0.110000000 -0.239800000
v -0.049047000 -0.112000000 -0.240647000
v -0.047094000 -0.110000000 -0.240217000
v -0.049012000 -0.112000000 -0.240861000
v -0.047023000 -0.110000000 -0.240645000
v -0.049000000 -0.112000000 -0.241077000
v -0.047000000 -0.110000000 -0.241077000
v 0.052988000 -0.112000000 -0.241294000
v 0.054977000 -0.110000000 -0.241510000
v 0.052953000 -0.112000000 -0.241507000
v 0.054906000 -0.110000000 -0.241937000
v 0.052895000 -0.112000000 -0.241716000
v 0.054791000 -0.110000000 -0.242355000
v 0.052815000 -0.112000000 -0.241917000
v 0.054630000 -0.110000000 -0.242757000
v 0.052714000 -0.112000000 -0.242108000
v 0.054427000 -0.110000000 -0.243140000
v 0.052592000 -0.112000000 -0.242288000
v 0.054184000 -0.110000000 -0.243498000
v 0.052452000 -0.112000000 -0.242453000
v 0.053904000 -0.110000000 -0.243828000
v 0.052295000 -0.112000000 -0.242602000
v 0.053590000 -0.110000000 -0.244126000
v 0.052122000 -0.112000000 -0.242733000
v 0.053245000 -0.110000000 -0.244388000
v 0.051937000 -0.112000000 -0.242844000
v 0.052874000 -0.110000000 -0.244611000
v 0.051740000 -0.112000000 -0.242935000
v 0.052481000 -0.110000000 -0.244793000
v 0.051535000 -0.112000000 -0.243004000
v 0.052070000 -0.110000000 -0.244932000
v 0.051324000 -0.112000000 -0.243051000
v 0.051647000 -0.110000000 -0.245025000
v 0.051108000 -0.112000000 -0.243074000
v 0.051217000 -0.110000000 -0.245071000
v 0.050892000 -0.112000000 -0.243074000
v 0.050783000 -0.110000000 -0.245071000
v 0.050676000 -0.112000000 -0.243051000
v 0.050353000 -0.110000000 -0.245025000
v 0.050465000 -0.112000000 -0.243004000
v 0.049930000 -0.110000000 -0.244932000
v 0.050260000 -0.112000000 -0.242935000
v 0.049519000 -0.110000000 -0.244793000
v 0.050063000 -0.112000000 -0.242844000
v 0.049126000 -0.110000000 -0.244611000
v 0.049878000 -0.112000000 -0.242733000
v 0.048755000 -0.110000000 -0.244388000
v 0.049705000 -0.112000000 -0.242602000
v 0.048410000 -0.110000000 -0.244126000
v 0.049548000 -0.112000000 -0.242453000
v 0.048096000 -0.110000000 -0.243828000
v 0.049408000 -0.112000000 -0.242288000
v 0.047816000 -0.110000000 -0.243498000
v 0.049286000 -0.112000000 -0.242108000
v 0.047573000 -0.110000000 -0.243140000
v 0.049185000 -0.112000000 -0.241917000
v 0.047370000 -0.110000000 -0.242757000
v 0.049105000 -0.112000000 -0.241716000
v 0.047209000 -0.110000000 -0.242355000
v 0.049047000 -0.112000000 -0.241507000
v 0.047094000 -0.110000000 -0.241937000
v 0.049012000 -0.112000000 -0.241294000
v 0.047023000 -0.110000000 -0.241510000
v 0.049000000 -0.112000000 -0.241077000
v 0.047000000 -0.110000000 -0.241077000
v 0.049012000 -0.112000000 -0.240861000
v 0.047023000 -0.110000000 -0.240645000
v 0.049047000 -0.112000000 -0.240647000
v 0.047094000 -0.110000000 -0.240217000
v 0.049105000 -0.112000000 -0.240439000
v 0.047209000 -0.110000000 -0.239800000
v 0.049185000 -0.112000000 -0.240238000
v 0.047370000 -0.110000000 -0.239398000
v 0.049286000 -0.112000000 -0.240046000
v 0.047573000 -0.110000000 -0.239015000
v 0.049408000 -0.112000000 -0.239867000
v 0.047816000 -0.110000000 -0.238657000
v 0.049548000 -0.112000000 -0.239702000
v 0.048096000 -0.110000000 -0.238327000
v 0.049705000 -0.112000000 -0.239553000
v 0.048410000 -0.110000000 -0.238029000
v 0.049878000 -0.112000000 -0.239422000
v 0.048755000 -0.110000000 -0.237767000
v 0.050063000 -0.112000000 -0.239310000
v 0.049126000 -0.110000000 -0.237543000
v 0.050260000 -0.112000000 -0.239219000
v 0.049519000 -0.110000000 -0.237361000
v 0.050465000 -0.112000000 -0.239150000
v 0.049930000 -0.110000000 -0.237223000
v 0.050676000 -0.112000000 -0.239104000
v 0.050353000 -0.110000000 -0.237130000
v 0.050892000 -0.112000000 -0.239080000
v 0.050783000 -0.110000000 -0.237083000
v 0.051108000 -0.112000000 -0.239080000
v 0.051217000 -0.110000000 -0.237083000
v 0.051324000 -0.112000000 -0.239104000
v 0.051647000 -0.110000000 -0.237130000
v 0.051535000 -0.112000000 -0.239150000
v 0.052070000 -0.110000000 -0.237223000
v 0.051740000 -0.112000000 -0.239219000
v 0.052481000 -0.110000000 -0.237361000
v 0.051937000 -0.112000000 -0.239310000
v 0.052874000 -0.110000000 -0.237543000
v 0.052122000 -0.112000000 -0.239422000
v 0.053245000 -0.110000000 -0.237767000
v 0.052295000 -0.112000000 -0.239553000
v 0.053590000 -0.110000000 -0.238029000
v 0.052452000 -0.112000000 -0.239702000
v 0.053904000 -0.110000000 -0.238327000
v 0.052592000 -0.112000000 -0.239867000
v 0.054184000 -0.110000000 -0.238657000
v 0.052714000 -0.112000000 -0.240046000
v 0.054427000 -0.110000000 -0.239015000
v 0.052815000 -0.112000000 -0.240238000
v 0.054630000 -0.110000000 -0.239398000
v 0.052895000 -0.112000000 -0.240439000
v 0.054791000 -0.110000000 -0.239800000
v 0.052953000 -0.112000000 -0.240647000
v 0.054906000 -0.110000000 -0.240217000
v 0.052988000 -0.112000000 -0.240861000
v 0.054977000 -0.110000000 -0.240645000
v 0.053000000 -0.112000000 -0.241077000
v 0.055000000 -0.110000000 -0.241077000
v 0.052988000 -0.112000000 -0.189294000
v 0.054977000 -0.110000000 -0.189510000
v 0.052953000 -0.112000000 -0.189507000
v 0.054906000 -0.110000000 -0.189937000
v 0.052895000 -0.112000000 -0.189716000
v 0.054791000 -0.110000000 -0.190355000
v 0.052815000 -0.112000000 -0.189917000
v 0.054630000 -0.110000000 -0.190757000
v 0.052714000 -0.112000000 -0.190108000
v 0.054427000 -0.110000000 -0.191140000
v 0.052592000 -0.112000000 -0.190288000
v 0.054184000 -0.110000000 -0.191498000
v 0.052452000 -0.112000000 -0.190453000
v 0.053904000 -0.110000000 -0.191828000
v 0.052295000 -0.112000000 -0.190602000
v 0.053590000 -0.110000000 -0.192126000
v 0.052122000 -0.112000000 -0.190733000
v 0.053245000 -0.110000000 -0.192388000
v 0.051937000 -0.112000000 -0.190844000
v 0.052874000 -0.110000000 -0.192611000
v 0.051740000 -0.112000000 -0.190935000
v 0.052481000 -0.110000000 -0.192793000
v 0.051535000 -0.112000000 -0.191004000
v 0.052070000 -0.110000000 -0.192932000
v 0.051324000 -0.112000000 -0.191051000
v 0.051647000 -0.110000000 -0.193025000
v 0.051108000 -0.112000000 -0.191074000
v 0.051217000 -0.110000000 -0.193071000
v 0.050892000 -0.112000000 -0.191074000
v 0.050783000 -0.110000000 -0.193071000
v 0.050676000 -0.112000000 -0.191051000
v 0.050353000 -0.110000000 -0.193025000
v 0.050465000 -0.112000000 -0.191004000
v 0.049930000 -0.110000000 -0.192932000
v 0.050260000 -0.112000000 -0.190935000
v 0.049519000 -0.110000000 -0.192793000
v 0.050063000 -0.112000000 -0.190844000
v 0.049126000 -0.110000000 -0.192611000
v 0.049878000 -0.112000000 -0.190733000
v 0.048755000 -0.110000000 -0.192388000
v 0.049705000 -0.112000000 -0.190602000
v 0.048410000 -0.110000000 -0.192126000
v 0.049548000 -0.112000000 -0.190453000
v 0.048096000 -0.110000000 -0.191828000
v 0.049408000 -0.112000000 -0.190288000
v 0.047816000 -0.110000000 -0.191498000
v 0.049286000 -0.112000000 -0.190108000
v 0.047573000 -0.110000000 -0.191140000
v 0.049185000 -0.112000000 -0.189917000
v 0.047370000 -0.110000000 -0.190757000
v 0.049105000 -0.112000000 -0.189716000
v 0.047209000 -0.110000000 -0.190355000
v 0.049047000 -0.112000000 -0.189507000
v 0.047094000 -0.110000000 -0.189937000
v 0.049012000 -0.112000000 -0.189294000
v 0.047023000 -0.110000000 -0.189510000
v 0.049000000 -0.112000000 -0.189077000
v 0.047000000 -0.110000000 -0.189077000
v 0.049012000 -0.112000000 -0.188861000
v 0.047023000 -0.110000000 -0.188645000
v 0.049047000 -0.112000000 -0.188647000
v 0.047094000 -0.110000000 -0.188217000
v 0.049105000 -0.112000000 -0.188439000
v 0.047209000 -0.110000000 -0.187800000
v 0.049185000 -0.112000000 -0.188238000
v 0.047370000 -0.110000000 -0.187398000
v 0.049286000 -0.112000000 -0.188046000
v 0.047573000 -0.110000000 -0.187015000
v 0.049408000 -0.112000000 -0.187867000
v 0.047816000 -0.110000000 -0.186657000
v 0.049548000 -0.112000000 -0.187702000
v 0.048096000 -0.110000000 -0.186327000
v 0.049705000 -0.112000000 -0.187553000
v 0.048410000 -0.110000000 -0.186029000
v 0.049878000 -0.112000000 -0.187422000
v 0.048755000 -0.110000000 -0.185767000
v 0.050063000 -0.112000000 -0.187310000
v 0.049126000 -0.110000000 -0.185543000
v 0.050260000 -0.112000000 -0.187219000
v 0.049519000 -0.110000000 -0.185361000
v 0.050465000 -0.112000000 -0.187150000
v 0.049930000 -0.110000000 -0.185223000
v 0.050676000 -0.112000000 -0.187104000
v 0.050353000 -0.110000000 -0.185130000
v 0.050892000 -0.112000000 -0.187080000
v 0.050783000 -0.110000000 -0.185083000
v 0.051108000 -0.112000000 -0.187080000
v 0.051217000 -0.110000000 -0.185083000
v 0.051324000 -0.112000000 -0.187104000
v 0.051647000 -0.110000000 -0.185130000
v 0.051535000 -0.112000000 -0.187150000
v 0.052070000 -0.110000000 -0.185223000
v 0.051740000 -0.112000000 -0.187219000
v 0.052481000 -0.110000000 -0.185361000
v 0.051937000 -0.112000000 -0.187310000
v 0.052874000 -0.110000000 -0.185543000
v 0.052122000 -0.112000000 -0.187422000
v 0.053245000 -0.110000000 -0.185767000
v 0.052295000 -0.112000000 -0.187553000
v 0.053590000 -0.110000000 -0.186029000
v 0.052452000 -0.112000000 -0.187702000
v 0.053904000 -0.110000000 -0.186327000
v 0.052592000 -0.112000000 -0.187867000
v 0.054184000 -0.110000000 -0.186657000
v 0.052714000 -0.112000000 -0.188046000
v 0.054427000 -0.110000000 -0.187015000
v 0.052815000 -0.112000000 -0.188238000
v 0.054630000 -0.110000000 -0.187398000
v 0.052895000 -0.112000000 -0.188439000
v 0.054791000 -0.110000000 -0.187800000
v 0.052953000 -0.112000000 -0.188647000
v 0.054906000 -0.110000000 -0.188217000
v 0.052988000 -0.112000000 -0.188861000
v 0.054977000 -0.110000000 -0.188645000
v 0.053000000 -0.112000000 -0.189077000
v 0.055000000 -0.110000000 -0.189077000
v 0.052988000 -0.112000000 -0.137294000
v 0.054977000 -0.110000000 -0.137510000
v 0.052953000 -0.112000000 -0.137507000
v 0.054906000 -0.110000000 -0.137937000
v 0.052895000 -0.112000000 -0.137716000
v 0.054791000 -0.110000000 -0.138355000
v 0.052815000 -0.112000000 -0.137917000
v 0.054630000 -0.110000000 -0.138757000
v 0.052714000 -0.112000000 -0.138108000
v 0.054427000 -0.110000000 -0.139140000
v 0.052592000 -0.112000000 -0.138288000
v 0.054184000 -0.110000000 -0.139498000
v 0.052452000 -0.112000000 -0.138453000
v 0.053904000 -0.110000000 -0.139828000
v 0.052295000 -0.112000000 -0.138602000
v 0.053590000 -0.110000000 -0.140126000
v 0.052122000 -0.112000000 -0.138733000
v 0.053245000 -0.110000000 -0.140388000
v 0.051937000 -0.112000000 -0.138844000
v 0.052874000 -0.110000000 -0.140611000
v 0.051740000 -0.112000000 -0.138935000
v 0.052481000 -0.110000000 -0.140793000
v 0.051535000 -0.112000000 -0.139004000
v 0.052070000 -0.110000000 -0.140932000
v 0.051324000 -0.112000000 -0.139051000
v 0.051647000 -0.110000000 -0.141025000
v 0.051108000 -0.112000000 -0.139074000
v 0.051217000 -0.110000000 -0.141071000
v 0.050892000 -0.112000000 -0.139074000
v 0.050783000 -0.110000000 -0.141071000
v 0.050676000 -0.112000000 -0.139051000
v 0.050353000 -0.110000000 -0.141025000
v 0.050465000 -0.112000000 -0.139004000
v 0.049930000 -0.110000000 -0.140932000
v 0.050260000 -0.112000000 -0.138935000
v 0.049519000 -0.110000000 -0.140793000
v 0.050063000 -0.112000000 -0.138844000
v 0.049126000 -0.110000000 -0.140611000
v 0.049878000 -0.112000000 -0.138733000
v 0.048755000 -0.110000000 -0.140388000
v 0.049705000 -0.112000000 -0.138602000
v 0.048410000 -0.110000000 -0.140126000
v 0.049548000 -0.112000000 -0.138453000
v 0.048096000 -0.110000000 -0.139828000
v 0.049408000 -0.112000000 -0.138288000
v 0.047816000 -0.110000000 -0.139498000
v 0.049286000 -0.112000000 -0.138108000
v 0.047573000 -0.110000000 -0.139140000
v 0.049185000 -0.112000000 -0.137917000
v 0.047370000 -0.110000000 -0.138757000
v 0.049105000 -0.112000000 -0.137716000
v 0.047209000 -0.110000000 -0.138355000
v 0.049047000 -0.112000000 -0.137507000
v 0.047094000 -0.110000000 -0.137937000
v 0.049012000 -0.112000000 -0.137294000
v 0.047023000 -0.110000000 -0.137510000
v 0.049000000 -0.112000000 -0.137077000
v 0.047000000 -0.110000000 -0.137077000
v 0.049012000 -0.112000000 -0.136861000
v 0.047023000 -0.110000000 -0.136645000
v 0.049047000 -0.112000000 -0.136647000
v 0.047094000 -0.110000000 -0.136217000
v 0.049105000 -0.112000000 -0.136439000
v 0.047209000 -0.110000000 -0.135800000
v 0.049185000 -0.112000000 -0.136238000
v 0.047370000 -0.110000000 -0.135398000
v 0.049286000 -0.112000000 -0.136046000
v 0.047573000 -0.110000000 -0.135015000
v 0.049408000 -0.112000000 -0.135867000
v 0.047816000 -0.110000000 -0.134657000
v 0.049548000 -0.112000000 -0.135702000
v 0.048096000 -0.110000000 -0.134327000
v 0.049705000 -0.112000000 -0.135553000
v 0.048410000 -0.110000000 -0.134029000
v 0.049878000 -0.112000000 -0.135422000
v 0.048755000 -0.110000000 -0.133767000
v 0.050063000 -0.112000000 -0.135310000
v 0.049126000 -0.110000000 -0.133543000
v 0.050260000 -0.112000000 -0.135219000
v 0.049519000 -0.110000000 -0.133361000
v 0.050465000 -0.112000000 -0.135150000
v 0.049930000 -0.110000000 -0.133223000
v 0.050676000 -0.112000000 -0.135104000
v 0.050353000 -0.110000000 -0.133130000
v 0.050892000 -0.112000000 -0.135080000
v 0.050783000 -0.110000000 -0.133083000
v 0.051108000 -0.112000000 -0.135080000
v 0.051217000 -0.110000000 -0.133083000
v 0.051324000 -0.112000000 -0.135104000
v 0.051647000 -0.110000000 -0.133130000
v 0.051535000 -0.112000000 -0.135150000
v 0.052070000 -0.110000000 -0.133223000
v 0.051740000 -0.112000000 -0.135219000
v 0.052481000 -0.110000000 -0.133361000
v 0.051937000 -0.112000000 -0.135310000
v 0.052874000 -0.110000000 -0.133543000
v 0.052122000 -0.112000000 -0.135422000
v 0.053245000 -0.110000000 -0.133767000
v 0.052295000 -0.112000000 -0.135553000
v 0.053590000 -0.110000000 -0.134029000
v 0.052452000 -0.112000000 -0.135702000
v 0.053904000 -0.110000000 -0.134327000
v 0.052592000 -0.112000000 -0.135867000
v 0.054184000 -0.110000000 -0.134657000
v 0.052714000 -0.112000000 -0.136046000
v 0.054427000 -0.110000000 -0.135015000
v 0.052815000 -0.112000000 -0.136238000
v 0.054630000 -0.110000000 -0.135398000
v 0.052895000 -0.112000000 -0.136439000
v 0.054791000 -0.110000000 -0.135800000
v 0.052953000 -0.112000000 -0.136647000
v 0.054906000 -0.110000000 -0.136217000
v 0.052988000 -0.112000000 -0.136861000
v 0.054977000 -0.110000000 -0.136645000
v 0.053000000 -0.112000000 -0.137077000
v 0.055000000 -0.110000000 -0.137077000
v 0.052988000 -0.112000000 -0.085294000
v 0.054977000 -0.110000000 -0.085510000
v 0.052953000 -0.112000000 -0.085507000
v 0.054906000 -0.110000000 -0.085937000
v 0.052895000 -0.112000000 -0.085716000
v 0.054791000 -0.110000000 -0.086355000
v 0.052815000 -0.112000000 -0.085917000
v 0.054630000 -0.110000000 -0.086757000
v 0.052714000 -0.112000000 -0.086108000
v 0.054427000 -0.110000000 -0.087140000
v 0.052592000 -0.112000000 -0.086288000
v 0.054184000 -0.110000000 -0.087498000
v 0.052452000 -0.112000000 -0.086453000
v 0.053904000 -0.110000000 -0.087828000
v 0.052295000 -0.112000000 -0.086602000
v 0.053590000 -0.110000000 -0.088126000
v 0.052122000 -0.112000000 -0.086733000
v 0.053245000 -0.110000000 -0.088388000
v 0.051937000 -0.112000000 -0.086844000
v 0.052874000 -0.110000000 -0.088611000
v 0.051740000 -0.112000000 -0.086935000
v 0.052481000 -0.110000000 -0.088793000
v 0.051535000 -0.112000000 -0.087004000
v 0.052070000 -0.110000000 -0.088932000
v 0.051324000 -0.112000000 -0.087051000
v 0.051647000 -0.110000000 -0.089025000
v 0.051108000 -0.112000000 -0.087074000
v 0.051217000 -0.110000000 -0.089071000
v 0.050892000 -0.112000000 -0.087074000
v 0.050783000 -0.110000000 -0.089071000
v 0.050676000 -0.112000000 -0.087051000
v 0.050353000 -0.110000000 -0.089025000
v 0.050465000 -0.112000000 -0.087004000
v 0.049930000 -0.110000000 -0.088932000
v 0.050260000 -0.112000000 -0.086935000
v 0.049519000 -0.110000000 -0.088793000
v 0.050063000 -0.112000000 -0.086844000
v 0.049126000 -0.110000000 -0.088611000
v 0.049878000 -0.112000000 -0.086733000
v 0.048755000 -0.110000000 -0.088388000
v 0.049705000 -0.112000000 -0.086602000
v 0.048410000 -0.110000000 -0.088126000
v 0.049548000 -0.112000000 -0.086453000
v 0.048096000 -0.110000000 -0.087828000
v 0.049408000 -0.112000000 -0.086288000
v 0.047816000 -0.110000000 -0.087498000
v 0.049286000 -0.112000000 -0.086108000
v 0.047573000 -0.110000000 -0.087140000
v 0.049185000 -0.112000000 -0.085917000
v 0.047370000 -0.110000000 -0.086757000
v 0.049105000 -0.112000000 -0.085716000
v 0.047209000 -0.110000000 -0.086355000
v 0.049047000 -0.112000000 -0.085507000
v 0.047094000 -0.110000000 -0.085937000
v 0.049012000 -0.112000000 -0.085294000
v 0.047023000 -0.110000000 -0.085510000
v 0.049000000 -0.112000000 -0.085077000
v 0.047000000 -0.110000000 -0.085077000
v 0.049012000 -0.112000000 -0.084861000
v 0.047023000 -0.110000000 -0.084645000
v 0.049047000 -0.112000000 -0.084647000
v 0.047094000 -0.110000000 -0.084217000
v 0.049105000 -0.112000000 -0.084439000
v 0.047209000 -0.110000000 -0.083800000
v 0.049185000 -0.112000000 -0.084238000
v 0.047370000 -0.110000000 -0.083398000
v 0.049286000 -0.112000000 -0.084046000
v 0.047573000 -0.110000000 -0.083015000
v 0.049408000 -0.112000000 -0.083867000
v 0.047816000 -0.110000000 -0.082657000
v 0.049548000 -0.112000000 -0.083702000
v 0.048096000 -0.110000000 -0.082327000
v 0.049705000 -0.112000000 -0.083553000
v 0.048410000 -0.110000000 -0.082029000
v 0.049878000 -0.112000000 -0.083422000
v 0.048755000 -0.110000000 -0.081767000
v 0.050063000 -0.112000000 -0.083310000
v 0.049126000 -0.110000000 -0.081543000
v 0.050260000 -0.112000000 -0.083219000
v 0.049519000 -0.110000000 -0.081361000
v 0.050465000 -0.112000000 -0.083150000
v 0.049930000 -0.110000000 -0.081223000
v 0.050676000 -0.112000000 -0.083104000
v 0.050353000 -0.110000000 -0.081130000
v 0.050892000 -0.112000000 -0.083080000
v 0.050783000 -0.110000000 -0.081083000
v 0.051108000 -0.112000000 -0.083080000
v 0.051217000 -0.110000000 -0.081083000
v 0.051324000 -0.112000000 -0.083104000
v 0.051647000 -0.110000000 -0.081130000
v 0.051535000 -0.112000000 -0.083150000
v 0.052070000 -0.110000000 -0.081223000
v 0.051740000 -0.112000000 -0.083219000
v 0.052481000 -0.110000000 -0.081361000
v 0.051937000 -0.112000000 -0.083310000
v 0.052874000 -0.110000000 -0.081543000
v 0.052122000 -0.112000000 -0.083422000
v 0.053245000 -0.110000000 -0.081767000
v 0.052295000 -0.112000000 -0.083553000
v 0.053590000 -0.110000000 -0.082029000
v 0.052452000 -0.112000000 -0.083702000
v 0.053904000 -0.110000000 -0.082327000
v 0.052592000 -0.112000000 -0.083867000
v 0.054184000 -0.110000000 -0.082657000
v 0.052714000 -0.112000000 -0.084046000
v 0.054427000 -0.110000000 -0.083015000
v 0.052815000 -0.112000000 -0.084238000
v 0.054630000 -0.110000000 -0.083398000
v 0.052895000 -0.112000000 -0.084439000
v 0.054791000 -0.110000000 -0.083800000
v 0.052953000 -0.112000000 -0.084647000
v 0.054906000 -0.110000000 -0.084217000
v 0.052988000 -0.112000000 -0.084861000
v 0.054977000 -0.110000000 -0.084645000
v 0.053000000 -0.112000000 -0.085077000
v 0.055000000 -0.110000000 -0.085077000
v 0.052988000 -0.112000000 -0.033294000
v 0.054977000 -0.110000000 -0.033510000
v 0.052953000 -0.112000000 -0.033507000
v 0.054906000 -0.110000000 -0.033937000
v 0.052895000 -0.112000000 -0.033716000
v 0.054791000 -0.110000000 -0.034355000
v 0.052815000 -0.112000000 -0.033917000
v 0.054630000 -0.110000000 -0.034757000
v 0.052714000 -0.112000000 -0.034108000
v 0.054427000 -0.110000000 -0.035140000
v 0.052592000 -0.112000000 -0.034288000
v 0.054184000 -0.110000000 -0.035498000
v 0.052452000 -0.112000000 -0.034453000
v 0.053904000 -0.110000000 -0.035828000
v 0.052295000 -0.112000000 -0.034602000
v 0.053590000 -0.110000000 -0.036126000
v 0.052122000 -0.112000000 -0.034733000
v 0.053245000 -0.110000000 -0.036388000
v 0.051937000 -0.112000000 -0.034844000
v 0.052874000 -0.110000000 -0.036611000
v 0.051740000 -0.112000000 -0.034935000
v 0.052481000 -0.110000000 -0.036793000
v 0.051535000 -0.112000000 -0.035004000
v 0.052070000 -0.110000000 -0.036932000
v 0.051324000 -0.112000000 -0.035051000
v 0.051647000 -0.110000000 -0.037025000
v 0.051108000 -0.112000000 -0.035074000
v 0.051217000 -0.110000000 -0.037071000
v 0.050892000 -0.112000000 -0.035074000
v 0.050783000 -0.110000000 -0.037071000
v 0.050676000 -0.112000000 -0.035051000
v 0.050353000 -0.110000000 -0.037025000
v 0.050465000 -0.112000000 -0.035004000
v 0.049930000 -0.110000000 -0.036932000
v 0.050260000 -0.112000000 -0.034935000
v 0.049519000 -0.110000000 -0.036793000
v 0.050063000 -0.112000000 -0.034844000
v 0.049126000 -0.110000000 -0.036611000
v 0.049878000 -0.112000000 -0.034733000
v 0.048755000 -0.110000000 -0.036388000
v 0.049705000 -0.112000000 -0.034602000
v 0.048410000 -0.110000000 -0.036126000
v 0.049548000 -0.112000000 -0.034453000
v 0.048096000 -0.110000000 -0.035828000
v 0.049408000 -0.112000000 -0.034288000
v 0.047816000 -0.110000000 -0.035498000
v 0.049286000 -0.112000000 -0.034108000
v 0.047573000 -0.110000000 -0.035140000
v 0.049185000 -0.112000000 -0.033917000
v 0.047370000 -0.110000000 -0.034757000
v 0.049105000 -0.112000000 -0.033716000
v 0.047209000 -0.110000000 -0.034355000
v 0.049047000 -0.112000000 -0.033507000
v 0.047094000 -0.110000000 -0.033937000
v 0.049012000 -0.112000000 -0.033294000
v 0.047023000 -0.110000000 -0.033510000
v 0.049000000 -0.112000000 -0.033077000
v 0.047000000 -0.110000000 -0.033077000
v 0.049012000 -0.112000000 -0.032861000
v 0.047023000 -0.110000000 -0.032645000
v 0.049047000 -0.112000000 -0.032647000
v 0.047094000 -0.110000000 -0.032217000
v 0.049105000 -0.112000000 -0.032439000
v 0.047209000 -0.110000000 -0.031800000
v 0.049185000 -0.112000000 -0.032238000
v 0.047370000 -0.110000000 -0.031398000
v 0.049286000 -0.112000000 -0.032046000
v 0.047573000 -0.110000000 -0.031015000
v 0.049408000 -0.112000000 -0.031867000
v 0.047816000 -0.110000000 -0.030657000
v 0.049548000 -0.112000000 -0.031702000
v 0.048096000 -0.110000000 -0.030327000
v 0.049705000 -0.112000000 -0.031553000
v 0.048410000 -0.110000000 -0.030029000
v 0.049878000 -0.112000000 -0.031422000
v 0.048755000 -0.110000000 -0.029767000
v 0.050063000 -0.112000000 -0.031310000
v 0.049126000 -0.110000000 -0.029543000
v 0.050260000 -0.112000000 -0.031219000
v 0.049519000 -0.110000000 -0.029361000
v 0.050465000 -0.112000000 -0.031150000
v 0.049930000 -0.110000000 -0.029223000
v 0.050676000 -0.112000000 -0.031104000
v 0.050353000 -0.110000000 -0.029130000
v 0.050892000 -0.112000000 -0.031080000
v 0.050783000 -0.110000000 -0.029083000
v 0.051108000 -0.112000000 -0.031080000
v 0.051217000 -0.110000000 -0.029083000
v 0.051324000 -0.112000000 -0.031104000
v 0.051647000 -0.110000000 -0.029130000
v 0.051535000 -0.112000000 -0.031150000
v 0.052070000 -0.110000000 -0.029223000
v 0.051740000 -0.112000000 -0.031219000
v 0.052481000 -0.110000000 -0.029361000
v 0.051937000 -0.112000000 -0.031310000
v 0.052874000 -0.110000000 -0.029543000
v 0.052122000 -0.112000000 -0.031422000
v 0.053245000 -0.110000000 -0.029767000
v 0.052295000 -0.112000000 -0.031553000
v 0.053590000 -0.110000000 -0.030029000
v 0.052452000 -0.112000000 -0.031702000
v 0.053904000 -0.110000000 -0.030327000
v 0.052592000 -0.112000000 -0.031867000
v 0.054184000 -0.110000000 -0.030657000
v 0.052714000 -0.112000000 -0.032046000
v 0.054427000 -0.110000000 -0.031015000
v 0.052815000 -0.112000000 -0.032238000
v 0.054630000 -0.110000000 -0.031398000
v 0.052895000 -0.112000000 -0.032439000
v 0.054791000 -0.110000000 -0.031800000
v 0.052953000 -0.112000000 -0.032647000
v 0.054906000 -0.110000000 -0.032217000
v 0.052988000 -0.112000000 -0.032861000
v 0.054977000 -0.110000000 -0.032645000
v 0.053000000 -0.112000000 -0.033077000
v 0.055000000 -0.110000000 -0.033077000
v 0.052988000 -0.112000000 0.018706000
v 0.054977000 -0.110000000 0.018490000
v 0.052953000 -0.112000000 0.018493000
v 0.054906000 -0.110000000 0.018063000
v 0.052895000 -0.112000000 0.018284000
v 0.054791000 -0.110000000 0.017645000
v 0.052815000 -0.112000000 0.018083000
v 0.054630000 -0.110000000 0.017243000
v 0.052714000 -0.112000000 0.017892000
v 0.054427000 -0.110000000 0.016860000
v 0.052592000 -0.112000000 0.017712000
v 0.054184000 -0.110000000 0.016502000
v 0.052452000 -0.112000000 0.017547000
v 0.053904000 -0.110000000 0.016172000
v 0.052295000 -0.112000000 0.017398000
v 0.053590000 -0.110000000 0.015874000
v 0.052122000 -0.112000000 0.017267000
v 0.053245000 -0.110000000 0.015612000
v 0.051937000 -0.112000000 0.017156000
v 0.052874000 -0.110000000 0.015389000
v 0.051740000 -0.112000000 0.017065000
v 0.052481000 -0.110000000 0.015207000
v 0.051535000 -0.112000000 0.016996000
v 0.052070000 -0.110000000 0.015068000
v 0.051324000 -0.112000000 0.016949000
v 0.051647000 -0.110000000 0.014975000
v 0.051108000 -0.112000000 0.016926000
v 0.051217000 -0.110000000 0.014929000
v 0.050892000 -0.112000000 0.016926000
v 0.050783000 -0.110000000 0.014929000
v 0.050676000 -0.112000000 0.016949000
v 0.050353000 -0.110000000 0.014975000
v 0.050465000 -0.112000000 0.016996000
v 0.049930000 -0.110000000 0.015068000
v 0.050260000 -0.112000000 0.017065000
v 0.049519000 -0.110000000 0.015207000
v 0.050063000 -0.112000000 0.017156000
v 0.049126000 -0.110000000 0.015389000
v 0.049878000 -0.112000000 0.017267000
v 0.048755000 -0.110000000 0.015612000
v 0.049705000 -0.112000000 0.017398000
v 0.048410000 -0.110000000 0.015874000
v 0.049548000 -0.112000000 0.017547000
v 0.048096000 -0.110000000 0.016172000
v 0.049408000 -0.112000000 0.017712000
v 0.047816000 -0.110000000 0.016502000
v 0.049286000 -0.112000000 0.017892000
v 0.047573000 -0.110000000 0.016860000
v 0.049185000 -0.112000000 0.018083000
v 0.047370000 -0.110000000 0.017243000
v 0.049105000 -0.112000000 0.018284000
v 0.047209000 -0.110000000 0.017645000
v 0.049047000 -0.112000000 0.018493000
v 0.047094000 -0.110000000 0.018063000
v 0.049012000 -0.112000000 0.018706000
v 0.047023000 -0.110000000 0.018490000
v 0.049000000 -0.112000000 0.018923000
v 0.047000000 -0.110000000 0.018923000
v 0.049012000 -0.112000000 0.019139000
v 0.047023000 -0.110000000 0.019355000
v 0.049047000 -0.112000000 0.019353000
v 0.047094000 -0.110000000 0.019783000
v 0.049105000 -0.112000000 0.019561000
v 0.047209000 -0.110000000 0.020200000
v 0.049185000 -0.112000000 0.019762000
v 0.047370000 -0.110000000 0.020602000
v 0.049286000 -0.112000000 0.019954000
v 0.047573000 -0.110000000 0.020985000
v 0.049408000 -0.112000000 0.020133000
v 0.047816000 -0.110000000 0.021343000
v 0.049548000 -0.112000000 0.020298000
v 0.048096000 -0.110000000 0.021673000
v 0.049705000 -0.112000000 0.020447000
v 0.048410000 -0.110000000 0.021971000
v 0.049878000 -0.112000000 0.020578000
v 0.048755000 -0.110000000 0.022233000
v 0.050063000 -0.112000000 0.020690000
v 0.049126000 -0.110000000 0.022457000
v 0.050260000 -0.112000000 0.020781000
v 0.049519000 -0.110000000 0.022639000
v 0.050465000 -0.112000000 0.020850000
v 0.049930000 -0.110000000 0.022777000
v 0.050676000 -0.112000000 0.020896000
v 0.050353000 -0.110000000 0.022870000
v 0.050892000 -0.112000000 0.020920000
v 0.050783000 -0.110000000 0.022917000
v 0.051108000 -0.112000000 0.020920000
v 0.051217000 -0.110000000 0.022917000
v 0.051324000 -0.112000000 0.020896000
v 0.051647000 -0.110000000 0.022870000
v 0.051535000 -0.112000000 0.020850000
v 0.052070000 -0.110000000 0.022777000
v 0.051740000 -0.112000000 0.020781000
v 0.052481000 -0.110000000 0.022639000
v 0.051937000 -0.112000000 0.020690000
v 0.052874000 -0.110000000 0.022457000
v 0.052122000 -0.112000000 0.020578000
v 0.053245000 -0.110000000 0.022233000
v 0.052295000 -0.112000000 0.020447000
v 0.053590000 -0.110000000 0.021971000
v 0.052452000 -0.112000000 0.020298000
v 0.053904000 -0.110000000 0.021673000
v 0.052592000 -0.112000000 0.020133000
v 0.054184000 -0.110000000 0.021343000
v 0.052714000 -0.112000000 0.019954000
v 0.054427000 -0.110000000 0.020985000
v 0.052815000 -0.112000000 0.019762000
v 0.054630000 -0.110000000 0.020602000
v 0.052895000 -0.112000000 0.019561000
v 0.054791000 -0.110000000 0.020200000
v 0.052953000 -0.112000000 0.019353000
v 0.054906000 -0.110000000 0.019783000
v 0.052988000 -0.112000000 0.019139000
v 0.054977000 -0.110000000 0.019355000
v 0.053000000 -0.112000000 0.018923000
v 0.055000000 -0.110000000 0.018923000
v 0.053000000 -0.115000000 -0.137077000
v 0.052988000 -0.115000000 -0.137294000
v 0.052953000 -0.115000000 -0.137507000
v 0.052895000 -0.115000000 -0.137716000
v 0.052815000 -0.115000000 -0.137917000
v 0.052714000 -0.115000000 -0.138108000
v 0.052592000 -0.115000000 -0.138288000
v 0.052452000 -0.115000000 -0.138453000
v 0.052295000 -0.115000000 -0.138602000
v 0.052122000 -0.115000000 -0.138733000
v 0.051937000 -0.115000000 -0.138844000
v 0.051740000 -0.115000000 -0.138935000
v 0.051535000 -0.115000000 -0.139004000
v 0.051324000 -0.115000000 -0.139051000
v 0.051108000 -0.115000000 -0.139074000
v 0.050892000 -0.115000000 -0.139074000
v 0.050676000 -0.115000000 -0.139051000
v 0.050465000 -0.115000000 -0.139004000
v 0.050260000 -0.115000000 -0.138935000
v 0.050063000 -0.115000000 -0.138844000
v 0.049878000 -0.115000000 -0.138733000
v 0.049705000 -0.115000000 -0.138602000
v 0.049548000 -0.115000000 -0.138453000
v 0.049408000 -0.115000000 -0.138288000
v 0.049286000 -0.115000000 -0.138108000
v 0.049185000 -0.115000000 -0.137917000
v 0.049105000 -0.115000000 -0.137716000
v 0.049047000 -0.115000000 -0.137507000
v 0.049012000 -0.115000000 -0.137294000
v 0.049000000 -0.115000000 -0.137077000
v 0.049012000 -0.115000000 -0.136861000
v 0.049047000 -0.115000000 -0.136647000
v 0.049105000 -0.115000000 -0.136439000
v 0.049185000 -0.115000000 -0.136238000
v 0.049286000 -0.115000000 -0.136046000
v 0.049408000 -0.115000000 -0.135867000
v 0.049548000 -0.115000000 -0.135702000
v 0.049705000 -0.115000000 -0.135553000
v 0.049878000 -0.115000000 -0.135422000
v 0.050063000 -0.115000000 -0.135310000
v 0.050260000 -0.115000000 -0.135219000
v 0.050465000 -0.115000000 -0.135150000
v 0.050676000 -0.115000000 -0.135104000
v 0.050892000 -0.115000000 -0.135080000
v 0.051108000 -0.115000000 -0.135080000
v 0.051324000 -0.115000000 -0.135104000
v 0.051535000 -0.115000000 -0.135150000
v 0.051740000 -0.115000000 -0.135219000
v 0.051937000 -0.115000000 -0.135310000
v 0.052122000 -0.115000000 -0.135422000
v 0.052295000 -0.115000000 -0.135553000
v 0.052452000 -0.115000000 -0.135702000
v 0.052592000 -0.115000000 -0.135867000
v 0.052714000 -0.115000000 -0.136046000
v 0.052815000 -0.115000000 -0.136238000
v 0.052895000 -0.115000000 -0.136439000
v 0.052953000 -0.115000000 -0.136647000
v 0.052988000 -0.115000000 -0.136861000
v 0.053000000 -0.115000000 -0.189077000
v 0.052988000 -0.115000000 -0.189294000
v 0.052953000 -0.115000000 -0.189507000
v 0.052895000 -0.115000000 -0.189716000
v 0.052815000 -0.115000000 -0.189917000
v 0.052714000 -0.115000000 -0.190108000
v 0.052592000 -0.115000000 -0.190288000
v 0.052452000 -0.115000000 -0.190453000
v 0.052295000 -0.115000000 -0.190602000
v 0.052122000 -0.115000000 -0.190733000
v 0.051937000 -0.115000000 -0.190844000
v 0.051740000 -0.115000000 -0.190935000
v 0.051535000 -0.115000000 -0.191004000
v 0.051324000 -0.115000000 -0.191051000
v 0.051108000 -0.115000000 -0.191074000
v 0.050892000 -0.115000000 -0.191074000
v 0.050676000 -0.115000000 -0.191051000
v 0.050465000 -0.115000000 -0.191004000
v 0.050260000 -0.115000000 -0.190935000
v 0.050063000 -0.115000000 -0.190844000
v 0.049878000 -0.115000000 -0.190733000
v 0.049705000 -0.115000000 -0.190602000
v 0.049548000 -0.115000000 -0.190453000
v 0.049408000 -0.115000000 -0.190288000
v 0.049286000 -0.115000000 -0.190108000
v 0.049185000 -0.115000000 -0.189917000
v 0.049105000 -0.115000000 -0.189716000
v 0.049047000 -0.115000000 -0.189507000
v 0.049012000 -0.115000000 -0.189294000
v 0.049000000 -0.115000000 -0.189077000
v 0.049012000 -0.115000000 -0.188861000
v 0.049047000 -0.115000000 -0.188647000
v 0.049105000 -0.115000000 -0.188439000
v 0.049185000 -0.115000000 -0.188238000
v 0.049286000 -0.115000000 -0.188046000
v 0.049408000 -0.115000000 -0.187867000
v 0.049548000 -0.115000000 -0.187702000
v 0.049705000 -0.115000000 -0.187553000
v 0.049878000 -0.115000000 -0.187422000
v 0.050063000 -0.115000000 -0.187310000
v 0.050260000 -0.115000000 -0.187219000
v 0.050465000 -0.115000000 -0.187150000
v 0.050676000 -0.115000000 -0.187104000
v 0.050892000 -0.115000000 -0.187080000
v 0.051108000 -0.115000000 -0.187080000
v 0.051324000 -0.115000000 -0.187104000
v 0.051535000 -0.115000000 -0.187150000
v 0.051740000 -0.115000000 -0.187219000
v 0.051937000 -0.115000000 -0.187310000
v 0.052122000 -0.115000000 -0.187422000
v 0.052295000 -0.115000000 -0.187553000
v 0.052452000 -0.115000000 -0.187702000
v 0.052592000 -0.115000000 -0.187867000
v 0.052714000 -0.115000000 -0.188046000
v 0.052815000 -0.115000000 -0.188238000
v 0.052895000 -0.115000000 -0.188439000
v 0.052953000 -0.115000000 -0.188647000
v 0.052988000 -0.115000000 -0.188861000
v 0.053000000 -0.115000000 -0.241077000
v 0.052988000 -0.115000000 -0.241294000
v 0.052953000 -0.115000000 -0.241507000
v 0.052895000 -0.115000000 -0.241716000
v 0.052815000 -0.115000000 -0.241917000
v 0.052714000 -0.115000000 -0.242108000
v 0.052592000 -0.115000000 -0.242288000
v 0.052452000 -0.115000000 -0.242453000
v 0.052295000 -0.115000000 -0.242602000
v 0.052122000 -0.115000000 -0.242733000
v 0.051937000 -0.115000000 -0.242844000
v 0.051740000 -0.115000000 -0.242935000
v 0.051535000 -0.115000000 -0.243004000
v 0.051324000 -0.115000000 -0.243051000
v 0.051108000 -0.115000000 -0.243074000
v 0.050892000 -0.115000000 -0.243074000
v 0.050676000 -0.115000000 -0.243051000
v 0.050465000 -0.115000000 -0.243004000
v 0.050260000 -0.115000000 -0.242935000
v 0.050063000 -0.115000000 -0.242844000
v 0.049878000 -0.115000000 -0.242733000
v 0.049705000 -0.115000000 -0.242602000
v 0.049548000 -0.115000000 -0.242453000
v 0.049408000 -0.115000000 -0.242288000
v 0.049286000 -0.115000000 -0.242108000
v 0.049185000 -0.115000000 -0.241917000
v 0.049105000 -0.115000000 -0.241716000
v 0.049047000 -0.115000000 -0.241507000
v 0.049012000 -0.115000000 -0.241294000
v 0.049000000 -0.115000000 -0.241077000
v 0.049012000 -0.115000000 -0.240861000
v 0.049047000 -0.115000000 -0.240647000
v 0.049105000 -0.115000000 -0.240439000
v 0.049185000 -0.115000000 -0.240238000
v 0.049286000 -0.115000000 -0.240046000
v 0.049408000 -0.115000000 -0.239867000
v 0.049548000 -0.115000000 -0.239702000
v 0.049705000 -0.115000000 -0.239553000
v 0.049878000 -0.115000000 -0.239422000
v 0.050063000 -0.115000000 -0.239310000
v 0.050260000 -0.115000000 -0.239219000
v 0.050465000 -0.115000000 -0.239150000
v 0.050676000 -0.115000000 -0.239104000
v 0.050892000 -0.115000000 -0.239080000
v 0.051108000 -0.115000000 -0.239080000
v 0.051324000 -0.115000000 -0.239104000
v 0.051535000 -0.115000000 -0.239150000
v 0.051740000 -0.115000000 -0.239219000
v 0.051937000 -0.115000000 -0.239310000
v 0.052122000 -0.115000000 -0.239422000
v 0.052295000 -0.115000000 -0.239553000
v 0.052452000 -0.115000000 -0.239702000
v 0.052592000 -0.115000000 -0.239867000
v 0.052714000 -0.115000000 -0.240046000
v 0.052815000 -0.115000000 -0.240238000
v 0.052895000 -0.115000000 -0.240439000
v 0.052953000 -0.115000000 -0.240647000
v 0.052988000 -0.115000000 -0.240861000
v -0.049000000 -0.115000000 -0.241077000
v -0.049012000 -0.115000000 -0.241294000
v -0.049047000 -0.115000000 -0.241507000
v -0.049105000 -0.115000000 -0.241716000
v -0.049185000 -0.115000000 -0.241917000
v -0.049286000 -0.115000000 -0.242108000
v -0.049408000 -0.115000000 -0.242288000
v -0.049548000 -0.115000000 -0.242453000
v -0.049705000 -0.115000000 -0.242602000
v -0.049878000 -0.115000000 -0.242733000
v -0.050063000 -0.115000000 -0.242844000
v -0.050260000 -0.115000000 -0.242935000
v -0.050465000 -0.115000000 -0.243004000
v -0.050676000 -0.115000000 -0.243051000
v -0.050892000 -0.115000000 -0.243074000
v -0.051108000 -0.115000000 -0.243074000
v -0.051324000 -0.115000000 -0.243051000
v -0.051535000 -0.115000000 -0.243004000
v -0.051740000 -0.115000000 -0.242935000
v -0.051937000 -0.115000000 -0.242844000
v -0.052122000 -0.115000000 -0.242733000
v -0.052295000 -0.115000000 -0.242602000
v -0.052452000 -0.115000000 -0.242453000
v -0.052592000 -0.115000000 -0.242288000
v -0.052714000 -0.115000000 -0.242108000
v -0.052815000 -0.115000000 -0.241917000
v -0.052895000 -0.115000000 -0.241716000
v -0.052953000 -0.115000000 -0.241507000
v -0.052988000 -0.115000000 -0.241294000
v -0.053000000 -0.115000000 -0.241077000
v -0.052988000 -0.115000000 -0.240861000
v -0.052953000 -0.115000000 -0.240647000
v -0.052895000 -0.115000000 -0.240439000
v -0.052815000 -0.115000000 -0.240238000
v -0.052714000 -0.115000000 -0.240046000
v -0.052592000 -0.115000000 -0.239867000
v -0.052452000 -0.115000000 -0.239702000
v -0.052295000 -0.115000000 -0.239553000
v -0.052122000 -0.115000000 -0.239422000
v -0.051937000 -0.115000000 -0.239310000
v -0.051740000 -0.115000000 -0.239219000
v -0.051535000 -0.115000000 -0.239150000
v -0.051324000 -0.115000000 -0.239104000
v -0.051108000 -0.115000000 -0.239080000
v -0.050892000 -0.115000000 -0.239080000
v -0.050676000 -0.115000000 -0.239104000
v -0.050465000 -0.115000000 -0.239150000
v -0.050260000 -0.115000000 -0.239219000
v -0.050063000 -0.115000000 -0.239310000
v -0.049878000 -0.115000000 -0.239422000
v -0.049705000 -0.115000000 -0.239553000
v -0.049548000 -0.115000000 -0.239702000
v -0.049408000 -0.115000000 -0.239867000
v -0.049286000 -0.115000000 -0.240046000
v -0.049185000 -0.115000000 -0.240238000
v -0.049105000 -0.115000000 -0.240439000
v -0.049047000 -0.115000000 -0.240647000
v -0.049012000 -0.115000000 -0.240861000
v -0.049000000 -0.115000000 -0.189077000
v -0.049012000 -0.115000000 -0.189294000
v -0.049047000 -0.115000000 -0.189507000
v -0.049105000 -0.115000000 -0.189716000
v -0.049185000 -0.115000000 -0.189917000
v -0.049286000 -0.115000000 -0.190108000
v -0.049408000 -0.115000000 -0.190288000
v -0.049548000 -0.115000000 -0.190453000
v -0.049705000 -0.115000000 -0.190602000
v -0.049878000 -0.115000000 -0.190733000
v -0.050063000 -0.115000000 -0.190844000
v -0.050260000 -0.115000000 -0.190935000
v -0.050465000 -0.115000000 -0.191004000
v -0.050676000 -0.115000000 -0.191051000
v -0.050892000 -0.115000000 -0.191074000
v -0.051108000 -0.115000000 -0.191074000
v -0.051324000 -0.115000000 -0.191051000
v -0.051535000 -0.115000000 -0.191004000
v -0.051740000 -0.115000000 -0.190935000
v -0.051937000 -0.115000000 -0.190844000
v -0.052122000 -0.115000000 -0.190733000
v -0.052295000 -0.115000000 -0.190602000
v -0.052452000 -0.115000000 -0.190453000
v -0.052592000 -0.115000000 -0.190288000
v -0.052714000 -0.115000000 -0.190108000
v -0.052815000 -0.115000000 -0.189917000
v -0.052895000 -0.115000000 -0.189716000
v -0.052953000 -0.115000000 -0.189507000
v -0.052988000 -0.115000000 -0.189294000
v -0.053000000 -0.115000000 -0.189077000
v -0.052988000 -0.115000000 -0.188861000
v -0.052953000 -0.115000000 -0.188647000
v -0.052895000 -0.115000000 -0.188439000
v -0.052815000 -0.115000000 -0.188238000
v -0.052714000 -0.115000000 -0.188046000
v -0.052592000 -0.115000000 -0.187867000
v -0.052452000 -0.115000000 -0.187702000
v -0.052295000 -0.115000000 -0.187553000
v -0.052122000 -0.115000000 -0.187422000
v -0.051937000 -0.115000000 -0.187310000
v -0.051740000 -0.115000000 -0.187219000
v -0.051535000 -0.115000000 -0.187150000
v -0.051324000 -0.115000000 -0.187104000
v -0.051108000 -0.115000000 -0.187080000
v -0.050892000 -0.115000000 -0.187080000
v -0.050676000 -0.115000000 -0.187104000
v -0.050465000 -0.115000000 -0.187150000
v -0.050260000 -0.115000000 -0.187219000
v -0.050063000 -0.115000000 -0.187310000
v -0.049878000 -0.115000000 -0.187422000
v -0.049705000 -0.115000000 -0.187553000
v -0.049548000 -0.115000000 -0.187702000
v -0.049408000 -0.115000000 -0.187867000
v -0.049286000 -0.115000000 -0.188046000
v -0.049185000 -0.115000000 -0.188238000
v -0.049105000 -0.115000000 -0.188439000
v -0.049047000 -0.115000000 -0.188647000
v -0.049012000 -0.115000000 -0.188861000
v -0.049000000 -0.115000000 -0.137077000
v -0.049012000 -0.115000000 -0.137294000
v -0.049047000 -0.115000000 -0.137507000
v -0.049105000 -0.115000000 -0.137716000
v -0.049185000 -0.115000000 -0.137917000
v -0.049286000 -0.115000000 -0.138108000
v -0.049408000 -0.115000000 -0.138288000
v -0.049548000 -0.115000000 -0.138453000
v -0.049705000 -0.115000000 -0.138602000
v -0.049878000 -0.115000000 -0.138733000
v -0.050063000 -0.115000000 -0.138844000
v -0.050260000 -0.115000000 -0.138935000
v -0.050465000 -0.115000000 -0.139004000
v -0.050676000 -0.115000000 -0.139051000
v -0.050892000 -0.115000000 -0.139074000
v -0.051108000 -0.115000000 -0.139074000
v -0.051324000 -0.115000000 -0.139051000
v -0.051535000 -0.115000000 -0.139004000
v -0.051740000 -0.115000000 -0.138935000
v -0.051937000 -0.115000000 -0.138844000
v -0.052122000 -0.115000000 -0.138733000
v -0.052295000 -0.115000000 -0.138602000
v -0.052452000 -0.115000000 -0.138453000
v -0.052592000 -0.115000000 -0.138288000
v -0.052714000 -0.115000000 -0.138108000
v -0.052815000 -0.115000000 -0.137917000
v -0.052895000 -0.115000000 -0.137716000
v -0.052953000 -0.115000000 -0.137507000
v -0.052988000 -0.115000000 -0.137294000
v -0.053000000 -0.115000000 -0.137077000
v -0.052988000 -0.115000000 -0.136861000
v -0.052953000 -0.115000000 -0.136647000
v -0.052895000 -0.115000000 -0.136439000
v -0.052815000 -0.115000000 -0.136238000
v -0.052714000 -0.115000000 -0.136046000
v -0.052592000 -0.115000000 -0.135867000
v -0.052452000 -0.115000000 -0.135702000
v -0.052295000 -0.115000000 -0.135553000
v -0.052122000 -0.115000000 -0.135422000
v -0.051937000 -0.115000000 -0.135310000
v -0.051740000 -0.115000000 -0.135219000
v -0.051535000 -0.115000000 -0.135150000
v -0.051324000 -0.115000000 -0.135104000
v -0.051108000 -0.115000000 -0.135080000
v -0.050892000 -0.115000000 -0.135080000
v -0.050676000 -0.115000000 -0.135104000
v -0.050465000 -0.115000000 -0.135150000
v -0.050260000 -0.115000000 -0.135219000
v -0.050063000 -0.115000000 -0.135310000
v -0.049878000 -0.115000000 -0.135422000
v -0.049705000 -0.115000000 -0.135553000
v -0.049548000 -0.115000000 -0.135702000
v -0.049408000 -0.115000000 -0.135867000
v -0.049286000 -0.115000000 -0.136046000
v -0.049185000 -0.115000000 -0.136238000
v -0.049105000 -0.115000000 -0.136439000
v -0.049047000 -0.115000000 -0.136647000
v -0.049012000 -0.115000000 -0.136861000
v -0.049000000 -0.115000000 -0.085077000
v -0.049012000 -0.115000000 -0.085294000
v -0.049047000 -0.115000000 -0.085507000
v -0.049105000 -0.115000000 -0.085716000
v -0.049185000 -0.115000000 -0.085917000
v -0.049286000 -0.115000000 -0.086108000
v -0.049408000 -0.115000000 -0.086288000
v -0.049548000 -0.115000000 -0.086453000
v -0.049705000 -0.115000000 -0.086602000
v -0.049878000 -0.115000000 -0.086733000
v -0.050063000 -0.115000000 -0.086844000
v -0.050260000 -0.115000000 -0.086935000
v -0.050465000 -0.115000000 -0.087004000
v -0.050676000 -0.115000000 -0.087051000
v -0.050892000 -0.115000000 -0.087074000
v -0.051108000 -0.115000000 -0.087074000
v -0.051324000 -0.115000000 -0.087051000
v -0.051535000 -0.115000000 -0.087004000
v -0.051740000 -0.115000000 -0.086935000
v -0.051937000 -0.115000000 -0.086844000
v -0.052122000 -0.115000000 -0.086733000
v -0.052295000 -0.115000000 -0.086602000
v -0.052452000 -0.115000000 -0.086453000
v -0.052592000 -0.115000000 -0.086288000
v -0.052714000 -0.115000000 -0.086108000
v -0.052815000 -0.115000000 -0.085917000
v -0.052895000 -0.115000000 -0.085716000
v -0.052953000 -0.115000000 -0.085507000
v -0.052988000 -0.115000000 -0.085294000
v -0.053000000 -0.115000000 -0.085077000
v -0.052988000 -0.115000000 -0.084861000
v -0.052953000 -0.115000000 -0.084647000
v -0.052895000 -0.115000000 -0.084439000
v -0.052815000 -0.115000000 -0.084238000
v -0.052714000 -0.115000000 -0.084046000
v -0.052592000 -0.115000000 -0.083867000
v -0.052452000 -0.115000000 -0.083702000
v -0.052295000 -0.115000000 -0.083553000
v -0.052122000 -0.115000000 -0.083422000
v -0.051937000 -0.115000000 -0.083310000
v -0.051740000 -0.115000000 -0.083219000
v -0.051535000 -0.115000000 -0.083150000
v -0.051324000 -0.115000000 -0.083104000
v -0.051108000 -0.115000000 -0.083080000
v -0.050892000 -0.115000000 -0.083080000
v -0.050676000 -0.115000000 -0.083104000
v -0.050465000 -0.115000000 -0.083150000
v -0.050260000 -0.115000000 -0.083219000
v -0.050063000 -0.115000000 -0.083310000
v -0.049878000 -0.115000000 -0.083422000
v -0.049705000 -0.115000000 -0.083553000
v -0.049548000 -0.115000000 -0.083702000
v -0.049408000 -0.115000000 -0.083867000
v -0.049286000 -0.115000000 -0.084046000
v -0.049185000 -0.115000000 -0.084238000
v -0.049105000 -0.115000000 -0.084439000
v -0.049047000 -0.115000000 -0.084647000
v -0.049012000 -0.115000000 -0.084861000
v -0.049000000 -0.115000000 -0.033077000
v -0.049012000 -0.115000000 -0.033294000
v -0.049047000 -0.115000000 -0.033507000
v -0.049105000 -0.115000000 -0.033716000
v -0.049185000 -0.115000000 -0.033917000
v -0.049286000 -0.115000000 -0.034108000
v -0.049408000 -0.115000000 -0.034288000
v -0.049548000 -0.115000000 -0.034453000
v -0.049705000 -0.115000000 -0.034602000
v -0.049878000 -0.115000000 -0.034733000
v -0.050063000 -0.115000000 -0.034844000
v -0.050260000 -0.115000000 -0.034935000
v -0.050465000 -0.115000000 -0.035004000
v -0.050676000 -0.115000000 -0.035051000
v -0.050892000 -0.115000000 -0.035074000
v -0.051108000 -0.115000000 -0.035074000
v -0.051324000 -0.115000000 -0.035051000
v -0.051535000 -0.115000000 -0.035004000
v -0.051740000 -0.115000000 -0.034935000
v -0.051937000 -0.115000000 -0.034844000
v -0.052122000 -0.115000000 -0.034733000
v -0.052295000 -0.115000000 -0.034602000
v -0.052452000 -0.115000000 -0.034453000
v -0.052592000 -0.115000000 -0.034288000
v -0.052714000 -0.115000000 -0.034108000
v -0.052815000 -0.115000000 -0.033917000
v -0.052895000 -0.115000000 -0.033716000
v -0.052953000 -0.115000000 -0.033507000
v -0.052988000 -0.115000000 -0.033294000
v -0.053000000 -0.115000000 -0.033077000
v -0.052988000 -0.115000000 -0.032861000
v -0.052953000 -0.115000000 -0.032647000
v -0.052895000 -0.115000000 -0.032439000
v -0.052815000 -0.115000000 -0.032238000
v -0.052714000 -0.115000000 -0.032046000
v -0.052592000 -0.115000000 -0.031867000
v -0.052452000 -0.115000000 -0.031702000
v -0.052295000 -0.115000000 -0.031553000
v -0.052122000 -0.115000000 -0.031422000
v -0.051937000 -0.115000000 -0.031310000
v -0.051740000 -0.115000000 -0.031219000
v -0.051535000 -0.115000000 -0.031150000
v -0.051324000 -0.115000000 -0.031104000
v -0.051108000 -0.115000000 -0.031080000
v -0.050892000 -0.115000000 -0.031080000
v -0.050676000 -0.115000000 -0.031104000
v -0.050465000 -0.115000000 -0.031150000
v -0.050260000 -0.115000000 -0.031219000
v -0.050063000 -0.115000000 -0.031310000
v -0.049878000 -0.115000000 -0.031422000
v -0.049705000 -0.115000000 -0.031553000
v -0.049548000 -0.115000000 -0.031702000
v -0.049408000 -0.115000000 -0.031867000
v -0.049286000 -0.115000000 -0.032046000
v -0.049185000 -0.115000000 -0.032238000
v -0.049105000 -0.115000000 -0.032439000
v -0.049047000 -0.115000000 -0.032647000
v -0.049012000 -0.115000000 -0.032861000
v 0.053000000 -0.115000000 -0.085077000
v 0.052988000 -0.115000000 -0.085294000
v 0.052953000 -0.115000000 -0.085507000
v 0.052895000 -0.115000000 -0.085716000
v 0.052815000 -0.115000000 -0.085917000
v 0.052714000 -0.115000000 -0.086108000
v 0.052592000 -0.115000000 -0.086288000
v 0.052452000 -0.115000000 -0.086453000
v 0.052295000 -0.115000000 -0.086602000
v 0.052122000 -0.115000000 -0.086733000
v 0.051937000 -0.115000000 -0.086844000
v 0.051740000 -0.115000000 -0.086935000
v 0.051535000 -0.115000000 -0.087004000
v 0.051324000 -0.115000000 -0.087051000
v 0.051108000 -0.115000000 -0.087074000
v 0.050892000 -0.115000000 -0.087074000
v 0.050676000 -0.115000000 -0.087051000
v 0.050465000 -0.115000000 -0.087004000
v 0.050260000 -0.115000000 -0.086935000
v 0.050063000 -0.115000000 -0.086844000
v 0.049878000 -0.115000000 -0.086733000
v 0.049705000 -0.115000000 -0.086602000
v 0.049548000 -0.115000000 -0.086453000
v 0.049408000 -0.115000000 -0.086288000
v 0.049286000 -0.115000000 -0.086108000
v 0.049185000 -0.115000000 -0.085917000
v 0.049105000 -0.115000000 -0.085716000
v 0.049047000 -0.115000000 -0.085507000
v 0.049012000 -0.115000000 -0.085294000
v 0.049000000 -0.115000000 -0.085077000
v 0.049012000 -0.115000000 -0.084861000
v 0.049047000 -0.115000000 -0.084647000
v 0.049105000 -0.115000000 -0.084439000
v 0.049185000 -0.115000000 -0.084238000
v 0.049286000 -0.115000000 -0.084046000
v 0.049408000 -0.115000000 -0.083867000
v 0.049548000 -0.115000000 -0.083702000
v 0.049705000 -0.115000000 -0.083553000
v 0.049878000 -0.115000000 -0.083422000
v 0.050063000 -0.115000000 -0.083310000
v 0.050260000 -0.115000000 -0.083219000
v 0.050465000 -0.115000000 -0.083150000
v 0.050676000 -0.115000000 -0.083104000
v 0.050892000 -0.115000000 -0.083080000
v 0.051108000 -0.115000000 -0.083080000
v 0.051324000 -0.115000000 -0.083104000
v 0.051535000 -0.115000000 -0.083150000
v 0.051740000 -0.115000000 -0.083219000
v 0.051937000 -0.115000000 -0.083310000
v 0.052122000 -0.115000000 -0.083422000
v 0.052295000 -0.115000000 -0.083553000
v 0.052452000 -0.115000000 -0.083702000
v 0.052592000 -0.115000000 -0.083867000
v 0.052714000 -0.115000000 -0.084046000
v 0.052815000 -0.115000000 -0.084238000
v 0.052895000 -0.115000000 -0.084439000
v 0.052953000 -0.115000000 -0.084647000
v 0.052988000 -0.115000000 -0.084861000
v 0.053000000 -0.115000000 -0.033077000
v 0.052988000 -0.115000000 -0.033294000
v 0.052953000 -0.115000000 -0.033507000
v 0.052895000 -0.115000000 -0.033716000
v 0.052815000 -0.115000000 -0.033917000
v 0.052714000 -0.115000000 -0.034108000
v 0.052592000 -0.115000000 -0.034288000
v 0.052452000 -0.115000000 -0.034453000
v 0.052295000 -0.115000000 -0.034602000
v 0.052122000 -0.115000000 -0.034733000
v 0.051937000 -0.115000000 -0.034844000
v 0.051740000 -0.115000000 -0.034935000
v 0.051535000 -0.115000000 -0.035004000
v 0.051324000 -0.115000000 -0.035051000
v 0.051108000 -0.115000000 -0.035074000
v 0.050892000 -0.115000000 -0.035074000
v 0.050676000 -0.115000000 -0.035051000
v 0.050465000 -0.115000000 -0.035004000
v 0.050260000 -0.115000000 -0.034935000
v 0.050063000 -0.115000000 -0.034844000
v 0.049878000 -0.115000000 -0.034733000
v 0.049705000 -0.115000000 -0.034602000
v 0.049548000 -0.115000000 -0.034453000
v 0.049408000 -0.115000000 -0.034288000
v 0.049286000 -0.115000000 -0.034108000
v 0.049185000 -0.115000000 -0.033917000
v 0.049105000 -0.115000000 -0.033716000
v 0.049047000 -0.115000000 -0.033507000
v 0.049012000 -0.115000000 -0.033294000
v 0.049000000 -0.115000000 -0.033077000
v 0.049012000 -0.115000000 -0.032861000
v 0.049047000 -0.115000000 -0.032647000
v 0.049105000 -0.115000000 -0.032439000
v 0.049185000 -0.115000000 -0.032238000
v 0.049286000 -0.115000000 -0.032046000
v 0.049408000 -0.115000000 -0.031867000
v 0.049548000 -0.115000000 -0.031702000
v 0.049705000 -0.115000000 -0.031553000
v 0.049878000 -0.115000000 -0.031422000
v 0.050063000 -0.115000000 -0.031310000
v 0.050260000 -0.115000000 -0.031219000
v 0.050465000 -0.115000000 -0.031150000
v 0.050676000 -0.115000000 -0.031104000
v 0.050892000 -0.115000000 -0.031080000
v 0.051108000 -0.115000000 -0.031080000
v 0.051324000 -0.115000000 -0.031104000
v 0.051535000 -0.115000000 -0.031150000
v 0.051740000 -0.115000000 -0.031219000
v 0.051937000 -0.115000000 -0.031310000
v 0.052122000 -0.115000000 -0.031422000
v 0.052295000 -0.115000000 -0.031553000
v 0.052452000 -0.115000000 -0.031702000
v 0.052592000 -0.115000000 -0.031867000
v 0.052714000 -0.115000000 -0.032046000
v 0.052815000 -0.115000000 -0.032238000
v 0.052895000 -0.115000000 -0.032439000
v 0.052953000 -0.115000000 -0.032647000
v 0.052988000 -0.115000000 -0.032861000
v 0.053000000 -0.115000000 0.018923000
v 0.052988000 -0.115000000 0.018706000
v 0.052953000 -0.115000000 0.018493000
v 0.052895000 -0.115000000 0.018284000
v 0.052815000 -0.115000000 0.018083000
v 0.052714000 -0.115000000 0.017892000
v 0.052592000 -0.115000000 0.017712000
v 0.052452000 -0.115000000 0.017547000
v 0.052295000 -0.115000000 0.017398000
v 0.052122000 -0.115000000 0.017267000
v 0.051937000 -0.115000000 0.017156000
v 0.051740000 -0.115000000 0.017065000
v 0.051535000 -0.115000000 0.016996000
v 0.051324000 -0.115000000 0.016949000
v 0.051108000 -0.115000000 0.016926000
v 0.050892000 -0.115000000 0.016926000
v 0.050676000 -0.115000000 0.016949000
v 0.050465000 -0.115000000 0.016996000
v 0.050260000 -0.115000000 0.017065000
v 0.050063000 -0.115000000 0.017156000
v 0.049878000 -0.115000000 0.017267000
v 0.049705000 -0.115000000 0.017398000
v 0.049548000 -0.115000000 0.017547000
v 0.049408000 -0.115000000 0.017712000
v 0.049286000 -0.115000000 0.017892000
v 0.049185000 -0.115000000 0.018083000
v 0.049105000 -0.115000000 0.018284000
v 0.049047000 -0.115000000 0.018493000
v 0.049012000 -0.115000000 0.018706000
v 0.049000000 -0.115000000 0.018923000
v 0.049012000 -0.115000000 0.019139000
v 0.049047000 -0.115000000 0.019353000
v 0.049105000 -0.115000000 0.019561000
v 0.049185000 -0.115000000 0.019762000
v 0.049286000 -0.115000000 0.019954000
v 0.049408000 -0.115000000 0.020133000
v 0.049548000 -0.115000000 0.020298000
v 0.049705000 -0.115000000 0.020447000
v 0.049878000 -0.115000000 0.020578000
v 0.050063000 -0.115000000 0.020690000
v 0.050260000 -0.115000000 0.020781000
v 0.050465000 -0.115000000 0.020850000
v 0.050676000 -0.115000000 0.020896000
v 0.050892000 -0.115000000 0.020920000
v 0.051108000 -0.115000000 0.020920000
v 0.051324000 -0.115000000 0.020896000
v 0.051535000 -0.115000000 0.020850000
v 0.051740000 -0.115000000 0.020781000
v 0.051937000 -0.115000000 0.020690000
v 0.052122000 -0.115000000 0.020578000
v 0.052295000 -0.115000000 0.020447000
v 0.052452000 -0.115000000 0.020298000
v 0.052592000 -0.115000000 0.020133000
v 0.052714000 -0.115000000 0.019954000
v 0.052815000 -0.115000000 0.019762000
v 0.052895000 -0.115000000 0.019561000
v 0.052953000 -0.115000000 0.019353000
v 0.052988000 -0.115000000 0.019139000
v -0.049000000 -0.115000000 0.018923000
v -0.049012000 -0.115000000 0.018706000
v -0.049047000 -0.115000000 0.018493000
v -0.049105000 -0.115000000 0.018284000
v -0.049185000 -0.115000000 0.018083000
v -0.049286000 -0.115000000 0.017892000
v -0.049408000 -0.115000000 0.017712000
v -0.049548000 -0.115000000 0.017547000
v -0.049705000 -0.115000000 0.017398000
v -0.049878000 -0.115000000 0.017267000
v -0.050063000 -0.115000000 0.017156000
v -0.050260000 -0.115000000 0.017065000
v -0.050465000 -0.115000000 0.016996000
v -0.050676000 -0.115000000 0.016949000
v -0.050892000 -0.115000000 0.016926000
v -0.051108000 -0.115000000 0.016926000
v -0.051324000 -0.115000000 0.016949000
v -0.051535000 -0.115000000 0.016996000
v -0.051740000 -0.115000000 0.017065000
v -0.051937000 -0.115000000 0.017156000
v -0.052122000 -0.115000000 0.017267000
v -0.052295000 -0.115000000 0.017398000
v -0.052452000 -0.115000000 0.017547000
v -0.052592000 -0.115000000 0.017712000
v -0.052714000 -0.115000000 0.017892000
v -0.052815000 -0.115000000 0.018083000
v -0.052895000 -0.115000000 0.018284000
v -0.052953000 -0.115000000 0.018493000
v -0.052988000 -0.115000000 0.018706000
v -0.053000000 -0.115000000 0.018923000
v -0.052988000 -0.115000000 0.019139000
v -0.052953000 -0.115000000 0.019353000
v -0.052895000 -0.115000000 0.019561000
v -0.052815000 -0.115000000 0.019762000
v -0.052714000 -0.115000000 0.019954000
v -0.052592000 -0.115000000 0.020133000
v -0.052452000 -0.115000000 0.020298000
v -0.052295000 -0.115000000 0.020447000
v -0.052122000 -0.115000000 0.020578000
v -0.051937000 -0.115000000 0.020690000
v -0.051740000 -0.115000000 0.020781000
v -0.051535000 -0.115000000 0.020850000
v -0.051324000 -0.115000000 0.020896000
v -0.051108000 -0.115000000 0.020920000
v -0.050892000 -0.115000000 0.020920000
v -0.050676000 -0.115000000 0.020896000
v -0.050465000 -0.115000000 0.020850000
v -0.050260000 -0.115000000 0.020781000
v -0.050063000 -0.115000000 0.020690000
v -0.049878000 -0.115000000 0.020578000
v -0.049705000 -0.115000000 0.020447000
v -0.049548000 -0.115000000 0.020298000
v -0.049408000 -0.115000000 0.020133000
v -0.049286000 -0.115000000 0.019954000
v -0.049185000 -0.115000000 0.019762000
v -0.049105000 -0.115000000 0.019561000
v -0.049047000 -0.115000000 0.019353000
v -0.049012000 -0.115000000 0.019139000
v -0.209907000 -0.153942000 -0.321740000
v -0.209907000 -0.153942000 -0.334809000
v -0.224301000 -0.159000000 -0.334809000
v -0.084871000 -0.110000000 -0.263507000
v -0.084871000 -0.110000000 -0.273385000
v -0.118924000 -0.121967000 -0.273385000
v -0.208425000 -0.153421000 -0.321740000
v -0.209907000 -0.153942000 -0.254300000
v -0.118924000 -0.121967000 -0.293078000
v -0.159121000 -0.136094000 -0.310684000
v -0.143308000 -0.130537000 -0.310684000
v -0.159121000 -0.136094000 -0.293078000
v -0.119164000 -0.122052000 -0.296539000
v -0.107540000 -0.117967000 -0.289730000
v -0.113255000 -0.119975000 -0.293078000
v -0.118924000 -0.121967000 -0.296399000
v -0.155024000 -0.134654000 -0.317548000
v -0.155916000 -0.134967000 -0.318070000
v -0.159121000 -0.136094000 -0.319948000
v -0.208425000 -0.153421000 -0.281277000
v -0.209907000 -0.153942000 -0.293078000
v -0.159121000 -0.136094000 -0.281277000
v -0.159121000 -0.136094000 -0.273385000
v -0.161491000 -0.136927000 -0.273385000
v -0.159121000 -0.136094000 -0.263507000
v -0.209907000 -0.153942000 -0.273385000
v -0.209907000 -0.153942000 -0.263507000
v -0.208425000 -0.153421000 -0.263507000
v -0.159121000 -0.136094000 -0.254300000
v -0.161491000 -0.136927000 -0.254300000
v -0.159121000 -0.136094000 -0.250670000
v -0.208425000 -0.153421000 -0.250670000
v -0.209907000 -0.153942000 -0.250670000
v -0.208425000 -0.153421000 -0.242076000
v -0.209907000 -0.153942000 -0.242076000
v -0.209907000 -0.153942000 -0.235388000
v -0.159121000 -0.136094000 -0.235388000
v -0.161491000 -0.136927000 -0.242076000
v -0.159121000 -0.136094000 -0.242076000
v -0.161223000 -0.136833000 -0.321179000
v -0.159665000 -0.136285000 -0.320267000
v -0.161058000 -0.136775000 -0.321083000
v -0.189144000 -0.146645000 -0.321740000
v -0.172910000 -0.140940000 -0.321740000
v -0.118924000 -0.121967000 -0.281277000
v -0.084871000 -0.110000000 -0.276449000
v -0.091582000 -0.112358000 -0.280381000
v -0.093111000 -0.112896000 -0.281277000
v -0.159121000 -0.136094000 -0.220869000
v -0.131419000 -0.126358000 -0.021680000
v -0.131889000 -0.126524000 -0.021923000
v -0.134079000 -0.127293000 -0.022882000
v -0.132324000 -0.126677000 -0.022209000
v -0.118924000 -0.121967000 -0.220869000
v -0.133728000 -0.127170000 -0.023954000
v -0.133820000 -0.127202000 -0.024185000
v -0.133899000 -0.127230000 -0.024420000
v -0.133964000 -0.127253000 -0.024660000
v -0.134014000 -0.127270000 -0.024905000
v -0.159121000 -0.136094000 -0.013501000
v -0.118924000 -0.121967000 -0.185448000
v -0.131597000 -0.126421000 -0.179121000
v -0.084871000 -0.110000000 -0.000526000
v -0.118924000 -0.121967000 0.009707000
v -0.084871000 -0.110000000 0.029367000
v -0.133371000 -0.127044000 -0.023301000
v -0.133503000 -0.127091000 -0.023512000
v -0.133622000 -0.127133000 -0.023730000
v -0.134079000 -0.127293000 -0.025656000
v -0.134079000 -0.127293000 -0.175229000
v -0.134005000 -0.127267000 -0.176032000
v -0.134046000 -0.127282000 -0.175768000
v -0.134071000 -0.127290000 -0.175500000
v -0.133947000 -0.127247000 -0.176293000
v -0.133873000 -0.127221000 -0.176548000
v -0.133783000 -0.127189000 -0.176798000
v -0.133678000 -0.127152000 -0.177042000
v -0.132899000 -0.126879000 -0.022715000
v -0.133068000 -0.126938000 -0.022902000
v -0.133226000 -0.126993000 -0.023097000
v -0.133557000 -0.127110000 -0.177279000
v -0.133421000 -0.127062000 -0.177508000
v -0.133271000 -0.127009000 -0.177728000
v -0.134050000 -0.127283000 -0.025153000
v -0.134072000 -0.127291000 -0.025403000
v -0.132526000 -0.126748000 -0.022368000
v -0.132718000 -0.126815000 -0.022537000
v -0.133106000 -0.126951000 -0.177940000
v -0.132927000 -0.126889000 -0.178141000
v -0.132735000 -0.126821000 -0.178333000
v -0.132531000 -0.126749000 -0.178514000
v -0.132314000 -0.126673000 -0.178684000
v -0.132086000 -0.126593000 -0.178842000
v -0.131847000 -0.126509000 -0.178988000
v -0.209907000 -0.153942000 -0.220869000
v -0.209907000 -0.153942000 -0.042823000
v -0.224301000 -0.159000000 -0.220869000
v -0.224301000 -0.159000000 -0.051132000
v -0.224301000 -0.159000000 -0.358132000
v -0.209907000 -0.153942000 -0.349700000
v -0.214210000 -0.155454000 -0.352221000
v -0.210461000 -0.154136000 -0.350024000
v -0.210134000 -0.154021000 -0.349833000
v -0.209272000 -0.153719000 -0.349328000
v -0.084871000 -0.110000000 -0.202449000
v -0.084871000 -0.110000000 -0.220869000
v -0.118924000 -0.121967000 -0.235388000
v -0.084871000 -0.110000000 -0.235388000
v -0.118924000 -0.121967000 -0.242076000
v -0.084871000 -0.110000000 -0.242076000
v -0.118924000 -0.121967000 -0.250670000
v -0.084871000 -0.110000000 -0.250670000
v -0.118924000 -0.121967000 -0.254300000
v -0.084871000 -0.110000000 -0.254300000
v -0.118924000 -0.121967000 -0.263507000
v -0.224301000 -0.159000000 -0.254300000
v -0.224301000 -0.159000000 -0.263507000
v -0.224301000 -0.159000000 -0.235388000
v -0.224301000 -0.159000000 -0.242076000
v -0.224301000 -0.159000000 -0.250670000
v -0.224301000 -0.159000000 -0.273385000
v -0.224301000 -0.159000000 -0.281277000
v -0.209907000 -0.153942000 -0.281277000
v -0.224301000 -0.159000000 -0.293078000
v -0.209907000 -0.153942000 -0.310684000
v -0.224301000 -0.159000000 -0.310684000
v -0.224301000 -0.159000000 -0.321740000
v 0.219732000 -0.157395000 -0.263507000
v 0.159121000 -0.136094000 -0.263507000
v 0.084871000 -0.110000000 -0.263507000
v 0.084871000 -0.110000000 -0.251602000
v 0.159121000 -0.136094000 -0.319948000
v 0.119164000 -0.122052000 -0.296539000
v 0.113255000 -0.119975000 -0.293078000
v 0.159121000 -0.136094000 -0.293078000
v 0.219732000 -0.157395000 -0.297590000
v 0.219732000 -0.157395000 -0.321740000
v 0.209907000 -0.153942000 -0.321740000
v 0.209907000 -0.153942000 -0.297590000
v 0.219732000 -0.157395000 -0.293078000
v 0.209907000 -0.153942000 -0.293078000
v 0.159121000 -0.136094000 -0.297590000
v 0.161223000 -0.136833000 -0.321179000
v 0.161058000 -0.136775000 -0.321083000
v 0.159665000 -0.136285000 -0.320267000
v 0.208425000 -0.153421000 -0.321740000
v 0.177530000 -0.142563000 -0.297590000
v 0.209907000 -0.153942000 -0.281277000
v 0.208425000 -0.153421000 -0.297590000
v 0.209907000 -0.153942000 -0.251602000
v 0.209907000 -0.153942000 -0.242076000
v 0.208425000 -0.153421000 -0.242076000
v 0.159121000 -0.136094000 -0.251602000
v 0.161491000 -0.136927000 -0.242076000
v 0.159121000 -0.136094000 -0.242076000
v 0.159121000 -0.136094000 -0.235388000
v 0.209907000 -0.153942000 -0.235388000
v 0.209907000 -0.153942000 -0.263507000
v 0.209907000 -0.153942000 -0.273385000
v 0.208425000 -0.153421000 -0.263507000
v 0.189144000 -0.146645000 -0.321740000
v 0.172910000 -0.140940000 -0.321740000
v 0.209907000 -0.153942000 -0.349700000
v 0.209272000 -0.153719000 -0.349328000
v 0.224301000 -0.159000000 -0.051132000
v 0.219732000 -0.157395000 -0.093104000
v 0.219732000 -0.157395000 -0.048495000
v 0.209907000 -0.153942000 -0.093104000
v 0.209907000 -0.153942000 -0.042823000
v 0.159121000 -0.136094000 -0.093104000
v 0.159121000 -0.136094000 -0.013501000
v 0.131889000 -0.126524000 -0.021923000
v 0.131419000 -0.126358000 -0.021680000
v 0.134079000 -0.127293000 -0.022882000
v 0.084871000 -0.110000000 -0.000526000
v 0.084871000 -0.110000000 0.029367000
v 0.134072000 -0.127291000 -0.025403000
v 0.134050000 -0.127283000 -0.025153000
v 0.134014000 -0.127270000 -0.024905000
v 0.133964000 -0.127253000 -0.024660000
v 0.133899000 -0.127230000 -0.024420000
v 0.133820000 -0.127202000 -0.024185000
v 0.133728000 -0.127170000 -0.023954000
v 0.133622000 -0.127133000 -0.023730000
v 0.133503000 -0.127091000 -0.023512000
v 0.133371000 -0.127044000 -0.023301000
v 0.133226000 -0.126993000 -0.023097000
v 0.133068000 -0.126938000 -0.022902000
v 0.132899000 -0.126879000 -0.022715000
v 0.132718000 -0.126815000 -0.022537000
v 0.132526000 -0.126748000 -0.022368000
v 0.132324000 -0.126677000 -0.022209000
v 0.084871000 -0.110000000 -0.202449000
v 0.084871000 -0.110000000 -0.220869000
v 0.159121000 -0.136094000 -0.220869000
v 0.134079000 -0.127293000 -0.093104000
v 0.134079000 -0.127293000 -0.025656000
v 0.134079000 -0.127293000 -0.175229000
v 0.134071000 -0.127290000 -0.175500000
v 0.131597000 -0.126421000 -0.179121000
v 0.133873000 -0.127221000 -0.176548000
v 0.133947000 -0.127247000 -0.176293000
v 0.134005000 -0.127267000 -0.176032000
v 0.134046000 -0.127282000 -0.175768000
v 0.133557000 -0.127110000 -0.177279000
v 0.133678000 -0.127152000 -0.177042000
v 0.133783000 -0.127189000 -0.176798000
v 0.133106000 -0.126951000 -0.177940000
v 0.133271000 -0.127009000 -0.177728000
v 0.133421000 -0.127062000 -0.177508000
v 0.132531000 -0.126749000 -0.178514000
v 0.132735000 -0.126821000 -0.178333000
v 0.132927000 -0.126889000 -0.178141000
v 0.131847000 -0.126509000 -0.178988000
v 0.132086000 -0.126593000 -0.178842000
v 0.132314000 -0.126673000 -0.178684000
v 0.159121000 -0.136094000 -0.273385000
v 0.084871000 -0.110000000 -0.273385000
v 0.091582000 -0.112358000 -0.280381000
v 0.084871000 -0.110000000 -0.276449000
v 0.093111000 -0.112896000 -0.281277000
v 0.159121000 -0.136094000 -0.281277000
v 0.107540000 -0.117967000 -0.289730000
v 0.120957000 -0.122682000 -0.297590000
v 0.155024000 -0.134654000 -0.317548000
v 0.141623000 -0.129945000 -0.309697000
v 0.155916000 -0.134967000 -0.318070000
v 0.219732000 -0.157395000 -0.355456000
v 0.214210000 -0.155454000 -0.352221000
v 0.210461000 -0.154136000 -0.350024000
v 0.210134000 -0.154021000 -0.349833000
v 0.224301000 -0.159000000 -0.321740000
v 0.224301000 -0.159000000 -0.358132000
v 0.161491000 -0.136927000 -0.273385000
v 0.208425000 -0.153421000 -0.281277000
v 0.084871000 -0.110000000 -0.242076000
v 0.084871000 -0.110000000 -0.235388000
v 0.209907000 -0.153942000 -0.220869000
v 0.219732000 -0.157395000 -0.251602000
v 0.219732000 -0.157395000 -0.281277000
v 0.219732000 -0.157395000 -0.273385000
v 0.219732000 -0.157395000 -0.220869000
v 0.219732000 -0.157395000 -0.242076000
v 0.219732000 -0.157395000 -0.235388000
v 0.224301000 -0.159000000 -0.093104000
v 0.224301000 -0.159000000 -0.220869000
v 0.224301000 -0.159000000 -0.235388000
v 0.224301000 -0.159000000 -0.242076000
v 0.224301000 -0.159000000 -0.251602000
v 0.224301000 -0.159000000 -0.263507000
v 0.224301000 -0.159000000 -0.273385000
v 0.224301000 -0.159000000 -0.281277000
v 0.224301000 -0.159000000 -0.293078000
v 0.224301000 -0.159000000 -0.297590000
v -0.018898000 -0.136285000 -0.401539000
v -0.007362000 -0.136285000 -0.408199000
v -0.008147000 -0.136833000 -0.409558000
v -0.099048000 -0.134967000 -0.350903000
v -0.098498000 -0.134967000 -0.351220000
v -0.100387000 -0.136285000 -0.354491000
v -0.021041000 -0.110000000 -0.313302000
v -0.011838000 -0.110000000 -0.318615000
v -0.047172000 -0.134654000 -0.379816000
v -0.119719000 -0.137043000 -0.345838000
v -0.119417000 -0.136833000 -0.345316000
v -0.139563000 -0.136285000 -0.331872000
v -0.131456000 -0.134654000 -0.331154000
v -0.080961000 -0.110000000 -0.278707000
v -0.161267000 -0.155454000 -0.382787000
v -0.003002000 -0.155454000 -0.474162000
v -0.070895000 -0.134967000 -0.367157000
v -0.137225000 -0.134654000 -0.327823000
v -0.137675000 -0.134967000 -0.328602000
v 0.000000000 -0.131148000 -0.395447000
v 0.000000000 -0.123100000 -0.368807000
v 0.000000000 -0.134654000 -0.407050000
v -0.005024000 -0.134654000 -0.404150000
v 0.000000000 -0.136285000 -0.412449000
v 0.000000000 -0.134967000 -0.408088000
v -0.017009000 -0.134967000 -0.398268000
v -0.016560000 -0.134654000 -0.397490000
v -0.033209000 -0.136285000 -0.393276000
v -0.038581000 -0.134967000 -0.385813000
v -0.040470000 -0.136285000 -0.389084000
v -0.031320000 -0.134967000 -0.390005000
v -0.033993000 -0.136833000 -0.394635000
v -0.041254000 -0.136833000 -0.390443000
v -0.056824000 -0.134967000 -0.375281000
v -0.056375000 -0.134654000 -0.374502000
v -0.070445000 -0.134654000 -0.366379000
v -0.072783000 -0.136285000 -0.370428000
v -0.058713000 -0.136285000 -0.378551000
v -0.084133000 -0.154021000 -0.422580000
v -0.074496000 -0.153719000 -0.427141000
v -0.083698000 -0.153719000 -0.421828000
v -0.074930000 -0.154021000 -0.427893000
v -0.076983000 -0.155454000 -0.431449000
v -0.084297000 -0.154136000 -0.422865000
v -0.075094000 -0.154136000 -0.428178000
v -0.086185000 -0.155454000 -0.426136000
v -0.046370000 -0.155454000 -0.449123000
v -0.050216000 -0.154136000 -0.442542000
v -0.044482000 -0.154136000 -0.445852000
v -0.052104000 -0.155454000 -0.445813000
v -0.051453000 -0.159000000 -0.457926000
v -0.057187000 -0.159000000 -0.454616000
v -0.001114000 -0.154136000 -0.470891000
v -0.013798000 -0.154136000 -0.463567000
v -0.015687000 -0.155454000 -0.466838000
v -0.020769000 -0.159000000 -0.475641000
v -0.008085000 -0.159000000 -0.482965000
v -0.091855000 -0.136285000 -0.359417000
v -0.089967000 -0.134967000 -0.356146000
v -0.101171000 -0.136833000 -0.355850000
v -0.092640000 -0.136833000 -0.360776000
v -0.118633000 -0.136285000 -0.343957000
v -0.116744000 -0.134967000 -0.340686000
v -0.123985000 -0.134967000 -0.336505000
v -0.125874000 -0.136285000 -0.339776000
v -0.126658000 -0.136833000 -0.341135000
v -0.165148000 -0.154136000 -0.376186000
v -0.159378000 -0.154136000 -0.379517000
v -0.167036000 -0.155454000 -0.379457000
v -0.172118000 -0.159000000 -0.388260000
v -0.166349000 -0.159000000 -0.391591000
v -0.146105000 -0.155454000 -0.391541000
v -0.128409000 -0.155454000 -0.401758000
v -0.144217000 -0.154136000 -0.388270000
v -0.126521000 -0.154136000 -0.398487000
v -0.126357000 -0.154021000 -0.398202000
v -0.144053000 -0.154021000 -0.387985000
v -0.187829000 -0.155454000 -0.367452000
v -0.185941000 -0.154136000 -0.364181000
v -0.185776000 -0.154021000 -0.363896000
v -0.041556000 -0.137043000 -0.390965000
v -0.074133000 -0.153466000 -0.426513000
v -0.059497000 -0.136833000 -0.379910000
v -0.050295000 -0.136833000 -0.385224000
v -0.065456000 -0.153719000 -0.432361000
v -0.166591000 -0.140635000 -0.330666000
v -0.161276000 -0.136927000 -0.321460000
v -0.161141000 -0.136833000 -0.321226000
v -0.140348000 -0.136833000 -0.333231000
v -0.184979000 -0.153466000 -0.362516000
v -0.185342000 -0.153719000 -0.363144000
v -0.192912000 -0.159000000 -0.376255000
v -0.000000000 -0.159000000 -0.487632000
v 0.000000000 -0.155454000 -0.475895000
v 0.000000000 -0.154136000 -0.471534000
v 0.000000000 -0.153719000 -0.470152000
v -0.000515000 -0.153719000 -0.469854000
v 0.000000000 -0.153359000 -0.468962000
v -0.013200000 -0.153719000 -0.462531000
v 0.000000000 -0.144509000 -0.439668000
v 0.000000000 -0.136833000 -0.414261000
v 0.000000000 -0.137602000 -0.416809000
v -0.012537000 -0.146350000 -0.438523000
v -0.022736000 -0.153466000 -0.456188000
v -0.023098000 -0.153719000 -0.456816000
v 0.000000000 -0.119099000 -0.355565000
v -0.022294000 -0.134654000 -0.394179000
v -0.123536000 -0.134654000 -0.335727000
v -0.019682000 -0.136833000 -0.402898000
v -0.032348000 -0.153719000 -0.451476000
v -0.164549000 -0.153719000 -0.375149000
v -0.147474000 -0.145830000 -0.358898000
v -0.158780000 -0.153719000 -0.378480000
v -0.134579000 -0.136833000 -0.336562000
v -0.134880000 -0.137043000 -0.337084000
v -0.043883000 -0.153719000 -0.444816000
v -0.049617000 -0.153719000 -0.441505000
v -0.038841000 -0.146199000 -0.422839000
v -0.025717000 -0.137043000 -0.400109000
v -0.125373000 -0.153719000 -0.397768000
v -0.125923000 -0.153719000 -0.397450000
v -0.150859000 -0.153719000 -0.383053000
v -0.143618000 -0.153719000 -0.387233000
v -0.102023000 -0.137043000 -0.356054000
v -0.101721000 -0.136833000 -0.355532000
v -0.150497000 -0.153466000 -0.382425000
v -0.086952000 -0.136833000 -0.364060000
v -0.092941000 -0.137043000 -0.361298000
v -0.116841000 -0.153719000 -0.402693000
v -0.035111000 -0.110000000 -0.305178000
v -0.048495000 -0.110000000 -0.297451000
v -0.083829000 -0.134654000 -0.358652000
v -0.054183000 -0.110000000 -0.294167000
v -0.089518000 -0.134654000 -0.355368000
v -0.062715000 -0.110000000 -0.289241000
v -0.098049000 -0.134654000 -0.350442000
v -0.063265000 -0.110000000 -0.288924000
v -0.098599000 -0.134654000 -0.350124000
v -0.116295000 -0.134654000 -0.339908000
v -0.131906000 -0.134967000 -0.331932000
v -0.084279000 -0.134967000 -0.359430000
v -0.038132000 -0.134654000 -0.385035000
v 0.000000000 -0.113114000 -0.335757000
v -0.030871000 -0.134654000 -0.389227000
v -0.022743000 -0.134967000 -0.394958000
v -0.133794000 -0.136285000 -0.335203000
v -0.100937000 -0.136285000 -0.354173000
v -0.086167000 -0.136285000 -0.362701000
v -0.047622000 -0.134967000 -0.380594000
v -0.049510000 -0.136285000 -0.383865000
v -0.073568000 -0.136833000 -0.371787000
v -0.057832000 -0.153466000 -0.435925000
v -0.058195000 -0.153719000 -0.436553000
v -0.002798000 -0.110000000 -0.323834000
v -0.025416000 -0.136833000 -0.399587000
v -0.024631000 -0.136285000 -0.398228000
v -0.000000000 -0.110000000 -0.325449000
v -0.111153000 -0.153719000 -0.405977000
v -0.097769000 -0.153719000 -0.413705000
v -0.116478000 -0.153466000 -0.402065000
v -0.098203000 -0.154021000 -0.414457000
v -0.111587000 -0.154021000 -0.406729000
v -0.117275000 -0.154021000 -0.403445000
v -0.125807000 -0.154021000 -0.398520000
v -0.151293000 -0.154021000 -0.383805000
v -0.159214000 -0.154021000 -0.379232000
v -0.164983000 -0.154021000 -0.375901000
v 0.000000000 -0.154021000 -0.471154000
v -0.000949000 -0.154021000 -0.470606000
v -0.013634000 -0.154021000 -0.463282000
v -0.023532000 -0.154021000 -0.457568000
v -0.032782000 -0.154021000 -0.452227000
v -0.044317000 -0.154021000 -0.445567000
v -0.050051000 -0.154021000 -0.442257000
v -0.058629000 -0.154021000 -0.437305000
v -0.065890000 -0.154021000 -0.433113000
v -0.151458000 -0.154136000 -0.384090000
v -0.098367000 -0.154136000 -0.414741000
v -0.111751000 -0.154136000 -0.407014000
v -0.117440000 -0.154136000 -0.403730000
v -0.125971000 -0.154136000 -0.398804000
v -0.023697000 -0.154136000 -0.457853000
v -0.032946000 -0.154136000 -0.452512000
v -0.058793000 -0.154136000 -0.437590000
v -0.066054000 -0.154136000 -0.433397000
v -0.153346000 -0.155454000 -0.387360000
v -0.100256000 -0.155454000 -0.418012000
v -0.113640000 -0.155454000 -0.410285000
v -0.119328000 -0.155454000 -0.407001000
v -0.127859000 -0.155454000 -0.402075000
v -0.060681000 -0.155454000 -0.440860000
v -0.067943000 -0.155454000 -0.436668000
v -0.025585000 -0.155454000 -0.461123000
v -0.034835000 -0.155454000 -0.455783000
v -0.065764000 -0.159000000 -0.449664000
v -0.073025000 -0.159000000 -0.445471000
v -0.082065000 -0.159000000 -0.440252000
v -0.091268000 -0.159000000 -0.434939000
v -0.105338000 -0.159000000 -0.426815000
v -0.118722000 -0.159000000 -0.419088000
v -0.124411000 -0.159000000 -0.415804000
v -0.132942000 -0.159000000 -0.410878000
v -0.133492000 -0.159000000 -0.410561000
v -0.151188000 -0.159000000 -0.400344000
v -0.158429000 -0.159000000 -0.396164000
v -0.030668000 -0.159000000 -0.469926000
v -0.039917000 -0.159000000 -0.464586000
v 0.131456000 -0.134654000 -0.331154000
v 0.137225000 -0.134654000 -0.327823000
v 0.137675000 -0.134967000 -0.328602000
v 0.216117000 -0.159000000 -0.362857000
v 0.125971000 -0.154136000 -0.398804000
v 0.052104000 -0.155454000 -0.445813000
v 0.040470000 -0.136285000 -0.389084000
v 0.148373000 -0.134654000 -0.321387000
v 0.139563000 -0.136285000 -0.331872000
v 0.150710000 -0.136285000 -0.325436000
v 0.016560000 -0.134654000 -0.397490000
v 0.017009000 -0.134967000 -0.398268000
v 0.018898000 -0.136285000 -0.401539000
v 0.038581000 -0.134967000 -0.385813000
v 0.033209000 -0.136285000 -0.393276000
v 0.031320000 -0.134967000 -0.390005000
v 0.033993000 -0.136833000 -0.394635000
v 0.041254000 -0.136833000 -0.390443000
v 0.064718000 -0.134654000 -0.369685000
v 0.056375000 -0.134654000 -0.374502000
v 0.067056000 -0.136285000 -0.373734000
v 0.058713000 -0.136285000 -0.378551000
v 0.065168000 -0.134967000 -0.370464000
v 0.056824000 -0.134967000 -0.375281000
v 0.083207000 -0.154021000 -0.423114000
v 0.066054000 -0.154136000 -0.433397000
v 0.067943000 -0.155454000 -0.436668000
v 0.083372000 -0.154136000 -0.423399000
v 0.085260000 -0.155454000 -0.426670000
v 0.065890000 -0.154021000 -0.433113000
v 0.082773000 -0.153719000 -0.422363000
v 0.065456000 -0.153719000 -0.432361000
v 0.050216000 -0.154136000 -0.442542000
v 0.046370000 -0.155454000 -0.449123000
v 0.044482000 -0.154136000 -0.445852000
v 0.051453000 -0.159000000 -0.457926000
v 0.057187000 -0.159000000 -0.454616000
v 0.023697000 -0.154136000 -0.457853000
v 0.025585000 -0.155454000 -0.461123000
v 0.030668000 -0.159000000 -0.469926000
v 0.098498000 -0.134967000 -0.351220000
v 0.086167000 -0.136285000 -0.362701000
v 0.100387000 -0.136285000 -0.354491000
v 0.084279000 -0.134967000 -0.359430000
v 0.086952000 -0.136833000 -0.364060000
v 0.101171000 -0.136833000 -0.355850000
v 0.118633000 -0.136285000 -0.343957000
v 0.123985000 -0.134967000 -0.336505000
v 0.116744000 -0.134967000 -0.340686000
v 0.125874000 -0.136285000 -0.339776000
v 0.126658000 -0.136833000 -0.341135000
v 0.119417000 -0.136833000 -0.345316000
v 0.165148000 -0.154136000 -0.376186000
v 0.159378000 -0.154136000 -0.379517000
v 0.161267000 -0.155454000 -0.382787000
v 0.167036000 -0.155454000 -0.379457000
v 0.166349000 -0.159000000 -0.391591000
v 0.172118000 -0.159000000 -0.388260000
v 0.127859000 -0.155454000 -0.402075000
v 0.136659000 -0.155454000 -0.396995000
v 0.134771000 -0.154136000 -0.393724000
v 0.134606000 -0.154021000 -0.393439000
v 0.125807000 -0.154021000 -0.398520000
v 0.196192000 -0.154136000 -0.358262000
v 0.209146000 -0.154136000 -0.350783000
v 0.211035000 -0.155454000 -0.354054000
v 0.198081000 -0.155454000 -0.361533000
v 0.208982000 -0.154021000 -0.350498000
v 0.196028000 -0.154021000 -0.357977000
v 0.140348000 -0.136833000 -0.333231000
v 0.175696000 -0.153719000 -0.368713000
v 0.164549000 -0.153719000 -0.375149000
v 0.158780000 -0.153719000 -0.378480000
v 0.147474000 -0.145830000 -0.358898000
v 0.134880000 -0.137043000 -0.337084000
v 0.195594000 -0.153719000 -0.357225000
v 0.184979000 -0.153466000 -0.362516000
v 0.185342000 -0.153719000 -0.363144000
v 0.151495000 -0.136833000 -0.326795000
v 0.161141000 -0.136833000 -0.321226000
v 0.161276000 -0.136927000 -0.321460000
v 0.119719000 -0.137043000 -0.345838000
v 0.109971000 -0.136833000 -0.350770000
v 0.143618000 -0.153719000 -0.387233000
v 0.134172000 -0.153719000 -0.392687000
v 0.133809000 -0.153466000 -0.392059000
v 0.125373000 -0.153719000 -0.397768000
v 0.019682000 -0.136833000 -0.402898000
v 0.038841000 -0.146199000 -0.422839000
v 0.058195000 -0.153719000 -0.436553000
v 0.049617000 -0.153719000 -0.441505000
v 0.058572000 -0.136833000 -0.380445000
v 0.041556000 -0.137043000 -0.390965000
v 0.058873000 -0.137043000 -0.380967000
v 0.057832000 -0.153466000 -0.435925000
v 0.025416000 -0.136833000 -0.399587000
v 0.025717000 -0.137043000 -0.400109000
v 0.043883000 -0.153719000 -0.444816000
v 0.067841000 -0.136833000 -0.375093000
v 0.073568000 -0.136833000 -0.371787000
v 0.092042000 -0.153719000 -0.417011000
v 0.091679000 -0.153466000 -0.416383000
v 0.097769000 -0.153719000 -0.413705000
v 0.083698000 -0.153719000 -0.421828000
v 0.068142000 -0.137043000 -0.375616000
v 0.059497000 -0.136833000 -0.379910000
v 0.023098000 -0.153719000 -0.456816000
v 0.023532000 -0.154021000 -0.457568000
v 0.208205000 -0.153480000 -0.349153000
v 0.208548000 -0.153719000 -0.349747000
v 0.166591000 -0.140635000 -0.330666000
v 0.080961000 -0.110000000 -0.278707000
v 0.062715000 -0.110000000 -0.289241000
v 0.098049000 -0.134654000 -0.350442000
v 0.048495000 -0.110000000 -0.297451000
v 0.083829000 -0.134654000 -0.358652000
v 0.035111000 -0.110000000 -0.305178000
v 0.070445000 -0.134654000 -0.366379000
v 0.029384000 -0.110000000 -0.308484000
v 0.021041000 -0.110000000 -0.313302000
v 0.020115000 -0.110000000 -0.313836000
v 0.055449000 -0.134654000 -0.375037000
v 0.002798000 -0.110000000 -0.323834000
v 0.038132000 -0.134654000 -0.385035000
v 0.030871000 -0.134654000 -0.389227000
v 0.055899000 -0.134967000 -0.375815000
v 0.070895000 -0.134967000 -0.367157000
v 0.116295000 -0.134654000 -0.339908000
v 0.123536000 -0.134654000 -0.335727000
v 0.131906000 -0.134967000 -0.331932000
v 0.057787000 -0.136285000 -0.379086000
v 0.072783000 -0.136285000 -0.370428000
v 0.022736000 -0.153466000 -0.456188000
v 0.024631000 -0.136285000 -0.398228000
v 0.022743000 -0.134967000 -0.394958000
v 0.022294000 -0.134654000 -0.394179000
v 0.109186000 -0.136285000 -0.349411000
v 0.107298000 -0.134967000 -0.346140000
v 0.106849000 -0.134654000 -0.345361000
v 0.071514000 -0.110000000 -0.284161000
v 0.150497000 -0.153466000 -0.382425000
v 0.150859000 -0.153719000 -0.383053000
v 0.134579000 -0.136833000 -0.336562000
v 0.133794000 -0.136285000 -0.335203000
v 0.111153000 -0.153719000 -0.405977000
v 0.058629000 -0.154021000 -0.437305000
v 0.050051000 -0.154021000 -0.442257000
v 0.044317000 -0.154021000 -0.445567000
v 0.185776000 -0.154021000 -0.363896000
v 0.176130000 -0.154021000 -0.369465000
v 0.164983000 -0.154021000 -0.375901000
v 0.159214000 -0.154021000 -0.379232000
v 0.151293000 -0.154021000 -0.383805000
v 0.144053000 -0.154021000 -0.387985000
v 0.111587000 -0.154021000 -0.406729000
v 0.098203000 -0.154021000 -0.414457000
v 0.092476000 -0.154021000 -0.417763000
v 0.084133000 -0.154021000 -0.422580000
v 0.058793000 -0.154136000 -0.437590000
v 0.111751000 -0.154136000 -0.407014000
v 0.098367000 -0.154136000 -0.414741000
v 0.092640000 -0.154136000 -0.418048000
v 0.084297000 -0.154136000 -0.422865000
v 0.185941000 -0.154136000 -0.364181000
v 0.176295000 -0.154136000 -0.369750000
v 0.151458000 -0.154136000 -0.384090000
v 0.144217000 -0.154136000 -0.388270000
v 0.060681000 -0.155454000 -0.440860000
v 0.113640000 -0.155454000 -0.410285000
v 0.100256000 -0.155454000 -0.418012000
v 0.094529000 -0.155454000 -0.421319000
v 0.086185000 -0.155454000 -0.426136000
v 0.153346000 -0.155454000 -0.387360000
v 0.146105000 -0.155454000 -0.391541000
v 0.187829000 -0.155454000 -0.367452000
v 0.178183000 -0.155454000 -0.373021000
v 0.158429000 -0.159000000 -0.396164000
v 0.151188000 -0.159000000 -0.400344000
v 0.141742000 -0.159000000 -0.405798000
v 0.132942000 -0.159000000 -0.410878000
v 0.118722000 -0.159000000 -0.419088000
v 0.105338000 -0.159000000 -0.426815000
v 0.099611000 -0.159000000 -0.430122000
v 0.091268000 -0.159000000 -0.434939000
v 0.090343000 -0.159000000 -0.435473000
v 0.073025000 -0.159000000 -0.445471000
v 0.065764000 -0.159000000 -0.449664000
v 0.203163000 -0.159000000 -0.370336000
v 0.192912000 -0.159000000 -0.376255000
v 0.183266000 -0.159000000 -0.381824000
v -0.162289000 -0.199000000 -0.348445000
v -0.159251000 -0.199000000 -0.348445000
v -0.159251000 -0.199000000 -0.346216000
v -0.151785000 -0.199000000 -0.340742000
v 0.201175000 -0.199000000 -0.275549000
v 0.198514000 -0.199000000 -0.275549000
v -0.159251000 -0.199000000 -0.013576000
v -0.159251000 -0.199000000 -0.071897000
v -0.140848000 -0.199000000 -0.071897000
v 0.097293000 -0.199000000 -0.361493000
v 0.097293000 -0.199000000 -0.348445000
v 0.062521000 -0.199000000 -0.370061000
v 0.111736000 -0.199000000 -0.369167000
v 0.111736000 -0.199000000 -0.370061000
v 0.112435000 -0.199000000 -0.370061000
v 0.140392000 -0.199000000 -0.340742000
v 0.140848000 -0.199000000 -0.340742000
v -0.047704000 -0.199000000 -0.370061000
v -0.062521000 -0.199000000 -0.370061000
v -0.070656000 -0.199000000 -0.370061000
v -0.062521000 -0.199000000 -0.451536000
v -0.070656000 -0.199000000 -0.446839000
v -0.083335000 -0.199000000 -0.439519000
v -0.159251000 -0.199000000 -0.259416000
v -0.161491000 -0.199000000 -0.259416000
v -0.159251000 -0.199000000 -0.275549000
v -0.224301000 -0.199000000 -0.275549000
v -0.224301000 -0.199000000 -0.293464000
v -0.224301000 -0.199000000 -0.235388000
v -0.159251000 -0.199000000 -0.235388000
v -0.224301000 -0.199000000 -0.259416000
v -0.208425000 -0.199000000 -0.259416000
v -0.224301000 -0.199000000 -0.312539000
v -0.159251000 -0.199000000 -0.312539000
v -0.159251000 -0.199000000 -0.333915000
v -0.159251000 -0.199000000 -0.293464000
v -0.224301000 -0.199000000 -0.340742000
v -0.224301000 -0.199000000 -0.348445000
v -0.208592000 -0.199000000 -0.348445000
v -0.224301000 -0.199000000 -0.358132000
v -0.195336000 -0.199000000 -0.348445000
v -0.159251000 -0.199000000 -0.326127000
v -0.182881000 -0.199000000 -0.340742000
v -0.169351000 -0.199000000 -0.340742000
v -0.180747000 -0.199000000 -0.348445000
v 0.148040000 -0.199000000 -0.370061000
v 0.154414000 -0.199000000 -0.365062000
v 0.142825000 -0.199000000 -0.365062000
v 0.140848000 -0.199000000 -0.353013000
v 0.140848000 -0.199000000 -0.363166000
v 0.135704000 -0.199000000 -0.348445000
v 0.126228000 -0.199000000 -0.349148000
v 0.126228000 -0.199000000 -0.348445000
v 0.125495000 -0.199000000 -0.348445000
v 0.160044000 -0.199000000 -0.370061000
v 0.201175000 -0.199000000 -0.371484000
v 0.140848000 -0.199000000 -0.406314000
v 0.140848000 -0.199000000 -0.375989000
v 0.201175000 -0.199000000 -0.365062000
v 0.140848000 -0.199000000 -0.341111000
v 0.149898000 -0.199000000 -0.348445000
v 0.170404000 -0.199000000 -0.365062000
v 0.201175000 -0.199000000 -0.370061000
v 0.140848000 -0.199000000 -0.312539000
v 0.126228000 -0.199000000 -0.312539000
v 0.201175000 -0.199000000 -0.352056000
v 0.195336000 -0.199000000 -0.348445000
v 0.182881000 -0.199000000 -0.340742000
v 0.111736000 -0.199000000 -0.423122000
v 0.126228000 -0.199000000 -0.414755000
v 0.126228000 -0.199000000 -0.387711000
v 0.111736000 -0.199000000 -0.348445000
v 0.108528000 -0.199000000 -0.365062000
v 0.100041000 -0.199000000 -0.365062000
v 0.103892000 -0.199000000 -0.370061000
v 0.111736000 -0.199000000 -0.380246000
v 0.126228000 -0.199000000 -0.372316000
v 0.126228000 -0.199000000 -0.370061000
v 0.124277000 -0.199000000 -0.370061000
v 0.126228000 -0.199000000 -0.365062000
v 0.119950000 -0.199000000 -0.365062000
v 0.111736000 -0.199000000 -0.355570000
v 0.126228000 -0.199000000 -0.360761000
v 0.126228000 -0.199000000 -0.340742000
v 0.111736000 -0.199000000 -0.340742000
v 0.135157000 -0.199000000 -0.370061000
v 0.130357000 -0.199000000 -0.365062000
v 0.140848000 -0.199000000 -0.293464000
v 0.196829000 -0.199000000 -0.293464000
v 0.201175000 -0.199000000 -0.312539000
v 0.216446000 -0.199000000 -0.312539000
v 0.216446000 -0.199000000 -0.293464000
v 0.201175000 -0.199000000 -0.293464000
v -0.000000000 -0.199000000 -0.487632000
v -0.000000000 -0.199000000 -0.370061000
v 0.047704000 -0.199000000 -0.392696000
v 0.047704000 -0.199000000 -0.370061000
v 0.047704000 -0.199000000 -0.460091000
v 0.062521000 -0.199000000 -0.451536000
v 0.083335000 -0.199000000 -0.439519000
v 0.097293000 -0.199000000 -0.431461000
v 0.093616000 -0.199000000 -0.370061000
v 0.097293000 -0.199000000 -0.375665000
v 0.111736000 -0.199000000 -0.397681000
v 0.083335000 -0.199000000 -0.365062000
v 0.090336000 -0.199000000 -0.365062000
v -0.025414000 -0.199000000 -0.472960000
v -0.025414000 -0.199000000 -0.370061000
v -0.032473000 -0.199000000 -0.370061000
v -0.047704000 -0.199000000 -0.460091000
v -0.032473000 -0.199000000 -0.468884000
v -0.097293000 -0.199000000 -0.431461000
v -0.126228000 -0.199000000 -0.414755000
v -0.140848000 -0.199000000 -0.406314000
v -0.126228000 -0.199000000 -0.387711000
v -0.112435000 -0.199000000 -0.370061000
v -0.103892000 -0.199000000 -0.370061000
v -0.100041000 -0.199000000 -0.365062000
v -0.154414000 -0.199000000 -0.365062000
v -0.159251000 -0.199000000 -0.369357000
v -0.159251000 -0.199000000 -0.370061000
v -0.160044000 -0.199000000 -0.370061000
v -0.159251000 -0.199000000 -0.395689000
v -0.203639000 -0.199000000 -0.370061000
v -0.170404000 -0.199000000 -0.365062000
v -0.212299000 -0.199000000 -0.365062000
v -0.140848000 -0.199000000 -0.002951000
v -0.126228000 -0.199000000 -0.071897000
v -0.126228000 -0.199000000 0.005490000
v -0.097293000 -0.199000000 -0.071897000
v -0.097293000 -0.199000000 0.022196000
v -0.083335000 -0.199000000 -0.071897000
v -0.083335000 -0.199000000 0.030254000
v -0.070656000 -0.199000000 -0.071897000
v -0.070656000 -0.199000000 0.037574000
v -0.062521000 -0.199000000 -0.071897000
v -0.062521000 -0.199000000 0.042271000
v -0.047704000 -0.199000000 -0.071897000
v -0.047704000 -0.199000000 0.050826000
v -0.032473000 -0.199000000 -0.071897000
v -0.032473000 -0.199000000 0.059619000
v -0.025414000 -0.199000000 -0.071897000
v -0.025414000 -0.199000000 0.063695000
v -0.000000000 -0.199000000 -0.071897000
v 0.000000000 -0.199000000 0.078368000
v 0.047704000 -0.199000000 -0.071897000
v 0.047704000 -0.199000000 0.050826000
v 0.062521000 -0.199000000 -0.071897000
v 0.062521000 -0.199000000 0.042271000
v 0.083335000 -0.199000000 -0.071897000
v 0.083335000 -0.199000000 0.030254000
v 0.097293000 -0.199000000 -0.071897000
v 0.097293000 -0.199000000 0.022196000
v 0.111736000 -0.199000000 -0.071897000
v 0.111736000 -0.199000000 0.013857000
v 0.126228000 -0.199000000 -0.071897000
v 0.126228000 -0.199000000 0.005490000
v 0.140848000 -0.199000000 -0.071897000
v 0.140848000 -0.199000000 -0.002951000
v 0.201175000 -0.199000000 -0.071897000
v 0.201175000 -0.199000000 -0.037781000
v 0.216446000 -0.199000000 -0.071897000
v 0.216446000 -0.199000000 -0.046598000
v 0.212299000 -0.199000000 -0.365062000
v 0.216446000 -0.199000000 -0.362667000
v 0.208592000 -0.199000000 -0.348445000
v 0.203639000 -0.199000000 -0.370061000
v 0.161491000 -0.199000000 -0.259416000
v 0.140848000 -0.199000000 -0.235388000
v 0.216446000 -0.199000000 -0.259416000
v 0.140848000 -0.199000000 -0.259416000
v 0.216446000 -0.199000000 -0.235388000
v 0.201175000 -0.199000000 -0.235388000
v 0.208425000 -0.199000000 -0.259416000
v 0.216446000 -0.199000000 -0.275549000
v 0.216446000 -0.199000000 -0.340742000
v 0.201175000 -0.199000000 -0.336960000
v 0.216446000 -0.199000000 -0.348445000
v -0.126228000 -0.199000000 -0.372316000
v -0.135157000 -0.199000000 -0.370061000
v -0.140848000 -0.199000000 -0.375989000
v -0.148040000 -0.199000000 -0.370061000
v -0.135704000 -0.199000000 -0.348445000
v -0.140848000 -0.199000000 -0.353013000
v -0.140848000 -0.199000000 -0.363166000
v -0.142825000 -0.199000000 -0.365062000
v -0.126228000 -0.199000000 -0.348445000
v -0.126228000 -0.199000000 -0.340742000
v -0.149898000 -0.199000000 -0.348445000
v -0.140848000 -0.199000000 -0.341111000
v -0.140848000 -0.199000000 -0.340742000
v -0.140392000 -0.199000000 -0.340742000
v -0.140848000 -0.199000000 -0.312539000
v -0.126228000 -0.199000000 -0.312539000
v -0.159251000 -0.199000000 -0.356024000
v -0.126228000 -0.199000000 -0.360761000
v -0.119950000 -0.199000000 -0.365062000
v -0.097293000 -0.199000000 -0.348445000
v -0.126228000 -0.199000000 -0.365062000
v -0.126228000 -0.199000000 -0.370061000
v -0.124277000 -0.199000000 -0.370061000
v -0.126228000 -0.199000000 -0.349148000
v -0.125495000 -0.199000000 -0.348445000
v -0.097293000 -0.199000000 -0.340742000
v -0.130357000 -0.199000000 -0.365062000
v -0.090336000 -0.199000000 -0.365062000
v -0.083335000 -0.199000000 -0.365062000
v -0.070656000 -0.199000000 -0.365062000
v -0.093616000 -0.199000000 -0.370061000
v -0.097293000 -0.199000000 -0.375665000
v -0.083335000 -0.199000000 -0.348445000
v -0.097293000 -0.199000000 -0.361493000
v -0.108528000 -0.199000000 -0.365062000
v 0.062521000 -0.199000000 -0.365062000
v 0.047704000 -0.199000000 -0.365062000
v -0.000000000 -0.199000000 -0.365062000
v -0.025414000 -0.199000000 -0.365062000
v -0.032473000 -0.199000000 -0.365062000
v -0.047704000 -0.199000000 -0.365062000
v -0.062521000 -0.199000000 -0.365062000
v 0.083335000 -0.199000000 -0.348445000
v 0.062521000 -0.199000000 -0.348445000
v 0.047704000 -0.199000000 -0.348445000
v -0.000000000 -0.199000000 -0.348445000
v -0.025414000 -0.199000000 -0.348445000
v -0.032473000 -0.199000000 -0.348445000
v -0.047704000 -0.199000000 -0.348445000
v -0.062521000 -0.199000000 -0.348445000
v -0.070656000 -0.199000000 -0.348445000
v 0.097293000 -0.199000000 -0.340742000
v 0.083335000 -0.199000000 -0.340742000
v 0.062521000 -0.199000000 -0.340742000
v 0.047704000 -0.199000000 -0.340742000
v -0.000000000 -0.199000000 -0.340742000
v -0.025414000 -0.199000000 -0.340742000
v -0.032473000 -0.199000000 -0.340742000
v -0.047704000 -0.199000000 -0.340742000
v -0.062521000 -0.199000000 -0.340742000
v -0.070656000 -0.199000000 -0.340742000
v -0.083335000 -0.199000000 -0.340742000
v 0.111736000 -0.199000000 -0.312539000
v 0.097293000 -0.199000000 -0.312539000
v 0.083335000 -0.199000000 -0.312539000
v 0.062521000 -0.199000000 -0.312539000
v 0.047704000 -0.199000000 -0.312539000
v -0.000000000 -0.199000000 -0.312539000
v -0.025414000 -0.199000000 -0.312539000
v -0.032473000 -0.199000000 -0.312539000
v -0.047704000 -0.199000000 -0.312539000
v -0.062521000 -0.199000000 -0.312539000
v -0.070656000 -0.199000000 -0.312539000
v -0.083335000 -0.199000000 -0.312539000
v -0.097293000 -0.199000000 -0.312539000
v 0.195406000 -0.199000000 -0.312539000
v 0.126228000 -0.199000000 -0.293464000
v 0.111736000 -0.199000000 -0.293464000
v 0.097293000 -0.199000000 -0.293464000
v 0.083335000 -0.199000000 -0.293464000
v 0.062521000 -0.199000000 -0.293464000
v 0.047704000 -0.199000000 -0.293464000
v -0.000000000 -0.199000000 -0.293464000
v -0.025414000 -0.199000000 -0.293464000
v -0.032473000 -0.199000000 -0.293464000
v -0.047704000 -0.199000000 -0.293464000
v -0.062521000 -0.199000000 -0.293464000
v -0.070656000 -0.199000000 -0.293464000
v -0.083335000 -0.199000000 -0.293464000
v -0.097293000 -0.199000000 -0.293464000
v -0.126228000 -0.199000000 -0.293464000
v -0.140848000 -0.199000000 -0.293464000
v 0.140848000 -0.199000000 -0.275549000
v 0.126228000 -0.199000000 -0.275549000
v 0.111736000 -0.199000000 -0.275549000
v 0.097293000 -0.199000000 -0.275549000
v 0.083335000 -0.199000000 -0.275549000
v 0.062521000 -0.199000000 -0.275549000
v 0.047704000 -0.199000000 -0.275549000
v -0.000000000 -0.199000000 -0.275549000
v -0.025414000 -0.199000000 -0.275549000
v -0.032473000 -0.199000000 -0.275549000
v -0.047704000 -0.199000000 -0.275549000
v -0.062521000 -0.199000000 -0.275549000
v -0.070656000 -0.199000000 -0.275549000
v -0.083335000 -0.199000000 -0.275549000
v -0.097293000 -0.199000000 -0.275549000
v -0.126228000 -0.199000000 -0.275549000
v -0.140848000 -0.199000000 -0.275549000
v 0.126228000 -0.199000000 -0.259416000
v 0.111736000 -0.199000000 -0.259416000
v 0.097293000 -0.199000000 -0.259416000
v 0.083335000 -0.199000000 -0.259416000
v 0.062521000 -0.199000000 -0.259416000
v 0.047704000 -0.199000000 -0.259416000
v -0.000000000 -0.199000000 -0.259416000
v -0.025414000 -0.199000000 -0.259416000
v -0.032473000 -0.199000000 -0.259416000
v -0.047704000 -0.199000000 -0.259416000
v -0.062521000 -0.199000000 -0.259416000
v -0.070656000 -0.199000000 -0.259416000
v -0.083335000 -0.199000000 -0.259416000
v -0.097293000 -0.199000000 -0.259416000
v -0.126228000 -0.199000000 -0.259416000
v -0.140848000 -0.199000000 -0.259416000
v 0.126228000 -0.199000000 -0.235388000
v 0.111736000 -0.199000000 -0.235388000
v 0.097293000 -0.199000000 -0.235388000
v 0.083335000 -0.199000000 -0.235388000
v 0.062521000 -0.199000000 -0.235388000
v 0.047704000 -0.199000000 -0.235388000
v -0.000000000 -0.199000000 -0.235388000
v -0.025414000 -0.199000000 -0.235388000
v -0.032473000 -0.199000000 -0.235388000
v -0.047704000 -0.199000000 -0.235388000
v -0.062521000 -0.199000000 -0.235388000
v -0.070656000 -0.199000000 -0.235388000
v -0.083335000 -0.199000000 -0.235388000
v -0.097293000 -0.199000000 -0.235388000
v -0.126228000 -0.199000000 -0.235388000
v -0.140848000 -0.199000000 -0.235388000
v -0.224301000 -0.199000000 -0.051132000
v -0.224301000 -0.199000000 -0.071897000
v 0.201175000 -0.199000000 -0.222162000
v 0.224301000 -0.199000000 -0.358132000
v 0.224301000 -0.199000000 -0.348445000
v 0.224301000 -0.199000000 -0.340742000
v 0.224301000 -0.199000000 -0.312539000
v 0.224301000 -0.199000000 -0.293464000
v 0.224301000 -0.199000000 -0.275549000
v 0.224301000 -0.199000000 -0.259416000
v 0.224301000 -0.199000000 -0.235388000
v 0.224301000 -0.199000000 -0.071897000
v 0.224301000 -0.199000000 -0.051132000
v 0.129079000 -0.110000000 -0.171955000
v 0.129079000 -0.110000000 -0.028930000
v 0.047000000 -0.110000000 -0.257314000
v -0.129053000 -0.110000000 -0.028425000
v -0.128975000 -0.110000000 -0.027927000
v 0.126849000 -0.110000000 -0.176013000
v -0.126849000 -0.110000000 -0.176013000
v -0.127073000 -0.110000000 -0.175863000
v 0.127493000 -0.110000000 -0.175528000
v 0.127288000 -0.110000000 -0.175701000
v 0.127073000 -0.110000000 -0.175863000
v 0.000000000 -0.110000000 -0.284449000
v 0.129053000 -0.110000000 -0.028425000
v -0.047000000 -0.110000000 -0.257314000
v -0.084935000 -0.110000000 -0.000670000
v -0.126689000 -0.110000000 -0.024776000
v -0.127112000 -0.110000000 -0.025051000
v -0.127502000 -0.110000000 -0.025366000
v -0.129049000 -0.110000000 -0.172496000
v -0.129071000 -0.110000000 -0.172227000
v -0.129079000 -0.110000000 -0.171955000
v -0.129079000 -0.110000000 -0.028930000
v 0.129071000 -0.110000000 -0.172227000
v 0.129049000 -0.110000000 -0.172496000
v 0.129012000 -0.110000000 -0.172764000
v 0.128669000 -0.110000000 -0.026973000
v 0.128847000 -0.110000000 -0.027441000
v 0.128975000 -0.110000000 -0.027927000
v 0.126689000 -0.110000000 -0.024776000
v 0.084935000 -0.110000000 -0.000670000
v 0.047000000 -0.110000000 0.032757000
v 0.000000000 -0.110000000 0.078368000
v 0.000000000 -0.110000000 0.059892000
v -0.047000000 -0.110000000 0.032757000
v -0.127288000 -0.110000000 -0.175701000
v -0.127493000 -0.110000000 -0.175528000
v -0.127688000 -0.110000000 -0.175343000
v 0.128044000 -0.110000000 -0.174944000
v 0.127872000 -0.110000000 -0.175149000
v 0.127688000 -0.110000000 -0.175343000
v -0.128894000 -0.110000000 -0.173288000
v -0.128960000 -0.110000000 -0.173028000
v -0.129012000 -0.110000000 -0.172764000
v 0.128960000 -0.110000000 -0.173028000
v 0.128894000 -0.110000000 -0.173288000
v 0.128813000 -0.110000000 -0.173544000
v 0.127112000 -0.110000000 -0.025051000
v 0.127502000 -0.110000000 -0.025366000
v 0.127856000 -0.110000000 -0.025720000
v -0.128847000 -0.110000000 -0.027441000
v -0.128669000 -0.110000000 -0.026973000
v -0.128443000 -0.110000000 -0.026527000
v -0.128610000 -0.110000000 -0.174040000
v -0.128719000 -0.110000000 -0.173795000
v -0.128813000 -0.110000000 -0.173544000
v 0.128171000 -0.110000000 -0.026108000
v 0.128443000 -0.110000000 -0.026527000
v -0.128171000 -0.110000000 -0.026108000
v -0.127856000 -0.110000000 -0.025720000
v 0.128719000 -0.110000000 -0.173795000
v 0.128610000 -0.110000000 -0.174040000
v 0.128488000 -0.110000000 -0.174277000
v -0.127872000 -0.110000000 -0.175149000
v -0.128044000 -0.110000000 -0.174944000
v -0.128205000 -0.110000000 -0.174730000
v 0.128353000 -0.110000000 -0.174508000
v 0.128205000 -0.110000000 -0.174730000
v -0.128353000 -0.110000000 -0.174508000
v -0.128488000 -0.110000000 -0.174277000
v -0.084828000 -0.110026000 -0.000599000
v 0.084828000 -0.110026000 -0.000599000
v 0.000000000 -0.167000000 0.059892000
v -0.047000000 -0.167000000 0.032757000
v -0.047000000 -0.167000000 -0.257314000
v 0.000000000 -0.167000000 -0.284449000
v 0.047000000 -0.167000000 -0.257314000
v 0.047000000 -0.167000000 0.032757000
v -0.051000000 -0.115000000 0.018923000
v 0.051000000 -0.115000000 0.018923000
v 0.051000000 -0.115000000 -0.033077000
v 0.051000000 -0.115000000 -0.085077000
v -0.051000000 -0.115000000 -0.033077000
v -0.051000000 -0.115000000 -0.085077000
v -0.051000000 -0.115000000 -0.137077000
v -0.051000000 -0.115000000 -0.189077000
v -0.051000000 -0.115000000 -0.241077000
v 0.051000000 -0.115000000 -0.241077000
v 0.051000000 -0.115000000 -0.189077000
v 0.051000000 -0.115000000 -0.137077000
v -0.041000000 -0.172000000 -0.140077000
v -0.041000000 -0.172000000 -0.183077000
v -0.041000000 -0.172000000 -0.226077000
v 0.041000000 -0.172000000 -0.226077000
v 0.041000000 -0.172000000 -0.183077000
v 0.041000000 -0.172000000 -0.140077000
v -0.153206000 -0.139315000 -0.217576000
v -0.211619000 -0.159843000 -0.340019000
v -0.211619000 -0.159843000 -0.299204000
v -0.211619000 -0.159843000 -0.258390000
v 0.153206000 -0.139315000 -0.248344000
v 0.153206000 -0.139315000 -0.279113000
v 0.153206000 -0.139315000 -0.309881000
v 0.211619000 -0.159843000 -0.217576000
v 0.199292000 -0.159475000 -0.356615000
v 0.128649000 -0.159451000 -0.397322000
v 0.162696000 -0.159557000 -0.378017000
v 0.121839000 -0.140440000 -0.338331000
v 0.095983000 -0.140684000 -0.354067000
v 0.011330000 -0.159711000 -0.465915000
v 0.006158000 -0.139872000 -0.403238000
v 0.147694000 -0.140196000 -0.322595000
v 0.034535000 -0.140494000 -0.388914000
v 0.060013000 -0.140254000 -0.373411000
v 0.080994000 -0.159351000 -0.424506000
v 0.047291000 -0.159596000 -0.444774000
v 0.211619000 -0.159843000 -0.258390000
v 0.211619000 -0.159843000 -0.299204000
v 0.211619000 -0.159843000 -0.340019000
v 0.153206000 -0.139315000 -0.217576000
v -0.147694000 -0.140196000 -0.322595000
v -0.006158000 -0.139872000 -0.403238000
v -0.034535000 -0.140494000 -0.388914000
v -0.060013000 -0.140254000 -0.373411000
v -0.080994000 -0.159351000 -0.424506000
v -0.047291000 -0.159596000 -0.444774000
v -0.011330000 -0.159711000 -0.465915000
v -0.095983000 -0.140684000 -0.354067000
v -0.121839000 -0.140440000 -0.338331000
v -0.162696000 -0.159557000 -0.378017000
v -0.128649000 -0.159451000 -0.397322000
v -0.199292000 -0.159475000 -0.356615000
v -0.211619000 -0.159843000 -0.217576000
v -0.153206000 -0.139315000 -0.309881000
v -0.153206000 -0.139315000 -0.279113000
v -0.153206000 -0.139315000 -0.248344000
f 577 578 579
f 578 580 579
f 579 580 581
f 580 582 581
f 581 582 583
f 582 584 583
f 583 584 585
f 584 586 585
f 585 586 587
f 586 588 587
f 587 588 589
f 588 590 589
f 589 590 591
f 590 592 591
f 591 592 593
f 592 594 593
f 593 594 595
f 594 596 595
f 595 596 597
f 596 598 597
f 597 598 599
f 598 600 599
f 599 600 601
f 600 602 601
f 601 602 603
f 602 604 603
f 603 604 605
f 604 606 605
f 605 606 607
f 606 608 607
f 607 608 609
f 608 610 609
f 609 610 611
f 610 612 611
f 611 612 613
f 612 614 613
f 613 614 615
f 614 616 615
f 615 616 617
f 616 618 617
f 617 618 619
f 618 620 619
f 619 620 621
f 620 622 621
f 621 622 623
f 622 624 623
f 623 624 625
f 624 626 625
f 625 626 627
f 626 628 627
f 627 628 629
f 628 630 629
f 629 630 631
f 630 632 631
f 631 632 633
f 632 634 633
f 633 634 635
f 634 636 635
f 635 636 637
f 636 638 637
f 637 638 639
f 638 640 639
f 639 640 641
f 640 642 641
f 641 642 643
f 642 644 643
f 643 644 645
f 644 646 645
f 645 646 647
f 646 648 647
f 647 648 649
f 648 650 649
f 649 650 651
f 650 652 651
f 651 652 653
f 652 654 653
f 653 654 655
f 654 656 655
f 655 656 657
f 656 658 657
f 657 658 659
f 658 660 659
f 659 660 661
f 660 662 661
f 661 662 663
f 662 664 663
f 663 664 665
f 664 666 665
f 665 666 667
f 666 668 667
f 667 668 669
f 668 670 669
f 669 670 671
f 670 672 671
f 671 672 673
f 672 674 673
f 673 674 675
f 674 676 675
f 675 676 677
f 676 678 677
f 677 678 679
f 678 680 679
f 679 680 681
f 680 682 681
f 681 682 683
f 682 684 683
f 683 684 685
f 684 686 685
f 685 686 687
f 686 688 687
f 687 688 689
f 688 690 689
f 689 690 691
f 690 692 691
f 691 692 577
f 692 578 577
f 535 533 536
f 533 534 536
f 529 535 531
f 535 536 531
f 515 513 516
f 513 514 516
f 509 515 511
f 515 516 511
f 510 509 512
f 509 511 512
f 513 510 514
f 510 512 514
f 528 524 693
f 524 694 693
f 693 694 522
f 694 521 522
f 523 524 527
f 524 528 527
f 526 525 695
f 525 696 695
f 695 696 527
f 696 523 527
f 519 517 697
f 517 698 697
f 697 698 526
f 698 525 526
f 518 517 520
f 517 519 520
f 699 700 701
f 662 489 702
f 588 586 703
f 588 703 590
f 580 704 582
f 704 703 582
f 582 703 584
f 703 586 584
f 705 594 592
f 706 606 604
f 602 600 707
f 600 598 707
f 707 598 705
f 598 596 705
f 705 596 594
f 616 614 708
f 614 612 708
f 612 610 708
f 708 610 706
f 610 608 706
f 706 608 606
f 616 708 618
f 708 709 618
f 618 709 620
f 710 634 632
f 498 630 709
f 630 628 709
f 709 628 626
f 626 624 709
f 624 622 709
f 709 622 620
f 642 640 485
f 640 638 485
f 485 638 710
f 638 636 710
f 710 636 634
f 662 660 489
f 660 658 489
f 489 658 486
f 658 656 486
f 656 654 486
f 654 652 486
f 486 652 650
f 650 648 486
f 648 646 486
f 486 646 485
f 646 644 485
f 485 644 642
f 711 712 473
f 713 680 678
f 678 676 713
f 676 674 713
f 713 674 473
f 674 672 473
f 672 670 473
f 670 668 473
f 473 668 711
f 668 666 711
f 711 666 664
f 580 578 704
f 578 692 704
f 704 692 690
f 688 686 714
f 686 684 714
f 714 684 713
f 684 682 713
f 713 682 680
f 696 715 523
f 715 703 523
f 523 703 524
f 703 716 524
f 524 716 694
f 716 717 694
f 694 717 521
f 717 718 521
f 521 718 719
f 718 720 719
f 719 720 518
f 720 721 518
f 518 721 517
f 721 707 517
f 517 707 698
f 497 708 503
f 708 706 503
f 503 706 504
f 706 722 504
f 504 722 723
f 722 724 723
f 723 724 505
f 724 725 505
f 505 725 726
f 725 727 726
f 726 727 728
f 727 729 728
f 728 729 501
f 729 730 501
f 501 730 731
f 730 710 731
f 731 710 498
f 710 632 498
f 498 632 630
f 714 474 477
f 712 711 479
f 711 732 479
f 479 732 701
f 732 733 701
f 701 733 699
f 700 699 480
f 699 734 480
f 480 734 735
f 734 736 735
f 735 736 481
f 736 737 481
f 481 737 477
f 737 704 477
f 477 704 714
f 704 690 714
f 714 690 688
f 664 662 711
f 662 702 711
f 711 702 732
f 702 493 732
f 732 493 738
f 493 739 738
f 738 739 740
f 739 492 740
f 740 492 741
f 492 742 741
f 741 742 730
f 742 491 730
f 730 491 710
f 491 743 710
f 710 743 485
f 707 513 515
f 513 707 510
f 707 721 510
f 510 721 509
f 721 722 509
f 509 722 515
f 722 706 515
f 515 706 707
f 706 604 707
f 707 604 602
f 592 590 705
f 590 703 705
f 705 703 707
f 703 715 707
f 707 715 698
f 715 696 698
f 698 696 525
f 529 716 535
f 716 703 535
f 535 703 533
f 703 704 533
f 533 704 530
f 704 737 530
f 530 737 529
f 737 716 529
f 744 725 745
f 725 724 745
f 745 724 746
f 724 722 746
f 746 722 747
f 722 721 747
f 747 721 748
f 721 720 748
f 748 720 749
f 720 718 749
f 750 740 751
f 740 741 751
f 751 741 752
f 741 730 752
f 752 730 753
f 730 729 753
f 753 729 754
f 729 727 754
f 754 727 744
f 727 725 744
f 749 718 755
f 718 717 755
f 755 717 756
f 717 716 756
f 756 716 757
f 716 737 757
f 757 737 758
f 737 736 758
f 758 736 759
f 736 734 759
f 759 734 760
f 734 699 760
f 760 699 761
f 699 733 761
f 761 733 762
f 733 732 762
f 762 732 763
f 732 738 763
f 763 738 750
f 738 740 750
f 667 475 764
f 765 681 766
f 681 683 766
f 766 683 685
f 685 687 766
f 687 689 766
f 766 689 767
f 768 663 665
f 675 677 765
f 677 679 765
f 765 679 681
f 667 669 475
f 669 671 475
f 475 671 765
f 671 673 765
f 765 673 675
f 768 769 490
f 663 768 661
f 768 490 661
f 661 490 659
f 635 637 770
f 637 639 770
f 645 488 643
f 488 487 643
f 643 487 641
f 645 647 488
f 647 649 488
f 488 649 651
f 651 653 488
f 653 655 488
f 488 655 490
f 655 657 490
f 490 657 659
f 770 771 500
f 635 770 633
f 770 500 633
f 633 500 631
f 619 621 772
f 621 623 772
f 623 625 772
f 625 627 772
f 772 627 500
f 627 629 500
f 500 629 631
f 773 607 609
f 611 613 774
f 613 615 774
f 774 615 772
f 615 617 772
f 772 617 619
f 595 597 775
f 597 599 775
f 599 601 775
f 601 603 775
f 775 603 773
f 603 605 773
f 773 605 607
f 593 776 591
f 776 589 591
f 689 691 767
f 691 577 767
f 767 577 579
f 589 776 587
f 776 777 587
f 587 777 585
f 579 581 777
f 581 583 777
f 777 583 585
f 697 778 519
f 778 775 519
f 519 775 520
f 775 747 520
f 520 747 779
f 747 748 779
f 779 748 522
f 748 749 522
f 522 749 693
f 749 755 693
f 693 755 528
f 755 756 528
f 528 756 527
f 756 777 527
f 527 777 695
f 771 770 502
f 770 752 502
f 502 752 780
f 752 753 780
f 753 754 780
f 780 754 781
f 774 499 507
f 781 754 506
f 754 744 506
f 506 744 782
f 744 745 782
f 782 745 508
f 745 746 508
f 508 746 507
f 746 773 507
f 507 773 774
f 773 609 774
f 774 609 611
f 476 766 478
f 766 767 478
f 478 767 482
f 767 757 482
f 482 757 783
f 757 758 783
f 783 758 483
f 758 759 483
f 483 759 784
f 759 760 784
f 784 760 785
f 760 761 785
f 785 761 484
f 761 762 484
f 484 762 764
f 762 768 764
f 764 768 667
f 768 665 667
f 769 768 494
f 768 762 494
f 494 762 786
f 762 763 786
f 786 763 495
f 763 750 495
f 495 750 787
f 750 751 787
f 787 751 496
f 751 752 496
f 496 752 788
f 752 770 788
f 788 770 487
f 770 639 487
f 487 639 641
f 579 777 767
f 777 534 767
f 767 534 757
f 534 532 757
f 757 532 756
f 532 531 756
f 756 531 777
f 531 536 777
f 777 536 534
f 593 595 776
f 595 775 776
f 776 775 777
f 775 778 777
f 777 778 695
f 778 697 695
f 695 697 526
f 512 747 514
f 747 775 514
f 514 775 516
f 775 773 516
f 516 773 511
f 773 746 511
f 511 746 512
f 746 747 512
f 522 521 779
f 521 719 779
f 779 719 520
f 719 518 520
f 502 501 771
f 501 731 771
f 771 731 500
f 731 498 500
f 500 498 772
f 498 709 772
f 772 709 774
f 709 708 774
f 774 708 499
f 708 497 499
f 497 503 499
f 503 507 499
f 503 504 507
f 504 508 507
f 508 504 782
f 504 723 782
f 782 723 506
f 723 505 506
f 506 505 781
f 505 726 781
f 781 726 780
f 726 728 780
f 780 728 502
f 728 501 502
f 477 474 478
f 474 476 478
f 476 474 766
f 474 714 766
f 766 714 765
f 714 713 765
f 765 713 475
f 713 473 475
f 475 473 764
f 473 712 764
f 764 712 484
f 712 479 484
f 484 479 785
f 479 701 785
f 785 701 784
f 701 700 784
f 784 700 483
f 700 480 483
f 483 480 783
f 480 735 783
f 783 735 482
f 735 481 482
f 481 477 482
f 477 478 482
f 489 486 490
f 486 488 490
f 486 485 488
f 485 487 488
f 487 485 788
f 485 743 788
f 788 743 496
f 743 491 496
f 496 491 787
f 491 742 787
f 787 742 495
f 742 492 495
f 495 492 786
f 492 739 786
f 786 739 494
f 739 493 494
f 494 493 769
f 493 702 769
f 769 702 490
f 702 489 490
f 533 530 534
f 530 532 534
f 530 529 532
f 529 531 532
f 789 790 791
f 790 792 791
f 791 792 793
f 793 792 794
f 792 795 794
f 794 795 796
f 795 797 796
f 796 797 798
f 799 798 800
f 798 797 800
f 801 802 803
f 802 804 803
f 805 790 806
f 790 789 806
f 789 807 806
f 807 808 806
f 806 808 804
f 808 809 804
f 804 809 803
f 789 791 807
f 791 796 807
f 807 796 810
f 796 798 810
f 810 798 809
f 798 799 809
f 809 799 803
f 805 811 790
f 811 812 790
f 813 795 812
f 795 792 812
f 812 792 790
f 805 802 811
f 802 801 811
f 811 801 814
f 801 800 814
f 814 800 813
f 800 797 813
f 813 797 795
f 800 801 799
f 801 803 799
f 809 814 810
f 814 813 810
f 810 813 807
f 813 812 807
f 808 811 809
f 811 814 809
f 807 812 808
f 812 811 808
f 796 791 794
f 791 793 794
f 802 805 804
f 805 806 804
f 815 816 817
f 816 818 817
f 817 818 819
f 818 820 819
f 819 820 821
f 820 822 821
f 821 822 823
f 822 824 823
f 823 824 825
f 824 826 825
f 825 826 827
f 826 828 827
f 827 828 829
f 828 830 829
f 829 830 831
f 830 832 831
f 831 832 833
f 832 834 833
f 833 834 835
f 834 836 835
f 835 836 837
f 836 838 837
f 837 838 839
f 838 840 839
f 839 840 841
f 840 842 841
f 841 842 843
f 842 844 843
f 843 844 845
f 844 846 845
f 845 846 847
f 846 848 847
f 847 848 849
f 848 850 849
f 849 850 851
f 850 852 851
f 851 852 853
f 852 854 853
f 853 854 855
f 854 856 855
f 855 856 857
f 856 858 857
f 857 858 859
f 858 860 859
f 859 860 861
f 860 862 861
f 861 862 863
f 862 864 863
f 863 864 865
f 864 866 865
f 865 866 867
f 866 868 867
f 867 868 869
f 868 870 869
f 869 870 871
f 870 872 871
f 871 872 873
f 872 874 873
f 873 874 875
f 874 876 875
f 875 876 877
f 876 878 877
f 877 878 879
f 878 880 879
f 879 880 881
f 880 882 881
f 881 882 883
f 882 884 883
f 883 884 885
f 884 886 885
f 885 886 887
f 886 888 887
f 887 888 889
f 888 890 889
f 889 890 891
f 890 892 891
f 891 892 893
f 892 894 893
f 893 894 895
f 894 896 895
f 895 896 897
f 896 898 897
f 897 898 899
f 898 900 899
f 899 900 901
f 900 902 901
f 901 902 903
f 902 904 903
f 903 904 905
f 904 906 905
f 905 906 907
f 906 908 907
f 907 908 909
f 908 910 909
f 909 910 911
f 910 912 911
f 911 912 913
f 912 914 913
f 913 914 915
f 914 916 915
f 915 916 917
f 916 918 917
f 917 918 919
f 918 920 919
f 919 920 921
f 920 922 921
f 921 922 923
f 922 924 923
f 923 924 925
f 924 926 925
f 925 926 927
f 926 928 927
f 927 928 929
f 928 930 929
f 929 930 815
f 930 816 815
f 931 932 933
f 932 934 933
f 933 934 935
f 934 936 935
f 935 936 937
f 936 938 937
f 937 938 939
f 938 940 939
f 939 940 941
f 940 942 941
f 941 942 943
f 942 944 943
f 943 944 945
f 944 946 945
f 945 946 947
f 946 948 947
f 947 948 949
f 948 950 949
f 949 950 951
f 950 952 951
f 951 952 953
f 952 954 953
f 953 954 955
f 954 956 955
f 955 956 957
f 956 958 957
f 957 958 959
f 958 960 959
f 959 960 961
f 960 962 961
f 961 962 963
f 962 964 963
f 963 964 965
f 964 966 965
f 965 966 967
f 966 968 967
f 967 968 969
f 968 970 969
f 969 970 971
f 970 972 971
f 971 972 973
f 972 974 973
f 973 974 975
f 974 976 975
f 975 976 977
f 976 978 977
f 977 978 979
f 978 980 979
f 979 980 981
f 980 982 981
f 981 982 983
f 982 984 983
f 983 984 985
f 984 986 985
f 985 986 987
f 986 988 987
f 987 988 989
f 988 990 989
f 989 990 991
f 990 992 991
f 991 992 993
f 992 994 993
f 993 994 995
f 994 996 995
f 995 996 997
f 996 998 997
f 997 998 999
f 998 1000 999
f 999 1000 1001
f 1000 1002 1001
f 1001 1002 1003
f 1002 1004 1003
f 1003 1004 1005
f 1004 1006 1005
f 1005 1006 1007
f 1006 1008 1007
f 1007 1008 1009
f 1008 1010 1009
f 1009 1010 1011
f 1010 1012 1011
f 1011 1012 1013
f 1012 1014 1013
f 1013 1014 1015
f 1014 1016 1015
f 1015 1016 1017
f 1016 1018 1017
f 1017 1018 1019
f 1018 1020 1019
f 1019 1020 1021
f 1020 1022 1021
f 1021 1022 1023
f 1022 1024 1023
f 1023 1024 1025
f 1024 1026 1025
f 1025 1026 1027
f 1026 1028 1027
f 1027 1028 1029
f 1028 1030 1029
f 1029 1030 1031
f 1030 1032 1031
f 1031 1032 1033
f 1032 1034 1033
f 1033 1034 1035
f 1034 1036 1035
f 1035 1036 1037
f 1036 1038 1037
f 1037 1038 1039
f 1038 1040 1039
f 1039 1040 1041
f 1040 1042 1041
f 1041 1042 1043
f 1042 1044 1043
f 1043 1044 1045
f 1044 1046 1045
f 1045 1046 931
f 1046 932 931
f 868 983 870
f 983 985 870
f 870 985 872
f 985 987 872
f 872 987 874
f 987 989 874
f 874 989 876
f 989 991 876
f 876 991 878
f 991 993 878
f 878 993 880
f 993 995 880
f 880 995 882
f 995 997 882
f 882 997 884
f 997 999 884
f 884 999 886
f 999 1001 886
f 886 1001 888
f 1001 1003 888
f 888 1003 890
f 1003 1005 890
f 890 1005 892
f 1005 1007 892
f 892 1007 894
f 1007 1009 894
f 894 1009 896
f 1009 1011 896
f 896 1011 898
f 1011 1013 898
f 898 1013 900
f 1013 1015 900
f 900 1015 902
f 1015 1017 902
f 902 1017 904
f 1017 1019 904
f 904 1019 906
f 1019 1021 906
f 906 1021 908
f 1021 1023 908
f 908 1023 910
f 1023 1025 910
f 910 1025 912
f 1025 1027 912
f 912 1027 914
f 1027 1029 914
f 914 1029 916
f 1029 1031 916
f 916 1031 918
f 1031 1033 918
f 918 1033 920
f 1033 1035 920
f 920 1035 922
f 1035 1037 922
f 922 1037 924
f 1037 1039 924
f 924 1039 926
f 1039 1041 926
f 926 1041 928
f 1041 1043 928
f 928 1043 930
f 1043 1045 930
f 930 1045 816
f 1045 931 816
f 816 931 818
f 931 933 818
f 818 933 820
f 933 935 820
f 820 935 822
f 935 937 822
f 822 937 824
f 937 939 824
f 824 939 826
f 939 941 826
f 826 941 828
f 941 943 828
f 828 943 830
f 943 945 830
f 830 945 832
f 945 947 832
f 832 947 834
f 947 949 834
f 834 949 836
f 949 951 836
f 836 951 838
f 951 953 838
f 838 953 840
f 953 955 840
f 840 955 842
f 955 957 842
f 842 957 844
f 957 959 844
f 844 959 846
f 959 961 846
f 846 961 848
f 961 963 848
f 848 963 850
f 963 965 850
f 850 965 852
f 965 967 852
f 852 967 854
f 967 969 854
f 854 969 856
f 969 971 856
f 856 971 858
f 971 973 858
f 858 973 860
f 973 975 860
f 860 975 862
f 975 977 862
f 862 977 864
f 977 979 864
f 864 979 866
f 979 981 866
f 866 981 868
f 981 983 868
f 849 964 847
f 964 962 847
f 847 962 845
f 962 960 845
f 845 960 843
f 960 958 843
f 843 958 841
f 958 956 841
f 841 956 839
f 956 954 839
f 839 954 837
f 954 952 837
f 837 952 835
f 952 950 835
f 835 950 833
f 950 948 833
f 833 948 831
f 948 946 831
f 831 946 829
f 946 944 829
f 829 944 827
f 944 942 827
f 827 942 825
f 942 940 825
f 825 940 823
f 940 938 823
f 823 938 821
f 938 936 821
f 821 936 819
f 936 934 819
f 819 934 817
f 934 932 817
f 817 932 815
f 932 1046 815
f 815 1046 929
f 1046 1044 929
f 929 1044 927
f 1044 1042 927
f 927 1042 925
f 1042 1040 925
f 925 1040 923
f 1040 1038 923
f 923 1038 921
f 1038 1036 921
f 921 1036 919
f 1036 1034 919
f 919 1034 917
f 1034 1032 917
f 917 1032 915
f 1032 1030 915
f 915 1030 913
f 1030 1028 913
f 913 1028 911
f 1028 1026 911
f 911 1026 909
f 1026 1024 909
f 909 1024 907
f 1024 1022 907
f 907 1022 905
f 1022 1020 905
f 905 1020 903
f 1020 1018 903
f 903 1018 901
f 1018 1016 901
f 901 1016 899
f 1016 1014 899
f 899 1014 897
f 1014 1012 897
f 897 1012 895
f 1012 1010 895
f 895 1010 893
f 1010 1008 893
f 893 1008 891
f 1008 1006 891
f 891 1006 889
f 1006 1004 889
f 889 1004 887
f 1004 1002 887
f 887 1002 885
f 1002 1000 885
f 885 1000 883
f 1000 998 883
f 883 998 881
f 998 996 881
f 881 996 879
f 996 994 879
f 879 994 877
f 994 992 877
f 877 992 875
f 992 990 875
f 875 990 873
f 990 988 873
f 873 988 871
f 988 986 871
f 871 986 869
f 986 984 869
f 869 984 867
f 984 982 867
f 867 982 865
f 982 980 865
f 865 980 863
f 980 978 863
f 863 978 861
f 978 976 861
f 861 976 859
f 976 974 859
f 859 974 857
f 974 972 857
f 857 972 855
f 972 970 855
f 855 970 853
f 970 968 853
f 853 968 851
f 968 966 851
f 851 966 849
f 966 964 849
f 1047 1048 1049
f 1048 1050 1049
f 1049 1050 1051
f 1050 1052 1051
f 1051 1052 1053
f 1052 1054 1053
f 1053 1054 1055
f 1054 1056 1055
f 1055 1056 1057
f 1056 1058 1057
f 1057 1058 1059
f 1058 1060 1059
f 1059 1060 1061
f 1060 1062 1061
f 1061 1062 1063
f 1062 1064 1063
f 1063 1064 1065
f 1064 1066 1065
f 1065 1066 1067
f 1066 1068 1067
f 1067 1068 1069
f 1068 1070 1069
f 1069 1070 1071
f 1070 1072 1071
f 1071 1072 1073
f 1072 1074 1073
f 1073 1074 1075
f 1074 1076 1075
f 1075 1076 1077
f 1076 1078 1077
f 1077 1078 1079
f 1078 1080 1079
f 1079 1080 1081
f 1080 1082 1081
f 1081 1082 1083
f 1082 1084 1083
f 1083 1084 1085
f 1084 1086 1085
f 1085 1086 1087
f 1086 1088 1087
f 1087 1088 1089
f 1088 1090 1089
f 1089 1090 1091
f 1090 1092 1091
f 1091 1092 1093
f 1092 1094 1093
f 1093 1094 1095
f 1094 1096 1095
f 1095 1096 1097
f 1096 1098 1097
f 1097 1098 1099
f 1098 1100 1099
f 1099 1100 1101
f 1100 1102 1101
f 1101 1102 1103
f 1102 1104 1103
f 1103 1104 1105
f 1104 1106 1105
f 1105 1106 1107
f 1106 1108 1107
f 1107 1108 1109
f 1108 1110 1109
f 1109 1110 1111
f 1110 1112 1111
f 1111 1112 1113
f 1112 1114 1113
f 1113 1114 1115
f 1114 1116 1115
f 1115 1116 1117
f 1116 1118 1117
f 1117 1118 1119
f 1118 1120 1119
f 1119 1120 1121
f 1120 1122 1121
f 1121 1122 1123
f 1122 1124 1123
f 1123 1124 1125
f 1124 1126 1125
f 1125 1126 1127
f 1126 1128 1127
f 1127 1128 1129
f 1128 1130 1129
f 1129 1130 1131
f 1130 1132 1131
f 1131 1132 1133
f 1132 1134 1133
f 1133 1134 1135
f 1134 1136 1135
f 1135 1136 1137
f 1136 1138 1137
f 1137 1138 1139
f 1138 1140 1139
f 1139 1140 1141
f 1140 1142 1141
f 1141 1142 1143
f 1142 1144 1143
f 1143 1144 1145
f 1144 1146 1145
f 1145 1146 1147
f 1146 1148 1147
f 1147 1148 1149
f 1148 1150 1149
f 1149 1150 1151
f 1150 1152 1151
f 1151 1152 1153
f 1152 1154 1153
f 1153 1154 1155
f 1154 1156 1155
f 1155 1156 1157
f 1156 1158 1157
f 1157 1158 1159
f 1158 1160 1159
f 1159 1160 1161
f 1160 1162 1161
f 1161 1162 1047
f 1162 1048 1047
f 1163 1164 1165
f 1166 1167 1168
f 1169 1170 1171
f 1172 1173 1174
f 1175 1165 1176
f 1165 1173 1176
f 1175 1177 1165
f 1177 1178 1165
f 1165 1178 1163
f 1164 1179 1165
f 1179 1180 1165
f 1165 1180 1181
f 1182 1121 1183
f 1121 1123 1183
f 1184 1185 1186
f 1187 1188 1189
f 1190 1191 1192
f 1191 1193 1192
f 1141 1194 1139
f 1194 1137 1139
f 1067 1069 1192
f 1195 1196 1197
f 1188 1198 1189
f 1198 1199 1189
f 1189 1199 1168
f 1199 1200 1168
f 1168 1200 1166
f 1201 1202 1174
f 1193 1203 1192
f 1203 1204 1192
f 1192 1204 1205
f 1204 1206 1205
f 1205 1206 1207
f 1207 1206 1208
f 1206 1209 1208
f 1208 1209 1210
f 1210 1211 1208
f 1211 1212 1208
f 1208 1212 1213
f 1181 1214 1165
f 1214 1208 1165
f 1165 1208 1215
f 1208 1213 1215
f 1123 1125 1183
f 1125 1127 1183
f 1183 1127 1129
f 1195 1197 1216
f 1217 1165 1218
f 1165 1219 1218
f 1218 1219 1220
f 1220 1221 1218
f 1221 1222 1218
f 1218 1222 1223
f 1217 1224 1165
f 1224 1225 1165
f 1165 1225 1226
f 1201 1174 1227
f 1228 1229 1230
f 1229 1231 1230
f 1071 1073 1232
f 1233 1234 1069
f 1234 1235 1069
f 1069 1235 1192
f 1235 1236 1192
f 1192 1236 1190
f 1167 1237 1168
f 1237 1238 1168
f 1168 1238 1197
f 1238 1239 1197
f 1197 1239 1216
f 1171 1170 1189
f 1170 1240 1189
f 1189 1240 1187
f 1241 1242 1243
f 1242 1244 1243
f 1228 1245 1229
f 1245 1246 1229
f 1229 1246 1247
f 1246 1248 1247
f 1247 1248 1249
f 1250 1251 1252
f 1251 1253 1252
f 1252 1253 1254
f 1253 1255 1254
f 1254 1255 1256
f 1257 1113 1182
f 1113 1115 1182
f 1115 1117 1182
f 1117 1119 1182
f 1182 1119 1121
f 1129 1131 1183
f 1131 1133 1183
f 1183 1133 1194
f 1133 1135 1194
f 1194 1135 1137
f 1232 1079 1258
f 1079 1259 1258
f 1071 1232 1069
f 1232 1260 1069
f 1069 1260 1233
f 1103 1105 1261
f 1105 1107 1261
f 1261 1107 1262
f 1107 1109 1262
f 1262 1109 1257
f 1109 1111 1257
f 1257 1111 1113
f 1226 1263 1165
f 1263 1264 1165
f 1165 1264 1173
f 1264 1265 1173
f 1173 1265 1174
f 1202 1266 1174
f 1266 1267 1174
f 1174 1267 1172
f 1249 1268 1247
f 1268 1269 1247
f 1247 1269 1250
f 1269 1270 1250
f 1250 1270 1251
f 1271 1063 1192
f 1063 1065 1192
f 1192 1065 1067
f 1141 1143 1194
f 1143 1145 1194
f 1194 1145 1272
f 1145 1147 1272
f 1272 1147 1149
f 1073 1075 1232
f 1075 1077 1232
f 1232 1077 1079
f 1085 1273 1083
f 1273 1259 1083
f 1083 1259 1081
f 1259 1079 1081
f 1085 1087 1273
f 1087 1089 1273
f 1273 1089 1091
f 1261 1274 1103
f 1274 1275 1103
f 1103 1275 1101
f 1275 1276 1101
f 1101 1276 1099
f 1276 1277 1099
f 1099 1277 1097
f 1278 1279 1280
f 1281 1282 1283
f 1282 1227 1283
f 1283 1227 1284
f 1227 1174 1284
f 1285 1286 1287
f 1286 1186 1287
f 1287 1186 1288
f 1186 1185 1288
f 1244 1289 1243
f 1289 1290 1243
f 1243 1290 1229
f 1290 1291 1229
f 1229 1291 1231
f 1292 1293 1153
f 1293 1294 1153
f 1153 1294 1151
f 1271 1295 1063
f 1295 1296 1063
f 1063 1296 1061
f 1296 1059 1061
f 1297 1298 1299
f 1298 1300 1299
f 1299 1300 1301
f 1302 1303 1304
f 1285 1305 1286
f 1305 1306 1286
f 1286 1306 1307
f 1308 1309 1310
f 1309 1311 1310
f 1310 1311 1243
f 1311 1312 1243
f 1243 1312 1241
f 1313 1314 1315
f 1314 1316 1315
f 1297 1317 1298
f 1317 1318 1298
f 1298 1318 1304
f 1318 1319 1304
f 1304 1319 1302
f 1303 1320 1304
f 1320 1321 1304
f 1304 1321 1186
f 1321 1322 1186
f 1186 1322 1184
f 1280 1323 1278
f 1323 1324 1278
f 1278 1324 1325
f 1281 1326 1282
f 1326 1327 1282
f 1282 1327 1328
f 1316 1272 1315
f 1272 1149 1315
f 1315 1149 1329
f 1149 1151 1329
f 1329 1151 1330
f 1151 1294 1330
f 1053 1055 1296
f 1055 1057 1296
f 1296 1057 1059
f 1277 1331 1097
f 1331 1332 1097
f 1097 1332 1095
f 1332 1333 1095
f 1095 1333 1093
f 1333 1334 1093
f 1093 1334 1197
f 1292 1153 1296
f 1153 1155 1296
f 1296 1155 1157
f 1157 1159 1296
f 1159 1161 1296
f 1296 1161 1047
f 1047 1049 1296
f 1049 1051 1296
f 1296 1051 1053
f 1301 1300 1335
f 1300 1336 1335
f 1335 1336 1337
f 1336 1338 1337
f 1337 1338 1339
f 1338 1340 1339
f 1339 1340 1341
f 1340 1342 1341
f 1341 1342 1343
f 1342 1344 1343
f 1343 1344 1345
f 1344 1346 1345
f 1345 1346 1313
f 1346 1347 1313
f 1313 1347 1314
f 1091 1093 1273
f 1093 1197 1273
f 1273 1197 1348
f 1197 1196 1348
f 1325 1349 1278
f 1349 1350 1278
f 1278 1350 1351
f 1350 1218 1351
f 1351 1218 1352
f 1218 1223 1352
f 1279 1278 1256
f 1278 1353 1256
f 1256 1353 1254
f 1353 1354 1254
f 1254 1354 1355
f 1354 1356 1355
f 1355 1356 1357
f 1356 1358 1357
f 1357 1358 1359
f 1358 1360 1359
f 1359 1360 1361
f 1360 1362 1361
f 1361 1362 1363
f 1362 1364 1363
f 1363 1364 1365
f 1364 1366 1365
f 1365 1366 1367
f 1366 1368 1367
f 1368 1369 1367
f 1367 1369 1171
f 1369 1370 1171
f 1171 1370 1169
f 1371 1372 1310
f 1372 1373 1310
f 1310 1373 1308
f 1374 1375 1376
f 1375 1377 1376
f 1376 1377 1378
f 1377 1379 1378
f 1378 1379 1286
f 1380 1381 1382
f 1381 1383 1382
f 1382 1383 1384
f 1383 1385 1384
f 1384 1385 1371
f 1385 1386 1371
f 1371 1386 1372
f 1328 1378 1282
f 1378 1286 1282
f 1282 1286 1387
f 1286 1307 1387
f 1382 1388 1380
f 1388 1389 1380
f 1380 1389 1390
f 1389 1391 1390
f 1390 1391 1392
f 1391 1393 1392
f 1392 1393 1374
f 1393 1394 1374
f 1374 1394 1375
f 1395 1396 1397
f 1398 1399 1400
f 1144 1142 1401
f 1142 1140 1401
f 1402 1403 1404
f 1152 1150 1405
f 1150 1148 1405
f 1405 1148 1401
f 1148 1146 1401
f 1401 1146 1144
f 1128 1406 1130
f 1406 1132 1130
f 1400 1407 1408
f 1399 1409 1400
f 1409 1410 1400
f 1400 1410 1411
f 1412 1413 1414
f 1408 1415 1400
f 1415 1416 1400
f 1400 1416 1398
f 1411 1417 1400
f 1417 1418 1400
f 1400 1418 1419
f 1420 1421 1422
f 1421 1423 1422
f 1424 1425 1426
f 1425 1427 1426
f 1428 1156 1405
f 1156 1154 1405
f 1405 1154 1152
f 1140 1138 1401
f 1138 1136 1401
f 1401 1136 1406
f 1136 1134 1406
f 1406 1134 1132
f 1088 1086 1400
f 1086 1084 1400
f 1400 1084 1082
f 1429 1430 1431
f 1430 1432 1431
f 1432 1433 1431
f 1433 1434 1431
f 1431 1434 1412
f 1434 1435 1412
f 1412 1435 1413
f 1414 1436 1412
f 1436 1437 1412
f 1412 1437 1397
f 1437 1438 1397
f 1397 1438 1395
f 1082 1080 1400
f 1080 1078 1400
f 1400 1078 1407
f 1439 1440 1074
f 1066 1064 1441
f 1064 1062 1441
f 1442 1443 1421
f 1444 1421 1445
f 1421 1446 1445
f 1420 1447 1421
f 1447 1448 1421
f 1421 1448 1449
f 1450 1451 1452
f 1453 1454 1455
f 1454 1397 1455
f 1455 1397 1456
f 1397 1396 1456
f 1457 1458 1459
f 1458 1460 1459
f 1457 1461 1458
f 1461 1462 1458
f 1458 1462 1463
f 1462 1464 1463
f 1463 1464 1465
f 1440 1466 1074
f 1466 1467 1074
f 1074 1467 1468
f 1078 1076 1407
f 1076 1074 1407
f 1407 1074 1469
f 1074 1468 1469
f 1470 1471 1472
f 1471 1404 1472
f 1472 1404 1473
f 1404 1403 1473
f 1470 1474 1471
f 1474 1475 1471
f 1471 1475 1476
f 1443 1477 1421
f 1477 1478 1421
f 1421 1478 1479
f 1479 1480 1421
f 1480 1481 1421
f 1421 1481 1446
f 1423 1421 1482
f 1421 1483 1482
f 1482 1483 1484
f 1484 1485 1482
f 1485 1486 1482
f 1482 1486 1487
f 1488 1489 1490
f 1491 1492 1493
f 1450 1452 1494
f 1449 1495 1496
f 1495 1452 1496
f 1496 1452 1497
f 1452 1451 1497
f 1050 1048 1498
f 1048 1162 1498
f 1498 1162 1499
f 1162 1160 1499
f 1499 1160 1428
f 1160 1158 1428
f 1428 1158 1156
f 1449 1496 1421
f 1496 1500 1421
f 1421 1500 1442
f 1419 1501 1400
f 1501 1502 1400
f 1400 1502 1503
f 1502 1421 1503
f 1503 1421 1504
f 1421 1444 1504
f 1492 1505 1493
f 1505 1506 1493
f 1493 1506 1404
f 1506 1507 1404
f 1404 1507 1402
f 1508 1509 1510
f 1509 1511 1510
f 1510 1511 1512
f 1512 1511 1452
f 1511 1513 1452
f 1452 1513 1494
f 1427 1514 1426
f 1514 1515 1426
f 1426 1515 1458
f 1515 1516 1458
f 1458 1516 1460
f 1465 1517 1463
f 1517 1518 1463
f 1463 1518 1519
f 1088 1400 1090
f 1400 1520 1090
f 1090 1520 1521
f 1521 1522 1090
f 1522 1523 1090
f 1090 1523 1524
f 1074 1072 1439
f 1072 1070 1439
f 1439 1070 1441
f 1070 1068 1441
f 1441 1068 1066
f 1062 1060 1441
f 1060 1471 1441
f 1441 1471 1525
f 1471 1476 1525
f 1056 1526 1058
f 1526 1527 1058
f 1058 1527 1060
f 1527 1528 1060
f 1060 1528 1471
f 1508 1529 1509
f 1529 1530 1509
f 1509 1530 1531
f 1518 1532 1519
f 1532 1533 1519
f 1519 1533 1534
f 1533 1535 1534
f 1534 1535 1536
f 1535 1537 1536
f 1536 1537 1538
f 1114 1112 1539
f 1100 1098 1539
f 1098 1096 1539
f 1498 1540 1050
f 1540 1541 1050
f 1050 1541 1052
f 1541 1542 1052
f 1052 1542 1054
f 1542 1543 1054
f 1054 1543 1056
f 1543 1544 1056
f 1056 1544 1526
f 1545 1546 1490
f 1546 1547 1490
f 1490 1547 1488
f 1548 1549 1550
f 1549 1551 1550
f 1551 1552 1550
f 1552 1553 1550
f 1550 1553 1493
f 1553 1554 1493
f 1493 1554 1491
f 1555 1556 1557
f 1556 1558 1557
f 1557 1558 1426
f 1558 1559 1426
f 1426 1559 1424
f 1114 1539 1116
f 1112 1110 1539
f 1110 1108 1539
f 1539 1108 1106
f 1106 1104 1539
f 1104 1102 1539
f 1539 1102 1100
f 1128 1126 1406
f 1126 1124 1406
f 1406 1124 1560
f 1124 1122 1560
f 1560 1122 1120
f 1489 1561 1490
f 1561 1562 1490
f 1490 1562 1563
f 1562 1482 1563
f 1563 1482 1564
f 1482 1487 1564
f 1453 1565 1454
f 1565 1566 1454
f 1454 1566 1567
f 1568 1569 1570
f 1569 1571 1570
f 1570 1571 1572
f 1571 1573 1572
f 1572 1573 1574
f 1573 1575 1574
f 1575 1576 1574
f 1574 1576 1557
f 1576 1577 1557
f 1557 1577 1555
f 1524 1578 1090
f 1578 1579 1090
f 1090 1579 1092
f 1579 1539 1092
f 1092 1539 1094
f 1539 1096 1094
f 1580 1581 1582
f 1581 1583 1582
f 1582 1583 1584
f 1580 1560 1581
f 1560 1120 1581
f 1581 1120 1539
f 1120 1118 1539
f 1539 1118 1116
f 1570 1585 1568
f 1585 1586 1568
f 1568 1586 1587
f 1586 1588 1587
f 1587 1588 1589
f 1588 1590 1589
f 1589 1590 1591
f 1584 1583 1592
f 1583 1593 1592
f 1592 1593 1594
f 1593 1595 1594
f 1594 1595 1596
f 1595 1597 1596
f 1596 1597 1598
f 1597 1599 1598
f 1598 1599 1600
f 1599 1601 1600
f 1600 1601 1602
f 1601 1603 1602
f 1602 1603 1429
f 1603 1604 1429
f 1429 1604 1430
f 1545 1490 1538
f 1490 1605 1538
f 1538 1605 1536
f 1605 1606 1536
f 1536 1606 1607
f 1606 1608 1607
f 1607 1608 1609
f 1608 1610 1609
f 1609 1610 1611
f 1610 1612 1611
f 1611 1612 1613
f 1612 1614 1613
f 1613 1614 1615
f 1614 1616 1615
f 1615 1616 1617
f 1616 1618 1617
f 1617 1618 1548
f 1618 1619 1548
f 1548 1619 1549
f 1590 1620 1591
f 1620 1621 1591
f 1591 1621 1622
f 1621 1623 1622
f 1622 1623 1624
f 1623 1625 1624
f 1624 1625 1454
f 1531 1624 1509
f 1624 1454 1509
f 1509 1454 1626
f 1454 1567 1626
f 1185 1403 1288
f 1403 1402 1288
f 1288 1402 1287
f 1402 1507 1287
f 1287 1507 1285
f 1507 1506 1285
f 1285 1506 1305
f 1506 1505 1305
f 1305 1505 1306
f 1505 1492 1306
f 1306 1492 1307
f 1492 1491 1307
f 1307 1491 1387
f 1491 1554 1387
f 1387 1554 1282
f 1554 1553 1282
f 1282 1553 1227
f 1553 1552 1227
f 1227 1552 1201
f 1552 1551 1201
f 1201 1551 1202
f 1551 1549 1202
f 1202 1549 1266
f 1549 1619 1266
f 1266 1619 1267
f 1619 1618 1267
f 1267 1618 1172
f 1618 1616 1172
f 1172 1616 1173
f 1616 1614 1173
f 1173 1614 1176
f 1614 1612 1176
f 1176 1612 1175
f 1612 1610 1175
f 1175 1610 1177
f 1610 1608 1177
f 1177 1608 1178
f 1608 1606 1178
f 1178 1606 1163
f 1606 1605 1163
f 1163 1605 1164
f 1605 1490 1164
f 1164 1490 1179
f 1490 1563 1179
f 1179 1563 1180
f 1563 1564 1180
f 1180 1564 1181
f 1564 1487 1181
f 1181 1487 1214
f 1487 1486 1214
f 1214 1486 1208
f 1486 1485 1208
f 1208 1485 1207
f 1485 1484 1207
f 1207 1484 1205
f 1484 1483 1205
f 1205 1483 1192
f 1483 1421 1192
f 1192 1421 1271
f 1421 1502 1271
f 1271 1502 1295
f 1502 1501 1295
f 1295 1501 1296
f 1501 1419 1296
f 1296 1419 1292
f 1419 1418 1292
f 1292 1418 1293
f 1418 1417 1293
f 1293 1417 1294
f 1417 1411 1294
f 1294 1411 1330
f 1411 1410 1330
f 1330 1410 1329
f 1410 1409 1329
f 1329 1409 1315
f 1409 1399 1315
f 1315 1399 1313
f 1399 1398 1313
f 1313 1398 1345
f 1398 1416 1345
f 1345 1416 1343
f 1416 1415 1343
f 1343 1415 1341
f 1415 1408 1341
f 1341 1408 1339
f 1408 1407 1339
f 1339 1407 1337
f 1407 1469 1337
f 1337 1469 1335
f 1469 1468 1335
f 1335 1468 1301
f 1468 1467 1301
f 1301 1467 1299
f 1467 1466 1299
f 1299 1466 1297
f 1466 1440 1297
f 1297 1440 1317
f 1440 1439 1317
f 1317 1439 1318
f 1439 1441 1318
f 1318 1441 1319
f 1441 1525 1319
f 1319 1525 1302
f 1525 1476 1302
f 1302 1476 1303
f 1476 1475 1303
f 1303 1475 1320
f 1475 1474 1320
f 1320 1474 1321
f 1474 1470 1321
f 1321 1470 1322
f 1470 1472 1322
f 1322 1472 1184
f 1472 1473 1184
f 1184 1473 1185
f 1473 1403 1185
f 1165 1400 1219
f 1400 1503 1219
f 1219 1503 1220
f 1503 1504 1220
f 1220 1504 1221
f 1504 1444 1221
f 1221 1444 1222
f 1444 1445 1222
f 1222 1445 1223
f 1445 1446 1223
f 1223 1446 1352
f 1446 1481 1352
f 1352 1481 1351
f 1481 1480 1351
f 1351 1480 1278
f 1480 1479 1278
f 1278 1479 1353
f 1479 1478 1353
f 1353 1478 1354
f 1478 1477 1354
f 1354 1477 1356
f 1477 1443 1356
f 1356 1443 1358
f 1443 1442 1358
f 1358 1442 1360
f 1442 1500 1360
f 1360 1500 1362
f 1500 1496 1362
f 1362 1496 1364
f 1496 1497 1364
f 1364 1497 1366
f 1497 1451 1366
f 1366 1451 1368
f 1451 1450 1368
f 1368 1450 1369
f 1450 1494 1369
f 1369 1494 1370
f 1494 1513 1370
f 1370 1513 1169
f 1513 1511 1169
f 1169 1511 1170
f 1511 1509 1170
f 1170 1509 1240
f 1509 1626 1240
f 1240 1626 1187
f 1626 1567 1187
f 1187 1567 1188
f 1567 1566 1188
f 1188 1566 1198
f 1566 1565 1198
f 1198 1565 1199
f 1565 1453 1199
f 1199 1453 1200
f 1453 1455 1200
f 1200 1455 1166
f 1455 1456 1166
f 1166 1456 1167
f 1456 1396 1167
f 1167 1396 1237
f 1396 1395 1237
f 1237 1395 1238
f 1395 1438 1238
f 1238 1438 1239
f 1438 1437 1239
f 1239 1437 1216
f 1437 1436 1216
f 1216 1436 1195
f 1436 1414 1195
f 1195 1414 1196
f 1414 1413 1196
f 1196 1413 1348
f 1413 1435 1348
f 1348 1435 1273
f 1435 1434 1273
f 1273 1434 1259
f 1434 1433 1259
f 1259 1433 1258
f 1433 1432 1258
f 1258 1432 1232
f 1432 1430 1232
f 1232 1430 1260
f 1430 1604 1260
f 1260 1604 1233
f 1604 1603 1233
f 1233 1603 1234
f 1603 1601 1234
f 1234 1601 1235
f 1601 1599 1235
f 1235 1599 1236
f 1599 1597 1236
f 1236 1597 1190
f 1597 1595 1190
f 1190 1595 1191
f 1595 1593 1191
f 1191 1593 1193
f 1593 1583 1193
f 1193 1583 1203
f 1583 1581 1203
f 1203 1581 1204
f 1581 1539 1204
f 1204 1539 1206
f 1539 1579 1206
f 1206 1579 1209
f 1579 1578 1209
f 1209 1578 1210
f 1578 1524 1210
f 1210 1524 1211
f 1524 1523 1211
f 1211 1523 1212
f 1523 1522 1212
f 1212 1522 1213
f 1522 1521 1213
f 1213 1521 1215
f 1521 1520 1215
f 1215 1520 1165
f 1520 1400 1165
f 1381 1538 1383
f 1538 1537 1383
f 1383 1537 1385
f 1537 1535 1385
f 1385 1535 1386
f 1535 1533 1386
f 1386 1533 1372
f 1533 1532 1372
f 1372 1532 1373
f 1532 1518 1373
f 1373 1518 1308
f 1518 1517 1308
f 1308 1517 1309
f 1517 1465 1309
f 1309 1465 1311
f 1465 1464 1311
f 1311 1464 1312
f 1464 1462 1312
f 1312 1462 1241
f 1462 1461 1241
f 1241 1461 1242
f 1461 1457 1242
f 1242 1457 1244
f 1457 1459 1244
f 1244 1459 1289
f 1459 1460 1289
f 1289 1460 1290
f 1460 1516 1290
f 1290 1516 1291
f 1516 1515 1291
f 1291 1515 1231
f 1515 1514 1231
f 1231 1514 1230
f 1514 1427 1230
f 1230 1427 1228
f 1427 1425 1228
f 1228 1425 1245
f 1425 1424 1245
f 1245 1424 1246
f 1424 1559 1246
f 1246 1559 1248
f 1559 1558 1248
f 1248 1558 1249
f 1558 1556 1249
f 1249 1556 1268
f 1556 1555 1268
f 1268 1555 1269
f 1555 1577 1269
f 1269 1577 1270
f 1577 1576 1270
f 1270 1576 1251
f 1576 1575 1251
f 1251 1575 1253
f 1575 1573 1253
f 1253 1573 1255
f 1573 1571 1255
f 1255 1571 1256
f 1571 1569 1256
f 1256 1569 1279
f 1569 1568 1279
f 1279 1568 1280
f 1568 1587 1280
f 1280 1587 1323
f 1587 1589 1323
f 1323 1589 1324
f 1589 1591 1324
f 1324 1591 1325
f 1591 1622 1325
f 1325 1622 1349
f 1622 1624 1349
f 1349 1624 1350
f 1624 1531 1350
f 1350 1531 1218
f 1531 1530 1218
f 1218 1530 1217
f 1530 1529 1217
f 1217 1529 1224
f 1529 1508 1224
f 1224 1508 1225
f 1508 1510 1225
f 1225 1510 1226
f 1510 1512 1226
f 1226 1512 1263
f 1512 1452 1263
f 1263 1452 1264
f 1452 1495 1264
f 1264 1495 1265
f 1495 1449 1265
f 1265 1449 1174
f 1449 1448 1174
f 1174 1448 1284
f 1448 1447 1284
f 1284 1447 1283
f 1447 1420 1283
f 1283 1420 1281
f 1420 1422 1281
f 1281 1422 1326
f 1422 1423 1326
f 1326 1423 1327
f 1423 1482 1327
f 1327 1482 1328
f 1482 1562 1328
f 1328 1562 1378
f 1562 1561 1378
f 1378 1561 1376
f 1561 1489 1376
f 1376 1489 1374
f 1489 1488 1374
f 1374 1488 1392
f 1488 1547 1392
f 1392 1547 1390
f 1547 1546 1390
f 1390 1546 1380
f 1546 1545 1380
f 1380 1545 1381
f 1545 1538 1381
f 1404 1286 1493
f 1286 1379 1493
f 1493 1379 1550
f 1379 1377 1550
f 1550 1377 1548
f 1377 1375 1548
f 1548 1375 1617
f 1375 1394 1617
f 1617 1394 1615
f 1394 1393 1615
f 1615 1393 1613
f 1393 1391 1613
f 1613 1391 1611
f 1391 1389 1611
f 1611 1389 1609
f 1389 1388 1609
f 1609 1388 1607
f 1388 1382 1607
f 1607 1382 1536
f 1382 1384 1536
f 1536 1384 1534
f 1384 1371 1534
f 1534 1371 1519
f 1371 1310 1519
f 1519 1310 1463
f 1310 1243 1463
f 1463 1243 1458
f 1243 1229 1458
f 1458 1229 1426
f 1229 1247 1426
f 1426 1247 1557
f 1247 1250 1557
f 1557 1250 1574
f 1250 1252 1574
f 1574 1252 1572
f 1252 1254 1572
f 1572 1254 1570
f 1254 1355 1570
f 1570 1355 1585
f 1355 1357 1585
f 1585 1357 1586
f 1357 1359 1586
f 1586 1359 1588
f 1359 1361 1588
f 1588 1361 1590
f 1361 1363 1590
f 1590 1363 1620
f 1363 1365 1620
f 1620 1365 1621
f 1365 1367 1621
f 1621 1367 1623
f 1367 1171 1623
f 1623 1171 1625
f 1171 1189 1625
f 1625 1189 1454
f 1189 1168 1454
f 1454 1168 1397
f 1168 1197 1397
f 1397 1197 1412
f 1197 1334 1412
f 1412 1334 1431
f 1334 1333 1431
f 1431 1333 1429
f 1333 1332 1429
f 1429 1332 1602
f 1332 1331 1602
f 1602 1331 1600
f 1331 1277 1600
f 1600 1277 1598
f 1277 1276 1598
f 1598 1276 1596
f 1276 1275 1596
f 1596 1275 1594
f 1275 1274 1594
f 1594 1274 1592
f 1274 1261 1592
f 1592 1261 1584
f 1261 1262 1584
f 1584 1262 1582
f 1262 1257 1582
f 1582 1257 1580
f 1257 1182 1580
f 1580 1182 1560
f 1182 1183 1560
f 1560 1183 1406
f 1183 1194 1406
f 1406 1194 1401
f 1194 1272 1401
f 1401 1272 1405
f 1272 1316 1405
f 1405 1316 1428
f 1316 1314 1428
f 1428 1314 1499
f 1314 1347 1499
f 1499 1347 1498
f 1347 1346 1498
f 1498 1346 1540
f 1346 1344 1540
f 1540 1344 1541
f 1344 1342 1541
f 1541 1342 1542
f 1342 1340 1542
f 1542 1340 1543
f 1340 1338 1543
f 1543 1338 1544
f 1338 1336 1544
f 1544 1336 1526
f 1336 1300 1526
f 1526 1300 1527
f 1300 1298 1527
f 1527 1298 1528
f 1298 1304 1528
f 1528 1304 1471
f 1304 1186 1471
f 1471 1186 1404
f 1186 1286 1404
f 1977 1978 1979
f 1980 1981 1982
f 1981 1983 1982
f 1982 1983 1984
f 1985 1986 1987
f 1986 1988 1987
f 1987 1988 1989
f 1988 1990 1989
f 1989 1990 1991
f 1990 1992 1991
f 1991 1992 1980
f 1992 1993 1980
f 1980 1993 1981
f 1994 1995 1996
f 1995 1997 1996
f 1996 1997 1998
f 1994 1999 1995
f 1999 2000 1995
f 1995 2000 1985
f 2000 2001 1985
f 1985 2001 1986
f 1979 1978 2002
f 1978 2003 2002
f 2003 2004 2002
f 2002 2004 1997
f 2004 2005 1997
f 1997 2005 1998
f 1977 1979 2006
f 1979 2007 2006
f 2006 2007 2008
f 2008 2007 2009
f 2007 2010 2009
f 2009 2010 2011
f 2010 2012 2011
f 2011 2012 2013
f 2014 2015 2016
f 2015 2013 2016
f 2016 2013 2017
f 2013 2012 2017
f 2018 2019 2020
f 2019 2021 2020
f 2021 2022 2020
f 2020 2022 2023
f 2022 2024 2023
f 2023 2024 2014
f 2024 2025 2014
f 2014 2025 2015
f 2026 2027 2028
f 2027 2029 2028
f 2028 2029 2030
f 2020 2031 2018
f 2031 2032 2018
f 2018 2032 2033
f 2032 2034 2033
f 2033 2034 2035
f 2034 2030 2035
f 2035 2030 2036
f 2030 2029 2036
f 2028 2037 2026
f 2037 2038 2026
f 2026 2038 2039
f 2038 2040 2039
f 2040 2041 2039
f 2039 2041 2042
f 2041 2043 2042
f 2042 2043 2044
f 2043 2045 2044
f 2044 2045 2046
f 2045 2047 2046
f 2046 2047 2048
f 2047 2049 2048
f 2048 2049 2050
f 2049 2051 2050
f 2050 2051 2052
f 2052 2051 2053
f 2051 2054 2053
f 2053 2054 2055
f 2054 2056 2055
f 2055 2056 2057
f 2056 2058 2057
f 2058 2059 2057
f 2057 2059 2060
f 2059 2061 2060
f 2060 2061 2062
f 2062 2061 2063
f 2061 2064 2063
f 2063 2064 2065
f 2066 2067 2068
f 2067 2069 2068
f 2068 2069 2070
f 2069 2071 2070
f 2070 2071 2072
f 2071 2073 2072
f 2072 2073 2074
f 2073 2065 2074
f 2074 2065 2075
f 2065 2064 2075
f 2076 2077 2066
f 2077 2078 2066
f 2066 2078 2067
f 2079 2080 2081
f 2080 2082 2081
f 2081 2082 2083
f 2082 2084 2083
f 2083 2084 2085
f 2084 2086 2085
f 2085 2086 2087
f 2086 2088 2087
f 2087 2088 2089
f 2088 2090 2089
f 2089 2090 2076
f 2090 2091 2076
f 2076 2091 2077
f 2092 2093 2094
f 2094 2095 2092
f 2095 2096 2092
f 2092 2096 2097
f 2096 2098 2097
f 2097 2098 2079
f 2098 2099 2079
f 2079 2099 2080
f 2100 2101 2102
f 2101 2103 2102
f 2102 2103 2104
f 2100 2105 2101
f 2105 2106 2101
f 2101 2106 2093
f 2106 2107 2093
f 2093 2107 2094
f 2108 2109 2110
f 2109 2111 2110
f 2110 2111 2103
f 2111 2112 2103
f 2103 2112 2104
f 2113 2114 2115
f 2113 2115 2116
f 2110 2117 2108
f 2117 2118 2108
f 2108 2118 2119
f 2118 2114 2119
f 2119 2114 2120
f 2114 2113 2120
f 2121 2122 2123
f 2122 2124 2123
f 2123 2124 2125
f 2124 2116 2125
f 2125 2116 2126
f 2116 2115 2126
f 2127 2128 2129
f 2128 2130 2129
f 2129 2130 2131
f 2127 2132 2128
f 2132 2133 2128
f 2128 2133 2121
f 2133 2134 2121
f 2121 2134 2122
f 2135 2136 2137
f 2130 2138 2131
f 2138 2139 2131
f 2131 2139 2140
f 2139 2141 2140
f 2140 2141 2142
f 2141 2143 2142
f 2142 2143 2137
f 2143 2144 2137
f 2137 2144 2135
f 2135 2145 2136
f 2145 2146 2136
f 2136 2146 2147
f 2146 2148 2147
f 2147 2148 2149
f 2148 2150 2149
f 2149 2150 2151
f 2151 2150 2152
f 2150 2153 2152
f 2152 2153 2154
f 2153 2155 2154
f 2154 2155 2156
f 2155 2157 2156
f 2157 2158 2156
f 2156 2158 2159
f 2158 2160 2159
f 2159 2160 2161
f 2160 2162 2161
f 2161 2162 2163
f 2162 2164 2163
f 2163 2164 2165
f 2164 2166 2165
f 2166 2167 2165
f 2165 2167 2168
f 2167 2169 2168
f 2168 2169 2170
f 2169 2171 2170
f 2170 2171 2172
f 2171 2173 2172
f 2172 2173 2174
f 2175 2176 2177
f 2176 2174 2177
f 2177 2174 2178
f 2174 2173 2178
f 2179 2180 2181
f 2180 2182 2181
f 2181 2182 2175
f 2182 2183 2175
f 2175 2183 2176
f 2184 2185 2179
f 2185 2186 2179
f 2179 2186 2180
f 1984 1983 2187
f 1983 2188 2187
f 2187 2188 2189
f 2188 2190 2189
f 2189 2190 2191
f 2190 2192 2191
f 2191 2192 2184
f 2192 2193 2184
f 2184 2193 2185
f 2194 2195 2196
f 2197 2198 2199
f 2198 2200 2199
f 2199 2200 2201
f 2202 2203 2204
f 2203 2205 2204
f 2204 2205 2206
f 2205 2207 2206
f 2206 2207 2208
f 2207 2209 2208
f 2208 2209 2197
f 2209 2210 2197
f 2197 2210 2198
f 2211 2212 2213
f 2212 2214 2213
f 2213 2214 2215
f 2211 2216 2212
f 2216 2217 2212
f 2212 2217 2202
f 2217 2218 2202
f 2202 2218 2203
f 2219 2220 2221
f 2221 2222 2219
f 2222 2223 2219
f 2219 2223 2214
f 2223 2224 2214
f 2214 2224 2215
f 2225 2226 2220
f 2226 2227 2220
f 2220 2227 2221
f 2228 2229 2230
f 2229 2231 2230
f 2230 2231 2225
f 2231 2232 2225
f 2225 2232 2226
f 2230 2233 2228
f 2233 2234 2228
f 2228 2234 2235
f 2234 2236 2235
f 2235 2236 2237
f 2196 2195 2238
f 2195 2239 2238
f 2238 2239 2237
f 2239 2240 2237
f 2237 2240 2235
f 2241 2242 2243
f 2242 2244 2243
f 2243 2244 2245
f 2244 2246 2245
f 2246 2247 2245
f 2245 2247 2248
f 2247 2249 2248
f 2248 2249 2250
f 2249 2251 2250
f 2250 2251 2196
f 2251 2252 2196
f 2196 2252 2194
f 2243 2253 2241
f 2253 2254 2241
f 2241 2254 2255
f 2254 2256 2255
f 2256 2257 2255
f 2255 2257 2258
f 2257 2259 2258
f 2258 2259 2260
f 2260 2259 2261
f 2259 2262 2261
f 2261 2262 2263
f 2262 2264 2263
f 2263 2264 2265
f 2264 2266 2265
f 2265 2266 2267
f 2266 2268 2267
f 2267 2268 2269
f 2268 2270 2269
f 2269 2270 2271
f 2270 2272 2271
f 2271 2272 2273
f 2272 2274 2273
f 2274 2275 2273
f 2273 2275 2276
f 2275 2277 2276
f 2276 2277 2278
f 2278 2277 2279
f 2277 2280 2279
f 2279 2280 2281
f 2282 2283 2284
f 2283 2281 2284
f 2284 2281 2285
f 2281 2280 2285
f 2286 2287 2288
f 2287 2289 2288
f 2288 2289 2282
f 2289 2290 2282
f 2282 2290 2283
f 2291 2292 2286
f 2292 2293 2286
f 2286 2293 2287
f 2294 2295 2296
f 2295 2297 2296
f 2296 2297 2298
f 2297 2299 2298
f 2298 2299 2300
f 2299 2301 2300
f 2300 2301 2302
f 2301 2303 2302
f 2302 2303 2304
f 2303 2305 2304
f 2304 2305 2291
f 2305 2306 2291
f 2291 2306 2292
f 2307 2308 2309
f 2309 2310 2307
f 2310 2311 2307
f 2307 2311 2312
f 2311 2313 2312
f 2312 2313 2294
f 2313 2314 2294
f 2294 2314 2295
f 2315 2316 2317
f 2316 2318 2317
f 2317 2318 2319
f 2315 2320 2316
f 2320 2321 2316
f 2316 2321 2308
f 2321 2322 2308
f 2308 2322 2309
f 2323 2324 2325
f 2324 2326 2325
f 2325 2326 2318
f 2326 2327 2318
f 2318 2327 2319
f 2328 2329 2330
f 2329 2331 2330
f 2330 2331 2332
f 2325 2333 2323
f 2333 2334 2323
f 2323 2334 2335
f 2334 2328 2335
f 2335 2328 2336
f 2328 2330 2336
f 2337 2338 2339
f 2338 2340 2339
f 2339 2340 2341
f 2340 2332 2341
f 2341 2332 2342
f 2332 2331 2342
f 2343 2344 2345
f 2344 2346 2345
f 2346 2347 2345
f 2345 2347 2337
f 2347 2348 2337
f 2337 2348 2338
f 2345 2349 2343
f 2349 2350 2343
f 2343 2350 2351
f 2350 2352 2351
f 2352 2353 2351
f 2351 2353 2354
f 2353 2355 2354
f 2354 2355 2356
f 2355 2357 2356
f 2356 2357 2358
f 2357 2359 2358
f 2358 2359 2360
f 2359 2361 2360
f 2361 2362 2360
f 2360 2362 2363
f 2362 2364 2363
f 2363 2364 2365
f 2364 2366 2365
f 2365 2366 2367
f 2366 2368 2367
f 2367 2368 2369
f 2368 2370 2369
f 2369 2370 2371
f 2370 2372 2371
f 2371 2372 2373
f 2372 2374 2373
f 2374 2375 2373
f 2373 2375 2376
f 2376 2375 2377
f 2375 2378 2377
f 2377 2378 2379
f 2378 2380 2379
f 2379 2380 2381
f 2380 2382 2381
f 2382 2383 2381
f 2381 2383 2384
f 2383 2385 2384
f 2384 2385 2386
f 2385 2387 2386
f 2386 2387 2388
f 2387 2389 2388
f 2388 2389 2390
f 2391 2392 2393
f 2392 2394 2393
f 2393 2394 2395
f 2394 2396 2395
f 2395 2396 2397
f 2396 2398 2397
f 2397 2398 2399
f 2398 2390 2399
f 2399 2390 2400
f 2390 2389 2400
f 2401 2402 2391
f 2402 2403 2391
f 2391 2403 2392
f 2201 2200 2404
f 2200 2405 2404
f 2404 2405 2406
f 2405 2407 2406
f 2406 2407 2408
f 2407 2409 2408
f 2408 2409 2401
f 2409 2410 2401
f 2401 2410 2402
f 2411 2412 2413
f 2414 2415 2416
f 2417 2418 2419
f 2420 2421 2422
f 2423 2424 2425
f 2424 2426 2425
f 2427 2428 2429
f 2428 2426 2429
f 2429 2426 2430
f 2426 2424 2430
f 2431 2432 2433
f 2432 2434 2433
f 2433 2434 2435
f 2434 2436 2435
f 2435 2436 2437
f 2436 2438 2437
f 2437 2438 2427
f 2438 2439 2427
f 2427 2439 2428
f 2440 2441 2442
f 2441 2443 2442
f 2442 2443 2444
f 2440 2445 2441
f 2445 2446 2441
f 2441 2446 2431
f 2446 2447 2431
f 2431 2447 2432
f 2448 2449 2450
f 2449 2451 2450
f 2450 2451 2452
f 2451 2453 2452
f 2452 2453 2443
f 2453 2454 2443
f 2443 2454 2444
f 2455 2456 2457
f 2456 2458 2457
f 2457 2458 2459
f 2458 2460 2459
f 2459 2460 2448
f 2460 2461 2448
f 2448 2461 2449
f 2462 2463 2464
f 2463 2455 2464
f 2464 2455 2465
f 2455 2457 2465
f 2466 2467 2468
f 2467 2469 2468
f 2468 2469 2462
f 2469 2470 2462
f 2462 2470 2463
f 2471 2472 2473
f 2472 2474 2473
f 2473 2474 2475
f 2474 2476 2475
f 2476 2477 2475
f 2475 2477 2478
f 2477 2479 2478
f 2478 2479 2480
f 2479 2481 2480
f 2480 2481 2482
f 2481 2483 2482
f 2482 2483 2466
f 2483 2484 2466
f 2466 2484 2467
f 2485 2486 2487
f 2486 2471 2487
f 2487 2471 2488
f 2471 2473 2488
f 2485 2489 2486
f 2489 2490 2486
f 2486 2490 2491
f 2490 2492 2491
f 2491 2492 2493
f 2492 2494 2493
f 2493 2494 2495
f 2421 2420 2494
f 2420 2496 2494
f 2494 2496 2495
f 2497 2498 2499
f 2498 2500 2499
f 2499 2500 2501
f 2500 2502 2501
f 2501 2502 2422
f 2502 2503 2422
f 2422 2503 2420
f 2497 2504 2498
f 2504 2505 2498
f 2498 2505 2506
f 2505 2507 2506
f 2506 2507 2508
f 2508 2507 2509
f 2507 2510 2509
f 2509 2510 2511
f 2512 2513 2514
f 2513 2511 2514
f 2514 2511 2515
f 2511 2510 2515
f 2516 2517 2518
f 2517 2519 2518
f 2518 2519 2512
f 2519 2520 2512
f 2512 2520 2513
f 2521 2522 2523
f 2522 2524 2523
f 2523 2524 2516
f 2524 2525 2516
f 2516 2525 2517
f 2526 2527 2521
f 2527 2528 2521
f 2521 2528 2522
f 2521 2529 2526
f 2529 2530 2526
f 2526 2530 2531
f 2530 2532 2531
f 2531 2532 2533
f 2532 2534 2533
f 2533 2534 2535
f 2534 2536 2535
f 2535 2536 2537
f 2536 2538 2537
f 2537 2538 2539
f 2538 2540 2539
f 2419 2418 2541
f 2418 2542 2541
f 2542 2543 2541
f 2541 2543 2540
f 2543 2544 2540
f 2540 2544 2539
f 2545 2546 2547
f 2546 2548 2547
f 2547 2548 2419
f 2548 2549 2419
f 2419 2549 2417
f 2545 2547 2550
f 2547 2551 2550
f 2550 2551 2552
f 2551 2553 2552
f 2552 2553 2554
f 2553 2555 2554
f 2554 2555 2556
f 2555 2557 2556
f 2556 2557 2558
f 2557 2559 2558
f 2558 2559 2560
f 2559 2561 2560
f 2560 2561 2562
f 2563 2564 2565
f 2561 2566 2562
f 2566 2567 2562
f 2562 2567 2568
f 2567 2569 2568
f 2568 2569 2570
f 2569 2563 2570
f 2570 2563 2571
f 2563 2565 2571
f 2416 2415 2572
f 2415 2573 2572
f 2572 2573 2564
f 2573 2574 2564
f 2564 2574 2565
f 2416 2575 2414
f 2575 2576 2414
f 2414 2576 2577
f 2576 2578 2577
f 2577 2578 2579
f 2578 2580 2579
f 2579 2580 2581
f 2580 2582 2581
f 2581 2582 2583
f 2582 2584 2583
f 2584 2585 2583
f 2583 2585 2586
f 2585 2587 2586
f 2587 2588 2586
f 2586 2588 2589
f 2588 2590 2589
f 2412 2411 2591
f 2411 2592 2591
f 2591 2592 2593
f 2592 2594 2593
f 2593 2594 2590
f 2594 2595 2590
f 2590 2595 2589
f 2596 2597 2598
f 2597 2599 2598
f 2598 2599 2600
f 2599 2601 2600
f 2600 2601 2413
f 2601 2602 2413
f 2413 2602 2411
f 2596 2603 2597
f 2603 2604 2597
f 2597 2604 2605
f 2604 2606 2605
f 2605 2606 2607
f 2606 2608 2607
f 2607 2608 2609
f 2608 2610 2609
f 2609 2610 2611
f 2612 2613 2614
f 2613 2611 2614
f 2614 2611 2615
f 2611 2610 2615
f 2616 2617 2618
f 2616 2618 2619
f 2618 2620 2619
f 2619 2620 2612
f 2620 2621 2612
f 2612 2621 2613
f 2617 2616 2622
f 2616 2623 2622
f 2622 2623 2624
f 2623 2625 2624
f 2624 2625 2626
f 2423 2425 2625
f 2425 2627 2625
f 2625 2627 2626
f 2200 2628 2629
f 2207 2205 2630
f 2311 2310 2631
f 2632 2402 2410
f 2632 2410 2633
f 2402 2632 2403
f 2632 2634 2403
f 2403 2634 2392
f 2392 2634 2394
f 2634 2635 2394
f 2394 2635 2396
f 2636 2390 2635
f 2390 2398 2635
f 2635 2398 2396
f 2637 2386 2636
f 2386 2388 2636
f 2636 2388 2390
f 2638 2381 2637
f 2381 2384 2637
f 2637 2384 2386
f 2639 2376 2640
f 2376 2377 2640
f 2640 2377 2638
f 2377 2379 2638
f 2638 2379 2381
f 2641 2371 2639
f 2371 2373 2639
f 2639 2373 2376
f 2642 2363 2643
f 2363 2365 2643
f 2643 2365 2644
f 2365 2367 2644
f 2644 2367 2641
f 2367 2369 2641
f 2641 2369 2371
f 2645 2358 2642
f 2358 2360 2642
f 2642 2360 2363
f 2646 2351 2647
f 2351 2354 2647
f 2647 2354 2645
f 2354 2356 2645
f 2645 2356 2358
f 2648 2344 2646
f 2344 2343 2646
f 2646 2343 2351
f 2649 2347 2648
f 2347 2346 2648
f 2648 2346 2344
f 2650 2340 2651
f 2340 2338 2651
f 2651 2338 2649
f 2338 2348 2649
f 2649 2348 2347
f 2652 2330 2650
f 2330 2332 2650
f 2650 2332 2340
f 2653 2324 2652
f 2324 2323 2652
f 2323 2335 2652
f 2335 2336 2652
f 2652 2336 2330
f 2317 2654 2315
f 2654 2655 2315
f 2315 2655 2320
f 2317 2319 2654
f 2319 2327 2654
f 2654 2327 2653
f 2327 2326 2653
f 2653 2326 2324
f 2631 2310 2656
f 2310 2309 2656
f 2309 2322 2656
f 2656 2322 2655
f 2322 2321 2655
f 2655 2321 2320
f 2297 2657 2299
f 2657 2658 2299
f 2299 2658 2659
f 2297 2295 2657
f 2295 2314 2657
f 2657 2314 2631
f 2314 2313 2631
f 2631 2313 2311
f 2660 2303 2659
f 2303 2301 2659
f 2659 2301 2299
f 2661 2306 2660
f 2306 2305 2660
f 2660 2305 2303
f 2662 2293 2661
f 2293 2292 2661
f 2661 2292 2306
f 2283 2290 2663
f 2290 2289 2663
f 2663 2289 2662
f 2289 2287 2662
f 2662 2287 2293
f 2283 2663 2281
f 2663 2664 2281
f 2281 2664 2279
f 2279 2664 2278
f 2664 2665 2278
f 2278 2665 2276
f 2276 2665 2273
f 2665 2666 2273
f 2273 2666 2271
f 2271 2666 2269
f 2666 2667 2269
f 2269 2667 2267
f 2667 2668 2267
f 2267 2668 2265
f 2265 2668 2263
f 2668 2669 2263
f 2263 2669 2261
f 2261 2669 2260
f 2669 2670 2260
f 2260 2670 2258
f 2670 2671 2258
f 2258 2671 2255
f 2671 2672 2255
f 2255 2672 2241
f 2241 2672 2242
f 2672 2673 2242
f 2242 2673 2244
f 2674 2249 2675
f 2249 2247 2675
f 2675 2247 2673
f 2247 2246 2673
f 2673 2246 2244
f 2676 2252 2674
f 2252 2251 2674
f 2674 2251 2249
f 2677 2195 2676
f 2195 2194 2676
f 2676 2194 2252
f 2678 2240 2677
f 2240 2239 2677
f 2677 2239 2195
f 2231 2229 2679
f 2229 2228 2679
f 2679 2228 2678
f 2228 2235 2678
f 2678 2235 2240
f 2680 2222 2681
f 2222 2221 2681
f 2221 2227 2681
f 2227 2226 2681
f 2681 2226 2679
f 2226 2232 2679
f 2679 2232 2231
f 2213 2682 2211
f 2682 2683 2211
f 2211 2683 2216
f 2213 2215 2682
f 2215 2224 2682
f 2682 2224 2680
f 2224 2223 2680
f 2680 2223 2222
f 2630 2205 2684
f 2205 2203 2684
f 2203 2218 2684
f 2684 2218 2683
f 2218 2217 2683
f 2683 2217 2216
f 2628 2200 2685
f 2200 2198 2685
f 2198 2210 2685
f 2685 2210 2630
f 2210 2209 2630
f 2630 2209 2207
f 2410 2409 2633
f 2409 2407 2633
f 2633 2407 2629
f 2407 2405 2629
f 2629 2405 2200
f 1983 2686 2687
f 1990 1988 2688
f 2096 2095 2689
f 2690 2185 2193
f 2690 2193 2691
f 2185 2690 2186
f 2690 2692 2186
f 2186 2692 2180
f 2180 2692 2182
f 2692 2693 2182
f 2182 2693 2183
f 2694 2174 2693
f 2174 2176 2693
f 2693 2176 2183
f 2695 2170 2694
f 2170 2172 2694
f 2694 2172 2174
f 2696 2165 2695
f 2165 2168 2695
f 2695 2168 2170
f 2697 2159 2698
f 2159 2161 2698
f 2698 2161 2696
f 2161 2163 2696
f 2696 2163 2165
f 2699 2154 2697
f 2154 2156 2697
f 2697 2156 2159
f 2700 2147 2701
f 2147 2149 2701
f 2701 2149 2702
f 2149 2151 2702
f 2702 2151 2699
f 2151 2152 2699
f 2699 2152 2154
f 2703 2137 2700
f 2137 2136 2700
f 2700 2136 2147
f 2704 2131 2705
f 2131 2140 2705
f 2705 2140 2703
f 2140 2142 2703
f 2703 2142 2137
f 2706 2127 2704
f 2127 2129 2704
f 2704 2129 2131
f 2707 2133 2706
f 2133 2132 2706
f 2706 2132 2127
f 2708 2124 2709
f 2124 2122 2709
f 2709 2122 2707
f 2122 2134 2707
f 2707 2134 2133
f 2710 2113 2708
f 2113 2116 2708
f 2708 2116 2124
f 2711 2109 2710
f 2109 2108 2710
f 2108 2119 2710
f 2119 2120 2710
f 2710 2120 2113
f 2102 2712 2100
f 2712 2713 2100
f 2100 2713 2105
f 2102 2104 2712
f 2104 2112 2712
f 2712 2112 2711
f 2112 2111 2711
f 2711 2111 2109
f 2689 2095 2714
f 2095 2094 2714
f 2094 2107 2714
f 2714 2107 2713
f 2107 2106 2713
f 2713 2106 2105
f 2082 2715 2084
f 2715 2716 2084
f 2084 2716 2717
f 2082 2080 2715
f 2080 2099 2715
f 2715 2099 2689
f 2099 2098 2689
f 2689 2098 2096
f 2718 2088 2717
f 2088 2086 2717
f 2717 2086 2084
f 2719 2091 2718
f 2091 2090 2718
f 2718 2090 2088
f 2720 2078 2719
f 2078 2077 2719
f 2719 2077 2091
f 2073 2071 2721
f 2071 2069 2721
f 2721 2069 2720
f 2069 2067 2720
f 2720 2067 2078
f 2073 2721 2065
f 2721 2722 2065
f 2065 2722 2063
f 2063 2722 2062
f 2722 2723 2062
f 2062 2723 2060
f 2060 2723 2057
f 2723 2724 2057
f 2057 2724 2055
f 2055 2724 2053
f 2724 2725 2053
f 2053 2725 2052
f 2725 2726 2052
f 2052 2726 2050
f 2050 2726 2048
f 2726 2727 2048
f 2048 2727 2046
f 2046 2727 2044
f 2727 2728 2044
f 2044 2728 2042
f 2728 2729 2042
f 2042 2729 2039
f 2729 2730 2039
f 2039 2730 2026
f 2026 2730 2027
f 2730 2731 2027
f 2027 2731 2029
f 2732 2033 2733
f 2033 2035 2733
f 2733 2035 2731
f 2035 2036 2731
f 2731 2036 2029
f 2734 2019 2732
f 2019 2018 2732
f 2732 2018 2033
f 2735 2022 2734
f 2022 2021 2734
f 2734 2021 2019
f 2736 2025 2735
f 2025 2024 2735
f 2735 2024 2022
f 2009 2011 2737
f 2011 2013 2737
f 2737 2013 2736
f 2013 2015 2736
f 2736 2015 2025
f 2738 2003 2739
f 2003 1978 2739
f 1978 1977 2739
f 1977 2006 2739
f 2739 2006 2737
f 2006 2008 2737
f 2737 2008 2009
f 1996 2740 1994
f 2740 2741 1994
f 1994 2741 1999
f 1996 1998 2740
f 1998 2005 2740
f 2740 2005 2738
f 2005 2004 2738
f 2738 2004 2003
f 2688 1988 2742
f 1988 1986 2742
f 1986 2001 2742
f 2742 2001 2741
f 2001 2000 2741
f 2741 2000 1999
f 2686 1983 2743
f 1983 1981 2743
f 1981 1993 2743
f 2743 1993 2688
f 1993 1992 2688
f 2688 1992 1990
f 2193 2192 2691
f 2192 2190 2691
f 2691 2190 2687
f 2190 2188 2687
f 2687 2188 1983
f 2426 2744 2745
f 2436 2434 2746
f 2531 2747 2748
f 2539 2544 2749
f 2750 2622 2624
f 2750 2624 2751
f 2622 2750 2617
f 2750 2752 2617
f 2617 2752 2618
f 2618 2752 2620
f 2752 2753 2620
f 2620 2753 2621
f 2754 2611 2753
f 2611 2613 2753
f 2753 2613 2621
f 2755 2607 2754
f 2607 2609 2754
f 2754 2609 2611
f 2756 2597 2755
f 2597 2605 2755
f 2755 2605 2607
f 2757 2602 2758
f 2602 2601 2758
f 2758 2601 2756
f 2601 2599 2756
f 2756 2599 2597
f 2759 2592 2757
f 2592 2411 2757
f 2757 2411 2602
f 2760 2586 2761
f 2586 2589 2761
f 2761 2589 2762
f 2589 2595 2762
f 2762 2595 2759
f 2595 2594 2759
f 2759 2594 2592
f 2763 2581 2760
f 2581 2583 2760
f 2760 2583 2586
f 2764 2414 2765
f 2414 2577 2765
f 2765 2577 2763
f 2577 2579 2763
f 2763 2579 2581
f 2766 2573 2764
f 2573 2415 2764
f 2764 2415 2414
f 2767 2565 2766
f 2565 2574 2766
f 2766 2574 2573
f 2768 2568 2769
f 2568 2570 2769
f 2769 2570 2767
f 2570 2571 2767
f 2767 2571 2565
f 2770 2560 2768
f 2560 2562 2768
f 2768 2562 2568
f 2771 2552 2770
f 2552 2554 2770
f 2554 2556 2770
f 2556 2558 2770
f 2770 2558 2560
f 2548 2772 2549
f 2772 2773 2549
f 2549 2773 2417
f 2548 2546 2772
f 2546 2545 2772
f 2772 2545 2771
f 2545 2550 2771
f 2771 2550 2552
f 2749 2544 2774
f 2544 2543 2774
f 2543 2542 2774
f 2774 2542 2773
f 2542 2418 2773
f 2773 2418 2417
f 2747 2531 2775
f 2531 2533 2775
f 2533 2535 2775
f 2775 2535 2749
f 2535 2537 2749
f 2749 2537 2539
f 2776 2527 2748
f 2527 2526 2748
f 2748 2526 2531
f 2777 2522 2776
f 2522 2528 2776
f 2776 2528 2527
f 2778 2525 2777
f 2525 2524 2777
f 2777 2524 2522
f 2513 2520 2779
f 2520 2519 2779
f 2779 2519 2778
f 2519 2517 2778
f 2778 2517 2525
f 2513 2779 2511
f 2779 2780 2511
f 2511 2780 2509
f 2509 2780 2508
f 2780 2781 2508
f 2508 2781 2506
f 2506 2781 2498
f 2781 2782 2498
f 2498 2782 2500
f 2500 2782 2502
f 2782 2783 2502
f 2502 2783 2503
f 2783 2784 2503
f 2503 2784 2420
f 2420 2784 2496
f 2784 2785 2496
f 2496 2785 2495
f 2495 2785 2493
f 2785 2786 2493
f 2493 2786 2491
f 2786 2787 2491
f 2491 2787 2486
f 2787 2788 2486
f 2486 2788 2471
f 2471 2788 2472
f 2788 2789 2472
f 2472 2789 2474
f 2790 2479 2791
f 2479 2477 2791
f 2791 2477 2789
f 2477 2476 2789
f 2789 2476 2474
f 2792 2483 2790
f 2483 2481 2790
f 2790 2481 2479
f 2793 2467 2792
f 2467 2484 2792
f 2792 2484 2483
f 2794 2470 2793
f 2470 2469 2793
f 2793 2469 2467
f 2795 2455 2794
f 2455 2463 2794
f 2794 2463 2470
f 2796 2458 2795
f 2458 2456 2795
f 2795 2456 2455
f 2797 2451 2796
f 2451 2449 2796
f 2449 2461 2796
f 2461 2460 2796
f 2796 2460 2458
f 2442 2798 2440
f 2798 2799 2440
f 2440 2799 2445
f 2442 2444 2798
f 2444 2454 2798
f 2798 2454 2797
f 2454 2453 2797
f 2797 2453 2451
f 2746 2434 2800
f 2434 2432 2800
f 2432 2447 2800
f 2800 2447 2799
f 2447 2446 2799
f 2799 2446 2445
f 2744 2426 2801
f 2426 2428 2801
f 2428 2439 2801
f 2801 2439 2746
f 2439 2438 2746
f 2746 2438 2436
f 2624 2626 2751
f 2626 2627 2751
f 2751 2627 2745
f 2627 2425 2745
f 2745 2425 2426
f 2802 2803 2804
f 2803 2805 2804
f 2804 2805 2806
f 2805 2807 2806
f 2806 2807 2808
f 2807 2809 2808
f 2808 2809 2810
f 2809 2811 2810
f 2810 2811 2812
f 2811 2813 2812
f 2812 2813 2814
f 2813 2815 2814
f 2814 2815 2816
f 2815 2817 2816
f 2816 2817 2818
f 2817 2819 2818
f 2818 2819 2820
f 2819 2821 2820
f 2820 2821 2822
f 2821 2823 2822
f 2822 2823 2824
f 2823 2825 2824
f 2824 2825 2826
f 2825 2827 2826
f 2826 2827 2828
f 2827 2829 2828
f 2828 2829 2830
f 2829 2831 2830
f 2830 2831 2832
f 2831 2833 2832
f 2832 2833 2834
f 2833 2835 2834
f 2834 2835 2836
f 2835 2837 2836
f 2836 2837 2838
f 2837 2839 2838
f 2838 2839 2840
f 2839 2841 2840
f 2840 2841 2842
f 2841 2843 2842
f 2842 2843 2844
f 2843 2845 2844
f 2844 2845 2846
f 2845 2847 2846
f 2846 2847 2848
f 2847 2849 2848
f 2848 2849 2850
f 2849 2851 2850
f 2850 2851 2852
f 2851 2853 2852
f 2852 2853 2854
f 2853 2855 2854
f 2854 2855 2856
f 2855 2857 2856
f 2856 2857 2858
f 2857 2859 2858
f 2858 2859 2860
f 2859 2861 2860
f 2860 2861 2862
f 2861 2863 2862
f 2862 2863 2864
f 2863 2865 2864
f 2864 2865 2866
f 2865 2867 2866
f 2866 2867 2868
f 2867 2869 2868
f 2868 2869 2870
f 2869 2871 2870
f 2870 2871 2872
f 2871 2873 2872
f 2872 2873 2874
f 2873 2875 2874
f 2874 2875 2876
f 2875 2877 2876
f 2876 2877 2878
f 2877 2879 2878
f 2878 2879 2880
f 2879 2881 2880
f 2880 2881 2882
f 2881 2883 2882
f 2882 2883 2884
f 2883 2885 2884
f 2884 2885 2886
f 2885 2887 2886
f 2886 2887 2888
f 2887 2889 2888
f 2888 2889 2890
f 2889 2891 2890
f 2890 2891 2892
f 2891 2893 2892
f 2892 2893 2894
f 2893 2895 2894
f 2894 2895 2896
f 2895 2897 2896
f 2896 2897 2898
f 2897 2899 2898
f 2898 2899 2900
f 2899 2901 2900
f 2900 2901 2902
f 2901 2903 2902
f 2902 2903 2904
f 2903 2905 2904
f 2904 2905 2906
f 2905 2907 2906
f 2906 2907 2908
f 2907 2909 2908
f 2908 2909 2910
f 2909 2911 2910
f 2910 2911 2912
f 2911 2913 2912
f 2912 2913 2914
f 2913 2915 2914
f 2914 2915 2916
f 2915 2917 2916
f 2916 2917 2802
f 2917 2803 2802
f 2918 2919 2920
f 2919 2921 2920
f 2920 2921 2922
f 2921 2923 2922
f 2922 2923 2924
f 2923 2925 2924
f 2924 2925 2926
f 2925 2927 2926
f 2926 2927 2928
f 2927 2929 2928
f 2928 2929 2930
f 2929 2931 2930
f 2930 2931 2932
f 2931 2933 2932
f 2932 2933 2934
f 2933 2935 2934
f 2934 2935 2936
f 2935 2937 2936
f 2936 2937 2938
f 2937 2939 2938
f 2938 2939 2940
f 2939 2941 2940
f 2940 2941 2942
f 2941 2943 2942
f 2942 2943 2944
f 2943 2945 2944
f 2944 2945 2946
f 2945 2947 2946
f 2946 2947 2948
f 2947 2949 2948
f 2948 2949 2950
f 2949 2951 2950
f 2950 2951 2952
f 2951 2953 2952
f 2952 2953 2954
f 2953 2955 2954
f 2954 2955 2956
f 2955 2957 2956
f 2956 2957 2958
f 2957 2959 2958
f 2958 2959 2960
f 2959 2961 2960
f 2960 2961 2962
f 2961 2963 2962
f 2962 2963 2964
f 2963 2965 2964
f 2964 2965 2966
f 2965 2967 2966
f 2966 2967 2968
f 2967 2969 2968
f 2968 2969 2970
f 2969 2971 2970
f 2970 2971 2972
f 2971 2973 2972
f 2972 2973 2974
f 2973 2975 2974
f 2974 2975 2976
f 2975 2977 2976
f 2976 2977 2978
f 2977 2979 2978
f 2978 2979 2980
f 2979 2981 2980
f 2980 2981 2982
f 2981 2983 2982
f 2982 2983 2984
f 2983 2985 2984
f 2984 2985 2986
f 2985 2987 2986
f 2986 2987 2988
f 2987 2989 2988
f 2988 2989 2990
f 2989 2991 2990
f 2990 2991 2992
f 2991 2993 2992
f 2992 2993 2994
f 2993 2995 2994
f 2994 2995 2996
f 2995 2997 2996
f 2996 2997 2998
f 2997 2999 2998
f 2998 2999 3000
f 2999 3001 3000
f 3000 3001 3002
f 3001 3003 3002
f 3002 3003 3004
f 3003 3005 3004
f 3004 3005 3006
f 3005 3007 3006
f 3006 3007 3008
f 3007 3009 3008
f 3008 3009 3010
f 3009 3011 3010
f 3010 3011 3012
f 3011 3013 3012
f 3012 3013 3014
f 3013 3015 3014
f 3014 3015 3016
f 3015 3017 3016
f 3016 3017 3018
f 3017 3019 3018
f 3018 3019 3020
f 3019 3021 3020
f 3020 3021 3022
f 3021 3023 3022
f 3022 3023 3024
f 3023 3025 3024
f 3024 3025 3026
f 3025 3027 3026
f 3026 3027 3028
f 3027 3029 3028
f 3028 3029 3030
f 3029 3031 3030
f 3030 3031 3032
f 3031 3033 3032
f 3032 3033 2918
f 3033 2919 2918
f 3034 3035 2357
f 2030 2034 3024
f 2160 2158 3036
f 2085 2087 3030
f 2085 3030 2083
f 2079 2081 3037
f 2087 2089 3030
f 2089 2076 3030
f 3030 2076 2066
f 2110 2103 3038
f 2110 3038 2117
f 2115 2114 3038
f 2114 2118 3038
f 3038 2118 2117
f 2103 2101 3038
f 2101 2093 3038
f 3038 2093 3039
f 2093 2092 3039
f 3039 2092 3037
f 2092 2097 3037
f 3037 2097 2079
f 2143 2141 3040
f 3040 2141 3041
f 2141 2139 3041
f 2139 2138 3041
f 3041 2138 3042
f 2138 2130 3042
f 3042 2130 2128
f 2128 2121 3042
f 2121 2123 3042
f 3042 2123 3043
f 2123 2125 3043
f 3043 2125 3038
f 2125 2126 3038
f 3038 2126 2115
f 2158 2157 3036
f 2157 2155 3036
f 3036 2155 2153
f 2153 2150 3036
f 2150 2148 3036
f 3036 2148 3044
f 2148 2146 3044
f 2146 2145 3044
f 2145 2135 3044
f 3044 2135 3040
f 2135 2144 3040
f 3040 2144 2143
f 2007 1979 3020
f 1979 2002 3020
f 3020 2002 1997
f 1997 1995 3020
f 1995 1985 3020
f 3020 1985 1987
f 1987 1989 3020
f 1989 1991 3020
f 3020 1991 1980
f 1980 1982 3020
f 1982 1984 3020
f 3020 1984 2187
f 2179 3036 2184
f 3036 3045 2184
f 2184 3045 2191
f 3045 3046 2191
f 2191 3046 2189
f 2179 2181 3036
f 2181 2175 3036
f 3036 2175 2177
f 2177 2178 3036
f 2178 2173 3036
f 3036 2173 2171
f 2171 2169 3036
f 2169 2167 3036
f 3036 2167 2166
f 2166 2164 3036
f 2164 2162 3036
f 3036 2162 2160
f 2034 2032 3024
f 2032 2031 3024
f 3024 2031 3022
f 2031 2020 3022
f 2020 2023 3022
f 2023 2014 3022
f 3022 2014 2016
f 2016 2017 3022
f 2017 2012 3022
f 3022 2012 3020
f 2012 2010 3020
f 3020 2010 2007
f 2043 2041 3026
f 2041 2040 3026
f 2040 2038 3026
f 2038 2037 3026
f 3026 2037 3024
f 2037 2028 3024
f 3024 2028 2030
f 2075 2064 3028
f 2075 3028 2074
f 2066 2068 3030
f 2068 2070 3030
f 3030 2070 3028
f 2070 2072 3028
f 3028 2072 2074
f 2064 2061 3028
f 2061 2059 3028
f 3028 2059 2058
f 2058 2056 3028
f 2056 2054 3028
f 3028 2054 2051
f 2051 2049 3028
f 2049 2047 3028
f 3028 2047 3026
f 2047 2045 3026
f 3026 2045 2043
f 2333 3047 2334
f 3047 3048 2334
f 2334 3048 2328
f 2333 2325 3047
f 2325 2318 3047
f 3047 2318 2316
f 2316 2308 3047
f 2308 2307 3047
f 3047 2307 2312
f 2298 2300 3047
f 2312 2294 3047
f 2294 2296 3047
f 3047 2296 2298
f 2302 2304 2990
f 2304 2291 2990
f 2990 2291 2286
f 2286 2288 2990
f 2288 2282 2990
f 2990 2282 2284
f 2284 2285 2990
f 2285 2280 2990
f 2990 2280 2277
f 2277 2275 2990
f 2275 2274 2990
f 2990 2274 2272
f 2339 2341 3049
f 2339 3049 2337
f 2341 2342 3049
f 2342 2331 3049
f 3049 2331 3048
f 2331 2329 3048
f 3048 2329 2328
f 2357 3035 2359
f 2368 2366 3035
f 2366 2364 3035
f 2364 2362 3035
f 2362 2361 3035
f 3035 2361 2359
f 3034 2357 3050
f 2357 2355 3050
f 3050 2355 2353
f 2353 2352 3050
f 2352 2350 3050
f 3050 2350 3051
f 2350 2349 3051
f 3051 2349 3049
f 2349 2345 3049
f 3049 2345 2337
f 2399 2400 3052
f 2400 2389 3052
f 3052 2389 2387
f 2387 2385 3052
f 2385 2383 3052
f 3052 2383 2382
f 2382 2380 3052
f 2380 2378 3052
f 3052 2378 2375
f 2375 2374 3052
f 2374 2372 3052
f 3052 2372 3053
f 3053 2372 3035
f 2372 2370 3035
f 3035 2370 2368
f 2982 2202 2980
f 2202 2204 2980
f 2980 2204 2206
f 2206 2208 2980
f 2208 2197 2980
f 2980 2197 2199
f 2199 2201 2980
f 2201 2404 2980
f 2980 2404 2406
f 3054 2408 3055
f 2408 2401 3055
f 3055 2401 3052
f 2401 2391 3052
f 3052 2391 2393
f 2393 2395 3052
f 2395 2397 3052
f 3052 2397 2399
f 2220 2219 2982
f 2220 2982 2225
f 2234 2233 2982
f 2233 2230 2982
f 2982 2230 2225
f 2219 2214 2982
f 2214 2212 2982
f 2982 2212 2202
f 2243 2245 2986
f 2245 2248 2986
f 2986 2248 2984
f 2248 2250 2984
f 2984 2250 2196
f 2196 2238 2984
f 2238 2237 2984
f 2984 2237 2982
f 2237 2236 2982
f 2982 2236 2234
f 2272 2270 2990
f 2270 2268 2990
f 2990 2268 2988
f 2268 2266 2988
f 2988 2266 2264
f 2264 2262 2988
f 2262 2259 2988
f 2988 2259 2257
f 2257 2256 2988
f 2256 2254 2988
f 2988 2254 2986
f 2254 2253 2986
f 2986 2253 2243
f 557 553 3056
f 2938 3057 2936
f 3057 557 2936
f 3056 553 3058
f 3059 3060 2940
f 3060 3061 2940
f 2940 3061 2938
f 3061 3062 2938
f 2938 3062 3057
f 2441 2431 2942
f 2441 2942 2443
f 2431 2433 2942
f 2433 2435 2942
f 2942 2435 2437
f 2437 2427 2942
f 2427 2429 2942
f 2942 2429 2430
f 2430 2424 2942
f 2424 2423 2942
f 2942 2423 2625
f 2940 2942 3059
f 2942 2625 3059
f 3059 2625 3063
f 2625 2623 3063
f 3063 2623 3064
f 2623 2616 3064
f 3064 2616 2619
f 2619 2612 3064
f 2612 2614 3064
f 3064 2614 2615
f 2615 2610 3064
f 2610 2608 3064
f 3064 2608 2606
f 2606 2604 3064
f 2604 2603 3064
f 3064 2603 2596
f 2596 2598 3064
f 2598 2600 3064
f 3064 2600 2413
f 2413 2412 3064
f 2412 2591 3064
f 3064 2591 2593
f 2593 2590 3064
f 2590 2588 3064
f 3064 2588 3065
f 2588 2587 3065
f 3065 2587 3066
f 2587 2585 3066
f 3066 2585 2584
f 2584 2582 3066
f 2582 2580 3066
f 3066 2580 3067
f 2580 2578 3067
f 3067 2578 3068
f 2578 2576 3068
f 3068 2576 2575
f 2575 2416 3068
f 2416 2572 3068
f 3068 2572 3069
f 2572 2564 3069
f 3069 2564 3070
f 2564 2563 3070
f 2563 2569 3070
f 2569 2567 3070
f 3070 2567 2566
f 2566 2561 3070
f 2561 2559 3070
f 3070 2559 2557
f 2557 2555 3070
f 2555 2553 3070
f 3070 2553 3071
f 2553 2551 3071
f 3071 2551 3072
f 2551 2547 3072
f 3072 2547 2419
f 2530 2529 2952
f 2419 2541 3072
f 2541 2540 3072
f 3072 2540 2538
f 2538 2536 3072
f 2536 2534 3072
f 3072 2534 2532
f 2529 2521 2952
f 2521 2523 2952
f 2952 2523 2516
f 2516 2518 2952
f 2518 2512 2952
f 2952 2512 2514
f 2514 2515 2952
f 2515 2510 2952
f 2952 2510 2507
f 2532 2530 3072
f 2530 2952 3072
f 3072 2952 3073
f 2952 2954 3073
f 3073 2954 3074
f 3074 2954 3075
f 2954 2956 3075
f 3075 2956 3076
f 3077 3078 3079
f 3079 3080 3077
f 3080 3081 3077
f 3077 3081 3082
f 3081 554 3082
f 3082 554 559
f 3083 3084 3085
f 3085 3086 3083
f 3086 3087 3083
f 3083 3087 3078
f 3087 3088 3078
f 3078 3088 3079
f 3089 3090 3091
f 3090 3092 3091
f 3091 3092 3084
f 3092 3093 3084
f 3084 3093 3085
f 3094 3095 3089
f 3095 3096 3089
f 3089 3096 3090
f 3097 3098 3094
f 3098 3099 3094
f 3094 3099 3095
f 3100 3101 3097
f 3101 3102 3097
f 3097 3102 3098
f 553 3103 3058
f 3103 3104 3058
f 3058 3104 3100
f 3104 3105 3100
f 3100 3105 3101
f 2480 2482 2946
f 2482 2466 2946
f 2946 2466 2944
f 2466 2468 2944
f 2468 2462 2944
f 2944 2462 2464
f 2464 2465 2944
f 2465 2457 2944
f 2944 2457 2459
f 2459 2448 2944
f 2448 2450 2944
f 2944 2450 2942
f 2450 2452 2942
f 2942 2452 2443
f 2489 2485 2948
f 2485 2487 2948
f 2948 2487 2488
f 2488 2473 2948
f 2473 2475 2948
f 2948 2475 2946
f 2475 2478 2946
f 2946 2478 2480
f 2499 2501 2950
f 2501 2422 2950
f 2950 2422 2421
f 2507 2505 2952
f 2505 2504 2952
f 2952 2504 2950
f 2504 2497 2950
f 2950 2497 2499
f 2421 2494 2950
f 2494 2492 2950
f 2950 2492 2948
f 2492 2490 2948
f 2948 2490 2489
f 119 3106 3107
f 3108 3109 3106
f 3109 3110 3106
f 3106 3110 3107
f 3111 3112 3113
f 3113 3114 3111
f 3114 3115 3111
f 3111 3115 3108
f 3115 3116 3108
f 3108 3116 3109
f 3117 3118 3119
f 3118 3120 3119
f 3119 3120 3112
f 3120 3121 3112
f 3112 3121 3113
f 3122 3123 3117
f 3123 3124 3117
f 3117 3124 3118
f 3125 3126 3122
f 3126 3127 3122
f 3122 3127 3123
f 3128 3129 3125
f 3129 3130 3125
f 3125 3130 3126
f 3131 537 3128
f 537 3132 3128
f 3128 3132 3129
f 3016 3018 3133
f 541 3014 3134
f 3014 3016 3134
f 3134 3016 3135
f 3016 3133 3135
f 2187 2189 3020
f 2189 3046 3020
f 3020 3046 3018
f 3046 3136 3018
f 3018 3136 3133
f 2081 2083 3037
f 2083 3030 3037
f 3037 3030 3137
f 3030 3032 3137
f 3137 3032 3138
f 3138 3032 3139
f 3032 2918 3139
f 3139 2918 543
f 2976 2978 3140
f 2406 2408 2980
f 2408 3054 2980
f 2980 3054 2978
f 3054 3141 2978
f 2978 3141 3140
f 2300 2302 3047
f 2302 2990 3047
f 3047 2990 3142
f 2990 2992 3142
f 3142 2992 3143
f 3143 2992 3144
f 2992 2994 3144
f 3144 2994 3145
f 3146 3147 3148
f 3148 3149 3146
f 3149 3150 3146
f 3146 3150 3151
f 3150 546 3151
f 3151 546 551
f 3152 3153 3154
f 3154 3155 3152
f 3155 3156 3152
f 3152 3156 3147
f 3156 3157 3147
f 3147 3157 3148
f 3158 3159 3160
f 3159 3161 3160
f 3160 3161 3153
f 3161 3162 3153
f 3153 3162 3154
f 3163 3164 3158
f 3164 3165 3158
f 3158 3165 3159
f 3166 3167 3163
f 3167 3168 3163
f 3163 3168 3164
f 3169 3170 3166
f 3170 3171 3166
f 3166 3171 3167
f 3172 545 413
f 545 3173 413
f 413 3173 3169
f 3173 3174 3169
f 3169 3174 3170
f 3145 2994 551
f 2994 2996 551
f 551 2996 3151
f 2996 2998 3151
f 3151 2998 3175
f 2998 3000 3175
f 3175 3000 3176
f 3000 3002 3176
f 3176 3002 3177
f 3002 3004 3177
f 3177 3004 3178
f 3004 3006 3178
f 3178 3006 3179
f 3006 3008 3179
f 3179 3008 3180
f 3008 3010 3180
f 3180 3010 3181
f 3010 3012 3181
f 3181 3012 3182
f 3012 3014 3182
f 3182 3014 3131
f 3014 541 3131
f 3131 541 537
f 3140 3183 2976
f 3183 549 2976
f 2976 549 2974
f 3076 2956 559
f 2956 2958 559
f 559 2958 3082
f 2958 2960 3082
f 3082 2960 3184
f 2960 2962 3184
f 3184 2962 3185
f 2962 2964 3185
f 3185 2964 3186
f 2964 2966 3186
f 3186 2966 3187
f 2966 2968 3187
f 3187 2968 3188
f 2968 2970 3188
f 3188 2970 3189
f 2970 2972 3189
f 3189 2972 3190
f 2972 2974 3190
f 3190 2974 3172
f 2974 549 3172
f 3172 549 545
f 557 3056 2936
f 3056 3191 2936
f 2936 3191 2934
f 3191 3192 2934
f 2934 3192 2932
f 3192 3193 2932
f 2932 3193 2930
f 3193 3194 2930
f 2930 3194 2928
f 3194 3195 2928
f 2928 3195 2926
f 3195 3196 2926
f 2926 3196 2924
f 3196 3197 2924
f 2924 3197 2922
f 3197 3198 2922
f 2922 3198 2920
f 3107 3199 119
f 3199 538 119
f 119 538 3198
f 538 543 3198
f 3198 543 2920
f 543 2918 2920
f 2891 3003 2893
f 3003 3001 2893
f 2893 3001 2895
f 3001 2999 2895
f 2895 2999 2897
f 2999 2997 2897
f 2897 2997 2899
f 2997 2995 2899
f 2899 2995 2901
f 2995 2993 2901
f 2901 2993 2903
f 2993 2991 2903
f 2903 2991 2905
f 2991 2989 2905
f 2905 2989 2907
f 2989 2987 2907
f 2907 2987 2909
f 2987 2985 2909
f 2909 2985 2911
f 2985 2983 2911
f 2911 2983 2913
f 2983 2981 2913
f 2913 2981 2915
f 2981 2979 2915
f 2915 2979 2917
f 2979 2977 2917
f 2917 2977 2803
f 2977 2975 2803
f 2803 2975 2805
f 2975 2973 2805
f 2805 2973 2807
f 2973 2971 2807
f 2807 2971 2809
f 2971 2969 2809
f 2809 2969 2811
f 2969 2967 2811
f 2811 2967 2813
f 2967 2965 2813
f 2813 2965 2815
f 2965 2963 2815
f 2815 2963 2817
f 2963 2961 2817
f 2817 2961 2819
f 2961 2959 2819
f 2819 2959 2821
f 2959 2957 2821
f 2821 2957 2823
f 2957 2955 2823
f 2823 2955 2825
f 2955 2953 2825
f 2825 2953 2827
f 2953 2951 2827
f 2827 2951 2829
f 2951 2949 2829
f 2829 2949 2831
f 2949 2947 2831
f 2831 2947 2833
f 2947 2945 2833
f 2833 2945 2835
f 2945 2943 2835
f 2835 2943 2837
f 2943 2941 2837
f 2837 2941 2839
f 2941 2939 2839
f 2839 2939 2841
f 2939 2937 2841
f 2841 2937 2843
f 2937 2935 2843
f 2843 2935 2845
f 2935 2933 2845
f 2845 2933 2847
f 2933 2931 2847
f 2847 2931 2849
f 2931 2929 2849
f 2849 2929 2851
f 2929 2927 2851
f 2851 2927 2853
f 2927 2925 2853
f 2853 2925 2855
f 2925 2923 2855
f 2855 2923 2857
f 2923 2921 2857
f 2857 2921 2859
f 2921 2919 2859
f 2859 2919 2861
f 2919 3033 2861
f 2861 3033 2863
f 3033 3031 2863
f 2863 3031 2865
f 3031 3029 2865
f 2865 3029 2867
f 3029 3027 2867
f 2867 3027 2869
f 3027 3025 2869
f 2869 3025 2871
f 3025 3023 2871
f 2871 3023 2873
f 3023 3021 2873
f 2873 3021 2875
f 3021 3019 2875
f 2875 3019 2877
f 3019 3017 2877
f 2877 3017 2879
f 3017 3015 2879
f 2879 3015 2881
f 3015 3013 2881
f 2881 3013 2883
f 3013 3011 2883
f 2883 3011 2885
f 3011 3009 2885
f 2885 3009 2887
f 3009 3007 2887
f 2887 3007 2889
f 3007 3005 2889
f 2889 3005 2891
f 3005 3003 2891
f 2844 3191 2842
f 3191 3056 2842
f 2842 3056 2840
f 3056 3058 2840
f 2840 3058 2838
f 3058 3100 2838
f 2838 3100 2836
f 3100 3097 2836
f 2836 3097 2834
f 3097 3094 2834
f 2834 3094 2832
f 3094 3089 2832
f 2832 3089 2830
f 3089 3091 2830
f 2830 3091 2828
f 3091 3084 2828
f 2828 3084 2826
f 3084 3083 2826
f 2826 3083 2824
f 3083 3078 2824
f 2824 3078 2822
f 3078 3077 2822
f 2822 3077 2820
f 3077 3082 2820
f 2820 3082 2818
f 3082 3184 2818
f 2818 3184 2816
f 3184 3185 2816
f 2816 3185 2814
f 3185 3186 2814
f 2814 3186 2812
f 3186 3187 2812
f 2812 3187 2810
f 3187 3188 2810
f 2810 3188 2808
f 3188 3189 2808
f 2808 3189 2806
f 3189 3190 2806
f 2806 3190 2804
f 3190 3172 2804
f 2804 3172 2802
f 3172 413 2802
f 2802 413 2916
f 413 3169 2916
f 2916 3169 2914
f 3169 3166 2914
f 2914 3166 2912
f 3166 3163 2912
f 2912 3163 2910
f 3163 3158 2910
f 2910 3158 2908
f 3158 3160 2908
f 2908 3160 2906
f 3160 3153 2906
f 2906 3153 2904
f 3153 3152 2904
f 2904 3152 2902
f 3152 3147 2902
f 2902 3147 2900
f 3147 3146 2900
f 2900 3146 2898
f 3146 3151 2898
f 2898 3151 2896
f 3151 3175 2896
f 2896 3175 2894
f 3175 3176 2894
f 2894 3176 2892
f 3176 3177 2892
f 2892 3177 2890
f 3177 3178 2890
f 2890 3178 2888
f 3178 3179 2888
f 2888 3179 2886
f 3179 3180 2886
f 2886 3180 2884
f 3180 3181 2884
f 2884 3181 2882
f 3181 3182 2882
f 2882 3182 2880
f 3182 3131 2880
f 2880 3131 2878
f 3131 3128 2878
f 2878 3128 2876
f 3128 3125 2876
f 2876 3125 2874
f 3125 3122 2874
f 2874 3122 2872
f 3122 3117 2872
f 2872 3117 2870
f 3117 3119 2870
f 2870 3119 2868
f 3119 3112 2868
f 2868 3112 2866
f 3112 3111 2866
f 2866 3111 2864
f 3111 3108 2864
f 2864 3108 2862
f 3108 3106 2862
f 2862 3106 2860
f 3106 119 2860
f 2860 119 2858
f 119 3198 2858
f 2858 3198 2856
f 3198 3197 2856
f 2856 3197 2854
f 3197 3196 2854
f 2854 3196 2852
f 3196 3195 2852
f 2852 3195 2850
f 3195 3194 2850
f 2850 3194 2848
f 3194 3193 2848
f 2848 3193 2846
f 3193 3192 2846
f 2846 3192 2844
f 3192 3191 2844
f 3104 3103 3081
f 3103 553 3081
f 3081 553 554
f 3081 3080 3104
f 3080 3079 3104
f 3104 3079 3105
f 3079 3088 3105
f 3105 3088 3101
f 3088 3102 3101
f 3088 3087 3102
f 3087 3086 3102
f 3102 3086 3098
f 3086 3085 3098
f 3098 3085 3099
f 3085 3095 3099
f 3085 3093 3095
f 3093 3092 3095
f 3095 3092 3096
f 3092 3090 3096
f 3076 559 3057
f 559 557 3057
f 3074 3075 3061
f 3076 3057 3075
f 3057 3062 3075
f 3075 3062 3061
f 3074 3061 3073
f 3061 3060 3073
f 3073 3060 3072
f 3060 3059 3072
f 3059 3063 3072
f 3072 3063 3071
f 3063 3064 3071
f 3071 3064 3070
f 3064 3069 3070
f 3064 3065 3069
f 3065 3066 3069
f 3069 3066 3068
f 3066 3067 3068
f 538 3199 537
f 3199 3107 537
f 537 3107 3132
f 3132 3107 3129
f 3107 3110 3129
f 3129 3110 3130
f 3110 3109 3130
f 3130 3109 3126
f 3109 3116 3126
f 3126 3116 3127
f 3116 3115 3127
f 3127 3115 3123
f 3115 3114 3123
f 3123 3114 3124
f 3114 3113 3124
f 3124 3113 3118
f 3113 3121 3118
f 3118 3121 3120
f 3139 543 541
f 3139 541 3138
f 541 3134 3138
f 3134 3135 3138
f 3138 3135 3137
f 3135 3133 3137
f 3137 3133 3037
f 3133 3136 3037
f 3037 3136 3039
f 3136 3046 3039
f 3039 3046 3038
f 3046 3045 3038
f 3038 3045 3043
f 3045 3036 3043
f 3043 3036 3042
f 3036 3044 3042
f 3042 3044 3041
f 3044 3040 3041
f 3173 545 546
f 3173 546 3174
f 546 3150 3174
f 3150 3149 3174
f 3174 3149 3170
f 3149 3148 3170
f 3170 3148 3171
f 3148 3157 3171
f 3171 3157 3167
f 3157 3156 3167
f 3167 3156 3168
f 3156 3155 3168
f 3168 3155 3164
f 3155 3154 3164
f 3164 3154 3165
f 3154 3162 3165
f 3165 3162 3159
f 3162 3161 3159
f 549 3183 551
f 3183 3140 551
f 551 3140 3145
f 3145 3140 3144
f 3140 3141 3144
f 3144 3141 3143
f 3141 3054 3143
f 3143 3054 3142
f 3054 3055 3142
f 3142 3055 3047
f 3055 3052 3047
f 3047 3052 3048
f 3052 3053 3048
f 3048 3053 3049
f 3053 3035 3049
f 3049 3035 3051
f 3035 3034 3051
f 3051 3034 3050
f 539 540 537
f 540 538 537
f 540 544 538
f 544 543 538
f 560 558 559
f 558 557 559
f 558 555 557
f 555 553 557
f 558 560 555
f 560 556 555
f 2745 2744 3200
f 2752 2750 3200
f 2750 2751 3200
f 3200 2751 2745
f 2755 2754 3200
f 2754 2753 3200
f 3200 2753 2752
f 2757 2758 3200
f 2758 2756 3200
f 3200 2756 2755
f 2761 2762 3200
f 2762 2759 3200
f 3200 2759 2757
f 2765 2763 3200
f 2763 2760 3200
f 3200 2760 2761
f 2767 2766 3200
f 2766 2764 3200
f 3200 2764 2765
f 2770 2768 3200
f 2768 2769 3200
f 3200 2769 2767
f 2773 2772 3200
f 2772 2771 3200
f 3200 2771 2770
f 2775 2749 3200
f 2749 2774 3200
f 3200 2774 2773
f 2776 2748 3200
f 2748 2747 3200
f 3200 2747 2775
f 2779 2778 3200
f 2778 2777 3200
f 3200 2777 2776
f 2782 2781 3200
f 2781 2780 3200
f 3200 2780 2779
f 2785 2784 3200
f 2784 2783 3200
f 3200 2783 2782
f 2788 2787 3200
f 2787 2786 3200
f 3200 2786 2785
f 2790 2791 3200
f 2791 2789 3200
f 3200 2789 2788
f 2794 2793 3200
f 2793 2792 3200
f 3200 2792 2790
f 2797 2796 3200
f 2796 2795 3200
f 3200 2795 2794
f 2800 2799 3200
f 2799 2798 3200
f 3200 2798 2797
f 2744 2801 3200
f 2801 2746 3200
f 3200 2746 2800
f 2629 2628 3201
f 2634 2632 3201
f 2632 2633 3201
f 3201 2633 2629
f 2637 2636 3201
f 2636 2635 3201
f 3201 2635 2634
f 2639 2640 3201
f 2640 2638 3201
f 3201 2638 2637
f 2643 2644 3201
f 2644 2641 3201
f 3201 2641 2639
f 2647 2645 3201
f 2645 2642 3201
f 3201 2642 2643
f 2649 2648 3201
f 2648 2646 3201
f 3201 2646 2647
f 2652 2650 3201
f 2650 2651 3201
f 3201 2651 2649
f 2655 2654 3201
f 2654 2653 3201
f 3201 2653 2652
f 2657 2631 3201
f 2631 2656 3201
f 3201 2656 2655
f 2660 2659 3201
f 2659 2658 3201
f 3201 2658 2657
f 2663 2662 3201
f 2662 2661 3201
f 3201 2661 2660
f 2666 2665 3201
f 2665 2664 3201
f 3201 2664 2663
f 2669 2668 3201
f 2668 2667 3201
f 3201 2667 2666
f 2672 2671 3201
f 2671 2670 3201
f 3201 2670 2669
f 2674 2675 3201
f 2675 2673 3201
f 3201 2673 2672
f 2678 2677 3201
f 2677 2676 3201
f 3201 2676 2674
f 2680 2681 3201
f 2681 2679 3201
f 3201 2679 2678
f 2684 2683 3201
f 2683 2682 3201
f 3201 2682 2680
f 2628 2685 3201
f 2685 2630 3201
f 3201 2630 2684
f 2687 2686 3202
f 2692 2690 3202
f 2690 2691 3202
f 3202 2691 2687
f 2695 2694 3202
f 2694 2693 3202
f 3202 2693 2692
f 2697 2698 3202
f 2698 2696 3202
f 3202 2696 2695
f 2701 2702 3202
f 2702 2699 3202
f 3202 2699 2697
f 2705 2703 3202
f 2703 2700 3202
f 3202 2700 2701
f 2707 2706 3202
f 2706 2704 3202
f 3202 2704 2705
f 2710 2708 3202
f 2708 2709 3202
f 3202 2709 2707
f 2713 2712 3202
f 2712 2711 3202
f 3202 2711 2710
f 2715 2689 3202
f 2689 2714 3202
f 3202 2714 2713
f 2718 2717 3202
f 2717 2716 3202
f 3202 2716 2715
f 2721 2720 3202
f 2720 2719 3202
f 3202 2719 2718
f 2724 2723 3202
f 2723 2722 3202
f 3202 2722 2721
f 2727 2726 3202
f 2726 2725 3202
f 3202 2725 2724
f 2730 2729 3202
f 2729 2728 3202
f 3202 2728 2727
f 2732 2733 3202
f 2733 2731 3202
f 3202 2731 2730
f 2736 2735 3202
f 2735 2734 3202
f 3202 2734 2732
f 2738 2739 3202
f 2739 2737 3202
f 3202 2737 2736
f 2742 2741 3202
f 2741 2740 3202
f 3202 2740 2738
f 2686 2743 3202
f 2743 2688 3202
f 3202 2688 2742
f 556 560 554
f 560 559 554
f 555 556 553
f 556 554 553
f 550 552 547
f 552 548 547
f 550 547 549
f 547 545 549
f 552 550 551
f 550 549 551
f 548 552 546
f 552 551 546
f 547 548 545
f 548 546 545
f 542 544 539
f 544 540 539
f 542 539 541
f 539 537 541
f 544 542 543
f 542 541 543
f 3203 3204 3205
f 3204 3206 3205
f 3207 3203 3208
f 3203 3205 3208
f 3209 3207 3210
f 3207 3208 3210
f 3204 3209 3206
f 3209 3210 3206
f 3210 3208 3206
f 3208 3205 3206
f 3207 3209 3203
f 3209 3204 3203
f 1664 1743 1666
f 1743 1744 1666
f 1666 1744 1668
f 1744 1745 1668
f 1668 1745 1670
f 1745 1746 1670
f 1670 1746 1672
f 1746 1747 1672
f 1672 1747 1674
f 1747 1748 1674
f 1674 1748 1676
f 1748 1749 1676
f 1676 1749 1678
f 1749 1750 1678
f 1678 1750 1680
f 1750 1751 1680
f 1680 1751 1682
f 1751 1752 1682
f 1682 1752 1684
f 1752 1753 1684
f 1684 1753 1686
f 1753 1754 1686
f 1686 1754 1688
f 1754 1755 1688
f 1688 1755 1690
f 1755 1756 1690
f 1690 1756 1692
f 1756 1757 1692
f 1692 1757 1694
f 1757 1758 1694
f 1694 1758 1696
f 1758 1759 1696
f 1696 1759 1698
f 1759 1760 1698
f 1698 1760 1700
f 1760 1761 1700
f 1700 1761 1702
f 1761 1762 1702
f 1702 1762 1704
f 1762 1763 1704
f 1704 1763 1706
f 1763 1764 1706
f 1706 1764 1708
f 1764 1765 1708
f 1708 1765 1710
f 1765 1766 1710
f 1710 1766 1712
f 1766 1767 1712
f 1712 1767 1714
f 1767 1768 1714
f 1714 1768 1716
f 1768 1769 1716
f 1716 1769 1718
f 1769 1770 1718
f 1718 1770 1720
f 1770 1771 1720
f 1720 1771 1722
f 1771 1772 1722
f 1722 1772 1724
f 1772 1773 1724
f 1724 1773 1726
f 1773 1774 1726
f 1726 1774 1728
f 1774 1775 1728
f 1728 1775 1730
f 1775 1776 1730
f 1730 1776 1732
f 1776 1777 1732
f 1732 1777 1734
f 1777 1778 1734
f 1734 1778 1736
f 1778 1779 1736
f 1736 1779 1738
f 1779 1780 1738
f 1738 1780 1740
f 1780 1781 1740
f 1740 1781 1742
f 1781 1782 1742
f 1742 1782 1628
f 1782 1783 1628
f 1628 1783 1630
f 1783 1784 1630
f 1630 1784 1632
f 1784 1785 1632
f 1632 1785 1634
f 1785 1786 1634
f 1634 1786 1636
f 1786 1787 1636
f 1636 1787 1638
f 1787 1788 1638
f 1638 1788 1640
f 1788 1789 1640
f 1640 1789 1642
f 1789 1790 1642
f 1642 1790 1644
f 1790 1791 1644
f 1644 1791 1646
f 1791 1792 1646
f 1646 1792 1648
f 1792 1793 1648
f 1648 1793 1650
f 1793 1794 1650
f 1650 1794 1652
f 1794 1795 1652
f 1652 1795 1654
f 1795 1796 1654
f 1654 1796 1656
f 1796 1797 1656
f 1656 1797 1658
f 1797 1798 1658
f 1658 1798 1660
f 1798 1799 1660
f 1660 1799 1662
f 1799 1800 1662
f 1662 1800 1664
f 1800 1743 1664
f 1918 1919 1920
f 1921 1922 1920
f 1922 1923 1920
f 1920 1923 1918
f 1924 1925 1920
f 1925 1926 1920
f 1920 1926 1921
f 1927 1928 1920
f 1928 1929 1920
f 1920 1929 1924
f 1930 1931 1920
f 1931 1932 1920
f 1920 1932 1927
f 1933 1934 1920
f 1934 1935 1920
f 1920 1935 1930
f 1936 1937 1920
f 1937 1938 1920
f 1920 1938 1933
f 1939 1940 1920
f 1940 1941 1920
f 1920 1941 1936
f 1942 1943 1920
f 1943 1944 1920
f 1920 1944 1939
f 1945 1946 1920
f 1946 1947 1920
f 1920 1947 1942
f 1948 1949 1920
f 1949 1950 1920
f 1920 1950 1945
f 1951 1952 1920
f 1952 1953 1920
f 1920 1953 1948
f 1954 1955 1920
f 1955 1956 1920
f 1920 1956 1951
f 1957 1958 1920
f 1958 1959 1920
f 1920 1959 1954
f 1960 1961 1920
f 1961 1962 1920
f 1920 1962 1957
f 1963 1964 1920
f 1964 1965 1920
f 1920 1965 1960
f 1966 1967 1920
f 1967 1968 1920
f 1920 1968 1963
f 1969 1970 1920
f 1970 1971 1920
f 1920 1971 1966
f 1972 1973 1920
f 1973 1974 1920
f 1920 1974 1969
f 1919 1975 1920
f 1975 1976 1920
f 1920 1976 1972
f 1853 1923 1855
f 1923 1922 1855
f 1855 1922 1857
f 1922 1921 1857
f 1857 1921 1859
f 1921 1926 1859
f 1859 1926 1861
f 1926 1925 1861
f 1861 1925 1863
f 1925 1924 1863
f 1863 1924 1865
f 1924 1929 1865
f 1865 1929 1867
f 1929 1928 1867
f 1867 1928 1869
f 1928 1927 1869
f 1869 1927 1871
f 1927 1932 1871
f 1871 1932 1873
f 1932 1931 1873
f 1873 1931 1875
f 1931 1930 1875
f 1875 1930 1877
f 1930 1935 1877
f 1877 1935 1879
f 1935 1934 1879
f 1879 1934 1881
f 1934 1933 1881
f 1881 1933 1883
f 1933 1938 1883
f 1883 1938 1885
f 1938 1937 1885
f 1885 1937 1887
f 1937 1936 1887
f 1887 1936 1889
f 1936 1941 1889
f 1889 1941 1891
f 1941 1940 1891
f 1891 1940 1893
f 1940 1939 1893
f 1893 1939 1895
f 1939 1944 1895
f 1895 1944 1897
f 1944 1943 1897
f 1897 1943 1899
f 1943 1942 1899
f 1899 1942 1901
f 1942 1947 1901
f 1901 1947 1903
f 1947 1946 1903
f 1903 1946 1905
f 1946 1945 1905
f 1905 1945 1907
f 1945 1950 1907
f 1907 1950 1909
f 1950 1949 1909
f 1909 1949 1911
f 1949 1948 1911
f 1911 1948 1913
f 1948 1953 1913
f 1913 1953 1915
f 1953 1952 1915
f 1915 1952 1917
f 1952 1951 1917
f 1917 1951 1803
f 1951 1956 1803
f 1803 1956 1805
f 1956 1955 1805
f 1805 1955 1807
f 1955 1954 1807
f 1807 1954 1809
f 1954 1959 1809
f 1809 1959 1811
f 1959 1958 1811
f 1811 1958 1813
f 1958 1957 1813
f 1813 1957 1815
f 1957 1962 1815
f 1815 1962 1817
f 1962 1961 1817
f 1817 1961 1819
f 1961 1960 1819
f 1819 1960 1821
f 1960 1965 1821
f 1821 1965 1823
f 1965 1964 1823
f 1823 1964 1825
f 1964 1963 1825
f 1825 1963 1827
f 1963 1968 1827
f 1827 1968 1829
f 1968 1967 1829
f 1829 1967 1831
f 1967 1966 1831
f 1831 1966 1833
f 1966 1971 1833
f 1833 1971 1835
f 1971 1970 1835
f 1835 1970 1837
f 1970 1969 1837
f 1837 1969 1839
f 1969 1974 1839
f 1839 1974 1841
f 1974 1973 1841
f 1841 1973 1843
f 1973 1972 1843
f 1843 1972 1845
f 1972 1976 1845
f 1845 1976 1847
f 1976 1975 1847
f 1847 1975 1849
f 1975 1919 1849
f 1849 1919 1851
f 1919 1918 1851
f 1851 1918 1853
f 1918 1923 1853
f 1627 1628 1629
f 1628 1630 1629
f 1629 1630 1631
f 1630 1632 1631
f 1631 1632 1633
f 1632 1634 1633
f 1633 1634 1635
f 1634 1636 1635
f 1635 1636 1637
f 1636 1638 1637
f 1637 1638 1639
f 1638 1640 1639
f 1639 1640 1641
f 1640 1642 1641
f 1641 1642 1643
f 1642 1644 1643
f 1643 1644 1645
f 1644 1646 1645
f 1645 1646 1647
f 1646 1648 1647
f 1647 1648 1649
f 1648 1650 1649
f 1649 1650 1651
f 1650 1652 1651
f 1651 1652 1653
f 1652 1654 1653
f 1653 1654 1655
f 1654 1656 1655
f 1655 1656 1657
f 1656 1658 1657
f 1657 1658 1659
f 1658 1660 1659
f 1659 1660 1661
f 1660 1662 1661
f 1661 1662 1663
f 1662 1664 1663
f 1663 1664 1665
f 1664 1666 1665
f 1665 1666 1667
f 1666 1668 1667
f 1667 1668 1669
f 1668 1670 1669
f 1669 1670 1671
f 1670 1672 1671
f 1671 1672 1673
f 1672 1674 1673
f 1673 1674 1675
f 1674 1676 1675
f 1675 1676 1677
f 1676 1678 1677
f 1677 1678 1679
f 1678 1680 1679
f 1679 1680 1681
f 1680 1682 1681
f 1681 1682 1683
f 1682 1684 1683
f 1683 1684 1685
f 1684 1686 1685
f 1685 1686 1687
f 1686 1688 1687
f 1687 1688 1689
f 1688 1690 1689
f 1689 1690 1691
f 1690 1692 1691
f 1691 1692 1693
f 1692 1694 1693
f 1693 1694 1695
f 1694 1696 1695
f 1695 1696 1697
f 1696 1698 1697
f 1697 1698 1699
f 1698 1700 1699
f 1699 1700 1701
f 1700 1702 1701
f 1701 1702 1703
f 1702 1704 1703
f 1703 1704 1705
f 1704 1706 1705
f 1705 1706 1707
f 1706 1708 1707
f 1707 1708 1709
f 1708 1710 1709
f 1709 1710 1711
f 1710 1712 1711
f 1711 1712 1713
f 1712 1714 1713
f 1713 1714 1715
f 1714 1716 1715
f 1715 1716 1717
f 1716 1718 1717
f 1717 1718 1719
f 1718 1720 1719
f 1719 1720 1721
f 1720 1722 1721
f 1721 1722 1723
f 1722 1724 1723
f 1723 1724 1725
f 1724 1726 1725
f 1725 1726 1727
f 1726 1728 1727
f 1727 1728 1729
f 1728 1730 1729
f 1729 1730 1731
f 1730 1732 1731
f 1731 1732 1733
f 1732 1734 1733
f 1733 1734 1735
f 1734 1736 1735
f 1735 1736 1737
f 1736 1738 1737
f 1737 1738 1739
f 1738 1740 1739
f 1739 1740 1741
f 1740 1742 1741
f 1741 1742 1627
f 1742 1628 1627
f 1627 1629 1801
f 1737 1739 1801
f 1739 1741 1801
f 1801 1741 1627
f 1731 1733 1801
f 1733 1735 1801
f 1801 1735 1737
f 1725 1727 1801
f 1727 1729 1801
f 1801 1729 1731
f 1719 1721 1801
f 1721 1723 1801
f 1801 1723 1725
f 1713 1715 1801
f 1715 1717 1801
f 1801 1717 1719
f 1707 1709 1801
f 1709 1711 1801
f 1801 1711 1713
f 1701 1703 1801
f 1703 1705 1801
f 1801 1705 1707
f 1695 1697 1801
f 1697 1699 1801
f 1801 1699 1701
f 1689 1691 1801
f 1691 1693 1801
f 1801 1693 1695
f 1683 1685 1801
f 1685 1687 1801
f 1801 1687 1689
f 1677 1679 1801
f 1679 1681 1801
f 1801 1681 1683
f 1671 1673 1801
f 1673 1675 1801
f 1801 1675 1677
f 1665 1667 1801
f 1667 1669 1801
f 1801 1669 1671
f 1659 1661 1801
f 1661 1663 1801
f 1801 1663 1665
f 1653 1655 1801
f 1655 1657 1801
f 1801 1657 1659
f 1647 1649 1801
f 1649 1651 1801
f 1801 1651 1653
f 1641 1643 1801
f 1643 1645 1801
f 1801 1645 1647
f 1635 1637 1801
f 1637 1639 1801
f 1801 1639 1641
f 1629 1631 1801
f 1631 1633 1801
f 1801 1633 1635
f 1802 1803 1804
f 1803 1805 1804
f 1804 1805 1806
f 1805 1807 1806
f 1806 1807 1808
f 1807 1809 1808
f 1808 1809 1810
f 1809 1811 1810
f 1810 1811 1812
f 1811 1813 1812
f 1812 1813 1814
f 1813 1815 1814
f 1814 1815 1816
f 1815 1817 1816
f 1816 1817 1818
f 1817 1819 1818
f 1818 1819 1820
f 1819 1821 1820
f 1820 1821 1822
f 1821 1823 1822
f 1822 1823 1824
f 1823 1825 1824
f 1824 1825 1826
f 1825 1827 1826
f 1826 1827 1828
f 1827 1829 1828
f 1828 1829 1830
f 1829 1831 1830
f 1830 1831 1832
f 1831 1833 1832
f 1832 1833 1834
f 1833 1835 1834
f 1834 1835 1836
f 1835 1837 1836
f 1836 1837 1838
f 1837 1839 1838
f 1838 1839 1840
f 1839 1841 1840
f 1840 1841 1842
f 1841 1843 1842
f 1842 1843 1844
f 1843 1845 1844
f 1844 1845 1846
f 1845 1847 1846
f 1846 1847 1848
f 1847 1849 1848
f 1848 1849 1850
f 1849 1851 1850
f 1850 1851 1852
f 1851 1853 1852
f 1852 1853 1854
f 1853 1855 1854
f 1854 1855 1856
f 1855 1857 1856
f 1856 1857 1858
f 1857 1859 1858
f 1858 1859 1860
f 1859 1861 1860
f 1860 1861 1862
f 1861 1863 1862
f 1862 1863 1864
f 1863 1865 1864
f 1864 1865 1866
f 1865 1867 1866
f 1866 1867 1868
f 1867 1869 1868
f 1868 1869 1870
f 1869 1871 1870
f 1870 1871 1872
f 1871 1873 1872
f 1872 1873 1874
f 1873 1875 1874
f 1874 1875 1876
f 1875 1877 1876
f 1876 1877 1878
f 1877 1879 1878
f 1878 1879 1880
f 1879 1881 1880
f 1880 1881 1882
f 1881 1883 1882
f 1882 1883 1884
f 1883 1885 1884
f 1884 1885 1886
f 1885 1887 1886
f 1886 1887 1888
f 1887 1889 1888
f 1888 1889 1890
f 1889 1891 1890
f 1890 1891 1892
f 1891 1893 1892
f 1892 1893 1894
f 1893 1895 1894
f 1894 1895 1896
f 1895 1897 1896
f 1896 1897 1898
f 1897 1899 1898
f 1898 1899 1900
f 1899 1901 1900
f 1900 1901 1902
f 1901 1903 1902
f 1902 1903 1904
f 1903 1905 1904
f 1904 1905 1906
f 1905 1907 1906
f 1906 1907 1908
f 1907 1909 1908
f 1908 1909 1910
f 1909 1911 1910
f 1910 1911 1912
f 1911 1913 1912
f 1912 1913 1914
f 1913 1915 1914
f 1914 1915 1916
f 1915 1917 1916
f 1916 1917 1802
f 1917 1803 1802
f 1782 1852 1783
f 1852 1854 1783
f 1783 1854 1784
f 1854 1856 1784
f 1784 1856 1785
f 1856 1858 1785
f 1785 1858 1786
f 1858 1860 1786
f 1786 1860 1787
f 1860 1862 1787
f 1787 1862 1788
f 1862 1864 1788
f 1788 1864 1789
f 1864 1866 1789
f 1789 1866 1790
f 1866 1868 1790
f 1790 1868 1791
f 1868 1870 1791
f 1791 1870 1792
f 1870 1872 1792
f 1792 1872 1793
f 1872 1874 1793
f 1793 1874 1794
f 1874 1876 1794
f 1794 1876 1795
f 1876 1878 1795
f 1795 1878 1796
f 1878 1880 1796
f 1796 1880 1797
f 1880 1882 1797
f 1797 1882 1798
f 1882 1884 1798
f 1798 1884 1799
f 1884 1886 1799
f 1799 1886 1800
f 1886 1888 1800
f 1800 1888 1743
f 1888 1890 1743
f 1743 1890 1744
f 1890 1892 1744
f 1744 1892 1745
f 1892 1894 1745
f 1745 1894 1746
f 1894 1896 1746
f 1746 1896 1747
f 1896 1898 1747
f 1747 1898 1748
f 1898 1900 1748
f 1748 1900 1749
f 1900 1902 1749
f 1749 1902 1750
f 1902 1904 1750
f 1750 1904 1751
f 1904 1906 1751
f 1751 1906 1752
f 1906 1908 1752
f 1752 1908 1753
f 1908 1910 1753
f 1753 1910 1754
f 1910 1912 1754
f 1754 1912 1755
f 1912 1914 1755
f 1755 1914 1756
f 1914 1916 1756
f 1756 1916 1757
f 1916 1802 1757
f 1757 1802 1758
f 1802 1804 1758
f 1758 1804 1759
f 1804 1806 1759
f 1759 1806 1760
f 1806 1808 1760
f 1760 1808 1761
f 1808 1810 1761
f 1761 1810 1762
f 1810 1812 1762
f 1762 1812 1763
f 1812 1814 1763
f 1763 1814 1764
f 1814 1816 1764
f 1764 1816 1765
f 1816 1818 1765
f 1765 1818 1766
f 1818 1820 1766
f 1766 1820 1767
f 1820 1822 1767
f 1767 1822 1768
f 1822 1824 1768
f 1768 1824 1769
f 1824 1826 1769
f 1769 1826 1770
f 1826 1828 1770
f 1770 1828 1771
f 1828 1830 1771
f 1771 1830 1772
f 1830 1832 1772
f 1772 1832 1773
f 1832 1834 1773
f 1773 1834 1774
f 1834 1836 1774
f 1774 1836 1775
f 1836 1838 1775
f 1775 1838 1776
f 1838 1840 1776
f 1776 1840 1777
f 1840 1842 1777
f 1777 1842 1778
f 1842 1844 1778
f 1778 1844 1779
f 1844 1846 1779
f 1779 1846 1780
f 1846 1848 1780
f 1780 1848 1781
f 1848 1850 1781
f 1781 1850 1782
f 1850 1852 1782
f 473 474 475
f 474 476 475
f 474 477 476
f 477 478 476
f 473 479 474
f 479 480 474
f 474 480 477
f 480 481 477
f 478 482 476
f 482 483 476
f 476 483 475
f 483 484 475
f 479 473 484
f 473 475 484
f 480 479 483
f 479 484 483
f 481 480 482
f 480 483 482
f 477 481 478
f 481 482 478
f 485 486 487
f 486 488 487
f 486 489 488
f 489 490 488
f 485 491 486
f 491 492 486
f 486 492 489
f 492 493 489
f 490 494 488
f 494 495 488
f 488 495 487
f 495 496 487
f 491 485 496
f 485 487 496
f 492 491 495
f 491 496 495
f 493 492 494
f 492 495 494
f 489 493 490
f 493 494 490
f 497 498 499
f 498 500 499
f 498 501 500
f 501 502 500
f 503 504 497
f 504 505 497
f 497 505 498
f 505 501 498
f 500 502 499
f 502 506 499
f 499 506 507
f 506 508 507
f 503 497 507
f 497 499 507
f 504 503 508
f 503 507 508
f 505 504 506
f 504 508 506
f 501 505 502
f 505 506 502
f 509 510 511
f 510 512 511
f 510 513 512
f 513 514 512
f 513 515 514
f 515 516 514
f 515 509 516
f 509 511 516
f 514 516 512
f 516 511 512
f 515 513 509
f 513 510 509
f 517 518 519
f 518 520 519
f 518 521 520
f 521 522 520
f 523 524 525
f 524 521 525
f 525 521 517
f 521 518 517
f 519 520 526
f 520 522 526
f 526 522 527
f 522 528 527
f 525 517 526
f 517 519 526
f 523 525 527
f 525 526 527
f 524 523 528
f 523 527 528
f 521 524 522
f 524 528 522
f 529 530 531
f 530 532 531
f 530 533 532
f 533 534 532
f 533 535 534
f 535 536 534
f 535 529 536
f 529 531 536
f 534 536 532
f 536 531 532
f 535 533 529
f 533 530 529
f 537 538 539
f 538 540 539
f 541 537 542
f 537 539 542
f 543 541 544
f 541 542 544
f 538 543 540
f 543 544 540
f 544 542 540
f 542 539 540
f 541 543 537
f 543 538 537
f 545 546 547
f 546 548 547
f 549 545 550
f 545 547 550
f 551 549 552
f 549 550 552
f 546 551 548
f 551 552 548
f 552 550 548
f 550 547 548
f 549 551 545
f 551 546 545
f 553 554 555
f 554 556 555
f 557 553 558
f 553 555 558
f 559 557 560
f 557 558 560
f 554 559 556
f 559 560 556
f 560 558 556
f 558 555 556
f 557 559 553
f 559 554 553
f 1 2 3
f 2 4 3
f 3 4 5
f 4 6 5
f 5 6 7
f 6 8 7
f 7 8 9
f 8 10 9
f 9 10 11
f 10 12 11
f 11 12 13
f 12 14 13
f 13 14 15
f 14 16 15
f 15 16 17
f 16 18 17
f 17 18 19
f 18 20 19
f 19 20 21
f 20 22 21
f 21 22 23
f 22 24 23
f 23 24 25
f 24 26 25
f 25 26 27
f 26 28 27
f 27 28 29
f 28 30 29
f 29 30 31
f 30 32 31
f 31 32 33
f 32 34 33
f 33 34 35
f 34 36 35
f 35 36 37
f 36 38 37
f 37 38 39
f 38 40 39
f 39 40 41
f 40 42 41
f 41 42 43
f 42 44 43
f 43 44 45
f 44 46 45
f 45 46 47
f 46 48 47
f 47 48 49
f 48 50 49
f 49 50 51
f 50 52 51
f 51 52 53
f 52 54 53
f 53 54 55
f 54 56 55
f 55 56 57
f 56 58 57
f 57 58 59
f 58 60 59
f 59 60 61
f 60 62 61
f 61 62 63
f 62 64 63
f 63 64 65
f 64 66 65
f 65 66 67
f 66 68 67
f 67 68 69
f 68 70 69
f 69 70 71
f 70 72 71
f 71 72 73
f 72 74 73
f 73 74 75
f 74 76 75
f 75 76 77
f 76 78 77
f 77 78 79
f 78 80 79
f 79 80 81
f 80 82 81
f 81 82 83
f 82 84 83
f 83 84 85
f 84 86 85
f 85 86 87
f 86 88 87
f 87 88 89
f 88 90 89
f 89 90 91
f 90 92 91
f 91 92 93
f 92 94 93
f 93 94 95
f 94 96 95
f 95 96 97
f 96 98 97
f 97 98 99
f 98 100 99
f 99 100 101
f 100 102 101
f 101 102 103
f 102 104 103
f 103 104 105
f 104 106 105
f 105 106 107
f 106 108 107
f 107 108 109
f 108 110 109
f 109 110 111
f 110 112 111
f 111 112 113
f 112 114 113
f 113 114 115
f 114 116 115
f 115 116 1
f 116 2 1
f 1 3 117
f 111 113 117
f 113 115 117
f 117 115 1
f 105 107 117
f 107 109 117
f 117 109 111
f 99 101 117
f 101 103 117
f 117 103 105
f 93 95 117
f 95 97 117
f 117 97 99
f 87 89 117
f 89 91 117
f 117 91 93
f 81 83 117
f 83 85 117
f 117 85 87
f 75 77 117
f 77 79 117
f 117 79 81
f 69 71 117
f 71 73 117
f 117 73 75
f 63 65 117
f 65 67 117
f 117 67 69
f 57 59 117
f 59 61 117
f 117 61 63
f 51 53 117
f 53 55 117
f 117 55 57
f 45 47 117
f 47 49 117
f 117 49 51
f 39 41 117
f 41 43 117
f 117 43 45
f 33 35 117
f 35 37 117
f 117 37 39
f 27 29 117
f 29 31 117
f 117 31 33
f 21 23 117
f 23 25 117
f 117 25 27
f 15 17 117
f 17 19 117
f 117 19 21
f 9 11 117
f 11 13 117
f 117 13 15
f 3 5 117
f 5 7 117
f 117 7 9
f 116 114 118
f 6 4 118
f 4 2 118
f 118 2 116
f 12 10 118
f 10 8 118
f 118 8 6
f 18 16 118
f 16 14 118
f 118 14 12
f 24 22 118
f 22 20 118
f 118 20 18
f 30 28 118
f 28 26 118
f 118 26 24
f 36 34 118
f 34 32 118
f 118 32 30
f 42 40 118
f 40 38 118
f 118 38 36
f 48 46 118
f 46 44 118
f 118 44 42
f 54 52 118
f 52 50 118
f 118 50 48
f 60 58 118
f 58 56 118
f 118 56 54
f 66 64 118
f 64 62 118
f 118 62 60
f 72 70 118
f 70 68 118
f 118 68 66
f 78 76 118
f 76 74 118
f 118 74 72
f 84 82 118
f 82 80 118
f 118 80 78
f 90 88 118
f 88 86 118
f 118 86 84
f 96 94 118
f 94 92 118
f 118 92 90
f 102 100 118
f 100 98 118
f 118 98 96
f 108 106 118
f 106 104 118
f 118 104 102
f 114 112 118
f 112 110 118
f 118 110 108
f 119 120 121
f 120 122 121
f 121 122 123
f 122 124 123
f 123 124 125
f 124 126 125
f 125 126 127
f 126 128 127
f 127 128 129
f 128 130 129
f 129 130 131
f 130 132 131
f 131 132 133
f 132 134 133
f 133 134 135
f 134 136 135
f 135 136 137
f 136 138 137
f 137 138 139
f 138 140 139
f 139 140 141
f 140 142 141
f 141 142 143
f 142 144 143
f 143 144 145
f 144 146 145
f 145 146 147
f 146 148 147
f 147 148 149
f 148 150 149
f 149 150 151
f 150 152 151
f 151 152 153
f 152 154 153
f 153 154 155
f 154 156 155
f 155 156 157
f 156 158 157
f 157 158 159
f 158 160 159
f 159 160 161
f 160 162 161
f 161 162 163
f 162 164 163
f 163 164 165
f 164 166 165
f 165 166 167
f 166 168 167
f 167 168 169
f 168 170 169
f 169 170 171
f 170 172 171
f 171 172 173
f 172 174 173
f 173 174 175
f 174 176 175
f 175 176 177
f 176 178 177
f 177 178 179
f 178 180 179
f 179 180 181
f 180 182 181
f 181 182 183
f 182 184 183
f 183 184 185
f 184 186 185
f 185 186 187
f 186 188 187
f 187 188 189
f 188 190 189
f 189 190 191
f 190 192 191
f 191 192 193
f 192 194 193
f 193 194 195
f 194 196 195
f 195 196 197
f 196 198 197
f 197 198 199
f 198 200 199
f 199 200 201
f 200 202 201
f 201 202 203
f 202 204 203
f 203 204 205
f 204 206 205
f 205 206 207
f 206 208 207
f 207 208 209
f 208 210 209
f 209 210 211
f 210 212 211
f 211 212 213
f 212 214 213
f 213 214 215
f 214 216 215
f 215 216 217
f 216 218 217
f 217 218 219
f 218 220 219
f 219 220 221
f 220 222 221
f 221 222 223
f 222 224 223
f 223 224 225
f 224 226 225
f 225 226 227
f 226 228 227
f 227 228 229
f 228 230 229
f 229 230 231
f 230 232 231
f 231 232 233
f 232 234 233
f 233 234 119
f 234 120 119
f 119 121 235
f 229 231 235
f 231 233 235
f 235 233 119
f 223 225 235
f 225 227 235
f 235 227 229
f 217 219 235
f 219 221 235
f 235 221 223
f 211 213 235
f 213 215 235
f 235 215 217
f 205 207 235
f 207 209 235
f 235 209 211
f 199 201 235
f 201 203 235
f 235 203 205
f 193 195 235
f 195 197 235
f 235 197 199
f 187 189 235
f 189 191 235
f 235 191 193
f 181 183 235
f 183 185 235
f 235 185 187
f 175 177 235
f 177 179 235
f 235 179 181
f 169 171 235
f 171 173 235
f 235 173 175
f 163 165 235
f 165 167 235
f 235 167 169
f 157 159 235
f 159 161 235
f 235 161 163
f 151 153 235
f 153 155 235
f 235 155 157
f 145 147 235
f 147 149 235
f 235 149 151
f 139 141 235
f 141 143 235
f 235 143 145
f 133 135 235
f 135 137 235
f 235 137 139
f 127 129 235
f 129 131 235
f 235 131 133
f 121 123 235
f 123 125 235
f 235 125 127
f 234 232 236
f 124 122 236
f 122 120 236
f 236 120 234
f 130 128 236
f 128 126 236
f 236 126 124
f 136 134 236
f 134 132 236
f 236 132 130
f 142 140 236
f 140 138 236
f 236 138 136
f 148 146 236
f 146 144 236
f 236 144 142
f 154 152 236
f 152 150 236
f 236 150 148
f 160 158 236
f 158 156 236
f 236 156 154
f 166 164 236
f 164 162 236
f 236 162 160
f 172 170 236
f 170 168 236
f 236 168 166
f 178 176 236
f 176 174 236
f 236 174 172
f 184 182 236
f 182 180 236
f 236 180 178
f 190 188 236
f 188 186 236
f 236 186 184
f 196 194 236
f 194 192 236
f 236 192 190
f 202 200 236
f 200 198 236
f 236 198 196
f 208 206 236
f 206 204 236
f 236 204 202
f 214 212 236
f 212 210 236
f 236 210 208
f 220 218 236
f 218 216 236
f 236 216 214
f 226 224 236
f 224 222 236
f 236 222 220
f 232 230 236
f 230 228 236
f 236 228 226
f 237 238 239
f 238 240 239
f 239 240 241
f 240 242 241
f 241 242 243
f 242 244 243
f 243 244 245
f 244 246 245
f 245 246 247
f 246 248 247
f 247 248 249
f 248 250 249
f 249 250 251
f 250 252 251
f 251 252 253
f 252 254 253
f 253 254 255
f 254 256 255
f 255 256 257
f 256 258 257
f 257 258 259
f 258 260 259
f 259 260 261
f 260 262 261
f 261 262 263
f 262 264 263
f 263 264 265
f 264 266 265
f 265 266 267
f 266 268 267
f 267 268 269
f 268 270 269
f 269 270 271
f 270 272 271
f 271 272 273
f 272 274 273
f 273 274 275
f 274 276 275
f 275 276 277
f 276 278 277
f 277 278 279
f 278 280 279
f 279 280 281
f 280 282 281
f 281 282 283
f 282 284 283
f 283 284 285
f 284 286 285
f 285 286 287
f 286 288 287
f 287 288 289
f 288 290 289
f 289 290 291
f 290 292 291
f 291 292 293
f 292 294 293
f 293 294 295
f 294 296 295
f 295 296 297
f 296 298 297
f 297 298 299
f 298 300 299
f 299 300 301
f 300 302 301
f 301 302 303
f 302 304 303
f 303 304 305
f 304 306 305
f 305 306 307
f 306 308 307
f 307 308 309
f 308 310 309
f 309 310 311
f 310 312 311
f 311 312 313
f 312 314 313
f 313 314 315
f 314 316 315
f 315 316 317
f 316 318 317
f 317 318 319
f 318 320 319
f 319 320 321
f 320 322 321
f 321 322 323
f 322 324 323
f 323 324 325
f 324 326 325
f 325 326 327
f 326 328 327
f 327 328 329
f 328 330 329
f 329 330 331
f 330 332 331
f 331 332 333
f 332 334 333
f 333 334 335
f 334 336 335
f 335 336 337
f 336 338 337
f 337 338 339
f 338 340 339
f 339 340 341
f 340 342 341
f 341 342 343
f 342 344 343
f 343 344 345
f 344 346 345
f 345 346 347
f 346 348 347
f 347 348 349
f 348 350 349
f 349 350 351
f 350 352 351
f 351 352 237
f 352 238 237
f 237 239 353
f 347 349 353
f 349 351 353
f 353 351 237
f 341 343 353
f 343 345 353
f 353 345 347
f 335 337 353
f 337 339 353
f 353 339 341
f 329 331 353
f 331 333 353
f 353 333 335
f 323 325 353
f 325 327 353
f 353 327 329
f 317 319 353
f 319 321 353
f 353 321 323
f 311 313 353
f 313 315 353
f 353 315 317
f 305 307 353
f 307 309 353
f 353 309 311
f 299 301 353
f 301 303 353
f 353 303 305
f 293 295 353
f 295 297 353
f 353 297 299
f 287 289 353
f 289 291 353
f 353 291 293
f 281 283 353
f 283 285 353
f 353 285 287
f 275 277 353
f 277 279 353
f 353 279 281
f 269 271 353
f 271 273 353
f 353 273 275
f 263 265 353
f 265 267 353
f 353 267 269
f 257 259 353
f 259 261 353
f 353 261 263
f 251 253 353
f 253 255 353
f 353 255 257
f 245 247 353
f 247 249 353
f 353 249 251
f 239 241 353
f 241 243 353
f 353 243 245
f 352 350 354
f 242 240 354
f 240 238 354
f 354 238 352
f 248 246 354
f 246 244 354
f 354 244 242
f 254 252 354
f 252 250 354
f 354 250 248
f 260 258 354
f 258 256 354
f 354 256 254
f 266 264 354
f 264 262 354
f 354 262 260
f 272 270 354
f 270 268 354
f 354 268 266
f 278 276 354
f 276 274 354
f 354 274 272
f 284 282 354
f 282 280 354
f 354 280 278
f 290 288 354
f 288 286 354
f 354 286 284
f 296 294 354
f 294 292 354
f 354 292 290
f 302 300 354
f 300 298 354
f 354 298 296
f 308 306 354
f 306 304 354
f 354 304 302
f 314 312 354
f 312 310 354
f 354 310 308
f 320 318 354
f 318 316 354
f 354 316 314
f 326 324 354
f 324 322 354
f 354 322 320
f 332 330 354
f 330 328 354
f 354 328 326
f 338 336 354
f 336 334 354
f 354 334 332
f 344 342 354
f 342 340 354
f 354 340 338
f 350 348 354
f 348 346 354
f 354 346 344
f 355 356 357
f 356 358 357
f 357 358 359
f 358 360 359
f 359 360 361
f 360 362 361
f 361 362 363
f 362 364 363
f 363 364 365
f 364 366 365
f 365 366 367
f 366 368 367
f 367 368 369
f 368 370 369
f 369 370 371
f 370 372 371
f 371 372 373
f 372 374 373
f 373 374 375
f 374 376 375
f 375 376 377
f 376 378 377
f 377 378 379
f 378 380 379
f 379 380 381
f 380 382 381
f 381 382 383
f 382 384 383
f 383 384 385
f 384 386 385
f 385 386 387
f 386 388 387
f 387 388 389
f 388 390 389
f 389 390 391
f 390 392 391
f 391 392 393
f 392 394 393
f 393 394 395
f 394 396 395
f 395 396 397
f 396 398 397
f 397 398 399
f 398 400 399
f 399 400 401
f 400 402 401
f 401 402 403
f 402 404 403
f 403 404 405
f 404 406 405
f 405 406 407
f 406 408 407
f 407 408 409
f 408 410 409
f 409 410 411
f 410 412 411
f 411 412 413
f 412 414 413
f 413 414 415
f 414 416 415
f 415 416 417
f 416 418 417
f 417 418 419
f 418 420 419
f 419 420 421
f 420 422 421
f 421 422 423
f 422 424 423
f 423 424 425
f 424 426 425
f 425 426 427
f 426 428 427
f 427 428 429
f 428 430 429
f 429 430 431
f 430 432 431
f 431 432 433
f 432 434 433
f 433 434 435
f 434 436 435
f 435 436 437
f 436 438 437
f 437 438 439
f 438 440 439
f 439 440 441
f 440 442 441
f 441 442 443
f 442 444 443
f 443 444 445
f 444 446 445
f 445 446 447
f 446 448 447
f 447 448 449
f 448 450 449
f 449 450 451
f 450 452 451
f 451 452 453
f 452 454 453
f 453 454 455
f 454 456 455
f 455 456 457
f 456 458 457
f 457 458 459
f 458 460 459
f 459 460 461
f 460 462 461
f 461 462 463
f 462 464 463
f 463 464 465
f 464 466 465
f 465 466 467
f 466 468 467
f 467 468 469
f 468 470 469
f 469 470 355
f 470 356 355
f 355 357 471
f 465 467 471
f 467 469 471
f 471 469 355
f 459 461 471
f 461 463 471
f 471 463 465
f 453 455 471
f 455 457 471
f 471 457 459
f 447 449 471
f 449 451 471
f 471 451 453
f 441 443 471
f 443 445 471
f 471 445 447
f 435 437 471
f 437 439 471
f 471 439 441
f 429 431 471
f 431 433 471
f 471 433 435
f 423 425 471
f 425 427 471
f 471 427 429
f 417 419 471
f 419 421 471
f 471 421 423
f 411 413 471
f 413 415 471
f 471 415 417
f 405 407 471
f 407 409 471
f 471 409 411
f 399 401 471
f 401 403 471
f 471 403 405
f 393 395 471
f 395 397 471
f 471 397 399
f 387 389 471
f 389 391 471
f 471 391 393
f 381 383 471
f 383 385 471
f 471 385 387
f 375 377 471
f 377 379 471
f 471 379 381
f 369 371 471
f 371 373 471
f 471 373 375
f 363 365 471
f 365 367 471
f 471 367 369
f 357 359 471
f 359 361 471
f 471 361 363
f 470 468 472
f 360 358 472
f 358 356 472
f 472 356 470
f 366 364 472
f 364 362 472
f 472 362 360
f 372 370 472
f 370 368 472
f 472 368 366
f 378 376 472
f 376 374 472
f 472 374 372
f 384 382 472
f 382 380 472
f 472 380 378
f 390 388 472
f 388 386 472
f 472 386 384
f 396 394 472
f 394 392 472
f 472 392 390
f 402 400 472
f 400 398 472
f 472 398 396
f 408 406 472
f 406 404 472
f 472 404 402
f 414 412 472
f 412 410 472
f 472 410 408
f 420 418 472
f 418 416 472
f 472 416 414
f 426 424 472
f 424 422 472
f 472 422 420
f 432 430 472
f 430 428 472
f 472 428 426
f 438 436 472
f 436 434 472
f 472 434 432
f 444 442 472
f 442 440 472
f 472 440 438
f 450 448 472
f 448 446 472
f 472 446 444
f 456 454 472
f 454 452 472
f 472 452 450
f 462 460 472
f 460 458 472
f 472 458 456
f 468 466 472
f 466 464 472
f 472 464 462
