# Split from exchange.obj  category=column  mtl=screw
mtllib exchange.mtl
v 0.001750 -0.098000 0.019750
v 0.001740 -0.110000 0.019561
v 0.001740 -0.098000 0.019561
v 0.001709 -0.110000 0.019374
v 0.001709 -0.098000 0.019374
v 0.001658 -0.110000 0.019191
v 0.001658 -0.098000 0.019191
v 0.001588 -0.110000 0.019015
v 0.001588 -0.098000 0.019015
v 0.001500 -0.110000 0.018848
v 0.001500 -0.098000 0.018848
v 0.001393 -0.110000 0.018691
v 0.001393 -0.098000 0.018691
v 0.001270 -0.110000 0.018547
v 0.001270 -0.098000 0.018547
v 0.001133 -0.110000 0.018416
v 0.001133 -0.098000 0.018416
v 0.000982 -0.110000 0.018302
v 0.000982 -0.098000 0.018302
v 0.000820 -0.110000 0.018204
v 0.000820 -0.098000 0.018204
v 0.000648 -0.110000 0.018124
v 0.000648 -0.098000 0.018124
v 0.000468 -0.110000 0.018064
v 0.000468 -0.098000 0.018064
v 0.000283 -0.110000 0.018023
v 0.000283 -0.098000 0.018023
v 0.000095 -0.110000 0.018003
v 0.000095 -0.098000 0.018003
v -0.000095 -0.110000 0.018003
v -0.000095 -0.098000 0.018003
v -0.000283 -0.110000 0.018023
v -0.000283 -0.098000 0.018023
v -0.000468 -0.110000 0.018064
v -0.000468 -0.098000 0.018064
v -0.000648 -0.110000 0.018124
v -0.000648 -0.098000 0.018124
v -0.000820 -0.110000 0.018204
v -0.000820 -0.098000 0.018204
v -0.000982 -0.110000 0.018302
v -0.000982 -0.098000 0.018302
v -0.001133 -0.110000 0.018416
v -0.001133 -0.098000 0.018416
v -0.001270 -0.110000 0.018547
v -0.001270 -0.098000 0.018547
v -0.001393 -0.110000 0.018691
v -0.001393 -0.098000 0.018691
v -0.001500 -0.110000 0.018848
v -0.001500 -0.098000 0.018848
v -0.001588 -0.110000 0.019015
v -0.001588 -0.098000 0.019015
v -0.001658 -0.110000 0.019191
v -0.001658 -0.098000 0.019191
v -0.001709 -0.110000 0.019374
v -0.001709 -0.098000 0.019374
v -0.001740 -0.110000 0.019561
v -0.001740 -0.098000 0.019561
v -0.001750 -0.110000 0.019750
v -0.001750 -0.098000 0.019750
v -0.001740 -0.110000 0.019939
v -0.001740 -0.098000 0.019939
v -0.001709 -0.110000 0.020126
v -0.001709 -0.098000 0.020126
v -0.001658 -0.110000 0.020309
v -0.001658 -0.098000 0.020309
v -0.001588 -0.110000 0.020485
v -0.001588 -0.098000 0.020485
v -0.001500 -0.110000 0.020652
v -0.001500 -0.098000 0.020652
v -0.001393 -0.110000 0.020809
v -0.001393 -0.098000 0.020809
v -0.001270 -0.110000 0.020953
v -0.001270 -0.098000 0.020953
v -0.001133 -0.110000 0.021084
v -0.001133 -0.098000 0.021084
v -0.000982 -0.110000 0.021198
v -0.000982 -0.098000 0.021198
v -0.000820 -0.110000 0.021296
v -0.000820 -0.098000 0.021296
v -0.000648 -0.110000 0.021376
v -0.000648 -0.098000 0.021376
v -0.000468 -0.110000 0.021436
v -0.000468 -0.098000 0.021436
v -0.000283 -0.110000 0.021477
v -0.000283 -0.098000 0.021477
v -0.000095 -0.110000 0.021497
v -0.000095 -0.098000 0.021497
v 0.000095 -0.110000 0.021497
v 0.000095 -0.098000 0.021497
v 0.000283 -0.110000 0.021477
v 0.000283 -0.098000 0.021477
v 0.000468 -0.110000 0.021436
v 0.000468 -0.098000 0.021436
v 0.000648 -0.110000 0.021376
v 0.000648 -0.098000 0.021376
v 0.000820 -0.110000 0.021296
v 0.000820 -0.098000 0.021296
v 0.000982 -0.110000 0.021198
v 0.000982 -0.098000 0.021198
v 0.001133 -0.110000 0.021084
v 0.001133 -0.098000 0.021084
v 0.001270 -0.110000 0.020953
v 0.001270 -0.098000 0.020953
v 0.001393 -0.110000 0.020809
v 0.001393 -0.098000 0.020809
v 0.001500 -0.110000 0.020652
v 0.001500 -0.098000 0.020652
v 0.001588 -0.110000 0.020485
v 0.001588 -0.098000 0.020485
v 0.001658 -0.110000 0.020309
v 0.001658 -0.098000 0.020309
v 0.001709 -0.110000 0.020126
v 0.001709 -0.098000 0.020126
v 0.001740 -0.110000 0.019939
v 0.001740 -0.098000 0.019939
v 0.001750 -0.110000 0.019750
v -0.000000 -0.098000 0.019750
v -0.000000 -0.110000 0.019750
vn 0.9985 -0.0000 -0.0541
vn 0.9868 -0.0000 -0.1618
vn 0.9635 -0.0000 -0.2675
vn 0.9636 -0.0000 -0.2675
vn 0.9290 -0.0000 -0.3701
vn 0.8835 -0.0000 -0.4684
vn 0.8277 -0.0000 -0.5612
vn 0.7622 -0.0000 -0.6474
vn 0.6877 -0.0000 -0.7260
vn 0.6052 -0.0000 -0.7961
vn 0.5156 -0.0000 -0.8569
vn 0.4199 -0.0000 -0.9076
vn 0.3193 -0.0000 -0.9477
vn 0.2150 -0.0000 -0.9766
vn 0.1081 -0.0000 -0.9941
vn -0.0000 -0.0000 -1.0000
vn -0.1081 -0.0000 -0.9941
vn -0.2150 -0.0000 -0.9766
vn -0.3193 -0.0000 -0.9477
vn -0.4199 -0.0000 -0.9076
vn -0.5156 -0.0000 -0.8569
vn -0.6052 -0.0000 -0.7961
vn -0.6877 -0.0000 -0.7260
vn -0.7622 -0.0000 -0.6474
vn -0.8277 -0.0000 -0.5612
vn -0.8835 -0.0000 -0.4684
vn -0.9290 -0.0000 -0.3701
vn -0.9636 -0.0000 -0.2675
vn -0.9868 -0.0000 -0.1618
vn -0.9985 -0.0000 -0.0541
vn -0.9985 -0.0000 0.0541
vn -0.9868 -0.0000 0.1618
vn -0.9636 -0.0000 0.2675
vn -0.9290 -0.0000 0.3701
vn -0.8835 -0.0000 0.4684
vn -0.8277 -0.0000 0.5612
vn -0.7622 -0.0000 0.6474
vn -0.6877 -0.0000 0.7260
vn -0.6052 -0.0000 0.7961
vn -0.5156 -0.0000 0.8569
vn -0.4199 -0.0000 0.9076
vn -0.3193 -0.0000 0.9477
vn -0.2150 -0.0000 0.9766
vn -0.1081 -0.0000 0.9941
vn -0.0000 -0.0000 1.0000
vn 0.1081 -0.0000 0.9941
vn 0.2150 -0.0000 0.9766
vn 0.3193 -0.0000 0.9477
vn 0.4199 -0.0000 0.9076
vn 0.5156 -0.0000 0.8569
vn 0.6052 -0.0000 0.7961
vn 0.6877 -0.0000 0.7260
vn 0.7622 -0.0000 0.6474
vn 0.8277 -0.0000 0.5612
vn 0.8835 -0.0000 0.4684
vn 0.9290 -0.0000 0.3701
vn 0.9636 -0.0000 0.2675
vn 0.9635 -0.0000 0.2675
vn 0.9868 -0.0000 0.1618
vn 0.9985 -0.0000 0.0541
vn -0.0000 1.0000 -0.0000
vn -0.0000 -1.0000 -0.0000
v -0.018000 -0.098000 -0.000000
v -0.018010 -0.110000 -0.000189
v -0.018010 -0.098000 -0.000189
v -0.018041 -0.110000 -0.000376
v -0.018041 -0.098000 -0.000376
v -0.018092 -0.110000 -0.000559
v -0.018092 -0.098000 -0.000559
v -0.018162 -0.110000 -0.000735
v -0.018162 -0.098000 -0.000735
v -0.018251 -0.110000 -0.000902
v -0.018251 -0.098000 -0.000902
v -0.018357 -0.110000 -0.001059
v -0.018357 -0.098000 -0.001059
v -0.018480 -0.110000 -0.001203
v -0.018480 -0.098000 -0.001203
v -0.018617 -0.110000 -0.001334
v -0.018617 -0.098000 -0.001334
v -0.018768 -0.110000 -0.001448
v -0.018768 -0.098000 -0.001448
v -0.018930 -0.110000 -0.001546
v -0.018930 -0.098000 -0.001546
v -0.019102 -0.110000 -0.001626
v -0.019102 -0.098000 -0.001626
v -0.019282 -0.110000 -0.001686
v -0.019282 -0.098000 -0.001686
v -0.019467 -0.110000 -0.001727
v -0.019467 -0.098000 -0.001727
v -0.019655 -0.110000 -0.001747
v -0.019655 -0.098000 -0.001747
v -0.019845 -0.110000 -0.001747
v -0.019845 -0.098000 -0.001747
v -0.020033 -0.110000 -0.001727
v -0.020033 -0.098000 -0.001727
v -0.020218 -0.110000 -0.001686
v -0.020218 -0.098000 -0.001686
v -0.020398 -0.110000 -0.001626
v -0.020398 -0.098000 -0.001626
v -0.020570 -0.110000 -0.001546
v -0.020570 -0.098000 -0.001546
v -0.020732 -0.110000 -0.001448
v -0.020732 -0.098000 -0.001448
v -0.020883 -0.110000 -0.001334
v -0.020883 -0.098000 -0.001334
v -0.021020 -0.110000 -0.001203
v -0.021020 -0.098000 -0.001203
v -0.021143 -0.110000 -0.001059
v -0.021143 -0.098000 -0.001059
v -0.021249 -0.110000 -0.000902
v -0.021249 -0.098000 -0.000902
v -0.021338 -0.110000 -0.000735
v -0.021338 -0.098000 -0.000735
v -0.021408 -0.110000 -0.000559
v -0.021408 -0.098000 -0.000559
v -0.021459 -0.110000 -0.000376
v -0.021459 -0.098000 -0.000376
v -0.021490 -0.110000 -0.000189
v -0.021490 -0.098000 -0.000189
v -0.021500 -0.110000 -0.000000
v -0.021500 -0.098000 -0.000000
v -0.021490 -0.110000 0.000189
v -0.021490 -0.098000 0.000189
v -0.021459 -0.110000 0.000376
v -0.021459 -0.098000 0.000376
v -0.021408 -0.110000 0.000559
v -0.021408 -0.098000 0.000559
v -0.021338 -0.110000 0.000735
v -0.021338 -0.098000 0.000735
v -0.021249 -0.110000 0.000902
v -0.021249 -0.098000 0.000902
v -0.021143 -0.110000 0.001059
v -0.021143 -0.098000 0.001059
v -0.021020 -0.110000 0.001203
v -0.021020 -0.098000 0.001203
v -0.020883 -0.110000 0.001334
v -0.020883 -0.098000 0.001334
v -0.020732 -0.110000 0.001448
v -0.020732 -0.098000 0.001448
v -0.020570 -0.110000 0.001546
v -0.020570 -0.098000 0.001546
v -0.020398 -0.110000 0.001626
v -0.020398 -0.098000 0.001626
v -0.020218 -0.110000 0.001686
v -0.020218 -0.098000 0.001686
v -0.020033 -0.110000 0.001727
v -0.020033 -0.098000 0.001727
v -0.019845 -0.110000 0.001747
v -0.019845 -0.098000 0.001747
v -0.019655 -0.110000 0.001747
v -0.019655 -0.098000 0.001747
v -0.019467 -0.110000 0.001727
v -0.019467 -0.098000 0.001727
v -0.019282 -0.110000 0.001686
v -0.019282 -0.098000 0.001686
v -0.019102 -0.110000 0.001626
v -0.019102 -0.098000 0.001626
v -0.018930 -0.110000 0.001546
v -0.018930 -0.098000 0.001546
v -0.018768 -0.110000 0.001448
v -0.018768 -0.098000 0.001448
v -0.018617 -0.110000 0.001334
v -0.018617 -0.098000 0.001334
v -0.018480 -0.110000 0.001203
v -0.018480 -0.098000 0.001203
v -0.018357 -0.110000 0.001059
v -0.018357 -0.098000 0.001059
v -0.018251 -0.110000 0.000902
v -0.018251 -0.098000 0.000902
v -0.018162 -0.110000 0.000735
v -0.018162 -0.098000 0.000735
v -0.018092 -0.110000 0.000559
v -0.018092 -0.098000 0.000559
v -0.018041 -0.110000 0.000376
v -0.018041 -0.098000 0.000376
v -0.018010 -0.110000 0.000189
v -0.018010 -0.098000 0.000189
v -0.018000 -0.110000 -0.000000
v -0.019750 -0.098000 -0.000000
v -0.019750 -0.110000 -0.000000
vn 0.9985 -0.0000 -0.0541
vn 0.9868 -0.0000 -0.1618
vn 0.9635 -0.0000 -0.2675
vn 0.9290 -0.0000 -0.3701
vn 0.8835 -0.0000 -0.4684
vn 0.8277 -0.0000 -0.5612
vn 0.7622 -0.0000 -0.6474
vn 0.6877 -0.0000 -0.7260
vn 0.6052 -0.0000 -0.7961
vn 0.5156 -0.0000 -0.8569
vn 0.4199 -0.0000 -0.9076
vn 0.3193 -0.0000 -0.9477
vn 0.2150 -0.0000 -0.9766
vn 0.1081 -0.0000 -0.9941
vn -0.0000 -0.0000 -1.0000
vn -0.1081 -0.0000 -0.9941
vn -0.2150 -0.0000 -0.9766
vn -0.3193 -0.0000 -0.9477
vn -0.4199 -0.0000 -0.9076
vn -0.5156 -0.0000 -0.8569
vn -0.6052 -0.0000 -0.7961
vn -0.6877 -0.0000 -0.7260
vn -0.7622 -0.0000 -0.6474
vn -0.8277 -0.0000 -0.5612
vn -0.8835 -0.0000 -0.4684
vn -0.9290 -0.0000 -0.3701
vn -0.9290 -0.0000 -0.3702
vn -0.9635 -0.0000 -0.2675
vn -0.9636 -0.0000 -0.2675
vn -0.9868 -0.0000 -0.1618
vn -0.9985 -0.0000 -0.0541
vn -0.9985 -0.0000 0.0541
vn -0.9868 -0.0000 0.1618
vn -0.9636 -0.0000 0.2675
vn -0.9635 -0.0000 0.2675
vn -0.9290 -0.0000 0.3702
vn -0.9290 -0.0000 0.3701
vn -0.8835 -0.0000 0.4684
vn -0.8277 -0.0000 0.5612
vn -0.7622 -0.0000 0.6474
vn -0.6877 -0.0000 0.7260
vn -0.6052 -0.0000 0.7961
vn -0.5156 -0.0000 0.8569
vn -0.4199 -0.0000 0.9076
vn -0.3193 -0.0000 0.9477
vn -0.2150 -0.0000 0.9766
vn -0.1081 -0.0000 0.9941
vn -0.0000 -0.0000 1.0000
vn 0.1081 -0.0000 0.9941
vn 0.2150 -0.0000 0.9766
vn 0.3193 -0.0000 0.9477
vn 0.4199 -0.0000 0.9076
vn 0.5156 -0.0000 0.8569
vn 0.6052 -0.0000 0.7961
vn 0.6877 -0.0000 0.7260
vn 0.7622 -0.0000 0.6474
vn 0.8277 -0.0000 0.5612
vn 0.8835 -0.0000 0.4684
vn 0.9290 -0.0000 0.3701
vn 0.9635 -0.0000 0.2675
vn 0.9868 -0.0000 0.1618
vn 0.9985 -0.0000 0.0541
vn 0.9985 -0.0000 0.0542
vn 0.9985 -0.0000 -0.0542
vn -0.0000 1.0000 -0.0000
vn -0.0000 -1.0000 -0.0000
v 0.001750 -0.098000 -0.019750
v 0.001740 -0.110000 -0.019939
v 0.001740 -0.098000 -0.019939
v 0.001709 -0.110000 -0.020126
v 0.001709 -0.098000 -0.020126
v 0.001658 -0.110000 -0.020309
v 0.001658 -0.098000 -0.020309
v 0.001588 -0.110000 -0.020485
v 0.001588 -0.098000 -0.020485
v 0.001500 -0.110000 -0.020652
v 0.001500 -0.098000 -0.020652
v 0.001393 -0.110000 -0.020809
v 0.001393 -0.098000 -0.020809
v 0.001270 -0.110000 -0.020953
v 0.001270 -0.098000 -0.020953
v 0.001133 -0.110000 -0.021084
v 0.001133 -0.098000 -0.021084
v 0.000982 -0.110000 -0.021198
v 0.000982 -0.098000 -0.021198
v 0.000820 -0.110000 -0.021296
v 0.000820 -0.098000 -0.021296
v 0.000648 -0.110000 -0.021376
v 0.000648 -0.098000 -0.021376
v 0.000468 -0.110000 -0.021436
v 0.000468 -0.098000 -0.021436
v 0.000283 -0.110000 -0.021477
v 0.000283 -0.098000 -0.021477
v 0.000095 -0.110000 -0.021497
v 0.000095 -0.098000 -0.021497
v -0.000095 -0.110000 -0.021497
v -0.000095 -0.098000 -0.021497
v -0.000283 -0.110000 -0.021477
v -0.000283 -0.098000 -0.021477
v -0.000468 -0.110000 -0.021436
v -0.000468 -0.098000 -0.021436
v -0.000648 -0.110000 -0.021376
v -0.000648 -0.098000 -0.021376
v -0.000820 -0.110000 -0.021296
v -0.000820 -0.098000 -0.021296
v -0.000982 -0.110000 -0.021198
v -0.000982 -0.098000 -0.021198
v -0.001133 -0.110000 -0.021084
v -0.001133 -0.098000 -0.021084
v -0.001270 -0.110000 -0.020953
v -0.001270 -0.098000 -0.020953
v -0.001393 -0.110000 -0.020809
v -0.001393 -0.098000 -0.020809
v -0.001500 -0.110000 -0.020652
v -0.001500 -0.098000 -0.020652
v -0.001588 -0.110000 -0.020485
v -0.001588 -0.098000 -0.020485
v -0.001658 -0.110000 -0.020309
v -0.001658 -0.098000 -0.020309
v -0.001709 -0.110000 -0.020126
v -0.001709 -0.098000 -0.020126
v -0.001740 -0.110000 -0.019939
v -0.001740 -0.098000 -0.019939
v -0.001750 -0.110000 -0.019750
v -0.001750 -0.098000 -0.019750
v -0.001740 -0.110000 -0.019561
v -0.001740 -0.098000 -0.019561
v -0.001709 -0.110000 -0.019374
v -0.001709 -0.098000 -0.019374
v -0.001658 -0.110000 -0.019191
v -0.001658 -0.098000 -0.019191
v -0.001588 -0.110000 -0.019015
v -0.001588 -0.098000 -0.019015
v -0.001500 -0.110000 -0.018848
v -0.001500 -0.098000 -0.018848
v -0.001393 -0.110000 -0.018691
v -0.001393 -0.098000 -0.018691
v -0.001270 -0.110000 -0.018547
v -0.001270 -0.098000 -0.018547
v -0.001133 -0.110000 -0.018416
v -0.001133 -0.098000 -0.018416
v -0.000982 -0.110000 -0.018302
v -0.000982 -0.098000 -0.018302
v -0.000820 -0.110000 -0.018204
v -0.000820 -0.098000 -0.018204
v -0.000648 -0.110000 -0.018124
v -0.000648 -0.098000 -0.018124
v -0.000468 -0.110000 -0.018064
v -0.000468 -0.098000 -0.018064
v -0.000283 -0.110000 -0.018023
v -0.000283 -0.098000 -0.018023
v -0.000095 -0.110000 -0.018003
v -0.000095 -0.098000 -0.018003
v 0.000095 -0.110000 -0.018003
v 0.000095 -0.098000 -0.018003
v 0.000283 -0.110000 -0.018023
v 0.000283 -0.098000 -0.018023
v 0.000468 -0.110000 -0.018064
v 0.000468 -0.098000 -0.018064
v 0.000648 -0.110000 -0.018124
v 0.000648 -0.098000 -0.018124
v 0.000820 -0.110000 -0.018204
v 0.000820 -0.098000 -0.018204
v 0.000982 -0.110000 -0.018302
v 0.000982 -0.098000 -0.018302
v 0.001133 -0.110000 -0.018416
v 0.001133 -0.098000 -0.018416
v 0.001270 -0.110000 -0.018547
v 0.001270 -0.098000 -0.018547
v 0.001393 -0.110000 -0.018691
v 0.001393 -0.098000 -0.018691
v 0.001500 -0.110000 -0.018848
v 0.001500 -0.098000 -0.018848
v 0.001588 -0.110000 -0.019015
v 0.001588 -0.098000 -0.019015
v 0.001658 -0.110000 -0.019191
v 0.001658 -0.098000 -0.019191
v 0.001709 -0.110000 -0.019374
v 0.001709 -0.098000 -0.019374
v 0.001740 -0.110000 -0.019561
v 0.001740 -0.098000 -0.019561
v 0.001750 -0.110000 -0.019750
v 0.000000 -0.098000 -0.019750
v 0.000000 -0.110000 -0.019750
vn 0.9985 -0.0000 -0.0541
vn 0.9868 -0.0000 -0.1618
vn 0.9635 -0.0000 -0.2675
vn 0.9636 -0.0000 -0.2675
vn 0.9290 -0.0000 -0.3701
vn 0.8835 -0.0000 -0.4684
vn 0.8277 -0.0000 -0.5612
vn 0.7622 -0.0000 -0.6474
vn 0.6877 -0.0000 -0.7260
vn 0.6052 -0.0000 -0.7961
vn 0.5156 -0.0000 -0.8569
vn 0.4199 -0.0000 -0.9076
vn 0.3193 -0.0000 -0.9477
vn 0.2150 -0.0000 -0.9766
vn 0.1081 -0.0000 -0.9941
vn -0.0000 -0.0000 -1.0000
vn -0.1081 -0.0000 -0.9941
vn -0.2150 -0.0000 -0.9766
vn -0.3193 -0.0000 -0.9477
vn -0.4199 -0.0000 -0.9076
vn -0.5156 -0.0000 -0.8569
vn -0.6052 -0.0000 -0.7961
vn -0.6877 -0.0000 -0.7260
vn -0.7622 -0.0000 -0.6474
vn -0.8277 -0.0000 -0.5612
vn -0.8835 -0.0000 -0.4684
vn -0.9290 -0.0000 -0.3701
vn -0.9636 -0.0000 -0.2675
vn -0.9868 -0.0000 -0.1618
vn -0.9985 -0.0000 -0.0541
vn -0.9985 -0.0000 0.0541
vn -0.9868 -0.0000 0.1618
vn -0.9636 -0.0000 0.2675
vn -0.9290 -0.0000 0.3701
vn -0.8835 -0.0000 0.4684
vn -0.8277 -0.0000 0.5612
vn -0.7622 -0.0000 0.6474
vn -0.6877 -0.0000 0.7260
vn -0.6052 -0.0000 0.7961
vn -0.5156 -0.0000 0.8569
vn -0.4199 -0.0000 0.9076
vn -0.3193 -0.0000 0.9477
vn -0.2150 -0.0000 0.9766
vn -0.1081 -0.0000 0.9941
vn -0.0000 -0.0000 1.0000
vn 0.1081 -0.0000 0.9941
vn 0.2150 -0.0000 0.9766
vn 0.3193 -0.0000 0.9477
vn 0.4199 -0.0000 0.9076
vn 0.5156 -0.0000 0.8569
vn 0.6052 -0.0000 0.7961
vn 0.6877 -0.0000 0.7260
vn 0.7622 -0.0000 0.6474
vn 0.8277 -0.0000 0.5612
vn 0.8835 -0.0000 0.4684
vn 0.9290 -0.0000 0.3701
vn 0.9636 -0.0000 0.2675
vn 0.9635 -0.0000 0.2675
vn 0.9868 -0.0000 0.1618
vn 0.9985 -0.0000 0.0541
vn -0.0000 1.0000 -0.0000
vn -0.0000 -1.0000 -0.0000
v 0.021500 -0.098000 0.000000
v 0.021490 -0.110000 -0.000189
v 0.021490 -0.098000 -0.000189
v 0.021459 -0.110000 -0.000376
v 0.021459 -0.098000 -0.000376
v 0.021408 -0.110000 -0.000559
v 0.021408 -0.098000 -0.000559
v 0.021338 -0.110000 -0.000735
v 0.021338 -0.098000 -0.000735
v 0.021249 -0.110000 -0.000902
v 0.021249 -0.098000 -0.000902
v 0.021143 -0.110000 -0.001059
v 0.021143 -0.098000 -0.001059
v 0.021020 -0.110000 -0.001203
v 0.021020 -0.098000 -0.001203
v 0.020883 -0.110000 -0.001334
v 0.020883 -0.098000 -0.001334
v 0.020732 -0.110000 -0.001448
v 0.020732 -0.098000 -0.001448
v 0.020570 -0.110000 -0.001546
v 0.020570 -0.098000 -0.001546
v 0.020398 -0.110000 -0.001626
v 0.020398 -0.098000 -0.001626
v 0.020218 -0.110000 -0.001686
v 0.020218 -0.098000 -0.001686
v 0.020033 -0.110000 -0.001727
v 0.020033 -0.098000 -0.001727
v 0.019845 -0.110000 -0.001747
v 0.019845 -0.098000 -0.001747
v 0.019655 -0.110000 -0.001747
v 0.019655 -0.098000 -0.001747
v 0.019467 -0.110000 -0.001727
v 0.019467 -0.098000 -0.001727
v 0.019282 -0.110000 -0.001686
v 0.019282 -0.098000 -0.001686
v 0.019102 -0.110000 -0.001626
v 0.019102 -0.098000 -0.001626
v 0.018930 -0.110000 -0.001546
v 0.018930 -0.098000 -0.001546
v 0.018768 -0.110000 -0.001448
v 0.018768 -0.098000 -0.001448
v 0.018617 -0.110000 -0.001334
v 0.018617 -0.098000 -0.001334
v 0.018480 -0.110000 -0.001203
v 0.018480 -0.098000 -0.001203
v 0.018357 -0.110000 -0.001059
v 0.018357 -0.098000 -0.001059
v 0.018251 -0.110000 -0.000902
v 0.018251 -0.098000 -0.000902
v 0.018162 -0.110000 -0.000735
v 0.018162 -0.098000 -0.000735
v 0.018092 -0.110000 -0.000559
v 0.018092 -0.098000 -0.000559
v 0.018041 -0.110000 -0.000376
v 0.018041 -0.098000 -0.000376
v 0.018010 -0.110000 -0.000189
v 0.018010 -0.098000 -0.000189
v 0.018000 -0.110000 0.000000
v 0.018000 -0.098000 0.000000
v 0.018010 -0.110000 0.000189
v 0.018010 -0.098000 0.000189
v 0.018041 -0.110000 0.000376
v 0.018041 -0.098000 0.000376
v 0.018092 -0.110000 0.000559
v 0.018092 -0.098000 0.000559
v 0.018162 -0.110000 0.000735
v 0.018162 -0.098000 0.000735
v 0.018251 -0.110000 0.000902
v 0.018251 -0.098000 0.000902
v 0.018357 -0.110000 0.001059
v 0.018357 -0.098000 0.001059
v 0.018480 -0.110000 0.001203
v 0.018480 -0.098000 0.001203
v 0.018617 -0.110000 0.001334
v 0.018617 -0.098000 0.001334
v 0.018768 -0.110000 0.001448
v 0.018768 -0.098000 0.001448
v 0.018930 -0.110000 0.001546
v 0.018930 -0.098000 0.001546
v 0.019102 -0.110000 0.001626
v 0.019102 -0.098000 0.001626
v 0.019282 -0.110000 0.001686
v 0.019282 -0.098000 0.001686
v 0.019467 -0.110000 0.001727
v 0.019467 -0.098000 0.001727
v 0.019655 -0.110000 0.001747
v 0.019655 -0.098000 0.001747
v 0.019845 -0.110000 0.001747
v 0.019845 -0.098000 0.001747
v 0.020033 -0.110000 0.001727
v 0.020033 -0.098000 0.001727
v 0.020218 -0.110000 0.001686
v 0.020218 -0.098000 0.001686
v 0.020398 -0.110000 0.001626
v 0.020398 -0.098000 0.001626
v 0.020570 -0.110000 0.001546
v 0.020570 -0.098000 0.001546
v 0.020732 -0.110000 0.001448
v 0.020732 -0.098000 0.001448
v 0.020883 -0.110000 0.001334
v 0.020883 -0.098000 0.001334
v 0.021020 -0.110000 0.001203
v 0.021020 -0.098000 0.001203
v 0.021143 -0.110000 0.001059
v 0.021143 -0.098000 0.001059
v 0.021249 -0.110000 0.000902
v 0.021249 -0.098000 0.000902
v 0.021338 -0.110000 0.000735
v 0.021338 -0.098000 0.000735
v 0.021408 -0.110000 0.000559
v 0.021408 -0.098000 0.000559
v 0.021459 -0.110000 0.000376
v 0.021459 -0.098000 0.000376
v 0.021490 -0.110000 0.000189
v 0.021490 -0.098000 0.000189
v 0.021500 -0.110000 0.000000
v 0.019750 -0.098000 0.000000
v 0.019750 -0.110000 0.000000
vn 0.9985 -0.0000 -0.0541
vn 0.9868 -0.0000 -0.1618
vn 0.9636 -0.0000 -0.2675
vn 0.9635 -0.0000 -0.2675
vn 0.9290 -0.0000 -0.3702
vn 0.9290 -0.0000 -0.3701
vn 0.8835 -0.0000 -0.4684
vn 0.8277 -0.0000 -0.5612
vn 0.7622 -0.0000 -0.6474
vn 0.6877 -0.0000 -0.7260
vn 0.6052 -0.0000 -0.7961
vn 0.5156 -0.0000 -0.8569
vn 0.4199 -0.0000 -0.9076
vn 0.3193 -0.0000 -0.9477
vn 0.2150 -0.0000 -0.9766
vn 0.1081 -0.0000 -0.9941
vn -0.0000 -0.0000 -1.0000
vn -0.1081 -0.0000 -0.9941
vn -0.2150 -0.0000 -0.9766
vn -0.3193 -0.0000 -0.9477
vn -0.4199 -0.0000 -0.9076
vn -0.5156 -0.0000 -0.8569
vn -0.6052 -0.0000 -0.7961
vn -0.6877 -0.0000 -0.7260
vn -0.7622 -0.0000 -0.6474
vn -0.8277 -0.0000 -0.5612
vn -0.8835 -0.0000 -0.4684
vn -0.9290 -0.0000 -0.3701
vn -0.9635 -0.0000 -0.2675
vn -0.9868 -0.0000 -0.1618
vn -0.9985 -0.0000 -0.0541
vn -0.9985 -0.0000 -0.0542
vn -0.9985 -0.0000 0.0542
vn -0.9985 -0.0000 0.0541
vn -0.9868 -0.0000 0.1618
vn -0.9635 -0.0000 0.2675
vn -0.9290 -0.0000 0.3701
vn -0.8835 -0.0000 0.4684
vn -0.8277 -0.0000 0.5612
vn -0.7622 -0.0000 0.6474
vn -0.6877 -0.0000 0.7260
vn -0.6052 -0.0000 0.7961
vn -0.5156 -0.0000 0.8569
vn -0.4199 -0.0000 0.9076
vn -0.3193 -0.0000 0.9477
vn -0.2150 -0.0000 0.9766
vn -0.1081 -0.0000 0.9941
vn -0.0000 -0.0000 1.0000
vn 0.1081 -0.0000 0.9941
vn 0.2150 -0.0000 0.9766
vn 0.3193 -0.0000 0.9477
vn 0.4199 -0.0000 0.9076
vn 0.5156 -0.0000 0.8569
vn 0.6052 -0.0000 0.7961
vn 0.6877 -0.0000 0.7260
vn 0.7622 -0.0000 0.6474
vn 0.8277 -0.0000 0.5612
vn 0.8835 -0.0000 0.4684
vn 0.9290 -0.0000 0.3701
vn 0.9290 -0.0000 0.3702
vn 0.9635 -0.0000 0.2675
vn 0.9636 -0.0000 0.2675
vn 0.9868 -0.0000 0.1618
vn 0.9985 -0.0000 0.0541
vn -0.0000 1.0000 -0.0000
vn -0.0000 -1.0000 -0.0000
v 0.010000 -0.098000 0.032000
v 0.032000 -0.098000 0.032000
v 0.010000 -0.110000 0.032000
v 0.032000 -0.110000 0.032000
v 0.032000 -0.098000 0.010000
v 0.032000 -0.110000 0.010000
v 0.010000 -0.098000 0.040000
v 0.040000 -0.098000 0.040000
v 0.040000 -0.098000 0.010000
v 0.040000 -0.110000 0.010000
v 0.040000 -0.110000 0.040000
v 0.010000 -0.110000 0.040000
vn -0.0000 -0.0000 -1.0000
vn -1.0000 -0.0000 -0.0000
vn -0.0000 1.0000 -0.0000
vn -0.0000 -1.0000 -0.0000
vn -0.0000 -0.0000 1.0000
vn 1.0000 -0.0000 -0.0000
v -0.032000 -0.098000 0.010000
v -0.032000 -0.098000 0.032000
v -0.032000 -0.110000 0.010000
v -0.032000 -0.110000 0.032000
v -0.010000 -0.098000 0.032000
v -0.010000 -0.110000 0.032000
v -0.040000 -0.098000 0.010000
v -0.040000 -0.098000 0.040000
v -0.010000 -0.098000 0.040000
v -0.010000 -0.110000 0.040000
v -0.040000 -0.110000 0.040000
v -0.040000 -0.110000 0.010000
vn 1.0000 -0.0000 -0.0000
vn -0.0000 -0.0000 -1.0000
vn -0.0000 1.0000 -0.0000
vn -0.0000 -1.0000 -0.0000
vn -1.0000 -0.0000 -0.0000
vn -0.0000 -0.0000 1.0000
v -0.032000 -0.098000 -0.032000
v -0.032000 -0.098000 -0.010000
v -0.032000 -0.110000 -0.032000
v -0.032000 -0.110000 -0.010000
v -0.040000 -0.098000 -0.010000
v -0.040000 -0.110000 -0.010000
v -0.010000 -0.098000 -0.032000
v -0.010000 -0.098000 -0.040000
v -0.040000 -0.098000 -0.040000
v -0.040000 -0.110000 -0.040000
v -0.010000 -0.110000 -0.032000
v -0.010000 -0.110000 -0.040000
vn 1.0000 -0.0000 -0.0000
vn -0.0000 -0.0000 1.0000
vn -0.0000 1.0000 -0.0000
vn -0.0000 -1.0000 -0.0000
vn -0.0000 -0.0000 -1.0000
vn -1.0000 -0.0000 -0.0000
v 0.010000 -0.098000 -0.040000
v 0.018000 -0.098000 -0.040000
v 0.010000 -0.110000 -0.040000
v 0.018000 -0.110000 -0.040000
v 0.018000 -0.098000 -0.032000
v 0.018000 -0.110000 -0.032000
v 0.010000 -0.098000 -0.032000
v 0.010000 -0.110000 -0.032000
vn -0.0000 -0.0000 -1.0000
vn 1.0000 -0.0000 -0.0000
vn -0.0000 -0.0000 1.0000
vn -1.0000 -0.0000 -0.0000
vn -0.0000 -1.0000 -0.0000
vn -0.0000 1.0000 -0.0000
v 0.026000 -0.098000 -0.032000
v 0.026000 -0.098000 -0.040000
v 0.026000 -0.110000 -0.032000
v 0.026000 -0.110000 -0.040000
v 0.040000 -0.098000 -0.040000
v 0.040000 -0.110000 -0.040000
v 0.032000 -0.098000 -0.026000
v 0.040000 -0.098000 -0.026000
v 0.032000 -0.098000 -0.032000
v 0.032000 -0.110000 -0.032000
v 0.032000 -0.110000 -0.026000
v 0.040000 -0.110000 -0.026000
vn -1.0000 -0.0000 -0.0000
vn -0.0000 -0.0000 -1.0000
vn -0.0000 1.0000 -0.0000
vn -0.0000 -1.0000 -0.0000
vn -0.0000 -0.0000 1.0000
vn 1.0000 -0.0000 -0.0000
v 0.040000 -0.098000 -0.018000
v 0.040000 -0.098000 -0.010000
v 0.040000 -0.110000 -0.018000
v 0.040000 -0.110000 -0.010000
v 0.032000 -0.098000 -0.010000
v 0.032000 -0.110000 -0.010000
v 0.032000 -0.098000 -0.018000
v 0.032000 -0.110000 -0.018000
vn 1.0000 -0.0000 -0.0000
vn -0.0000 -0.0000 1.0000
vn -1.0000 -0.0000 -0.0000
vn -0.0000 -0.0000 -1.0000
vn -0.0000 -1.0000 -0.0000
vn -0.0000 1.0000 -0.0000
v -0.009000 -0.086000 0.015588
v -0.018000 -0.086000 0.000000
v -0.007268 -0.086000 0.014588
v -0.016268 -0.086000 -0.001000
v -0.009000 -0.026000 0.015588
v -0.007268 -0.026000 0.014588
v -0.018000 -0.026000 0.000000
v -0.016268 -0.026000 -0.001000
vn -0.0000 -1.0000 -0.0000
vn 0.5000 -0.0000 0.8660
vn -0.0000 1.0000 -0.0000
vn -0.5000 -0.0000 -0.8660
vn 0.8660 -0.0000 -0.5000
vn -0.8660 -0.0000 0.5000
v 0.018000 -0.086000 -0.000000
v 0.009000 -0.086000 0.015588
v 0.016268 -0.086000 -0.001000
v 0.007268 -0.086000 0.014588
v 0.018000 -0.026000 -0.000000
v 0.016268 -0.026000 -0.001000
v 0.009000 -0.026000 0.015588
v 0.007268 -0.026000 0.014588
vn -0.0000 -1.0000 -0.0000
vn 0.5000 -0.0000 -0.8660
vn -0.0000 1.0000 -0.0000
vn -0.5000 -0.0000 0.8660
vn -0.8660 -0.0000 -0.5000
vn 0.8660 -0.0000 0.5000
v -0.009000 -0.086000 -0.015588
v 0.009000 -0.086000 -0.015588
v -0.009000 -0.086000 -0.013588
v 0.009000 -0.086000 -0.013588
v -0.009000 -0.026000 -0.015588
v -0.009000 -0.026000 -0.013588
v 0.009000 -0.026000 -0.015588
v 0.009000 -0.026000 -0.013588
vn -0.0000 -1.0000 -0.0000
vn -1.0000 -0.0000 -0.0000
vn -0.0000 1.0000 -0.0000
vn 1.0000 -0.0000 -0.0000
vn -0.0000 -0.0000 1.0000
vn -0.0000 -0.0000 -1.0000
v -0.114870 -0.110000 -0.167312
v -0.084870 -0.110000 -0.184632
v -0.114870 -0.159000 -0.167312
v -0.084870 -0.159000 -0.184632
v -0.114870 -0.110000 -0.035953
v -0.114870 -0.159000 -0.035953
v -0.084870 -0.110000 -0.018632
v -0.084870 -0.159000 -0.018632
vn -0.5000 -0.0000 -0.8660
vn -1.0000 -0.0000 -0.0000
vn -0.5000 -0.0000 0.8660
vn 1.0000 -0.0000 -0.0000
vn -0.0000 -1.0000 -0.0000
vn -0.0000 1.0000 -0.0000
v 0.084870 -0.110000 -0.184632
v 0.114870 -0.110000 -0.167312
v 0.084870 -0.159000 -0.184632
v 0.114870 -0.159000 -0.167312
v 0.084870 -0.110000 -0.018632
v 0.084870 -0.159000 -0.018632
v 0.114870 -0.110000 -0.035953
v 0.114870 -0.159000 -0.035953
vn 0.5000 -0.0000 -0.8660
vn -1.0000 -0.0000 -0.0000
vn 0.5000 -0.0000 0.8660
vn 1.0000 -0.0000 -0.0000
vn -0.0000 -1.0000 -0.0000
vn -0.0000 1.0000 -0.0000
v 0.027600 -0.110000 0.000000
v 0.027600 -0.098000 0.000000
v 0.027438 -0.110000 -0.002984
v 0.027438 -0.098000 -0.002984
v 0.026955 -0.110000 -0.005933
v 0.026955 -0.098000 -0.005933
v 0.026155 -0.110000 -0.008813
v 0.026155 -0.098000 -0.008813
v 0.025049 -0.110000 -0.011589
v 0.025049 -0.098000 -0.011589
v 0.023649 -0.110000 -0.014229
v 0.023649 -0.098000 -0.014229
v 0.021972 -0.110000 -0.016703
v 0.021972 -0.098000 -0.016703
v 0.020037 -0.110000 -0.018981
v 0.020037 -0.098000 -0.018981
v 0.017868 -0.110000 -0.021036
v 0.017868 -0.098000 -0.021036
v 0.015489 -0.110000 -0.022844
v 0.015489 -0.098000 -0.022844
v 0.012928 -0.110000 -0.024385
v 0.012928 -0.098000 -0.024385
v 0.010216 -0.110000 -0.025640
v 0.010216 -0.098000 -0.025640
v 0.007384 -0.110000 -0.026594
v 0.007384 -0.098000 -0.026594
v 0.004465 -0.110000 -0.027236
v 0.004465 -0.098000 -0.027236
v 0.001494 -0.110000 -0.027560
v 0.001494 -0.098000 -0.027560
v -0.001494 -0.110000 -0.027560
v -0.001494 -0.098000 -0.027560
v -0.004465 -0.110000 -0.027236
v -0.004465 -0.098000 -0.027236
v -0.007384 -0.110000 -0.026594
v -0.007384 -0.098000 -0.026594
v -0.010216 -0.110000 -0.025640
v -0.010216 -0.098000 -0.025640
v -0.012928 -0.110000 -0.024385
v -0.012928 -0.098000 -0.024385
v -0.015489 -0.110000 -0.022844
v -0.015489 -0.098000 -0.022844
v -0.017868 -0.110000 -0.021036
v -0.017868 -0.098000 -0.021036
v -0.020037 -0.110000 -0.018981
v -0.020037 -0.098000 -0.018981
v -0.021972 -0.110000 -0.016703
v -0.021972 -0.098000 -0.016703
v -0.023649 -0.110000 -0.014229
v -0.023649 -0.098000 -0.014229
v -0.025049 -0.110000 -0.011589
v -0.025049 -0.098000 -0.011589
v -0.026155 -0.110000 -0.008813
v -0.026155 -0.098000 -0.008813
v -0.026955 -0.110000 -0.005933
v -0.026955 -0.098000 -0.005933
v -0.027438 -0.110000 -0.002984
v -0.027438 -0.098000 -0.002984
v -0.027600 -0.110000 -0.000000
v -0.027600 -0.098000 -0.000000
v -0.027438 -0.110000 0.002984
v -0.027438 -0.098000 0.002984
v -0.026955 -0.110000 0.005933
v -0.026955 -0.098000 0.005933
v -0.026155 -0.110000 0.008813
v -0.026155 -0.098000 0.008813
v -0.025049 -0.110000 0.011589
v -0.025049 -0.098000 0.011589
v -0.023649 -0.110000 0.014229
v -0.023649 -0.098000 0.014229
v -0.021972 -0.110000 0.016703
v -0.021972 -0.098000 0.016703
v -0.020037 -0.110000 0.018981
v -0.020037 -0.098000 0.018981
v -0.017868 -0.110000 0.021036
v -0.017868 -0.098000 0.021036
v -0.015489 -0.110000 0.022844
v -0.015489 -0.098000 0.022844
v -0.012928 -0.110000 0.024385
v -0.012928 -0.098000 0.024385
v -0.010216 -0.110000 0.025640
v -0.010216 -0.098000 0.025640
v -0.007384 -0.110000 0.026594
v -0.007384 -0.098000 0.026594
v -0.004465 -0.110000 0.027236
v -0.004465 -0.098000 0.027236
v -0.001494 -0.110000 0.027560
v -0.001494 -0.098000 0.027560
v 0.001494 -0.110000 0.027560
v 0.001494 -0.098000 0.027560
v 0.004465 -0.110000 0.027236
v 0.004465 -0.098000 0.027236
v 0.007384 -0.110000 0.026594
v 0.007384 -0.098000 0.026594
v 0.010216 -0.110000 0.025640
v 0.010216 -0.098000 0.025640
v 0.012928 -0.110000 0.024385
v 0.012928 -0.098000 0.024385
v 0.015489 -0.110000 0.022844
v 0.015489 -0.098000 0.022844
v 0.017868 -0.110000 0.021036
v 0.017868 -0.098000 0.021036
v 0.020037 -0.110000 0.018981
v 0.020037 -0.098000 0.018981
v 0.021972 -0.110000 0.016703
v 0.021972 -0.098000 0.016703
v 0.023649 -0.110000 0.014229
v 0.023649 -0.098000 0.014229
v 0.025049 -0.110000 0.011589
v 0.025049 -0.098000 0.011589
v 0.026155 -0.110000 0.008813
v 0.026155 -0.098000 0.008813
v 0.026955 -0.110000 0.005933
v 0.026955 -0.098000 0.005933
v 0.027438 -0.110000 0.002984
v 0.027438 -0.098000 0.002984
v 0.032000 -0.098000 -0.018000
v 0.032000 -0.098000 -0.010000
v 0.032000 -0.110000 -0.018000
v 0.032000 -0.110000 -0.010000
v 0.040000 -0.098000 -0.018000
v 0.040000 -0.110000 -0.018000
v 0.010000 -0.098000 -0.032000
v 0.018000 -0.098000 -0.032000
v 0.010000 -0.110000 -0.032000
v 0.018000 -0.110000 -0.032000
v 0.010000 -0.098000 -0.040000
v 0.010000 -0.110000 -0.040000
v 0.018000 -0.098000 -0.040000
v 0.018000 -0.110000 -0.040000
v 0.040000 -0.110000 -0.026000
v 0.040000 -0.098000 -0.026000
v 0.040000 -0.110000 -0.029800
v 0.040000 -0.098000 -0.029800
v 0.040000 -0.110000 -0.040000
v 0.040000 -0.098000 -0.040000
v 0.032000 -0.098000 -0.026000
v 0.032000 -0.110000 -0.026000
v 0.032000 -0.110000 -0.032000
v 0.032000 -0.098000 -0.032000
v 0.032000 -0.110000 -0.029800
v 0.032000 -0.098000 -0.029800
v 0.026000 -0.110000 -0.032000
v 0.026000 -0.098000 -0.032000
v 0.029800 -0.110000 -0.032000
v 0.029800 -0.098000 -0.032000
v 0.026000 -0.098000 -0.040000
v 0.026000 -0.110000 -0.040000
v 0.029800 -0.098000 0.047250
v 0.029800 -0.098000 0.040000
v 0.022000 -0.098000 0.040000
v -0.010000 -0.098000 0.032000
v -0.010000 -0.098000 0.033800
v 0.029800 -0.098000 -0.022000
v 0.029800 -0.098000 0.000000
v 0.022000 -0.098000 -0.022000
v 0.000000 -0.098000 -0.029800
v 0.022000 -0.098000 -0.029800
v -0.032000 -0.098000 -0.029800
v -0.032000 -0.098000 -0.022000
v -0.033800 -0.098000 0.000000
v -0.032000 -0.098000 -0.010000
v -0.032000 -0.098000 0.010000
v -0.032000 -0.098000 0.032000
v 0.000000 -0.098000 0.033800
v 0.010000 -0.098000 0.033800
v 0.010000 -0.098000 0.032000
v 0.022000 -0.098000 0.032000
v 0.029800 -0.098000 0.032000
v 0.029800 -0.098000 -0.029800
v 0.045000 -0.098000 -0.022000
v 0.045000 -0.098000 -0.029800
v 0.045000 -0.098000 -0.047250
v 0.029800 -0.098000 -0.040000
v 0.029800 -0.098000 -0.047250
v 0.022000 -0.098000 -0.047250
v -0.032000 -0.098000 -0.032000
v -0.010000 -0.098000 -0.032000
v -0.010000 -0.098000 -0.040000
v 0.000000 -0.098000 -0.047250
v -0.033800 -0.098000 -0.040000
v -0.033800 -0.098000 -0.047250
v -0.040000 -0.098000 -0.040000
v -0.045000 -0.098000 -0.047250
v -0.040000 -0.098000 -0.029800
v -0.045000 -0.098000 -0.029800
v -0.040000 -0.098000 -0.022000
v -0.045000 -0.098000 -0.022000
v -0.040000 -0.098000 -0.010000
v -0.045000 -0.098000 0.000000
v -0.033800 -0.098000 -0.010000
v 0.032000 -0.098000 0.032000
v 0.032000 -0.098000 0.010000
v 0.010000 -0.098000 0.040000
v 0.000000 -0.098000 0.047250
v 0.022000 -0.098000 0.047250
v 0.040000 -0.098000 0.040000
v 0.045000 -0.098000 0.047250
v 0.040000 -0.098000 0.033800
v 0.045000 -0.098000 0.033800
v 0.040000 -0.098000 0.010000
v 0.045000 -0.098000 0.000000
v -0.010000 -0.098000 0.040000
v -0.033800 -0.098000 0.047250
v -0.033800 -0.098000 0.040000
v -0.045000 -0.098000 0.047250
v -0.040000 -0.098000 0.040000
v -0.045000 -0.098000 0.033800
v -0.040000 -0.098000 0.033800
v -0.040000 -0.098000 0.010000
v -0.033800 -0.098000 0.010000
v 0.040000 -0.098000 -0.010000
v -0.045000 -0.110000 -0.047250
v -0.033800 -0.110000 -0.047250
v 0.000000 -0.110000 -0.047250
v 0.022000 -0.110000 -0.047250
v 0.029800 -0.110000 -0.047250
v 0.045000 -0.110000 -0.047250
v -0.045000 -0.110000 0.047250
v -0.045000 -0.110000 0.033800
v -0.045000 -0.110000 0.000000
v -0.045000 -0.110000 -0.022000
v -0.045000 -0.110000 -0.029800
v 0.045000 -0.110000 -0.029800
v 0.045000 -0.110000 -0.022000
v 0.045000 -0.110000 0.000000
v 0.045000 -0.110000 0.033800
v 0.045000 -0.110000 0.047250
v 0.029800 -0.110000 0.047250
v 0.022000 -0.110000 0.047250
v 0.000000 -0.110000 0.047250
v -0.033800 -0.110000 0.047250
v 0.010000 -0.110000 0.032000
v 0.010000 -0.110000 0.033800
v 0.022000 -0.110000 0.032000
v 0.029800 -0.110000 0.032000
v 0.029800 -0.110000 0.000000
v 0.000000 -0.110000 0.033800
v -0.010000 -0.110000 0.033800
v -0.010000 -0.110000 0.032000
v -0.033800 -0.110000 0.000000
v -0.032000 -0.110000 0.032000
v -0.032000 -0.110000 0.010000
v -0.033800 -0.110000 -0.010000
v -0.032000 -0.110000 -0.010000
v -0.032000 -0.110000 -0.022000
v 0.000000 -0.110000 -0.029800
v -0.032000 -0.110000 -0.029800
v 0.022000 -0.110000 -0.029800
v 0.022000 -0.110000 -0.022000
v 0.029800 -0.110000 -0.022000
v 0.029800 -0.110000 -0.029800
v 0.029800 -0.110000 -0.040000
v -0.040000 -0.110000 -0.010000
v -0.040000 -0.110000 -0.022000
v -0.040000 -0.110000 -0.029800
v -0.032000 -0.110000 -0.032000
v -0.010000 -0.110000 -0.032000
v -0.040000 -0.110000 -0.040000
v -0.033800 -0.110000 -0.040000
v -0.010000 -0.110000 -0.040000
v 0.032000 -0.110000 0.032000
v 0.032000 -0.110000 0.010000
v 0.040000 -0.110000 0.010000
v 0.040000 -0.110000 0.033800
v 0.040000 -0.110000 0.040000
v 0.029800 -0.110000 0.040000
v 0.022000 -0.110000 0.040000
v 0.010000 -0.110000 0.040000
v -0.010000 -0.110000 0.040000
v -0.033800 -0.110000 0.040000
v -0.040000 -0.110000 0.040000
v -0.040000 -0.110000 0.033800
v -0.040000 -0.110000 0.010000
v -0.033800 -0.110000 0.010000
v 0.040000 -0.110000 -0.010000
vn -0.9985 -0.0000 0.0541
vn -0.9868 -0.0000 0.1618
vn -0.9635 -0.0000 0.2675
vn -0.9636 -0.0000 0.2675
vn -0.9290 -0.0000 0.3701
vn -0.8835 -0.0000 0.4684
vn -0.8277 -0.0000 0.5612
vn -0.7622 -0.0000 0.6474
vn -0.6877 -0.0000 0.7260
vn -0.6052 -0.0000 0.7961
vn -0.5156 -0.0000 0.8569
vn -0.4199 -0.0000 0.9076
vn -0.3193 -0.0000 0.9477
vn -0.2150 -0.0000 0.9766
vn -0.1081 -0.0000 0.9941
vn -0.0000 -0.0000 1.0000
vn 0.1081 -0.0000 0.9941
vn 0.2150 -0.0000 0.9766
vn 0.3193 -0.0000 0.9477
vn 0.4199 -0.0000 0.9076
vn 0.5156 -0.0000 0.8569
vn 0.6052 -0.0000 0.7961
vn 0.6877 -0.0000 0.7260
vn 0.7622 -0.0000 0.6474
vn 0.8277 -0.0000 0.5612
vn 0.8835 -0.0000 0.4684
vn 0.9290 -0.0000 0.3701
vn 0.9636 -0.0000 0.2675
vn 0.9635 -0.0000 0.2675
vn 0.9868 -0.0000 0.1618
vn 0.9985 -0.0000 0.0541
vn 0.9985 -0.0000 -0.0541
vn 0.9868 -0.0000 -0.1618
vn 0.9635 -0.0000 -0.2675
vn 0.9636 -0.0000 -0.2675
vn 0.9290 -0.0000 -0.3701
vn 0.8835 -0.0000 -0.4684
vn 0.8277 -0.0000 -0.5612
vn 0.7622 -0.0000 -0.6474
vn 0.6877 -0.0000 -0.7260
vn 0.6052 -0.0000 -0.7961
vn 0.5156 -0.0000 -0.8569
vn 0.4199 -0.0000 -0.9076
vn 0.3193 -0.0000 -0.9477
vn 0.2150 -0.0000 -0.9766
vn 0.1081 -0.0000 -0.9941
vn -0.0000 -0.0000 -1.0000
vn -0.1081 -0.0000 -0.9941
vn -0.2150 -0.0000 -0.9766
vn -0.3193 -0.0000 -0.9477
vn -0.4199 -0.0000 -0.9076
vn -0.5156 -0.0000 -0.8569
vn -0.6052 -0.0000 -0.7961
vn -0.6877 -0.0000 -0.7260
vn -0.7622 -0.0000 -0.6474
vn -0.8277 -0.0000 -0.5612
vn -0.8835 -0.0000 -0.4684
vn -0.9290 -0.0000 -0.3701
vn -0.9636 -0.0000 -0.2675
vn -0.9635 -0.0000 -0.2675
vn -0.9868 -0.0000 -0.1618
vn -0.9985 -0.0000 -0.0541
vn 1.0000 -0.0000 -0.0000
vn -1.0000 -0.0000 -0.0000
vn -0.0000 1.0000 -0.0000
vn -0.0000 -1.0000 -0.0000
v -0.050000 -0.098000 0.049500
v -0.050000 -0.110000 0.049500
v -0.044804 -0.098000 0.052500
v -0.030947 -0.110000 0.060500
v -0.030947 -0.102000 0.060500
v 0.030947 -0.102000 0.060500
v 0.030947 -0.110000 0.060500
v 0.044804 -0.098000 0.052500
v 0.050000 -0.110000 0.049500
v 0.050000 -0.098000 0.049500
v 0.050000 -0.098000 -0.047500
v 0.050000 -0.110000 -0.047500
v 0.045000 -0.110000 -0.052500
v -0.045000 -0.110000 -0.052500
v 0.045000 -0.098000 -0.052500
v -0.045000 -0.098000 -0.052500
v -0.050000 -0.110000 -0.047500
v -0.050000 -0.098000 -0.047500
v -0.045100 -0.098000 0.047350
v -0.045100 -0.098000 -0.047350
v 0.045100 -0.098000 -0.047350
v 0.045100 -0.098000 0.047350
v -0.045100 -0.110000 -0.047350
v -0.045100 -0.110000 0.047350
v 0.045100 -0.110000 0.047350
v 0.045100 -0.110000 -0.047350
vn -0.5000 -0.0000 0.8660
vn -0.0000 -0.0000 1.0000
vn 0.5000 -0.0000 0.8660
vn 1.0000 -0.0000 -0.0000
vn -0.0000 -0.0000 -1.0000
vn -1.0000 -0.0000 -0.0000
vn -0.0000 1.0000 -0.0000
vn -0.0000 -1.0000 -0.0000
vn 0.7071 -0.0000 -0.7071
vn -0.0000 0.8944 0.4472
vn -0.7071 -0.0000 -0.7071
v 0.023100 -0.110000 0.000000
v 0.023100 -0.098000 0.000000
v 0.022965 -0.110000 -0.002498
v 0.022965 -0.098000 -0.002498
v 0.022560 -0.110000 -0.004966
v 0.022560 -0.098000 -0.004966
v 0.021891 -0.110000 -0.007376
v 0.021891 -0.098000 -0.007376
v 0.020965 -0.110000 -0.009699
v 0.020965 -0.098000 -0.009699
v 0.019793 -0.110000 -0.011909
v 0.019793 -0.098000 -0.011909
v 0.018390 -0.110000 -0.013980
v 0.018390 -0.098000 -0.013980
v 0.016770 -0.110000 -0.015886
v 0.016770 -0.098000 -0.015886
v 0.014955 -0.110000 -0.017606
v 0.014955 -0.098000 -0.017606
v 0.012963 -0.110000 -0.019120
v 0.012963 -0.098000 -0.019120
v 0.010820 -0.110000 -0.020409
v 0.010820 -0.098000 -0.020409
v 0.008550 -0.110000 -0.021459
v 0.008550 -0.098000 -0.021459
v 0.006180 -0.110000 -0.022258
v 0.006180 -0.098000 -0.022258
v 0.003737 -0.110000 -0.022796
v 0.003737 -0.098000 -0.022796
v 0.001251 -0.110000 -0.023066
v 0.001251 -0.098000 -0.023066
v -0.001251 -0.110000 -0.023066
v -0.001251 -0.098000 -0.023066
v -0.003737 -0.110000 -0.022796
v -0.003737 -0.098000 -0.022796
v -0.006180 -0.110000 -0.022258
v -0.006180 -0.098000 -0.022258
v -0.008550 -0.110000 -0.021459
v -0.008550 -0.098000 -0.021459
v -0.010820 -0.110000 -0.020409
v -0.010820 -0.098000 -0.020409
v -0.012963 -0.110000 -0.019120
v -0.012963 -0.098000 -0.019120
v -0.014955 -0.110000 -0.017606
v -0.014955 -0.098000 -0.017606
v -0.016770 -0.110000 -0.015886
v -0.016770 -0.098000 -0.015886
v -0.018390 -0.110000 -0.013980
v -0.018390 -0.098000 -0.013980
v -0.019793 -0.110000 -0.011909
v -0.019793 -0.098000 -0.011909
v -0.020965 -0.110000 -0.009699
v -0.020965 -0.098000 -0.009699
v -0.021891 -0.110000 -0.007376
v -0.021891 -0.098000 -0.007376
v -0.022560 -0.110000 -0.004966
v -0.022560 -0.098000 -0.004966
v -0.022965 -0.110000 -0.002498
v -0.022965 -0.098000 -0.002498
v -0.023100 -0.110000 -0.000000
v -0.023100 -0.098000 -0.000000
v -0.022965 -0.110000 0.002498
v -0.022965 -0.098000 0.002498
v -0.022560 -0.110000 0.004966
v -0.022560 -0.098000 0.004966
v -0.021891 -0.110000 0.007376
v -0.021891 -0.098000 0.007376
v -0.020965 -0.110000 0.009699
v -0.020965 -0.098000 0.009699
v -0.019793 -0.110000 0.011909
v -0.019793 -0.098000 0.011909
v -0.018390 -0.110000 0.013980
v -0.018390 -0.098000 0.013980
v -0.016770 -0.110000 0.015886
v -0.016770 -0.098000 0.015886
v -0.014955 -0.110000 0.017606
v -0.014955 -0.098000 0.017606
v -0.012963 -0.110000 0.019120
v -0.012963 -0.098000 0.019120
v -0.010820 -0.110000 0.020409
v -0.010820 -0.098000 0.020409
v -0.008550 -0.110000 0.021459
v -0.008550 -0.098000 0.021459
v -0.006180 -0.110000 0.022258
v -0.006180 -0.098000 0.022258
v -0.003737 -0.110000 0.022796
v -0.003737 -0.098000 0.022796
v -0.001251 -0.110000 0.023066
v -0.001251 -0.098000 0.023066
v 0.001251 -0.110000 0.023066
v 0.001251 -0.098000 0.023066
v 0.003737 -0.110000 0.022796
v 0.003737 -0.098000 0.022796
v 0.006180 -0.110000 0.022258
v 0.006180 -0.098000 0.022258
v 0.008550 -0.110000 0.021459
v 0.008550 -0.098000 0.021459
v 0.010820 -0.110000 0.020409
v 0.010820 -0.098000 0.020409
v 0.012963 -0.110000 0.019120
v 0.012963 -0.098000 0.019120
v 0.014955 -0.110000 0.017606
v 0.014955 -0.098000 0.017606
v 0.016770 -0.110000 0.015886
v 0.016770 -0.098000 0.015886
v 0.018390 -0.110000 0.013980
v 0.018390 -0.098000 0.013980
v 0.019793 -0.110000 0.011909
v 0.019793 -0.098000 0.011909
v 0.020965 -0.110000 0.009699
v 0.020965 -0.098000 0.009699
v 0.021891 -0.110000 0.007376
v 0.021891 -0.098000 0.007376
v 0.022560 -0.110000 0.004966
v 0.022560 -0.098000 0.004966
v 0.022965 -0.110000 0.002498
v 0.022965 -0.098000 0.002498
v 0.027500 -0.098000 0.000000
v 0.027339 -0.110000 -0.002973
v 0.027339 -0.098000 -0.002973
v 0.026857 -0.110000 -0.005912
v 0.026857 -0.098000 -0.005912
v 0.026060 -0.110000 -0.008781
v 0.026060 -0.098000 -0.008781
v 0.024958 -0.110000 -0.011547
v 0.024958 -0.098000 -0.011547
v 0.023564 -0.110000 -0.014178
v 0.023564 -0.098000 -0.014178
v 0.021893 -0.110000 -0.016642
v 0.021893 -0.098000 -0.016642
v 0.019965 -0.110000 -0.018912
v 0.019965 -0.098000 -0.018912
v 0.017803 -0.110000 -0.020959
v 0.017803 -0.098000 -0.020959
v 0.015433 -0.110000 -0.022761
v 0.015433 -0.098000 -0.022761
v 0.012881 -0.110000 -0.024297
v 0.012881 -0.098000 -0.024297
v 0.010179 -0.110000 -0.025547
v 0.010179 -0.098000 -0.025547
v 0.007357 -0.110000 -0.026498
v 0.007357 -0.098000 -0.026498
v 0.004449 -0.110000 -0.027138
v 0.004449 -0.098000 -0.027138
v 0.001489 -0.110000 -0.027460
v 0.001489 -0.098000 -0.027460
v -0.001489 -0.110000 -0.027460
v -0.001489 -0.098000 -0.027460
v -0.004449 -0.110000 -0.027138
v -0.004449 -0.098000 -0.027138
v -0.007357 -0.110000 -0.026498
v -0.007357 -0.098000 -0.026498
v -0.010179 -0.110000 -0.025547
v -0.010179 -0.098000 -0.025547
v -0.012881 -0.110000 -0.024297
v -0.012881 -0.098000 -0.024297
v -0.015433 -0.110000 -0.022761
v -0.015433 -0.098000 -0.022761
v -0.017803 -0.110000 -0.020959
v -0.017803 -0.098000 -0.020959
v -0.019965 -0.110000 -0.018912
v -0.019965 -0.098000 -0.018912
v -0.021893 -0.110000 -0.016642
v -0.021893 -0.098000 -0.016642
v -0.023564 -0.110000 -0.014178
v -0.023564 -0.098000 -0.014178
v -0.024958 -0.110000 -0.011547
v -0.024958 -0.098000 -0.011547
v -0.026060 -0.110000 -0.008781
v -0.026060 -0.098000 -0.008781
v -0.026857 -0.110000 -0.005912
v -0.026857 -0.098000 -0.005912
v -0.027339 -0.110000 -0.002973
v -0.027339 -0.098000 -0.002973
v -0.027500 -0.110000 -0.000000
v -0.027500 -0.098000 -0.000000
v -0.027339 -0.110000 0.002973
v -0.027339 -0.098000 0.002973
v -0.026857 -0.110000 0.005912
v -0.026857 -0.098000 0.005912
v -0.026060 -0.110000 0.008781
v -0.026060 -0.098000 0.008781
v -0.024958 -0.110000 0.011547
v -0.024958 -0.098000 0.011547
v -0.023564 -0.110000 0.014178
v -0.023564 -0.098000 0.014178
v -0.021893 -0.110000 0.016642
v -0.021893 -0.098000 0.016642
v -0.019965 -0.110000 0.018912
v -0.019965 -0.098000 0.018912
v -0.017803 -0.110000 0.020959
v -0.017803 -0.098000 0.020959
v -0.015433 -0.110000 0.022761
v -0.015433 -0.098000 0.022761
v -0.012881 -0.110000 0.024297
v -0.012881 -0.098000 0.024297
v -0.010179 -0.110000 0.025547
v -0.010179 -0.098000 0.025547
v -0.007357 -0.110000 0.026498
v -0.007357 -0.098000 0.026498
v -0.004449 -0.110000 0.027138
v -0.004449 -0.098000 0.027138
v -0.001489 -0.110000 0.027460
v -0.001489 -0.098000 0.027460
v 0.001489 -0.110000 0.027460
v 0.001489 -0.098000 0.027460
v 0.004449 -0.110000 0.027138
v 0.004449 -0.098000 0.027138
v 0.007357 -0.110000 0.026498
v 0.007357 -0.098000 0.026498
v 0.010179 -0.110000 0.025547
v 0.010179 -0.098000 0.025547
v 0.012881 -0.110000 0.024297
v 0.012881 -0.098000 0.024297
v 0.015433 -0.110000 0.022761
v 0.015433 -0.098000 0.022761
v 0.017803 -0.110000 0.020959
v 0.017803 -0.098000 0.020959
v 0.019965 -0.110000 0.018912
v 0.019965 -0.098000 0.018912
v 0.021893 -0.110000 0.016642
v 0.021893 -0.098000 0.016642
v 0.023564 -0.110000 0.014178
v 0.023564 -0.098000 0.014178
v 0.024958 -0.110000 0.011547
v 0.024958 -0.098000 0.011547
v 0.026060 -0.110000 0.008781
v 0.026060 -0.098000 0.008781
v 0.026857 -0.110000 0.005912
v 0.026857 -0.098000 0.005912
v 0.027339 -0.110000 0.002973
v 0.027339 -0.098000 0.002973
v 0.027500 -0.110000 0.000000
vn -0.9985 -0.0000 0.0541
vn -0.9868 -0.0000 0.1618
vn -0.9635 -0.0000 0.2675
vn -0.9636 -0.0000 0.2675
vn -0.9290 -0.0000 0.3701
vn -0.8835 -0.0000 0.4684
vn -0.8277 -0.0000 0.5612
vn -0.7622 -0.0000 0.6474
vn -0.6877 -0.0000 0.7260
vn -0.6052 -0.0000 0.7961
vn -0.5156 -0.0000 0.8569
vn -0.4199 -0.0000 0.9076
vn -0.3193 -0.0000 0.9477
vn -0.2150 -0.0000 0.9766
vn -0.1081 -0.0000 0.9941
vn -0.0000 -0.0000 1.0000
vn 0.1081 -0.0000 0.9941
vn 0.2150 -0.0000 0.9766
vn 0.3193 -0.0000 0.9477
vn 0.4199 -0.0000 0.9076
vn 0.5156 -0.0000 0.8569
vn 0.6052 -0.0000 0.7961
vn 0.6877 -0.0000 0.7260
vn 0.7622 -0.0000 0.6474
vn 0.8277 -0.0000 0.5612
vn 0.8835 -0.0000 0.4684
vn 0.9290 -0.0000 0.3701
vn 0.9636 -0.0000 0.2675
vn 0.9635 -0.0000 0.2675
vn 0.9868 -0.0000 0.1618
vn 0.9985 -0.0000 0.0541
vn 0.9985 -0.0000 -0.0541
vn 0.9868 -0.0000 -0.1618
vn 0.9635 -0.0000 -0.2675
vn 0.9636 -0.0000 -0.2675
vn 0.9290 -0.0000 -0.3701
vn 0.8835 -0.0000 -0.4684
vn 0.8277 -0.0000 -0.5612
vn 0.7622 -0.0000 -0.6474
vn 0.6877 -0.0000 -0.7260
vn 0.6052 -0.0000 -0.7961
vn 0.5156 -0.0000 -0.8569
vn 0.4199 -0.0000 -0.9076
vn 0.3193 -0.0000 -0.9477
vn 0.2150 -0.0000 -0.9766
vn 0.1081 -0.0000 -0.9941
vn -0.0000 -0.0000 -1.0000
vn -0.1081 -0.0000 -0.9941
vn -0.2150 -0.0000 -0.9766
vn -0.3193 -0.0000 -0.9477
vn -0.4199 -0.0000 -0.9076
vn -0.5156 -0.0000 -0.8569
vn -0.6052 -0.0000 -0.7961
vn -0.6877 -0.0000 -0.7260
vn -0.7622 -0.0000 -0.6474
vn -0.8277 -0.0000 -0.5612
vn -0.8835 -0.0000 -0.4684
vn -0.9290 -0.0000 -0.3701
vn -0.9636 -0.0000 -0.2675
vn -0.9635 -0.0000 -0.2675
vn -0.9868 -0.0000 -0.1618
vn -0.9985 -0.0000 -0.0541
vn -0.0000 1.0000 -0.0000
vn -0.0000 -1.0000 -0.0000
v 0.001850 -0.110000 0.019750
v 0.001850 -0.098000 0.019750
v 0.001839 -0.110000 0.019550
v 0.001839 -0.098000 0.019550
v 0.001807 -0.110000 0.019352
v 0.001807 -0.098000 0.019352
v 0.001753 -0.110000 0.019159
v 0.001753 -0.098000 0.019159
v 0.001679 -0.110000 0.018973
v 0.001679 -0.098000 0.018973
v 0.001585 -0.110000 0.018796
v 0.001585 -0.098000 0.018796
v 0.001473 -0.110000 0.018630
v 0.001473 -0.098000 0.018630
v 0.001343 -0.110000 0.018478
v 0.001343 -0.098000 0.018478
v 0.001198 -0.110000 0.018340
v 0.001198 -0.098000 0.018340
v 0.001038 -0.110000 0.018219
v 0.001038 -0.098000 0.018219
v 0.000867 -0.110000 0.018116
v 0.000867 -0.098000 0.018116
v 0.000685 -0.110000 0.018031
v 0.000685 -0.098000 0.018031
v 0.000495 -0.110000 0.017967
v 0.000495 -0.098000 0.017967
v 0.000299 -0.110000 0.017924
v 0.000299 -0.098000 0.017924
v 0.000100 -0.110000 0.017903
v 0.000100 -0.098000 0.017903
v -0.000100 -0.110000 0.017903
v -0.000100 -0.098000 0.017903
v -0.000299 -0.110000 0.017924
v -0.000299 -0.098000 0.017924
v -0.000495 -0.110000 0.017967
v -0.000495 -0.098000 0.017967
v -0.000685 -0.110000 0.018031
v -0.000685 -0.098000 0.018031
v -0.000867 -0.110000 0.018116
v -0.000867 -0.098000 0.018116
v -0.001038 -0.110000 0.018219
v -0.001038 -0.098000 0.018219
v -0.001198 -0.110000 0.018340
v -0.001198 -0.098000 0.018340
v -0.001343 -0.110000 0.018478
v -0.001343 -0.098000 0.018478
v -0.001473 -0.110000 0.018630
v -0.001473 -0.098000 0.018630
v -0.001585 -0.110000 0.018796
v -0.001585 -0.098000 0.018796
v -0.001679 -0.110000 0.018973
v -0.001679 -0.098000 0.018973
v -0.001753 -0.110000 0.019159
v -0.001753 -0.098000 0.019159
v -0.001807 -0.110000 0.019352
v -0.001807 -0.098000 0.019352
v -0.001839 -0.110000 0.019550
v -0.001839 -0.098000 0.019550
v -0.001850 -0.110000 0.019750
v -0.001850 -0.098000 0.019750
v -0.001839 -0.110000 0.019950
v -0.001839 -0.098000 0.019950
v -0.001807 -0.110000 0.020148
v -0.001807 -0.098000 0.020148
v -0.001753 -0.110000 0.020341
v -0.001753 -0.098000 0.020341
v -0.001679 -0.110000 0.020527
v -0.001679 -0.098000 0.020527
v -0.001585 -0.110000 0.020704
v -0.001585 -0.098000 0.020704
v -0.001473 -0.110000 0.020870
v -0.001473 -0.098000 0.020870
v -0.001343 -0.110000 0.021022
v -0.001343 -0.098000 0.021022
v -0.001198 -0.110000 0.021160
v -0.001198 -0.098000 0.021160
v -0.001038 -0.110000 0.021281
v -0.001038 -0.098000 0.021281
v -0.000867 -0.110000 0.021384
v -0.000867 -0.098000 0.021384
v -0.000685 -0.110000 0.021469
v -0.000685 -0.098000 0.021469
v -0.000495 -0.110000 0.021533
v -0.000495 -0.098000 0.021533
v -0.000299 -0.110000 0.021576
v -0.000299 -0.098000 0.021576
v -0.000100 -0.110000 0.021597
v -0.000100 -0.098000 0.021597
v 0.000100 -0.110000 0.021597
v 0.000100 -0.098000 0.021597
v 0.000299 -0.110000 0.021576
v 0.000299 -0.098000 0.021576
v 0.000495 -0.110000 0.021533
v 0.000495 -0.098000 0.021533
v 0.000685 -0.110000 0.021469
v 0.000685 -0.098000 0.021469
v 0.000867 -0.110000 0.021384
v 0.000867 -0.098000 0.021384
v 0.001038 -0.110000 0.021281
v 0.001038 -0.098000 0.021281
v 0.001198 -0.110000 0.021160
v 0.001198 -0.098000 0.021160
v 0.001343 -0.110000 0.021022
v 0.001343 -0.098000 0.021022
v 0.001473 -0.110000 0.020870
v 0.001473 -0.098000 0.020870
v 0.001585 -0.110000 0.020704
v 0.001585 -0.098000 0.020704
v 0.001679 -0.110000 0.020527
v 0.001679 -0.098000 0.020527
v 0.001753 -0.110000 0.020341
v 0.001753 -0.098000 0.020341
v 0.001807 -0.110000 0.020148
v 0.001807 -0.098000 0.020148
v 0.001839 -0.110000 0.019950
v 0.001839 -0.098000 0.019950
v 0.018712 -0.110000 -0.001531
v 0.018552 -0.110000 -0.001410
v -0.017900 -0.110000 -0.000000
v -0.021589 -0.110000 -0.000200
v -0.021600 -0.110000 -0.000000
v -0.023000 -0.110000 -0.000000
v -0.020788 -0.110000 -0.001531
v -0.020948 -0.110000 -0.001410
v -0.022462 -0.110000 -0.004944
v 0.019850 -0.110000 -0.001847
v 0.019650 -0.110000 -0.001847
v 0.000299 -0.110000 -0.017924
v 0.019255 -0.110000 -0.001783
v 0.019451 -0.110000 -0.001826
v 0.019065 -0.110000 -0.001719
v 0.018883 -0.110000 -0.001634
v 0.018407 -0.110000 -0.001272
v 0.018277 -0.110000 -0.001120
v 0.018165 -0.110000 -0.000954
v -0.003721 -0.110000 0.022697
v -0.001245 -0.110000 0.022966
v 0.021589 -0.110000 0.000200
v 0.021600 -0.110000 0.000000
v 0.023000 -0.110000 0.000000
v -0.021223 -0.110000 -0.001120
v -0.021335 -0.110000 -0.000954
v -0.022865 -0.110000 -0.002487
v -0.019255 -0.110000 0.001783
v -0.019065 -0.110000 0.001719
v 0.017900 -0.110000 0.000000
v -0.018883 -0.110000 0.001634
v 0.001245 -0.110000 0.022966
v -0.021335 -0.110000 0.000954
v -0.021223 -0.110000 0.001120
v -0.022865 -0.110000 0.002487
v -0.021429 -0.110000 -0.000777
v -0.021503 -0.110000 -0.000591
v -0.021557 -0.110000 -0.000398
v 0.020617 -0.110000 -0.001634
v 0.020435 -0.110000 -0.001719
v -0.018712 -0.110000 0.001531
v -0.018552 -0.110000 0.001410
v 0.017911 -0.110000 -0.000200
v -0.018407 -0.110000 0.001272
v 0.017943 -0.110000 -0.000398
v 0.017997 -0.110000 -0.000591
v -0.018277 -0.110000 0.001120
v -0.018165 -0.110000 0.000954
v -0.018071 -0.110000 0.000777
v -0.017997 -0.110000 0.000591
v -0.017943 -0.110000 0.000398
v 0.018071 -0.110000 -0.000777
v -0.017911 -0.110000 0.000200
v -0.021429 -0.110000 0.000777
v -0.001038 -0.110000 -0.018219
v -0.001198 -0.110000 -0.018340
v -0.017911 -0.110000 -0.000200
v -0.017943 -0.110000 -0.000398
v -0.017997 -0.110000 -0.000591
v -0.018071 -0.110000 -0.000777
v -0.018165 -0.110000 -0.000954
v -0.000867 -0.110000 -0.018116
v -0.000685 -0.110000 -0.018031
v -0.000495 -0.110000 -0.017967
v 0.020788 -0.110000 -0.001531
v -0.000685 -0.110000 -0.021469
v -0.001245 -0.110000 -0.022966
v -0.000495 -0.110000 -0.021533
v -0.000299 -0.110000 -0.021576
v -0.020435 -0.110000 0.001719
v -0.020049 -0.110000 0.001826
v -0.019850 -0.110000 0.001847
v -0.019650 -0.110000 0.001847
v -0.019451 -0.110000 0.001826
v -0.021589 -0.110000 0.000200
v -0.021557 -0.110000 0.000398
v -0.021503 -0.110000 0.000591
v -0.021093 -0.110000 -0.001272
v 0.000867 -0.110000 -0.021384
v 0.000685 -0.110000 -0.021469
v 0.001245 -0.110000 -0.022966
v 0.000495 -0.110000 -0.021533
v -0.000867 -0.110000 -0.021384
v -0.001038 -0.110000 -0.021281
v -0.003721 -0.110000 -0.022697
v -0.001198 -0.110000 -0.021160
v -0.001343 -0.110000 -0.021022
v -0.006153 -0.110000 -0.022162
v -0.001753 -0.110000 -0.020341
v -0.008513 -0.110000 -0.021366
v -0.001807 -0.110000 -0.020148
v -0.010773 -0.110000 -0.020321
v -0.001839 -0.110000 -0.019950
v -0.001850 -0.110000 -0.019750
v -0.006153 -0.110000 0.022162
v -0.020617 -0.110000 0.001634
v -0.020788 -0.110000 0.001531
v -0.020245 -0.110000 0.001783
v -0.010773 -0.110000 0.020321
v -0.008513 -0.110000 0.021366
v -0.000299 -0.110000 -0.017924
v -0.000100 -0.110000 -0.017903
v 0.000100 -0.110000 -0.017903
v 0.020245 -0.110000 -0.001783
v 0.020049 -0.110000 -0.001826
v -0.001473 -0.110000 -0.020870
v -0.001585 -0.110000 -0.020704
v -0.001679 -0.110000 -0.020527
v 0.017911 -0.110000 0.000200
v 0.003721 -0.110000 0.022697
v -0.020948 -0.110000 0.001410
v -0.012907 -0.110000 0.019037
v -0.014890 -0.110000 0.017530
v -0.016698 -0.110000 0.015817
v -0.018310 -0.110000 0.013919
v -0.018552 -0.110000 -0.001410
v -0.001839 -0.110000 -0.019550
v -0.001807 -0.110000 -0.019352
v 0.000867 -0.110000 -0.018116
v 0.020948 -0.110000 -0.001410
v 0.000685 -0.110000 -0.018031
v 0.000495 -0.110000 -0.017967
v 0.021503 -0.110000 -0.000591
v 0.022865 -0.110000 -0.002487
v 0.021557 -0.110000 -0.000398
v 0.021589 -0.110000 -0.000200
v 0.000299 -0.110000 -0.021576
v 0.000100 -0.110000 -0.021597
v -0.000100 -0.110000 -0.021597
v 0.018071 -0.110000 0.000777
v 0.018165 -0.110000 0.000954
v 0.018277 -0.110000 0.001120
v 0.017943 -0.110000 0.000398
v 0.017997 -0.110000 0.000591
v 0.020617 -0.110000 0.001634
v 0.022462 -0.110000 0.004944
v 0.020435 -0.110000 0.001719
v 0.021796 -0.110000 0.007344
v 0.020245 -0.110000 0.001783
v 0.021223 -0.110000 0.001120
v 0.021335 -0.110000 0.000954
v 0.022865 -0.110000 0.002487
v 0.021429 -0.110000 -0.000777
v 0.021335 -0.110000 -0.000954
v 0.021223 -0.110000 -0.001120
v 0.001473 -0.110000 -0.020870
v 0.001343 -0.110000 -0.021022
v 0.003721 -0.110000 -0.022697
v 0.001198 -0.110000 -0.021160
v 0.001038 -0.110000 -0.021281
v 0.018883 -0.110000 0.001634
v 0.008513 -0.110000 0.021366
v 0.018712 -0.110000 0.001531
v 0.006153 -0.110000 0.022162
v 0.020788 -0.110000 0.001531
v 0.020948 -0.110000 0.001410
v 0.021093 -0.110000 0.001272
v 0.021429 -0.110000 0.000777
v 0.021503 -0.110000 0.000591
v 0.021557 -0.110000 0.000398
v -0.001753 -0.110000 -0.019159
v -0.001679 -0.110000 -0.018973
v -0.001585 -0.110000 -0.018796
v 0.001038 -0.110000 -0.018219
v 0.001198 -0.110000 -0.018340
v 0.001343 -0.110000 -0.018478
v 0.018552 -0.110000 0.001410
v 0.018407 -0.110000 0.001272
v -0.019708 -0.110000 0.011858
v -0.020874 -0.110000 0.009657
v -0.021796 -0.110000 0.007344
v -0.022462 -0.110000 0.004944
v 0.020049 -0.110000 0.001826
v 0.020874 -0.110000 0.009657
v 0.019850 -0.110000 0.001847
v 0.019708 -0.110000 0.011858
v 0.019650 -0.110000 0.001847
v 0.018310 -0.110000 0.013919
v 0.019451 -0.110000 0.001826
v 0.016698 -0.110000 0.015817
v 0.019255 -0.110000 0.001783
v 0.014890 -0.110000 0.017530
v 0.019065 -0.110000 0.001719
v 0.012907 -0.110000 0.019037
v 0.010773 -0.110000 0.020321
v -0.021093 -0.110000 0.001272
v -0.001473 -0.110000 -0.018630
v -0.001343 -0.110000 -0.018478
v -0.018407 -0.110000 -0.001272
v -0.018277 -0.110000 -0.001120
v -0.018712 -0.110000 -0.001531
v -0.018883 -0.110000 -0.001634
v -0.012907 -0.110000 -0.019037
v -0.019065 -0.110000 -0.001719
v -0.014890 -0.110000 -0.017530
v -0.019255 -0.110000 -0.001783
v -0.016698 -0.110000 -0.015817
v -0.019451 -0.110000 -0.001826
v -0.018310 -0.110000 -0.013919
v -0.019650 -0.110000 -0.001847
v -0.019708 -0.110000 -0.011858
v -0.019850 -0.110000 -0.001847
v -0.020874 -0.110000 -0.009657
v -0.020049 -0.110000 -0.001826
v -0.021796 -0.110000 -0.007344
v -0.020245 -0.110000 -0.001783
v -0.020435 -0.110000 -0.001719
v -0.020617 -0.110000 -0.001634
v 0.006153 -0.110000 -0.022162
v 0.001679 -0.110000 -0.020527
v 0.001585 -0.110000 -0.020704
v 0.001679 -0.110000 -0.018973
v 0.020874 -0.110000 -0.009657
v 0.001585 -0.110000 -0.018796
v 0.021796 -0.110000 -0.007344
v 0.001473 -0.110000 -0.018630
v 0.022462 -0.110000 -0.004944
v 0.001839 -0.110000 -0.019550
v 0.001850 -0.110000 -0.019750
v 0.010773 -0.110000 -0.020321
v 0.001839 -0.110000 -0.019950
v 0.008513 -0.110000 -0.021366
v 0.001807 -0.110000 -0.020148
v 0.001753 -0.110000 -0.020341
v 0.021093 -0.110000 -0.001272
v 0.012907 -0.110000 -0.019037
v 0.014890 -0.110000 -0.017530
v 0.001807 -0.110000 -0.019352
v 0.016698 -0.110000 -0.015817
v 0.001753 -0.110000 -0.019159
v 0.018310 -0.110000 -0.013919
v 0.019708 -0.110000 -0.011858
v -0.021589 -0.098000 0.000200
v -0.021600 -0.098000 -0.000000
v -0.023000 -0.098000 -0.000000
v 0.018883 -0.098000 0.001634
v 0.018712 -0.098000 0.001531
v -0.017900 -0.098000 -0.000000
v 0.001245 -0.098000 0.022966
v 0.021589 -0.098000 -0.000200
v 0.021600 -0.098000 0.000000
v 0.023000 -0.098000 0.000000
v 0.003721 -0.098000 0.022697
v -0.001245 -0.098000 0.022966
v 0.019650 -0.098000 0.001847
v 0.019451 -0.098000 0.001826
v 0.018552 -0.098000 0.001410
v 0.018407 -0.098000 0.001272
v 0.018277 -0.098000 0.001120
v -0.022865 -0.098000 0.002487
v -0.021223 -0.098000 0.001120
v -0.021335 -0.098000 0.000954
v 0.019255 -0.098000 0.001783
v 0.019065 -0.098000 0.001719
v 0.018165 -0.098000 0.000954
v 0.018071 -0.098000 0.000777
v 0.017997 -0.098000 0.000591
v 0.000685 -0.098000 -0.018031
v 0.017900 -0.098000 0.000000
v 0.000867 -0.098000 -0.018116
v 0.001038 -0.098000 -0.018219
v -0.000867 -0.098000 -0.021384
v -0.000685 -0.098000 -0.021469
v -0.001245 -0.098000 -0.022966
v -0.000495 -0.098000 -0.021533
v 0.006153 -0.098000 0.022162
v -0.021796 -0.098000 0.007344
v -0.020435 -0.098000 0.001719
v -0.022462 -0.098000 0.004944
v -0.020617 -0.098000 0.001634
v -0.020788 -0.098000 0.001531
v -0.020948 -0.098000 0.001410
v -0.021093 -0.098000 0.001272
v -0.021429 -0.098000 0.000777
v -0.021503 -0.098000 0.000591
v -0.021557 -0.098000 0.000398
v 0.020788 -0.098000 0.001531
v 0.020617 -0.098000 0.001634
v 0.020948 -0.098000 0.001410
v -0.019255 -0.098000 -0.001783
v -0.019065 -0.098000 -0.001719
v -0.017997 -0.098000 -0.000591
v -0.018071 -0.098000 -0.000777
v -0.018165 -0.098000 -0.000954
v 0.000495 -0.098000 -0.017967
v 0.000299 -0.098000 -0.017924
v 0.000100 -0.098000 -0.017903
v -0.020245 -0.098000 -0.001783
v -0.020049 -0.098000 -0.001826
v -0.000299 -0.098000 -0.017924
v -0.021503 -0.098000 -0.000591
v -0.022865 -0.098000 -0.002487
v -0.021557 -0.098000 -0.000398
v -0.021589 -0.098000 -0.000200
v 0.000685 -0.098000 -0.021469
v 0.001245 -0.098000 -0.022966
v 0.000495 -0.098000 -0.021533
v 0.000299 -0.098000 -0.021576
v 0.000867 -0.098000 -0.021384
v 0.001038 -0.098000 -0.021281
v 0.003721 -0.098000 -0.022697
v 0.001198 -0.098000 -0.021160
v 0.001343 -0.098000 -0.021022
v 0.020435 -0.098000 0.001719
v 0.020245 -0.098000 0.001783
v 0.020049 -0.098000 0.001826
v 0.019850 -0.098000 0.001847
v 0.021503 -0.098000 0.000591
v 0.022865 -0.098000 0.002487
v 0.021557 -0.098000 0.000398
v 0.021589 -0.098000 0.000200
v 0.021429 -0.098000 0.000777
v 0.021335 -0.098000 0.000954
v 0.021223 -0.098000 0.001120
v -0.018883 -0.098000 -0.001634
v -0.018712 -0.098000 -0.001531
v -0.018552 -0.098000 -0.001410
v -0.018407 -0.098000 -0.001272
v -0.018277 -0.098000 -0.001120
v 0.001198 -0.098000 -0.018340
v 0.017911 -0.098000 -0.000200
v 0.017943 -0.098000 -0.000398
v 0.017997 -0.098000 -0.000591
v 0.018071 -0.098000 -0.000777
v 0.018165 -0.098000 -0.000954
v 0.001679 -0.098000 -0.018973
v 0.001585 -0.098000 -0.018796
v 0.018552 -0.098000 -0.001410
v 0.021223 -0.098000 -0.001120
v 0.021335 -0.098000 -0.000954
v 0.022865 -0.098000 -0.002487
v -0.020435 -0.098000 -0.001719
v -0.000100 -0.098000 -0.017903
v -0.019650 -0.098000 -0.001847
v -0.019850 -0.098000 -0.001847
v 0.010773 -0.098000 0.020321
v 0.008513 -0.098000 0.021366
v -0.019451 -0.098000 -0.001826
v 0.017943 -0.098000 0.000398
v 0.017911 -0.098000 0.000200
v -0.017911 -0.098000 -0.000200
v -0.017943 -0.098000 -0.000398
v 0.021429 -0.098000 -0.000777
v 0.021503 -0.098000 -0.000591
v 0.021557 -0.098000 -0.000398
v -0.000867 -0.098000 -0.018116
v -0.020948 -0.098000 -0.001410
v -0.000685 -0.098000 -0.018031
v -0.020788 -0.098000 -0.001531
v -0.000495 -0.098000 -0.017967
v -0.020617 -0.098000 -0.001634
v -0.000299 -0.098000 -0.021576
v -0.000100 -0.098000 -0.021597
v 0.000100 -0.098000 -0.021597
v 0.001473 -0.098000 -0.020870
v 0.001585 -0.098000 -0.020704
v 0.006153 -0.098000 -0.022162
v -0.017911 -0.098000 0.000200
v -0.017943 -0.098000 0.000398
v -0.017997 -0.098000 0.000591
v -0.018071 -0.098000 0.000777
v -0.018165 -0.098000 0.000954
v 0.021093 -0.098000 0.001272
v 0.020874 -0.098000 0.009657
v 0.021796 -0.098000 0.007344
v 0.022462 -0.098000 0.004944
v -0.001038 -0.098000 -0.018219
v -0.001198 -0.098000 -0.018340
v -0.001343 -0.098000 -0.018478
v 0.001679 -0.098000 -0.020527
v 0.001753 -0.098000 -0.020341
v 0.008513 -0.098000 -0.021366
v 0.001807 -0.098000 -0.020148
v 0.010773 -0.098000 -0.020321
v 0.001839 -0.098000 -0.019950
v 0.001850 -0.098000 -0.019750
v -0.018552 -0.098000 0.001410
v 0.012907 -0.098000 0.019037
v 0.014890 -0.098000 0.017530
v 0.016698 -0.098000 0.015817
v 0.018310 -0.098000 0.013919
v 0.019708 -0.098000 0.011858
v 0.001839 -0.098000 -0.019550
v 0.001807 -0.098000 -0.019352
v 0.001753 -0.098000 -0.019159
v 0.021796 -0.098000 -0.007344
v 0.020435 -0.098000 -0.001719
v 0.022462 -0.098000 -0.004944
v 0.020617 -0.098000 -0.001634
v 0.020788 -0.098000 -0.001531
v 0.020948 -0.098000 -0.001410
v 0.021093 -0.098000 -0.001272
v -0.001473 -0.098000 -0.020870
v -0.001343 -0.098000 -0.021022
v -0.003721 -0.098000 -0.022697
v -0.001198 -0.098000 -0.021160
v -0.001038 -0.098000 -0.021281
v -0.003721 -0.098000 0.022697
v 0.001473 -0.098000 -0.018630
v 0.001343 -0.098000 -0.018478
v 0.018407 -0.098000 -0.001272
v 0.018277 -0.098000 -0.001120
v -0.021429 -0.098000 -0.000777
v -0.021335 -0.098000 -0.000954
v -0.021223 -0.098000 -0.001120
v -0.001839 -0.098000 -0.019550
v -0.001850 -0.098000 -0.019750
v -0.010773 -0.098000 -0.020321
v -0.001839 -0.098000 -0.019950
v -0.008513 -0.098000 -0.021366
v -0.001807 -0.098000 -0.020148
v -0.006153 -0.098000 -0.022162
v -0.001753 -0.098000 -0.020341
v -0.001679 -0.098000 -0.020527
v -0.001585 -0.098000 -0.020704
v -0.018277 -0.098000 0.001120
v -0.018407 -0.098000 0.001272
v -0.006153 -0.098000 0.022162
v -0.018712 -0.098000 0.001531
v -0.008513 -0.098000 0.021366
v -0.018883 -0.098000 0.001634
v -0.010773 -0.098000 0.020321
v -0.012907 -0.098000 -0.019037
v -0.014890 -0.098000 -0.017530
v -0.001807 -0.098000 -0.019352
v -0.016698 -0.098000 -0.015817
v -0.001753 -0.098000 -0.019159
v -0.018310 -0.098000 -0.013919
v -0.001679 -0.098000 -0.018973
v -0.012907 -0.098000 0.019037
v -0.019065 -0.098000 0.001719
v -0.014890 -0.098000 0.017530
v -0.019255 -0.098000 0.001783
v -0.016698 -0.098000 0.015817
v -0.019451 -0.098000 0.001826
v -0.018310 -0.098000 0.013919
v -0.019650 -0.098000 0.001847
v -0.019708 -0.098000 0.011858
v -0.019850 -0.098000 0.001847
v -0.020874 -0.098000 0.009657
v -0.020049 -0.098000 0.001826
v -0.020245 -0.098000 0.001783
v 0.018712 -0.098000 -0.001531
v 0.018883 -0.098000 -0.001634
v 0.012907 -0.098000 -0.019037
v 0.019065 -0.098000 -0.001719
v 0.014890 -0.098000 -0.017530
v 0.019255 -0.098000 -0.001783
v 0.016698 -0.098000 -0.015817
v 0.019451 -0.098000 -0.001826
v 0.018310 -0.098000 -0.013919
v 0.019650 -0.098000 -0.001847
v 0.019708 -0.098000 -0.011858
v 0.019850 -0.098000 -0.001847
v 0.020874 -0.098000 -0.009657
v 0.020049 -0.098000 -0.001826
v 0.020245 -0.098000 -0.001783
v -0.019708 -0.098000 -0.011858
v -0.020874 -0.098000 -0.009657
v -0.001585 -0.098000 -0.018796
v -0.021796 -0.098000 -0.007344
v -0.001473 -0.098000 -0.018630
v -0.022462 -0.098000 -0.004944
v -0.021093 -0.098000 -0.001272
vn -0.9985 -0.0000 0.0541
vn -0.9868 -0.0000 0.1618
vn -0.9635 -0.0000 0.2675
vn -0.9290 -0.0000 0.3701
vn -0.8835 -0.0000 0.4684
vn -0.8277 -0.0000 0.5612
vn -0.7622 -0.0000 0.6474
vn -0.6877 -0.0000 0.7260
vn -0.6052 -0.0000 0.7961
vn -0.5156 -0.0000 0.8569
vn -0.4199 -0.0000 0.9076
vn -0.3193 -0.0000 0.9477
vn -0.2150 -0.0000 0.9766
vn -0.1081 -0.0000 0.9941
vn -0.0000 -0.0000 1.0000
vn 0.1081 -0.0000 0.9941
vn 0.2150 -0.0000 0.9766
vn 0.3193 -0.0000 0.9477
vn 0.4199 -0.0000 0.9076
vn 0.5156 -0.0000 0.8569
vn 0.6052 -0.0000 0.7961
vn 0.6877 -0.0000 0.7260
vn 0.7622 -0.0000 0.6474
vn 0.8277 -0.0000 0.5612
vn 0.8835 -0.0000 0.4684
vn 0.9290 -0.0000 0.3701
vn 0.9635 -0.0000 0.2675
vn 0.9868 -0.0000 0.1618
vn 0.9985 -0.0000 0.0541
vn 0.9985 -0.0000 -0.0541
vn 0.9868 -0.0000 -0.1618
vn 0.9635 -0.0000 -0.2675
vn 0.9290 -0.0000 -0.3701
vn 0.8835 -0.0000 -0.4684
vn 0.8277 -0.0000 -0.5612
vn 0.7622 -0.0000 -0.6474
vn 0.6877 -0.0000 -0.7260
vn 0.6052 -0.0000 -0.7961
vn 0.5156 -0.0000 -0.8569
vn 0.4199 -0.0000 -0.9076
vn 0.3193 -0.0000 -0.9477
vn 0.2150 -0.0000 -0.9766
vn 0.1081 -0.0000 -0.9941
vn -0.0000 -0.0000 -1.0000
vn -0.1081 -0.0000 -0.9941
vn -0.2150 -0.0000 -0.9766
vn -0.3193 -0.0000 -0.9477
vn -0.4199 -0.0000 -0.9076
vn -0.5156 -0.0000 -0.8569
vn -0.6052 -0.0000 -0.7961
vn -0.6877 -0.0000 -0.7260
vn -0.7622 -0.0000 -0.6474
vn -0.8277 -0.0000 -0.5612
vn -0.8835 -0.0000 -0.4684
vn -0.9290 -0.0000 -0.3701
vn -0.9635 -0.0000 -0.2675
vn -0.9868 -0.0000 -0.1618
vn -0.9985 -0.0000 -0.0541
vn -0.0000 -1.0000 -0.0000
vn -0.0000 1.0000 -0.0000
vn -0.9290 -0.0000 0.3702
vn 0.5155 -0.0000 0.8569
vn 0.9636 -0.0000 0.2675
vn 0.9636 -0.0000 -0.2675
vn 0.5155 -0.0000 -0.8569
vn -0.9290 -0.0000 -0.3702
vn -0.9636 -0.0000 0.2675
vn -0.5155 -0.0000 0.8569
vn 0.9290 -0.0000 0.3702
vn 0.9290 -0.0000 -0.3702
vn -0.5155 -0.0000 -0.8569
vn -0.9636 -0.0000 -0.2675
v 0.004000 0.002000 0.000000 0.2392 0.2392 0.2392
v 0.003977 0.001500 -0.000432 0.2392 0.2392 0.2392
v 0.003977 0.002000 -0.000432 0.2392 0.2392 0.2392
v 0.003906 0.001500 -0.000860 0.2392 0.2392 0.2392
v 0.003906 0.002000 -0.000860 0.2392 0.2392 0.2392
v 0.003791 0.001500 -0.001277 0.2392 0.2392 0.2392
v 0.003791 0.002000 -0.001277 0.2392 0.2392 0.2392
v 0.003630 0.001500 -0.001680 0.2510 0.2510 0.2510
v 0.003630 0.002000 -0.001680 0.2392 0.2392 0.2392
v 0.003427 0.001500 -0.002062 1.0000 1.0000 1.0000
v 0.003427 0.002000 -0.002062 0.3608 0.3608 0.3608
v 0.003184 0.001500 -0.002421 0.2392 0.2392 0.2392
v 0.003184 0.002000 -0.002421 0.2392 0.2392 0.2392
v 0.002904 0.001500 -0.002751 0.2392 0.2392 0.2392
v 0.002904 0.002000 -0.002751 0.2392 0.2392 0.2392
v 0.002590 0.001500 -0.003049 0.2392 0.2392 0.2392
v 0.002590 0.002000 -0.003049 0.2392 0.2392 0.2392
v 0.002245 0.001500 -0.003311 0.2392 0.2392 0.2392
v 0.002245 0.002000 -0.003311 0.2392 0.2392 0.2392
v 0.001874 0.001500 -0.003534 0.2392 0.2392 0.2392
v 0.001874 0.002000 -0.003534 0.2510 0.2510 0.2510
v 0.001481 0.001500 -0.003716 1.0000 1.0000 1.0000
v 0.001481 0.002000 -0.003716 1.0000 1.0000 1.0000
v 0.001070 0.001500 -0.003854 1.0000 1.0000 1.0000
v 0.001070 0.002000 -0.003854 1.0000 1.0000 1.0000
v 0.000647 0.001500 -0.003947 1.0000 1.0000 1.0000
v 0.000647 0.002000 -0.003947 1.0000 1.0000 1.0000
v 0.000217 0.001500 -0.003994 1.0000 1.0000 1.0000
v 0.000217 0.002000 -0.003994 1.0000 1.0000 1.0000
v -0.000217 0.001500 -0.003994 1.0000 1.0000 1.0000
v -0.000217 0.002000 -0.003994 1.0000 1.0000 1.0000
v -0.000647 0.001500 -0.003947 1.0000 1.0000 1.0000
v -0.000647 0.002000 -0.003947 1.0000 1.0000 1.0000
v -0.001070 0.001500 -0.003854 1.0000 1.0000 1.0000
v -0.001070 0.002000 -0.003854 1.0000 1.0000 1.0000
v -0.001481 0.001500 -0.003716 1.0000 1.0000 1.0000
v -0.001481 0.002000 -0.003716 1.0000 1.0000 1.0000
v -0.001874 0.001500 -0.003534 1.0000 1.0000 1.0000
v -0.001874 0.002000 -0.003534 1.0000 1.0000 1.0000
v -0.002245 0.001500 -0.003311 1.0000 1.0000 1.0000
v -0.002245 0.002000 -0.003311 1.0000 1.0000 1.0000
v -0.002590 0.001500 -0.003049 1.0000 1.0000 1.0000
v -0.002590 0.002000 -0.003049 1.0000 1.0000 1.0000
v -0.002904 0.001500 -0.002751 1.0000 1.0000 1.0000
v -0.002904 0.002000 -0.002751 1.0000 1.0000 1.0000
v -0.003184 0.001500 -0.002421 1.0000 1.0000 1.0000
v -0.003184 0.002000 -0.002421 1.0000 1.0000 1.0000
v -0.003427 0.001500 -0.002062 1.0000 1.0000 1.0000
v -0.003427 0.002000 -0.002062 1.0000 1.0000 1.0000
v -0.003630 0.001500 -0.001680 1.0000 1.0000 1.0000
v -0.003630 0.002000 -0.001680 1.0000 1.0000 1.0000
v -0.003791 0.001500 -0.001277 1.0000 1.0000 1.0000
v -0.003791 0.002000 -0.001277 1.0000 1.0000 1.0000
v -0.003906 0.001500 -0.000860 1.0000 1.0000 1.0000
v -0.003906 0.002000 -0.000860 1.0000 1.0000 1.0000
v -0.003977 0.001500 -0.000432 1.0000 1.0000 1.0000
v -0.003977 0.002000 -0.000432 1.0000 1.0000 1.0000
v -0.004000 0.001500 -0.000000 1.0000 1.0000 1.0000
v -0.004000 0.002000 -0.000000 1.0000 1.0000 1.0000
v -0.003977 0.001500 0.000432 1.0000 1.0000 1.0000
v -0.003977 0.002000 0.000432 1.0000 1.0000 1.0000
v -0.003906 0.001500 0.000860 1.0000 1.0000 1.0000
v -0.003906 0.002000 0.000860 1.0000 1.0000 1.0000
v -0.003791 0.001500 0.001277 0.2392 0.2392 0.2392
v -0.003791 0.002000 0.001277 0.2863 0.2863 0.2863
v -0.003630 0.001500 0.001680 0.2392 0.2392 0.2392
v -0.003630 0.002000 0.001680 0.2392 0.2392 0.2392
v -0.003427 0.001500 0.002062 0.2392 0.2392 0.2392
v -0.003427 0.002000 0.002062 0.2392 0.2392 0.2392
v -0.003184 0.001500 0.002421 0.2392 0.2392 0.2392
v -0.003184 0.002000 0.002421 0.2392 0.2392 0.2392
v -0.002904 0.001500 0.002751 0.2392 0.2392 0.2392
v -0.002904 0.002000 0.002751 0.2392 0.2392 0.2392
v -0.002590 0.001500 0.003049 0.2392 0.2392 0.2392
v -0.002590 0.002000 0.003049 0.2392 0.2392 0.2392
v -0.002245 0.001500 0.003311 0.2392 0.2392 0.2392
v -0.002245 0.002000 0.003311 0.2392 0.2392 0.2392
v -0.001874 0.001500 0.003534 0.2588 0.2588 0.2588
v -0.001874 0.002000 0.003534 0.2392 0.2392 0.2392
v -0.001481 0.001500 0.003716 1.0000 1.0000 1.0000
v -0.001481 0.002000 0.003716 0.8745 0.8745 0.8745
v -0.001070 0.001500 0.003854 1.0000 1.0000 1.0000
v -0.001070 0.002000 0.003854 1.0000 1.0000 1.0000
v -0.000647 0.001500 0.003947 1.0000 1.0000 1.0000
v -0.000647 0.002000 0.003947 1.0000 1.0000 1.0000
v -0.000217 0.001500 0.003994 1.0000 1.0000 1.0000
v -0.000217 0.002000 0.003994 1.0000 1.0000 1.0000
v 0.000217 0.001500 0.003994 1.0000 1.0000 1.0000
v 0.000217 0.002000 0.003994 1.0000 1.0000 1.0000
v 0.000647 0.001500 0.003947 1.0000 1.0000 1.0000
v 0.000647 0.002000 0.003947 1.0000 1.0000 1.0000
v 0.001070 0.001500 0.003854 1.0000 1.0000 1.0000
v 0.001070 0.002000 0.003854 1.0000 1.0000 1.0000
v 0.001481 0.001500 0.003716 1.0000 1.0000 1.0000
v 0.001481 0.002000 0.003716 1.0000 1.0000 1.0000
v 0.001874 0.001500 0.003534 1.0000 1.0000 1.0000
v 0.001874 0.002000 0.003534 1.0000 1.0000 1.0000
v 0.002245 0.001500 0.003311 1.0000 1.0000 1.0000
v 0.002245 0.002000 0.003311 1.0000 1.0000 1.0000
v 0.002590 0.001500 0.003049 1.0000 1.0000 1.0000
v 0.002590 0.002000 0.003049 1.0000 1.0000 1.0000
v 0.002904 0.001500 0.002751 0.9294 0.9294 0.9294
v 0.002904 0.002000 0.002751 0.4392 0.4392 0.4392
v 0.003184 0.001500 0.002421 0.6118 0.6118 0.6118
v 0.003184 0.002000 0.002421 0.2588 0.2588 0.2588
v 0.003427 0.001500 0.002062 0.7137 0.7137 0.7137
v 0.003427 0.002000 0.002062 0.4432 0.4432 0.4432
v 0.003630 0.001500 0.001680 0.7647 0.7647 0.7647
v 0.003630 0.002000 0.001680 0.5451 0.5451 0.5451
v 0.003791 0.001500 0.001277 0.7725 0.7725 0.7725
v 0.003791 0.002000 0.001277 0.5530 0.5530 0.5530
v 0.003906 0.001500 0.000860 0.7333 0.7333 0.7333
v 0.003906 0.002000 0.000860 0.4823 0.4823 0.4823
v 0.003977 0.001500 0.000432 0.5216 0.5216 0.5216
v 0.003977 0.002000 0.000432 0.3451 0.3451 0.3451
v 0.004000 0.001500 0.000000 0.2510 0.2510 0.2510
v -0.003981 0.001500 -0.007510 1.0000 1.0000 1.0000
v -0.004770 0.001500 -0.007035 1.0000 1.0000 1.0000
v -0.005503 0.001500 -0.006478 1.0000 1.0000 1.0000
v -0.006171 0.001500 -0.005845 1.0000 1.0000 1.0000
v -0.006767 0.001500 -0.005144 1.0000 1.0000 1.0000
v -0.007283 0.001500 -0.004382 1.0000 1.0000 1.0000
v -0.007714 0.001500 -0.003569 1.0000 1.0000 1.0000
v -0.008055 0.001500 -0.002714 1.0000 1.0000 1.0000
v -0.008301 0.001500 -0.001827 1.0000 1.0000 1.0000
v -0.008450 0.001500 -0.000919 1.0000 1.0000 1.0000
v -0.008500 0.001500 -0.000000 1.0000 1.0000 1.0000
v -0.008450 0.001500 0.000919 1.0000 1.0000 1.0000
v -0.008301 0.001500 0.001827 0.9058 0.9058 0.9058
v -0.008055 0.001500 0.002714 0.2392 0.2392 0.2392
v -0.007714 0.001500 0.003569 0.2392 0.2392 0.2392
v -0.007283 0.001500 0.004382 0.2392 0.2392 0.2392
v -0.006767 0.001500 0.005144 1.0000 1.0000 1.0000
v -0.006171 0.001500 0.005845 1.0000 1.0000 1.0000
v -0.005503 0.001500 0.006478 1.0000 1.0000 1.0000
v -0.004770 0.001500 0.007035 1.0000 1.0000 1.0000
v -0.003981 0.001500 0.007510 1.0000 1.0000 1.0000
v -0.003146 0.001500 0.007896 1.0000 1.0000 1.0000
v -0.002274 0.001500 0.008190 1.0000 1.0000 1.0000
v -0.001375 0.001500 0.008388 1.0000 1.0000 1.0000
v -0.000460 0.001500 0.008488 1.0000 1.0000 1.0000
v 0.000460 0.001500 0.008488 1.0000 1.0000 1.0000
v 0.001375 0.001500 0.008388 1.0000 1.0000 1.0000
v 0.002274 0.001500 0.008190 1.0000 1.0000 1.0000
v 0.003146 0.001500 0.007896 1.0000 1.0000 1.0000
v 0.003981 0.001500 0.007510 1.0000 1.0000 1.0000
v 0.004770 0.001500 0.007035 1.0000 1.0000 1.0000
v 0.005503 0.001500 0.006478 0.9882 0.9882 0.9882
v 0.006171 0.001500 0.005845 1.0000 1.0000 1.0000
v 0.006767 0.001500 0.005144 1.0000 1.0000 1.0000
v 0.007283 0.001500 0.004382 1.0000 1.0000 1.0000
v 0.007714 0.001500 0.003569 1.0000 1.0000 1.0000
v 0.008055 0.001500 0.002714 0.9294 0.9294 0.9294
v 0.008301 0.001500 0.001827 0.9490 0.9490 0.9490
v 0.008450 0.001500 0.000919 0.2392 0.2392 0.2392
v 0.008500 0.001500 0.000000 0.2392 0.2392 0.2392
v 0.008450 0.001500 -0.000919 0.3686 0.3686 0.3686
v 0.008301 0.001500 -0.001827 1.0000 1.0000 1.0000
v 0.008055 0.001500 -0.002714 1.0000 1.0000 1.0000
v 0.007714 0.001500 -0.003569 1.0000 1.0000 1.0000
v 0.007283 0.001500 -0.004382 1.0000 1.0000 1.0000
v 0.006767 0.001500 -0.005144 1.0000 1.0000 1.0000
v 0.006171 0.001500 -0.005845 1.0000 1.0000 1.0000
v 0.005503 0.001500 -0.006478 1.0000 1.0000 1.0000
v 0.004770 0.001500 -0.007035 1.0000 1.0000 1.0000
v 0.003981 0.001500 -0.007510 1.0000 1.0000 1.0000
v 0.003146 0.001500 -0.007896 1.0000 1.0000 1.0000
v 0.002274 0.001500 -0.008190 1.0000 1.0000 1.0000
v 0.001375 0.001500 -0.008388 1.0000 1.0000 1.0000
v 0.000460 0.001500 -0.008488 1.0000 1.0000 1.0000
v -0.000460 0.001500 -0.008488 1.0000 1.0000 1.0000
v -0.001375 0.001500 -0.008388 1.0000 1.0000 1.0000
v -0.002274 0.001500 -0.008190 1.0000 1.0000 1.0000
v -0.003146 0.001500 -0.007896 1.0000 1.0000 1.0000
v 0.000000 0.002000 0.000000 0.2392 0.2392 0.2392
v -0.007714 0.002000 0.003569 0.2392 0.2392 0.2392
v -0.009983 0.002000 0.004619 0.2392 0.2392 0.2392
v -0.007283 0.002000 0.004382 0.2392 0.2392 0.2392
v -0.009425 0.002000 0.005671 1.0000 1.0000 1.0000
v -0.006767 0.002000 0.005144 1.0000 1.0000 1.0000
v -0.008757 0.002000 0.006657 1.0000 1.0000 1.0000
v -0.006171 0.002000 0.005845 1.0000 1.0000 1.0000
v -0.007986 0.002000 0.007565 1.0000 1.0000 1.0000
v -0.005503 0.002000 0.006478 1.0000 1.0000 1.0000
v -0.007121 0.002000 0.008384 1.0000 1.0000 1.0000
v -0.004770 0.002000 0.007035 1.0000 1.0000 1.0000
v -0.006173 0.002000 0.009105 1.0000 1.0000 1.0000
v -0.003981 0.002000 0.007510 1.0000 1.0000 1.0000
v -0.005152 0.002000 0.009719 1.0000 1.0000 1.0000
v -0.003146 0.002000 0.007896 1.0000 1.0000 1.0000
v -0.004072 0.002000 0.010219 1.0000 1.0000 1.0000
v -0.002274 0.002000 0.008190 1.0000 1.0000 1.0000
v -0.002943 0.002000 0.010599 1.0000 1.0000 1.0000
v -0.001375 0.002000 0.008388 1.0000 1.0000 1.0000
v -0.001780 0.002000 0.010855 1.0000 1.0000 1.0000
v -0.000460 0.002000 0.008488 1.0000 1.0000 1.0000
v -0.000596 0.002000 0.010984 1.0000 1.0000 1.0000
v 0.000460 0.002000 0.008488 1.0000 1.0000 1.0000
v 0.000596 0.002000 0.010984 1.0000 1.0000 1.0000
v 0.001375 0.002000 0.008388 1.0000 1.0000 1.0000
v 0.001780 0.002000 0.010855 1.0000 1.0000 1.0000
v 0.002274 0.002000 0.008190 1.0000 1.0000 1.0000
v 0.002943 0.002000 0.010599 1.0000 1.0000 1.0000
v 0.003146 0.002000 0.007896 1.0000 1.0000 1.0000
v 0.004072 0.002000 0.010219 1.0000 1.0000 1.0000
v 0.003981 0.002000 0.007510 1.0000 1.0000 1.0000
v 0.005152 0.002000 0.009719 1.0000 1.0000 1.0000
v 0.004770 0.002000 0.007035 1.0000 1.0000 1.0000
v 0.006173 0.002000 0.009105 1.0000 1.0000 1.0000
v 0.005503 0.002000 0.006478 1.0000 1.0000 1.0000
v 0.007121 0.002000 0.008384 1.0000 1.0000 1.0000
v 0.006171 0.002000 0.005845 1.0000 1.0000 1.0000
v 0.007986 0.002000 0.007565 1.0000 1.0000 1.0000
v 0.006767 0.002000 0.005144 1.0000 1.0000 1.0000
v 0.008757 0.002000 0.006657 1.0000 1.0000 1.0000
v 0.007283 0.002000 0.004382 1.0000 1.0000 1.0000
v 0.009425 0.002000 0.005671 1.0000 1.0000 1.0000
v 0.007714 0.002000 0.003569 1.0000 1.0000 1.0000
v 0.009983 0.002000 0.004619 1.0000 1.0000 1.0000
v 0.008055 0.002000 0.002714 0.9921 0.9921 0.9921
v 0.010424 0.002000 0.003512 1.0000 1.0000 1.0000
v 0.008301 0.002000 0.001827 1.0000 1.0000 1.0000
v 0.010743 0.002000 0.002365 1.0000 1.0000 1.0000
v 0.008450 0.002000 0.000919 0.2392 0.2392 0.2392
v 0.010936 0.002000 0.001189 1.0000 1.0000 1.0000
v 0.008500 0.002000 0.000000 0.2392 0.2392 0.2392
v 0.011000 0.002000 0.000000 0.2392 0.2392 0.2392
v 0.008450 0.002000 -0.000919 0.7647 0.7647 0.7647
v 0.010936 0.002000 -0.001189 0.2392 0.2392 0.2392
v 0.008301 0.002000 -0.001827 1.0000 1.0000 1.0000
v 0.010743 0.002000 -0.002365 1.0000 1.0000 1.0000
v 0.008055 0.002000 -0.002714 1.0000 1.0000 1.0000
v 0.010424 0.002000 -0.003512 1.0000 1.0000 1.0000
v 0.007714 0.002000 -0.003569 1.0000 1.0000 1.0000
v 0.009983 0.002000 -0.004619 1.0000 1.0000 1.0000
v 0.007283 0.002000 -0.004382 1.0000 1.0000 1.0000
v 0.009425 0.002000 -0.005671 1.0000 1.0000 1.0000
v 0.006767 0.002000 -0.005144 1.0000 1.0000 1.0000
v 0.008757 0.002000 -0.006657 1.0000 1.0000 1.0000
v 0.006171 0.002000 -0.005845 1.0000 1.0000 1.0000
v 0.007986 0.002000 -0.007565 1.0000 1.0000 1.0000
v 0.005503 0.002000 -0.006478 1.0000 1.0000 1.0000
v 0.007121 0.002000 -0.008384 1.0000 1.0000 1.0000
v 0.004770 0.002000 -0.007035 1.0000 1.0000 1.0000
v 0.006173 0.002000 -0.009105 1.0000 1.0000 1.0000
v 0.003981 0.002000 -0.007510 1.0000 1.0000 1.0000
v 0.005152 0.002000 -0.009719 1.0000 1.0000 1.0000
v 0.003146 0.002000 -0.007896 1.0000 1.0000 1.0000
v 0.004072 0.002000 -0.010219 1.0000 1.0000 1.0000
v 0.002274 0.002000 -0.008190 1.0000 1.0000 1.0000
v 0.002943 0.002000 -0.010599 1.0000 1.0000 1.0000
v 0.001375 0.002000 -0.008388 1.0000 1.0000 1.0000
v 0.001780 0.002000 -0.010855 1.0000 1.0000 1.0000
v 0.000460 0.002000 -0.008488 1.0000 1.0000 1.0000
v 0.000596 0.002000 -0.010984 1.0000 1.0000 1.0000
v -0.000460 0.002000 -0.008488 1.0000 1.0000 1.0000
v -0.000596 0.002000 -0.010984 1.0000 1.0000 1.0000
v -0.001375 0.002000 -0.008388 1.0000 1.0000 1.0000
v -0.001780 0.002000 -0.010855 1.0000 1.0000 1.0000
v -0.002274 0.002000 -0.008190 1.0000 1.0000 1.0000
v -0.002943 0.002000 -0.010599 1.0000 1.0000 1.0000
v -0.003146 0.002000 -0.007896 1.0000 1.0000 1.0000
v -0.004072 0.002000 -0.010219 1.0000 1.0000 1.0000
v -0.003981 0.002000 -0.007510 1.0000 1.0000 1.0000
v -0.005152 0.002000 -0.009719 1.0000 1.0000 1.0000
v -0.004770 0.002000 -0.007035 1.0000 1.0000 1.0000
v -0.006173 0.002000 -0.009105 1.0000 1.0000 1.0000
v -0.005503 0.002000 -0.006478 1.0000 1.0000 1.0000
v -0.007121 0.002000 -0.008384 1.0000 1.0000 1.0000
v -0.006171 0.002000 -0.005845 1.0000 1.0000 1.0000
v -0.007986 0.002000 -0.007565 1.0000 1.0000 1.0000
v -0.006767 0.002000 -0.005144 1.0000 1.0000 1.0000
v -0.008757 0.002000 -0.006657 1.0000 1.0000 1.0000
v -0.007283 0.002000 -0.004382 1.0000 1.0000 1.0000
v -0.009425 0.002000 -0.005671 1.0000 1.0000 1.0000
v -0.007714 0.002000 -0.003569 1.0000 1.0000 1.0000
v -0.009983 0.002000 -0.004619 1.0000 1.0000 1.0000
v -0.008055 0.002000 -0.002714 1.0000 1.0000 1.0000
v -0.010424 0.002000 -0.003512 1.0000 1.0000 1.0000
v -0.008301 0.002000 -0.001827 1.0000 1.0000 1.0000
v -0.010743 0.002000 -0.002365 1.0000 1.0000 1.0000
v -0.008450 0.002000 -0.000919 1.0000 1.0000 1.0000
v -0.010936 0.002000 -0.001189 1.0000 1.0000 1.0000
v -0.008500 0.002000 -0.000000 1.0000 1.0000 1.0000
v -0.011000 0.002000 -0.000000 1.0000 1.0000 1.0000
v -0.008450 0.002000 0.000919 1.0000 1.0000 1.0000
v -0.010936 0.002000 0.001189 1.0000 1.0000 1.0000
v -0.008301 0.002000 0.001827 0.9843 0.9843 0.9843
v -0.010743 0.002000 0.002365 1.0000 1.0000 1.0000
v -0.008055 0.002000 0.002714 0.2392 0.2392 0.2392
v -0.010424 0.002000 0.003512 0.2392 0.2392 0.2392
v 0.011000 -0.098000 0.000000 1.0000 1.0000 1.0000
v 0.010936 -0.098000 0.001189 1.0000 1.0000 1.0000
v 0.000000 -0.098000 0.000000 1.0000 1.0000 1.0000
v 0.010424 -0.098000 -0.003512 1.0000 1.0000 1.0000
v 0.010743 -0.098000 -0.002365 1.0000 1.0000 1.0000
v 0.010936 -0.098000 -0.001189 1.0000 1.0000 1.0000
v 0.008757 -0.098000 -0.006657 1.0000 1.0000 1.0000
v 0.009425 -0.098000 -0.005671 1.0000 1.0000 1.0000
v 0.009983 -0.098000 -0.004619 1.0000 1.0000 1.0000
v 0.006173 -0.098000 -0.009105 1.0000 1.0000 1.0000
v 0.007121 -0.098000 -0.008384 1.0000 1.0000 1.0000
v 0.007986 -0.098000 -0.007565 1.0000 1.0000 1.0000
v 0.002943 -0.098000 -0.010599 1.0000 1.0000 1.0000
v 0.004072 -0.098000 -0.010219 1.0000 1.0000 1.0000
v 0.005152 -0.098000 -0.009719 1.0000 1.0000 1.0000
v -0.000596 -0.098000 -0.010984 1.0000 1.0000 1.0000
v 0.000596 -0.098000 -0.010984 1.0000 1.0000 1.0000
v 0.001780 -0.098000 -0.010855 1.0000 1.0000 1.0000
v -0.004072 -0.098000 -0.010219 1.0000 1.0000 1.0000
v -0.002943 -0.098000 -0.010599 1.0000 1.0000 1.0000
v -0.001780 -0.098000 -0.010855 1.0000 1.0000 1.0000
v -0.007121 -0.098000 -0.008384 1.0000 1.0000 1.0000
v -0.006173 -0.098000 -0.009105 1.0000 1.0000 1.0000
v -0.005152 -0.098000 -0.009719 1.0000 1.0000 1.0000
v -0.009425 -0.098000 -0.005671 1.0000 1.0000 1.0000
v -0.008757 -0.098000 -0.006657 1.0000 1.0000 1.0000
v -0.007986 -0.098000 -0.007565 1.0000 1.0000 1.0000
v -0.010743 -0.098000 -0.002365 1.0000 1.0000 1.0000
v -0.010424 -0.098000 -0.003512 1.0000 1.0000 1.0000
v -0.009983 -0.098000 -0.004619 1.0000 1.0000 1.0000
v -0.010936 -0.098000 0.001189 1.0000 1.0000 1.0000
v -0.011000 -0.098000 -0.000000 1.0000 1.0000 1.0000
v -0.010936 -0.098000 -0.001189 1.0000 1.0000 1.0000
v -0.009983 -0.098000 0.004619 1.0000 1.0000 1.0000
v -0.010424 -0.098000 0.003512 1.0000 1.0000 1.0000
v -0.010743 -0.098000 0.002365 1.0000 1.0000 1.0000
v -0.007986 -0.098000 0.007565 1.0000 1.0000 1.0000
v -0.008757 -0.098000 0.006657 1.0000 1.0000 1.0000
v -0.009425 -0.098000 0.005671 1.0000 1.0000 1.0000
v -0.005152 -0.098000 0.009719 1.0000 1.0000 1.0000
v -0.006173 -0.098000 0.009105 1.0000 1.0000 1.0000
v -0.007121 -0.098000 0.008384 1.0000 1.0000 1.0000
v -0.001780 -0.098000 0.010855 1.0000 1.0000 1.0000
v -0.002943 -0.098000 0.010599 1.0000 1.0000 1.0000
v -0.004072 -0.098000 0.010219 1.0000 1.0000 1.0000
v 0.001780 -0.098000 0.010855 1.0000 1.0000 1.0000
v 0.000596 -0.098000 0.010984 1.0000 1.0000 1.0000
v -0.000596 -0.098000 0.010984 1.0000 1.0000 1.0000
v 0.005152 -0.098000 0.009719 1.0000 1.0000 1.0000
v 0.004072 -0.098000 0.010219 1.0000 1.0000 1.0000
v 0.002943 -0.098000 0.010599 1.0000 1.0000 1.0000
v 0.007986 -0.098000 0.007565 1.0000 1.0000 1.0000
v 0.007121 -0.098000 0.008384 1.0000 1.0000 1.0000
v 0.006173 -0.098000 0.009105 1.0000 1.0000 1.0000
v 0.009983 -0.098000 0.004619 1.0000 1.0000 1.0000
v 0.009425 -0.098000 0.005671 1.0000 1.0000 1.0000
v 0.008757 -0.098000 0.006657 1.0000 1.0000 1.0000
v 0.010743 -0.098000 0.002365 1.0000 1.0000 1.0000
v 0.010424 -0.098000 0.003512 1.0000 1.0000 1.0000
vn 0.9985 -0.0000 -0.0541
vn 0.9868 -0.0000 -0.1618
vn 0.9636 -0.0000 -0.2675
vn 0.9635 -0.0000 -0.2675
vn 0.9290 -0.0000 -0.3701
vn 0.8835 -0.0000 -0.4684
vn 0.8277 -0.0000 -0.5612
vn 0.7622 -0.0000 -0.6474
vn 0.6877 -0.0000 -0.7260
vn 0.6052 -0.0000 -0.7961
vn 0.5156 -0.0000 -0.8569
vn 0.5155 -0.0000 -0.8569
vn 0.4199 -0.0000 -0.9076
vn 0.3193 -0.0000 -0.9476
vn 0.3193 -0.0000 -0.9477
vn 0.2150 -0.0000 -0.9766
vn 0.1081 -0.0000 -0.9941
vn -0.0000 -0.0000 -1.0000
vn -0.1081 -0.0000 -0.9941
vn -0.2150 -0.0000 -0.9766
vn -0.3193 -0.0000 -0.9476
vn -0.3193 -0.0000 -0.9477
vn -0.4199 -0.0000 -0.9076
vn -0.5156 -0.0000 -0.8569
vn -0.5155 -0.0000 -0.8569
vn -0.6052 -0.0000 -0.7961
vn -0.6877 -0.0000 -0.7260
vn -0.7622 -0.0000 -0.6474
vn -0.8277 -0.0000 -0.5612
vn -0.8835 -0.0000 -0.4684
vn -0.9290 -0.0000 -0.3701
vn -0.9636 -0.0000 -0.2675
vn -0.9635 -0.0000 -0.2675
vn -0.9868 -0.0000 -0.1618
vn -0.9985 -0.0000 -0.0541
vn -0.9985 -0.0000 0.0541
vn -0.9868 -0.0000 0.1618
vn -0.9636 -0.0000 0.2675
vn -0.9635 -0.0000 0.2675
vn -0.9290 -0.0000 0.3701
vn -0.8835 -0.0000 0.4684
vn -0.8277 -0.0000 0.5612
vn -0.7622 -0.0000 0.6474
vn -0.6877 -0.0000 0.7260
vn -0.6052 -0.0000 0.7961
vn -0.5156 -0.0000 0.8569
vn -0.5155 -0.0000 0.8569
vn -0.4199 -0.0000 0.9076
vn -0.3193 -0.0000 0.9476
vn -0.3193 -0.0000 0.9477
vn -0.2150 -0.0000 0.9766
vn -0.1081 -0.0000 0.9941
vn -0.0000 -0.0000 1.0000
vn 0.1081 -0.0000 0.9941
vn 0.2150 -0.0000 0.9766
vn 0.3193 -0.0000 0.9476
vn 0.3193 -0.0000 0.9477
vn 0.4199 -0.0000 0.9076
vn 0.5156 -0.0000 0.8569
vn 0.5155 -0.0000 0.8569
vn 0.6052 -0.0000 0.7961
vn 0.6877 -0.0000 0.7260
vn 0.7622 -0.0000 0.6474
vn 0.8277 -0.0000 0.5612
vn 0.8835 -0.0000 0.4684
vn 0.9290 -0.0000 0.3701
vn 0.9636 -0.0000 0.2675
vn 0.9635 -0.0000 0.2675
vn 0.9868 -0.0000 0.1618
vn 0.9985 -0.0000 0.0541
vn -0.0000 1.0000 -0.0000
vn 0.0001 1.0000 -0.0000
vn -0.0001 1.0000 -0.0000
vn -0.0000 -1.0000 -0.0000
vt 0.176646 0.857613
vt 0.172904 0.865777
vt 0.171451 0.859083
vt 0.166611 0.866689
vt 0.166084 0.859842
vt 0.160244 0.866728
vt 0.160655 0.859872
vt 0.153936 0.865894
vt 0.155276 0.859171
vt 0.147821 0.864208
vt 0.150055 0.857758
vt 0.142026 0.861712
vt 0.145098 0.855666
vt 0.136669 0.858470
vt 0.140503 0.852949
vt 0.131859 0.854563
vt 0.136356 0.849674
vt 0.127687 0.850093
vt 0.132732 0.845922
vt 0.124225 0.845176
vt 0.129688 0.841788
vt 0.121521 0.839942
vt 0.127263 0.837373
vt 0.119596 0.834527
vt 0.125473 0.832781
vt 0.118439 0.829067
vt 0.124313 0.828118
vt 0.118005 0.823688
vt 0.123756 0.823480
vt 0.118224 0.818490
vt 0.123760 0.818948
vt 0.119017 0.813545
vt 0.124270 0.814588
vt 0.120305 0.808899
vt 0.125230 0.810448
vt 0.122012 0.804581
vt 0.126583 0.806562
vt 0.124074 0.800605
vt 0.128275 0.802952
vt 0.126432 0.796977
vt 0.130259 0.799631
vt 0.129036 0.793697
vt 0.132488 0.796606
vt 0.131841 0.790758
vt 0.134925 0.793878
vt 0.134812 0.788153
vt 0.137535 0.791447
vt 0.137917 0.785872
vt 0.140287 0.789307
vt 0.141129 0.783907
vt 0.143157 0.787455
vt 0.144426 0.782246
vt 0.146120 0.785883
vt 0.147789 0.780882
vt 0.149158 0.784588
vt 0.151201 0.779806
vt 0.152253 0.783563
vt 0.154649 0.779011
vt 0.155389 0.782804
vt 0.158119 0.778493
vt 0.158553 0.782307
vt 0.161601 0.778247
vt 0.161731 0.782070
vt 0.165084 0.778272
vt 0.164912 0.782090
vt 0.168557 0.778567
vt 0.168082 0.782368
vt 0.172010 0.779132
vt 0.171231 0.782903
vt 0.175431 0.779971
vt 0.174344 0.783698
vt 0.178808 0.781087
vt 0.177409 0.784755
vt 0.182127 0.782485
vt 0.180410 0.786077
vt 0.185373 0.784172
vt 0.183331 0.787669
vt 0.188527 0.786156
vt 0.186153 0.789534
vt 0.191569 0.788444
vt 0.188854 0.791678
vt 0.194473 0.791044
vt 0.191410 0.794104
vt 0.197210 0.793966
vt 0.193793 0.796815
vt 0.199746 0.797214
vt 0.195970 0.799813
vt 0.202041 0.800794
vt 0.197906 0.803095
vt 0.204048 0.804706
vt 0.199559 0.806655
vt 0.205715 0.808946
vt 0.200884 0.810481
vt 0.206980 0.813500
vt 0.201831 0.814553
vt 0.207777 0.818344
vt 0.202347 0.818842
vt 0.208030 0.823439
vt 0.202377 0.823304
vt 0.207664 0.828725
vt 0.201867 0.827880
vt 0.206604 0.834115
vt 0.200773 0.832496
vt 0.204793 0.839495
vt 0.199059 0.837061
vt 0.202204 0.844726
vt 0.196714 0.841469
vt 0.198848 0.849665
vt 0.193748 0.845615
vt 0.194769 0.854177
vt 0.190195 0.849392
vt 0.190036 0.858140
vt 0.186110 0.852705
vt 0.184740 0.861448
vt 0.181565 0.855469
vt 0.178990 0.864016
vt 0.088174 0.775126
vt 0.094368 0.769696
vt 0.100590 0.765022
vt 0.106797 0.761012
vt 0.112963 0.757587
vt 0.119074 0.754684
vt 0.125125 0.752248
vt 0.131116 0.750236
vt 0.137050 0.748613
vt 0.142935 0.747350
vt 0.148779 0.746425
vt 0.154593 0.745824
vt 0.160386 0.745536
vt 0.166172 0.745555
vt 0.171960 0.745882
vt 0.177763 0.746521
vt 0.183590 0.747482
vt 0.189452 0.748780
vt 0.195358 0.750437
vt 0.201312 0.752480
vt 0.207320 0.754942
vt 0.213379 0.757866
vt 0.219484 0.761303
vt 0.225621 0.765316
vt 0.231763 0.769979
vt 0.237871 0.775382
vt 0.243880 0.781629
vt 0.249695 0.788844
vt 0.255177 0.797170
vt 0.260118 0.806765
vt 0.264219 0.817786
vt 0.267042 0.830346
vt 0.267968 0.844356
vt 0.266280 0.859150
vt 0.261804 0.874019
vt 0.254625 0.888305
vt 0.244973 0.901453
vt 0.233162 0.913018
vt 0.219551 0.922653
vt 0.204525 0.930100
vt 0.188482 0.935176
vt 0.171824 0.937762
vt 0.154956 0.937802
vt 0.138285 0.935291
vt 0.122216 0.930286
vt 0.107153 0.922899
vt 0.093494 0.913311
vt 0.081624 0.901778
vt 0.071901 0.888645
vt 0.064628 0.874360
vt 0.060017 0.859479
vt 0.058121 0.844664
vt 0.058765 0.830631
vt 0.061483 0.818001
vt 0.065589 0.806851
vt 0.070593 0.797134
vt 0.076162 0.788709
vt 0.082072 0.781421
vt 0.163220 0.815375
vt 0.172223 0.742706
vt 0.172503 0.727509
vt 0.178196 0.743333
vt 0.179863 0.728370
vt 0.184200 0.744276
vt 0.186604 0.729161
vt 0.190249 0.745550
vt 0.193439 0.730234
vt 0.196355 0.747177
vt 0.200398 0.731611
vt 0.202527 0.749186
vt 0.207510 0.733322
vt 0.208773 0.751612
vt 0.214805 0.735403
vt 0.215098 0.754500
vt 0.222315 0.737902
vt 0.221500 0.757904
vt 0.230074 0.740876
vt 0.227973 0.761892
vt 0.238116 0.744398
vt 0.234500 0.766543
vt 0.246478 0.748560
vt 0.241048 0.771958
vt 0.255195 0.753474
vt 0.247566 0.778254
vt 0.264305 0.759284
vt 0.253972 0.785576
vt 0.273845 0.766174
vt 0.260139 0.794095
vt 0.283850 0.774380
vt 0.265873 0.804013
vt 0.294354 0.784217
vt 0.270870 0.815559
vt 0.305384 0.796111
vt 0.274647 0.828973
vt 0.316959 0.810647
vt 0.276363 0.844362
vt 0.324800 0.837749
vt 0.274933 0.860799
vt 0.325287 0.865886
vt 0.270277 0.877304
vt 0.319404 0.893165
vt 0.262564 0.893106
vt 0.308208 0.918402
vt 0.252096 0.907595
vt 0.292672 0.940862
vt 0.239250 0.920295
vt 0.273651 0.960081
vt 0.224441 0.930845
vt 0.251895 0.975757
vt 0.208099 0.938980
vt 0.228077 0.987689
vt 0.190659 0.944516
vt 0.202812 0.995746
vt 0.172558 0.947333
vt 0.176682 0.999843
vt 0.154231 0.947374
vt 0.150249 0.999942
vt 0.136115 0.944635
vt 0.124067 0.996037
vt 0.118647 0.939172
vt 0.098697 0.988162
vt 0.102264 0.931098
vt 0.074719 0.976388
vt 0.087403 0.920596
vt 0.052750 0.960836
vt 0.074496 0.907930
vt 0.033467 0.941689
vt 0.063957 0.893461
vt 0.017639 0.919234
vt 0.056157 0.877671
vt 0.006156 0.893927
vt 0.051379 0.861184
vt 0.000058 0.866531
vt 0.049743 0.844776
vt 0.000503 0.838345
vt 0.051082 0.829347
vt 0.008569 0.811596
vt 0.054745 0.815798
vt 0.020294 0.796234
vt 0.059753 0.804067
vt 0.031452 0.783989
vt 0.065565 0.794002
vt 0.042066 0.774016
vt 0.071837 0.785376
vt 0.052165 0.765767
vt 0.078354 0.777981
vt 0.061784 0.758875
vt 0.084980 0.771639
vt 0.070961 0.753080
vt 0.091627 0.766202
vt 0.079736 0.748191
vt 0.098241 0.761546
vt 0.088147 0.744058
vt 0.104792 0.757567
vt 0.096233 0.740566
vt 0.111261 0.754182
vt 0.104030 0.737624
vt 0.117641 0.751321
vt 0.111572 0.735157
vt 0.123934 0.748927
vt 0.118894 0.733108
vt 0.130145 0.746954
vt 0.126028 0.731430
vt 0.136281 0.745365
vt 0.133006 0.730085
vt 0.142354 0.744130
vt 0.139856 0.729045
vt 0.148375 0.743229
vt 0.146607 0.728287
vt 0.154359 0.742643
vt 0.153289 0.727796
vt 0.160319 0.742364
vt 0.159928 0.727561
vt 0.166269 0.742385
vt 0.166552 0.727578
vt -0.047281 0.020928
vt 0.000058 0.001816
vt 0.009722 0.001617
vt 0.019282 0.001437
vt 0.028767 0.001270
vt 0.038197 0.001117
vt 0.047587 0.000973
vt 0.056949 0.000840
vt 0.066289 0.000716
vt 0.075616 0.000600
vt 0.084932 0.000495
vt 0.094242 0.000399
vt 0.103548 0.000313
vt 0.112851 0.000239
vt 0.122152 0.000177
vt 0.131453 0.000127
vt 0.140754 0.000090
vt 0.150056 0.000067
vt 0.159358 0.000058
vt 0.168660 0.000063
vt 0.177963 0.000082
vt 0.187266 0.000116
vt 0.196570 0.000164
vt 0.205875 0.000225
vt 0.215180 0.000299
vt 0.224487 0.000386
vt 0.233796 0.000485
vt 0.243108 0.000595
vt 0.252425 0.000715
vt 0.261750 0.000845
vt 0.271084 0.000985
vt 0.280433 0.001134
vt 0.289803 0.001292
vt 0.299201 0.001461
vt 0.308637 0.001640
vt 0.318127 0.001831
vt 0.327690 0.002038
vt 0.337352 0.002263
v -0.013449 -0.005504 0.009298
v -0.013386 -0.005586 0.009361
v -0.014015 -0.004523 0.011295
v -0.013336 -0.006304 0.012089
v -0.012954 -0.006626 0.009748
v -0.013319 -0.006430 0.012108
v -0.012932 -0.006811 0.009765
v -0.013297 -0.006651 0.012132
v -0.013510 -0.005568 0.011895
v -0.013050 -0.006233 0.009668
v -0.013424 -0.005866 0.011991
v -0.013010 -0.006364 0.009701
v -0.013400 -0.005967 0.012018
v -0.012996 -0.006417 0.009713
v -0.013359 -0.006169 0.012064
v -0.012990 -0.006444 0.009718
v -0.012963 -0.006570 0.009740
v -0.013157 -0.005969 0.009575
v -0.013617 -0.005275 0.011772
v -0.013198 -0.005887 0.009539
v -0.013714 -0.005052 0.011658
v -0.013224 -0.005838 0.009515
v -0.013141 -0.006004 0.009590
v -0.013118 -0.006055 0.009609
v -0.013069 -0.006179 0.009652
v -0.013856 -0.004779 0.011489
v -0.013344 -0.005644 0.009402
v -0.013287 -0.005731 0.009456
v -0.013246 -0.005800 0.009495
v -0.013472 -0.005476 0.009273
v -0.014191 -0.004286 0.011073
v -0.013491 -0.005454 0.009254
v -0.013558 -0.005380 0.009182
v -0.014297 -0.004161 0.010936
v -0.013593 -0.005345 0.009144
v -0.014329 -0.004126 0.010894
v -0.013601 -0.005337 0.009136
v -0.014699 -0.003790 0.010389
v -0.013706 -0.005243 0.009016
v -0.014494 -0.003961 0.010674
v -0.014399 -0.004052 0.010801
v -0.014096 -0.005024 0.008497
v -0.013991 -0.005062 0.008649
v -0.014986 -0.003611 0.009970
v -0.013968 -0.005073 0.008682
v -0.013926 -0.005094 0.008740
v -0.014912 -0.003651 0.010081
v -0.013843 -0.005142 0.008847
v -0.013817 -0.005160 0.008881
v -0.014427 -0.005032 0.007917
v -0.014341 -0.005007 0.008085
v -0.015748 -0.003466 0.008718
v -0.014312 -0.005003 0.008138
v -0.015619 -0.003454 0.008948
v -0.015199 -0.003521 0.009642
v -0.015410 -0.003469 0.009302
v -0.014194 -0.005004 0.008341
v -0.015423 -0.003467 0.009280
v -0.014260 -0.005000 0.008231
v -0.014287 -0.005001 0.008183
v -0.015939 -0.003517 0.008364
v -0.016014 -0.003549 0.008219
v -0.014506 -0.005075 0.007749
v -0.016087 -0.003587 0.008075
v -0.016120 -0.003607 0.008009
v -0.014577 -0.005135 0.007583
v -0.016285 -0.003731 0.007667
v -0.014598 -0.005158 0.007529
v -0.016337 -0.003780 0.007556
v -0.014655 -0.005233 0.007379
v -0.016437 -0.003892 0.007336
v -0.014662 -0.005245 0.007358
v -0.016577 -0.004089 0.007015
v -0.014717 -0.005348 0.007195
v -0.016706 -0.004328 0.006703
v -0.014765 -0.005468 0.007039
v -0.014773 -0.005493 0.007011
v -0.016777 -0.004492 0.006521
v -0.014812 -0.005634 0.006865
v -0.016810 -0.004576 0.006437
v -0.014833 -0.005730 0.006779
v -0.016869 -0.004749 0.006280
v -0.016900 -0.004852 0.006195
v -0.014843 -0.005785 0.006735
v -0.016948 -0.005029 0.006064
v -0.014860 -0.005889 0.006659
v -0.014868 -0.005947 0.006620
v -0.016980 -0.005164 0.005974
v -0.014876 -0.006011 0.006582
v -0.017116 -0.006047 0.005570
v -0.014906 -0.006359 0.006419
v -0.017086 -0.005775 0.005664
v -0.014898 -0.006233 0.006468
v -0.017067 -0.005640 0.005720
v -0.014894 -0.006183 0.006491
v -0.017059 -0.005587 0.005744
v -0.014892 -0.006160 0.006502
v -0.017038 -0.005461 0.005805
v -0.017014 -0.005326 0.005877
v -0.017141 -0.006358 0.005494
v -0.014915 -0.006538 0.006364
v -0.014910 -0.006419 0.006398
v -0.017138 -0.007693 0.005505
v -0.014918 -0.007391 0.006348
v -0.017148 -0.007512 0.005471
v -0.014919 -0.007374 0.006345
v -0.017155 -0.007350 0.005450
v -0.014923 -0.007189 0.006317
v -0.017158 -0.007263 0.005442
v -0.014924 -0.007000 0.006307
v -0.017161 -0.007000 0.005432
v -0.014923 -0.006841 0.006314
v -0.017156 -0.006675 0.005448
v -0.014922 -0.006784 0.006320
v -0.014920 -0.006658 0.006338
v -0.017098 -0.008123 0.005626
v -0.017057 -0.008424 0.005749
v -0.014898 -0.007767 0.006468
v -0.014907 -0.007636 0.006417
v -0.014910 -0.007581 0.006398
v -0.017128 -0.007819 0.005534
v -0.014911 -0.007556 0.006390
v -0.014917 -0.007430 0.006357
v -0.014871 -0.008031 0.006607
v -0.017015 -0.008668 0.005873
v -0.014860 -0.008111 0.006659
v -0.016953 -0.008952 0.006051
v -0.014852 -0.008162 0.006695
v -0.014875 -0.007996 0.006586
v -0.014881 -0.007944 0.006556
v -0.014893 -0.007821 0.006493
v -0.014800 -0.008414 0.006912
v -0.014814 -0.008356 0.006855
v -0.016878 -0.009223 0.006257
v -0.014833 -0.008269 0.006779
v -0.014846 -0.008200 0.006724
v -0.014731 -0.008620 0.007151
v -0.016673 -0.009740 0.006784
v -0.016611 -0.009854 0.006934
v -0.014716 -0.008655 0.007200
v -0.016788 -0.009480 0.006493
v -0.016725 -0.009630 0.006654
v -0.014776 -0.008496 0.006998
v -0.014767 -0.008524 0.007031
v -0.016266 -0.010286 0.007709
v -0.014600 -0.008840 0.007525
v -0.016336 -0.010221 0.007559
v -0.014661 -0.008757 0.007362
v -0.016482 -0.010052 0.007236
v -0.016555 -0.009946 0.007067
v -0.014486 -0.008938 0.007792
v -0.016099 -0.010406 0.008051
v -0.014406 -0.008976 0.007959
v -0.015919 -0.010490 0.008401
v -0.014321 -0.008996 0.008122
v -0.014503 -0.008927 0.007755
v -0.014532 -0.008906 0.007690
v -0.014584 -0.008858 0.007565
v -0.015246 -0.010494 0.009569
v -0.014070 -0.008968 0.008536
v -0.014172 -0.008993 0.008377
v -0.015725 -0.010537 0.008758
v -0.015660 -0.010543 0.008875
v -0.014230 -0.008999 0.008281
v -0.015589 -0.010546 0.008999
v -0.014204 -0.008997 0.008326
v -0.015457 -0.010538 0.009224
v -0.015423 -0.010533 0.009280
v -0.015195 -0.010477 0.009649
v -0.015028 -0.010409 0.009907
v -0.013964 -0.008925 0.008688
v -0.014988 -0.010390 0.009968
v -0.013855 -0.008865 0.008833
v -0.014775 -0.010263 0.010281
v -0.013819 -0.008842 0.008878
v -0.013718 -0.008767 0.009002
v -0.014593 -0.010126 0.010538
v -0.013703 -0.008755 0.009019
v -0.014564 -0.010102 0.010578
v -0.013589 -0.008651 0.009148
v -0.014356 -0.009903 0.010859
v -0.014329 -0.009874 0.010894
v -0.013478 -0.008532 0.009267
v -0.014150 -0.009663 0.011125
v -0.013458 -0.008507 0.009288
v -0.014037 -0.009508 0.011268
v -0.013351 -0.008366 0.009395
v -0.013973 -0.009414 0.011346
v -0.013287 -0.008269 0.009456
v -0.013873 -0.009251 0.011469
v -0.013810 -0.009137 0.011545
v -0.013254 -0.008215 0.009487
v -0.013794 -0.009107 0.011564
v -0.013198 -0.008113 0.009539
v -0.013726 -0.008973 0.011644
v -0.013167 -0.008053 0.009566
v -0.013659 -0.008825 0.011724
v -0.013138 -0.007989 0.009592
v -0.013487 -0.008360 0.011921
v -0.013076 -0.007840 0.009646
v -0.013542 -0.008527 0.011858
v -0.013597 -0.008676 0.011795
v -0.013382 -0.007952 0.012038
v -0.013012 -0.007641 0.009700
v -0.013445 -0.008213 0.011968
v -0.013051 -0.007767 0.009668
v -0.013068 -0.007817 0.009653
v -0.013328 -0.007642 0.012098
v -0.012969 -0.007462 0.009735
v -0.012996 -0.007583 0.009713
v -0.013292 -0.006740 0.012138
v -0.012924 -0.007000 0.009771
v -0.013284 -0.007000 0.012146
v -0.012930 -0.007159 0.009767
v -0.013296 -0.007325 0.012134
v -0.012934 -0.007216 0.009763
v -0.012949 -0.007342 0.009752
v 0.014503 -0.005073 0.007755
v 0.014532 -0.005094 0.007690
v 0.016128 -0.003611 0.007993
v 0.017137 -0.006304 0.005505
v 0.014919 -0.006626 0.006345
v 0.017145 -0.006430 0.005481
v 0.014923 -0.006811 0.006317
v 0.017155 -0.006651 0.005450
v 0.017056 -0.005568 0.005752
v 0.014898 -0.006233 0.006468
v 0.017097 -0.005866 0.005630
v 0.014907 -0.006364 0.006417
v 0.017108 -0.005967 0.005595
v 0.014910 -0.006417 0.006399
v 0.017127 -0.006169 0.005537
v 0.014911 -0.006444 0.006390
v 0.014917 -0.006570 0.006357
v 0.014871 -0.005969 0.006607
v 0.017003 -0.005275 0.005906
v 0.014860 -0.005887 0.006660
v 0.016954 -0.005052 0.006048
v 0.014852 -0.005838 0.006695
v 0.014875 -0.006004 0.006586
v 0.014881 -0.006055 0.006556
v 0.014893 -0.006179 0.006493
v 0.016878 -0.004779 0.006255
v 0.016789 -0.004523 0.006490
v 0.014800 -0.005586 0.006912
v 0.014814 -0.005644 0.006855
v 0.014833 -0.005731 0.006779
v 0.014846 -0.005800 0.006724
v 0.016685 -0.004286 0.006753
v 0.014767 -0.005476 0.007031
v 0.014776 -0.005504 0.006998
v 0.014712 -0.005337 0.007211
v 0.014716 -0.005345 0.007200
v 0.016619 -0.004161 0.006913
v 0.014731 -0.005380 0.007151
v 0.014760 -0.005454 0.007057
v 0.016554 -0.004052 0.007069
v 0.016491 -0.003961 0.007215
v 0.014661 -0.005243 0.007361
v 0.016347 -0.003790 0.007535
v 0.016337 -0.003780 0.007558
v 0.016187 -0.003651 0.007874
v 0.014584 -0.005142 0.007565
v 0.014600 -0.005160 0.007525
v 0.014070 -0.005032 0.008536
v 0.014173 -0.005007 0.008377
v 0.015424 -0.003466 0.009279
v 0.014204 -0.005003 0.008326
v 0.015558 -0.003454 0.009052
v 0.014230 -0.005001 0.008281
v 0.014258 -0.005000 0.008233
v 0.015761 -0.003469 0.008695
v 0.014321 -0.005004 0.008122
v 0.015950 -0.003521 0.008342
v 0.014406 -0.005024 0.007959
v 0.014486 -0.005062 0.007792
v 0.015213 -0.003517 0.009621
v 0.015125 -0.003549 0.009759
v 0.013964 -0.005075 0.008688
v 0.015037 -0.003587 0.009895
v 0.014996 -0.003607 0.009956
v 0.013855 -0.005135 0.008833
v 0.014783 -0.003731 0.010270
v 0.013819 -0.005158 0.008878
v 0.013718 -0.005233 0.009002
v 0.014571 -0.003892 0.010568
v 0.013703 -0.005245 0.009019
v 0.014363 -0.004089 0.010849
v 0.013589 -0.005348 0.009148
v 0.014329 -0.004126 0.010895
v 0.013478 -0.005468 0.009267
v 0.014157 -0.004328 0.011116
v 0.013458 -0.005493 0.009288
v 0.014036 -0.004492 0.011269
v 0.013351 -0.005634 0.009395
v 0.013980 -0.004576 0.011339
v 0.013287 -0.005730 0.009456
v 0.013873 -0.004749 0.011469
v 0.013815 -0.004852 0.011538
v 0.013254 -0.005785 0.009487
v 0.013725 -0.005029 0.011646
v 0.013197 -0.005889 0.009539
v 0.013168 -0.005947 0.009566
v 0.013664 -0.005164 0.011718
v 0.013138 -0.006011 0.009592
v 0.013487 -0.005640 0.011921
v 0.013076 -0.006160 0.009646
v 0.013546 -0.005461 0.011853
v 0.013596 -0.005326 0.011796
v 0.013382 -0.006047 0.012038
v 0.013012 -0.006359 0.009700
v 0.013448 -0.005775 0.011965
v 0.013051 -0.006233 0.009668
v 0.013068 -0.006183 0.009653
v 0.013329 -0.006358 0.012097
v 0.012969 -0.006538 0.009735
v 0.012996 -0.006419 0.009713
v 0.013336 -0.007693 0.012089
v 0.012957 -0.007391 0.009745
v 0.013312 -0.007512 0.012115
v 0.012954 -0.007374 0.009748
v 0.013297 -0.007350 0.012132
v 0.012932 -0.007189 0.009765
v 0.013292 -0.007263 0.012138
v 0.012924 -0.007000 0.009771
v 0.013284 -0.007000 0.012146
v 0.012930 -0.006841 0.009767
v 0.013296 -0.006675 0.012134
v 0.012934 -0.006784 0.009763
v 0.012949 -0.006658 0.009751
v 0.013421 -0.008123 0.011995
v 0.013507 -0.008424 0.011898
v 0.013051 -0.007767 0.009668
v 0.013010 -0.007636 0.009701
v 0.012996 -0.007581 0.009713
v 0.013356 -0.007819 0.012067
v 0.012990 -0.007556 0.009718
v 0.012963 -0.007430 0.009740
v 0.013157 -0.008031 0.009575
v 0.013594 -0.008668 0.011799
v 0.013197 -0.008111 0.009539
v 0.013716 -0.008952 0.011656
v 0.013224 -0.008162 0.009515
v 0.013141 -0.007996 0.009590
v 0.013118 -0.007944 0.009610
v 0.013069 -0.007821 0.009652
v 0.013386 -0.008414 0.009361
v 0.013344 -0.008356 0.009402
v 0.013857 -0.009223 0.011488
v 0.013287 -0.008269 0.009456
v 0.013246 -0.008200 0.009495
v 0.014211 -0.009740 0.011047
v 0.014310 -0.009854 0.010918
v 0.013558 -0.008620 0.009182
v 0.014329 -0.009875 0.010894
v 0.013593 -0.008655 0.009144
v 0.014017 -0.009480 0.011293
v 0.014125 -0.009630 0.011157
v 0.013449 -0.008496 0.009298
v 0.013472 -0.008524 0.009273
v 0.014809 -0.010286 0.010232
v 0.013817 -0.008840 0.008881
v 0.014714 -0.010221 0.010367
v 0.013706 -0.008757 0.009016
v 0.014507 -0.010052 0.010655
v 0.014398 -0.009946 0.010803
v 0.014096 -0.008976 0.008497
v 0.013991 -0.008938 0.008649
v 0.015022 -0.010406 0.009917
v 0.013968 -0.008927 0.008682
v 0.013926 -0.008906 0.008740
v 0.013843 -0.008858 0.008847
v 0.015235 -0.010490 0.009586
v 0.015423 -0.010533 0.009280
v 0.014194 -0.008996 0.008341
v 0.015448 -0.010537 0.009239
v 0.015516 -0.010543 0.009125
v 0.014287 -0.008999 0.008183
v 0.015588 -0.010546 0.009001
v 0.014312 -0.008997 0.008138
v 0.015717 -0.010538 0.008774
v 0.014341 -0.008993 0.008085
v 0.015910 -0.010494 0.008419
v 0.014427 -0.008968 0.007917
v 0.015954 -0.010477 0.008335
v 0.016094 -0.010409 0.008061
v 0.014506 -0.008925 0.007749
v 0.016127 -0.010390 0.007996
v 0.014577 -0.008865 0.007582
v 0.016291 -0.010263 0.007655
v 0.014598 -0.008842 0.007529
v 0.016337 -0.010220 0.007557
v 0.014655 -0.008767 0.007379
v 0.016422 -0.010126 0.007369
v 0.014662 -0.008755 0.007358
v 0.016443 -0.010102 0.007324
v 0.014717 -0.008651 0.007194
v 0.016582 -0.009903 0.007003
v 0.016710 -0.009663 0.006692
v 0.014765 -0.008532 0.007039
v 0.014773 -0.008507 0.007011
v 0.016777 -0.009508 0.006522
v 0.014812 -0.008366 0.006865
v 0.016813 -0.009414 0.006428
v 0.014833 -0.008269 0.006779
v 0.016869 -0.009251 0.006280
v 0.016903 -0.009137 0.006187
v 0.014843 -0.008215 0.006735
v 0.016912 -0.009107 0.006164
v 0.014860 -0.008113 0.006660
v 0.016947 -0.008973 0.006065
v 0.014868 -0.008053 0.006620
v 0.016982 -0.008825 0.005967
v 0.014876 -0.007989 0.006582
v 0.017116 -0.007952 0.005570
v 0.014906 -0.007641 0.006419
v 0.017087 -0.008213 0.005659
v 0.014898 -0.007767 0.006468
v 0.017067 -0.008360 0.005720
v 0.014894 -0.007817 0.006491
v 0.017059 -0.008414 0.005744
v 0.014891 -0.007840 0.006502
v 0.017040 -0.008527 0.005799
v 0.017013 -0.008676 0.005878
v 0.017141 -0.007642 0.005494
v 0.014915 -0.007462 0.006364
v 0.014910 -0.007583 0.006399
v 0.017158 -0.006740 0.005442
v 0.014924 -0.007000 0.006307
v 0.017161 -0.007000 0.005432
v 0.014923 -0.007159 0.006314
v 0.017156 -0.007325 0.005447
v 0.014922 -0.007216 0.006320
v 0.014920 -0.007342 0.006338
v -0.001128 -0.008651 -0.016343
v -0.002226 -0.009903 -0.017862
v -0.002559 -0.009663 -0.017817
v 0.000127 -0.008996 -0.016463
v 0.000310 -0.008976 -0.016456
v 0.000685 -0.010490 -0.017987
v 0.001734 -0.007996 -0.016175
v 0.001763 -0.007944 -0.016165
v 0.003421 -0.008668 -0.017672
v 0.001128 -0.005348 -0.016343
v 0.002214 -0.004089 -0.017863
v 0.002548 -0.004328 -0.017819
v -0.003877 -0.007000 -0.017578
v -0.003866 -0.006740 -0.017580
v -0.002000 -0.007000 -0.016078
v -0.001991 -0.006811 -0.016082
v -0.003801 -0.006304 -0.017594
v -0.001965 -0.006626 -0.016092
v -0.003826 -0.006430 -0.017589
v -0.003858 -0.006651 -0.017582
v -0.003546 -0.005568 -0.017647
v -0.001847 -0.006233 -0.016136
v -0.003673 -0.005866 -0.017621
v -0.001896 -0.006364 -0.016118
v -0.003708 -0.005967 -0.017614
v -0.001913 -0.006417 -0.016112
v -0.003769 -0.006169 -0.017601
v -0.001921 -0.006444 -0.016109
v -0.001953 -0.006570 -0.016097
v -0.001714 -0.005969 -0.016182
v -0.003387 -0.005275 -0.017678
v -0.001662 -0.005887 -0.016199
v -0.003239 -0.005052 -0.017706
v -0.001628 -0.005838 -0.016210
v -0.001734 -0.006004 -0.016175
v -0.001763 -0.006055 -0.016165
v -0.001824 -0.006179 -0.016144
v -0.002774 -0.004523 -0.017785
v -0.001414 -0.005586 -0.016273
v -0.002915 -0.004663 -0.017762
v -0.001470 -0.005644 -0.016257
v -0.003022 -0.004779 -0.017744
v -0.001546 -0.005731 -0.016235
v -0.001600 -0.005800 -0.016219
v -0.001112 -0.005337 -0.016346
v -0.001122 -0.005345 -0.016344
v -0.002322 -0.004161 -0.017850
v -0.001173 -0.005380 -0.016333
v -0.002494 -0.004286 -0.017826
v -0.001295 -0.005476 -0.016304
v -0.001328 -0.005504 -0.016296
v -0.001648 -0.003790 -0.017924
v -0.000955 -0.005243 -0.016377
v -0.001997 -0.003961 -0.017889
v -0.002155 -0.004052 -0.017871
v -0.001141 -0.003611 -0.017964
v -0.000606 -0.005094 -0.016430
v -0.001275 -0.003651 -0.017955
v -0.000740 -0.005142 -0.016412
v -0.000783 -0.005160 -0.016406
v 0.000358 -0.005032 -0.016453
v 0.000168 -0.005007 -0.016462
v 0.000324 -0.003466 -0.017997
v 0.000108 -0.005003 -0.016464
v 0.000060 -0.003454 -0.018000
v 0.000056 -0.005001 -0.016465
v 0.000001 -0.005000 -0.016465
v -0.000350 -0.003469 -0.017997
v -0.000127 -0.005004 -0.016463
v -0.000751 -0.003521 -0.017984
v -0.000310 -0.005024 -0.016456
v -0.000976 -0.003568 -0.017974
v -0.000495 -0.005062 -0.016441
v -0.000535 -0.005073 -0.016437
v 0.000975 -0.003568 -0.017974
v 0.000542 -0.005075 -0.016437
v 0.000889 -0.003549 -0.017978
v 0.000726 -0.003517 -0.017985
v 0.001051 -0.003587 -0.017969
v 0.001124 -0.003607 -0.017965
v 0.000722 -0.005135 -0.016415
v 0.001503 -0.003731 -0.017937
v 0.000779 -0.005158 -0.016407
v 0.001866 -0.003892 -0.017903
v 0.000937 -0.005233 -0.016381
v 0.000959 -0.005245 -0.016377
v 0.002915 -0.004663 -0.017762
v 0.001545 -0.005730 -0.016235
v 0.002830 -0.004576 -0.017776
v 0.001460 -0.005634 -0.016260
v 0.002741 -0.004492 -0.017790
v 0.001315 -0.005493 -0.016299
v 0.001286 -0.005468 -0.016306
v 0.002995 -0.004749 -0.017749
v 0.003085 -0.004852 -0.017734
v 0.001589 -0.005785 -0.016222
v 0.003223 -0.005029 -0.017709
v 0.001663 -0.005889 -0.016199
v 0.001701 -0.005947 -0.016186
v 0.003316 -0.005164 -0.017692
v 0.001738 -0.006011 -0.016174
v 0.003580 -0.005640 -0.017640
v 0.001815 -0.006160 -0.016147
v 0.003492 -0.005461 -0.017658
v 0.003418 -0.005326 -0.017673
v 0.003734 -0.006047 -0.017608
v 0.001894 -0.006359 -0.016119
v 0.003638 -0.005775 -0.017629
v 0.001847 -0.006233 -0.016136
v 0.001826 -0.006183 -0.016144
v 0.003860 -0.006675 -0.017581
v 0.001971 -0.006658 -0.016090
v 0.003812 -0.006358 -0.017592
v 0.001946 -0.006538 -0.016099
v 0.001914 -0.006419 -0.016111
v 0.002000 -0.007000 -0.016078
v 0.001994 -0.006841 -0.016081
v 0.001988 -0.006784 -0.016083
v 0.003877 -0.007000 -0.017578
v 0.003866 -0.007263 -0.017580
v 0.001991 -0.007189 -0.016082
v 0.003858 -0.007350 -0.017582
v 0.001965 -0.007374 -0.016092
v 0.003836 -0.007512 -0.017586
v 0.001953 -0.007430 -0.016097
v 0.003802 -0.007693 -0.017594
v 0.001921 -0.007556 -0.016109
v 0.003772 -0.007819 -0.017600
v 0.001914 -0.007581 -0.016111
v 0.003677 -0.008123 -0.017620
v 0.003550 -0.008424 -0.017646
v 0.001824 -0.007821 -0.016144
v 0.001847 -0.007767 -0.016136
v 0.001896 -0.007636 -0.016118
v 0.001600 -0.008200 -0.016219
v 0.001628 -0.008162 -0.016210
v 0.003236 -0.008952 -0.017707
v 0.001663 -0.008111 -0.016199
v 0.001714 -0.008031 -0.016182
v 0.001546 -0.008269 -0.016235
v 0.003020 -0.009223 -0.017745
v 0.001470 -0.008356 -0.016257
v 0.002915 -0.009337 -0.017762
v 0.001414 -0.008414 -0.016273
v 0.002771 -0.009480 -0.017785
v 0.001328 -0.008496 -0.016296
v 0.002600 -0.009630 -0.017811
v 0.001295 -0.008524 -0.016304
v 0.002461 -0.009740 -0.017831
v 0.001173 -0.008620 -0.016333
v 0.002300 -0.009854 -0.017852
v 0.001122 -0.008655 -0.016344
v 0.001457 -0.010286 -0.017941
v 0.001078 -0.010406 -0.017968
v 0.000606 -0.008906 -0.016430
v 0.002157 -0.009946 -0.017870
v 0.001974 -0.010052 -0.017891
v 0.000955 -0.008757 -0.016377
v 0.001621 -0.010221 -0.017927
v 0.000783 -0.008840 -0.016406
v 0.000740 -0.008858 -0.016412
v 0.000975 -0.010432 -0.017974
v 0.000495 -0.008938 -0.016441
v 0.000535 -0.008927 -0.016437
v 0.000278 -0.010537 -0.017998
v 0.000144 -0.010543 -0.017999
v -0.000057 -0.008999 -0.016465
v 0.000002 -0.010546 -0.018000
v -0.000108 -0.008997 -0.016464
v -0.000260 -0.010538 -0.017998
v -0.000168 -0.008993 -0.016462
v -0.000664 -0.010494 -0.017988
v -0.000358 -0.008968 -0.016453
v -0.000759 -0.010477 -0.017984
v -0.000975 -0.010432 -0.017974
v -0.000542 -0.008925 -0.016437
v -0.001066 -0.010409 -0.017968
v -0.001139 -0.010390 -0.017964
v -0.000722 -0.008865 -0.016415
v -0.001516 -0.010263 -0.017936
v -0.001879 -0.010102 -0.017902
v -0.000959 -0.008755 -0.016377
v -0.001829 -0.010126 -0.017907
v -0.000937 -0.008767 -0.016381
v -0.000779 -0.008842 -0.016407
v -0.002915 -0.009338 -0.017762
v -0.001545 -0.008269 -0.016235
v -0.002840 -0.009414 -0.017775
v -0.001460 -0.008366 -0.016260
v -0.002740 -0.009508 -0.017790
v -0.001315 -0.008507 -0.016299
v -0.001286 -0.008532 -0.016306
v -0.002996 -0.009251 -0.017749
v -0.003093 -0.009137 -0.017732
v -0.001589 -0.008215 -0.016222
v -0.003118 -0.009107 -0.017728
v -0.001662 -0.008113 -0.016199
v -0.003221 -0.008973 -0.017709
v -0.001701 -0.008053 -0.016186
v -0.003324 -0.008825 -0.017690
v -0.001738 -0.007989 -0.016174
v -0.003580 -0.008360 -0.017640
v -0.001815 -0.007840 -0.016147
v -0.003499 -0.008527 -0.017657
v -0.003416 -0.008676 -0.017673
v -0.003734 -0.007952 -0.017608
v -0.001913 -0.007583 -0.016112
v -0.001894 -0.007641 -0.016119
v -0.003643 -0.008213 -0.017628
v -0.001847 -0.007767 -0.016136
v -0.001826 -0.007817 -0.016144
v -0.001946 -0.007462 -0.016099
v -0.003813 -0.007642 -0.017592
v -0.001971 -0.007342 -0.016090
v -0.003860 -0.007325 -0.017581
v -0.001988 -0.007216 -0.016083
v -0.001994 -0.007159 -0.016081
v 0.014494 -0.006784 0.006072
v 0.014500 -0.007000 0.006062
v 0.014448 -0.006361 0.006153
v 0.012552 -0.007639 0.009436
v 0.014477 -0.007430 0.006103
v 0.014494 -0.007216 0.006072
v 0.014448 -0.007639 0.006153
v 0.014408 -0.007840 0.006222
v 0.014357 -0.008031 0.006310
v 0.014296 -0.008210 0.006415
v 0.014226 -0.008375 0.006537
v 0.014061 -0.008655 0.006822
v 0.014147 -0.008524 0.006673
v 0.013968 -0.008767 0.006983
v 0.013662 -0.008974 0.007514
v 0.013768 -0.008927 0.007331
v 0.013870 -0.008858 0.007153
v 0.013554 -0.008997 0.007700
v 0.013338 -0.008974 0.008074
v 0.013446 -0.008997 0.007888
v 0.013232 -0.008927 0.008258
v 0.013130 -0.008858 0.008435
v 0.012939 -0.008655 0.008766
v 0.013032 -0.008767 0.008606
v 0.012853 -0.008524 0.008916
v 0.012774 -0.008375 0.009052
v 0.012704 -0.008210 0.009173
v 0.012643 -0.008031 0.009278
v 0.012592 -0.007840 0.009366
v 0.012523 -0.007430 0.009486
v 0.012506 -0.007216 0.009516
v 0.012500 -0.007000 0.009526
v 0.012506 -0.006784 0.009516
v 0.012523 -0.006570 0.009486
v 0.012552 -0.006361 0.009436
v 0.012592 -0.006160 0.009366
v 0.012643 -0.005969 0.009278
v 0.012704 -0.005790 0.009173
v 0.012774 -0.005625 0.009052
v 0.012853 -0.005476 0.008916
v 0.012939 -0.005345 0.008766
v 0.013032 -0.005233 0.008606
v 0.013130 -0.005142 0.008435
v 0.013232 -0.005073 0.008258
v 0.013338 -0.005026 0.008074
v 0.013446 -0.005003 0.007888
v 0.013662 -0.005026 0.007514
v 0.013554 -0.005003 0.007700
v 0.013768 -0.005073 0.007331
v 0.013870 -0.005142 0.007153
v 0.013968 -0.005233 0.006983
v 0.014061 -0.005345 0.006822
v 0.014226 -0.005625 0.006537
v 0.014147 -0.005476 0.006673
v 0.014296 -0.005790 0.006415
v 0.014357 -0.005969 0.006310
v 0.014408 -0.006160 0.006222
v 0.014477 -0.006570 0.006103
v -0.012506 -0.006784 0.009516
v -0.012500 -0.007000 0.009526
v -0.012552 -0.006361 0.009436
v -0.014448 -0.007639 0.006153
v -0.012523 -0.007430 0.009486
v -0.012506 -0.007216 0.009516
v -0.012552 -0.007639 0.009436
v -0.012592 -0.007840 0.009366
v -0.012643 -0.008031 0.009278
v -0.012704 -0.008210 0.009173
v -0.012774 -0.008375 0.009052
v -0.012939 -0.008655 0.008766
v -0.012853 -0.008524 0.008916
v -0.013032 -0.008767 0.008606
v -0.013338 -0.008974 0.008074
v -0.013232 -0.008927 0.008258
v -0.013130 -0.008858 0.008435
v -0.013446 -0.008997 0.007888
v -0.013662 -0.008974 0.007514
v -0.013554 -0.008997 0.007700
v -0.013768 -0.008927 0.007331
v -0.013870 -0.008858 0.007153
v -0.014061 -0.008655 0.006822
v -0.013968 -0.008767 0.006983
v -0.014147 -0.008524 0.006673
v -0.014226 -0.008375 0.006537
v -0.014296 -0.008210 0.006415
v -0.014357 -0.008031 0.006310
v -0.014408 -0.007840 0.006222
v -0.014477 -0.007430 0.006103
v -0.014494 -0.007216 0.006072
v -0.014500 -0.007000 0.006062
v -0.014494 -0.006784 0.006072
v -0.014477 -0.006570 0.006103
v -0.014448 -0.006361 0.006153
v -0.014408 -0.006160 0.006222
v -0.014357 -0.005969 0.006310
v -0.014296 -0.005790 0.006415
v -0.014226 -0.005625 0.006537
v -0.014147 -0.005476 0.006673
v -0.014061 -0.005345 0.006822
v -0.013968 -0.005233 0.006983
v -0.013870 -0.005142 0.007153
v -0.013768 -0.005073 0.007331
v -0.013662 -0.005026 0.007514
v -0.013554 -0.005003 0.007700
v -0.013338 -0.005026 0.008074
v -0.013446 -0.005003 0.007888
v -0.013232 -0.005073 0.008258
v -0.013130 -0.005142 0.008435
v -0.013032 -0.005233 0.008606
v -0.012939 -0.005345 0.008766
v -0.012774 -0.005625 0.009052
v -0.012853 -0.005476 0.008916
v -0.012704 -0.005790 0.009173
v -0.012643 -0.005969 0.009278
v -0.012592 -0.006160 0.009366
v -0.012523 -0.006570 0.009486
v -0.001988 -0.006784 -0.015588
v -0.002000 -0.007000 -0.015588
v -0.001895 -0.006361 -0.015588
v 0.001988 -0.007216 -0.015588
v 0.002000 -0.007000 -0.015588
v 0.001895 -0.007639 -0.015588
v -0.001953 -0.007430 -0.015588
v -0.001988 -0.007216 -0.015588
v -0.001895 -0.007639 -0.015588
v -0.001815 -0.007840 -0.015588
v -0.001714 -0.008031 -0.015588
v -0.001592 -0.008210 -0.015588
v -0.001452 -0.008375 -0.015588
v -0.001122 -0.008655 -0.015588
v -0.001295 -0.008524 -0.015588
v -0.000937 -0.008767 -0.015588
v -0.000324 -0.008974 -0.015588
v -0.000535 -0.008927 -0.015588
v -0.000740 -0.008858 -0.015588
v -0.000108 -0.008997 -0.015588
v 0.000324 -0.008974 -0.015588
v 0.000108 -0.008997 -0.015588
v 0.000535 -0.008927 -0.015588
v 0.000740 -0.008858 -0.015588
v 0.001122 -0.008655 -0.015588
v 0.000937 -0.008767 -0.015588
v 0.001295 -0.008524 -0.015588
v 0.001452 -0.008375 -0.015588
v 0.001592 -0.008210 -0.015588
v 0.001714 -0.008031 -0.015588
v 0.001815 -0.007840 -0.015588
v 0.001953 -0.007430 -0.015588
v 0.001988 -0.006784 -0.015588
v 0.001953 -0.006570 -0.015588
v 0.001895 -0.006361 -0.015588
v 0.001815 -0.006160 -0.015588
v 0.001714 -0.005969 -0.015588
v 0.001592 -0.005790 -0.015588
v 0.001452 -0.005625 -0.015588
v 0.001295 -0.005476 -0.015588
v 0.001122 -0.005345 -0.015588
v 0.000937 -0.005233 -0.015588
v 0.000740 -0.005142 -0.015588
v 0.000535 -0.005073 -0.015588
v 0.000324 -0.005026 -0.015588
v 0.000108 -0.005003 -0.015588
v -0.000324 -0.005026 -0.015588
v -0.000108 -0.005003 -0.015588
v -0.000535 -0.005073 -0.015588
v -0.000740 -0.005142 -0.015588
v -0.000937 -0.005233 -0.015588
v -0.001122 -0.005345 -0.015588
v -0.001295 -0.005476 -0.015588
v -0.001452 -0.005625 -0.015588
v -0.001592 -0.005790 -0.015588
v -0.001714 -0.005969 -0.015588
v -0.001815 -0.006160 -0.015588
v -0.001953 -0.006570 -0.015588
v 0.011100 -0.098000 0.000000
v 0.011100 0.002000 0.000000
v 0.011035 -0.098000 -0.001200
v 0.011035 0.002000 -0.001200
v 0.010840 -0.098000 -0.002386
v 0.010840 0.002000 -0.002386
v 0.010519 -0.098000 -0.003544
v 0.010519 0.002000 -0.003544
v 0.010074 -0.098000 -0.004661
v 0.010074 0.002000 -0.004661
v 0.009511 -0.098000 -0.005723
v 0.009511 0.002000 -0.005723
v 0.008837 -0.098000 -0.006717
v 0.008837 0.002000 -0.006717
v 0.008059 -0.098000 -0.007633
v 0.008059 0.002000 -0.007633
v 0.007186 -0.098000 -0.008460
v 0.007186 0.002000 -0.008460
v 0.006229 -0.098000 -0.009187
v 0.006229 0.002000 -0.009187
v 0.005199 -0.098000 -0.009807
v 0.005199 0.002000 -0.009807
v 0.004109 -0.098000 -0.010312
v 0.004109 0.002000 -0.010312
v 0.002970 -0.098000 -0.010695
v 0.002970 0.002000 -0.010695
v 0.001796 -0.098000 -0.010954
v 0.001796 0.002000 -0.010954
v 0.000601 -0.098000 -0.011084
v 0.000601 0.002000 -0.011084
v -0.000601 -0.098000 -0.011084
v -0.000601 0.002000 -0.011084
v -0.001796 -0.098000 -0.010954
v -0.001796 0.002000 -0.010954
v -0.002970 -0.098000 -0.010695
v -0.002970 0.002000 -0.010695
v -0.004109 -0.098000 -0.010312
v -0.004109 0.002000 -0.010312
v -0.005199 -0.098000 -0.009807
v -0.005199 0.002000 -0.009807
v -0.006229 -0.098000 -0.009187
v -0.006229 0.002000 -0.009187
v -0.007186 -0.098000 -0.008460
v -0.007186 0.002000 -0.008460
v -0.008059 -0.098000 -0.007633
v -0.008059 0.002000 -0.007633
v -0.008837 -0.098000 -0.006717
v -0.008837 0.002000 -0.006717
v -0.009511 -0.098000 -0.005723
v -0.009511 0.002000 -0.005723
v -0.010074 -0.098000 -0.004661
v -0.010074 0.002000 -0.004661
v -0.010519 -0.098000 -0.003544
v -0.010519 0.002000 -0.003544
v -0.010840 -0.098000 -0.002386
v -0.010840 0.002000 -0.002386
v -0.011035 -0.098000 -0.001200
v -0.011035 0.002000 -0.001200
v -0.011100 -0.098000 -0.000000
v -0.011100 0.002000 -0.000000
v -0.011035 -0.098000 0.001200
v -0.011035 0.002000 0.001200
v -0.010840 -0.098000 0.002386
v -0.010840 0.002000 0.002386
v -0.010519 -0.098000 0.003544
v -0.010519 0.002000 0.003544
v -0.010074 -0.098000 0.004661
v -0.010074 0.002000 0.004661
v -0.009511 -0.098000 0.005723
v -0.009511 0.002000 0.005723
v -0.008837 -0.098000 0.006717
v -0.008837 0.002000 0.006717
v -0.008059 -0.098000 0.007633
v -0.008059 0.002000 0.007633
v -0.007186 -0.098000 0.008460
v -0.007186 0.002000 0.008460
v -0.006229 -0.098000 0.009187
v -0.006229 0.002000 0.009187
v -0.005199 -0.098000 0.009807
v -0.005199 0.002000 0.009807
v -0.004109 -0.098000 0.010312
v -0.004109 0.002000 0.010312
v -0.002970 -0.098000 0.010695
v -0.002970 0.002000 0.010695
v -0.001796 -0.098000 0.010954
v -0.001796 0.002000 0.010954
v -0.000601 -0.098000 0.011084
v -0.000601 0.002000 0.011084
v 0.000601 -0.098000 0.011084
v 0.000601 0.002000 0.011084
v 0.001796 -0.098000 0.010954
v 0.001796 0.002000 0.010954
v 0.002970 -0.098000 0.010695
v 0.002970 0.002000 0.010695
v 0.004109 -0.098000 0.010312
v 0.004109 0.002000 0.010312
v 0.005199 -0.098000 0.009807
v 0.005199 0.002000 0.009807
v 0.006229 -0.098000 0.009187
v 0.006229 0.002000 0.009187
v 0.007186 -0.098000 0.008460
v 0.007186 0.002000 0.008460
v 0.008059 -0.098000 0.007633
v 0.008059 0.002000 0.007633
v 0.008837 -0.098000 0.006717
v 0.008837 0.002000 0.006717
v 0.009511 -0.098000 0.005723
v 0.009511 0.002000 0.005723
v 0.010074 -0.098000 0.004661
v 0.010074 0.002000 0.004661
v 0.010519 -0.098000 0.003544
v 0.010519 0.002000 0.003544
v 0.010840 -0.098000 0.002386
v 0.010840 0.002000 0.002386
v 0.011035 -0.098000 0.001200
v 0.011035 0.002000 0.001200
v -0.018000 -0.002000 0.000000
v -0.013918 0.002000 -0.001514
v -0.017894 -0.002000 -0.001946
v -0.013673 0.002000 -0.003010
v -0.017579 -0.002000 -0.003869
v -0.013267 0.002000 -0.004470
v -0.017058 -0.002000 -0.005747
v -0.012706 0.002000 -0.005878
v -0.016336 -0.002000 -0.007558
v -0.011996 0.002000 -0.007218
v -0.015423 -0.002000 -0.009280
v -0.011145 0.002000 -0.008472
v -0.014330 -0.002000 -0.010893
v -0.010164 0.002000 -0.009628
v -0.013068 -0.002000 -0.012379
v -0.009063 0.002000 -0.010670
v -0.011653 -0.002000 -0.013719
v -0.007857 0.002000 -0.011588
v -0.010101 -0.002000 -0.014898
v -0.006558 0.002000 -0.012369
v -0.008431 -0.002000 -0.015903
v -0.005182 0.002000 -0.013006
v -0.006662 -0.002000 -0.016722
v -0.003745 0.002000 -0.013490
v -0.004816 -0.002000 -0.017344
v -0.002265 0.002000 -0.013816
v -0.002912 -0.002000 -0.017763
v -0.000758 0.002000 -0.013979
v -0.000975 -0.002000 -0.017974
v 0.000758 0.002000 -0.013979
v 0.000975 -0.002000 -0.017974
v 0.002265 0.002000 -0.013816
v 0.002912 -0.002000 -0.017763
v 0.003745 0.002000 -0.013490
v 0.004816 -0.002000 -0.017344
v 0.005182 0.002000 -0.013006
v 0.006662 -0.002000 -0.016722
v 0.006558 0.002000 -0.012369
v 0.008431 -0.002000 -0.015903
v 0.007857 0.002000 -0.011588
v 0.010101 -0.002000 -0.014898
v 0.009063 0.002000 -0.010670
v 0.011653 -0.002000 -0.013719
v 0.010164 0.002000 -0.009628
v 0.013068 -0.002000 -0.012379
v 0.011145 0.002000 -0.008472
v 0.014330 -0.002000 -0.010893
v 0.011996 0.002000 -0.007218
v 0.015423 -0.002000 -0.009280
v 0.012706 0.002000 -0.005878
v 0.016336 -0.002000 -0.007558
v 0.013267 0.002000 -0.004470
v 0.017058 -0.002000 -0.005747
v 0.013673 0.002000 -0.003010
v 0.017579 -0.002000 -0.003869
v 0.013918 0.002000 -0.001514
v 0.017894 -0.002000 -0.001946
v 0.014000 0.002000 -0.000000
v 0.018000 -0.002000 -0.000000
v 0.013918 0.002000 0.001514
v 0.017894 -0.002000 0.001946
v 0.013673 0.002000 0.003010
v 0.017579 -0.002000 0.003869
v 0.013267 0.002000 0.004470
v 0.017058 -0.002000 0.005747
v 0.012706 0.002000 0.005878
v 0.016336 -0.002000 0.007558
v 0.011996 0.002000 0.007218
v 0.015423 -0.002000 0.009280
v 0.011145 0.002000 0.008472
v 0.014330 -0.002000 0.010893
v 0.010164 0.002000 0.009628
v 0.013068 -0.002000 0.012379
v 0.009063 0.002000 0.010670
v 0.011653 -0.002000 0.013719
v 0.007857 0.002000 0.011588
v 0.010101 -0.002000 0.014898
v 0.006558 0.002000 0.012369
v 0.008431 -0.002000 0.015903
v 0.005182 0.002000 0.013006
v 0.006662 -0.002000 0.016722
v 0.003745 0.002000 0.013490
v 0.004816 -0.002000 0.017344
v 0.002265 0.002000 0.013816
v 0.002912 -0.002000 0.017763
v 0.000758 0.002000 0.013979
v 0.000975 -0.002000 0.017974
v -0.000758 0.002000 0.013979
v -0.000975 -0.002000 0.017974
v -0.002265 0.002000 0.013816
v -0.002912 -0.002000 0.017763
v -0.003745 0.002000 0.013490
v -0.004816 -0.002000 0.017344
v -0.005182 0.002000 0.013006
v -0.006662 -0.002000 0.016722
v -0.006558 0.002000 0.012369
v -0.008431 -0.002000 0.015903
v -0.007857 0.002000 0.011588
v -0.010101 -0.002000 0.014898
v -0.009063 0.002000 0.010670
v -0.011653 -0.002000 0.013719
v -0.010164 0.002000 0.009628
v -0.013068 -0.002000 0.012379
v -0.011145 0.002000 0.008472
v -0.014330 -0.002000 0.010893
v -0.011996 0.002000 0.007218
v -0.015423 -0.002000 0.009280
v -0.012706 0.002000 0.005878
v -0.016336 -0.002000 0.007558
v -0.013267 0.002000 0.004470
v -0.017058 -0.002000 0.005747
v -0.013673 0.002000 0.003010
v -0.017579 -0.002000 0.003869
v -0.013918 0.002000 0.001514
v -0.017894 -0.002000 0.001946
v -0.014000 0.002000 0.000000
v 0.015903 -0.023600 0.008431
v 0.016336 -0.023662 0.007558
v -0.014330 -0.023732 0.010893
v -0.017579 -0.024430 0.003869
v -0.017058 -0.023942 0.005747
v -0.017344 -0.024160 0.004816
v -0.015423 -0.023591 0.009280
v -0.015903 -0.023600 0.008431
v -0.016336 -0.023662 0.007558
v -0.016722 -0.023776 0.006662
v -0.014898 -0.023635 0.010101
v -0.013719 -0.023881 0.011653
v -0.013068 -0.024082 0.012379
v 0.013068 -0.024082 0.012379
v 0.013719 -0.023881 0.011653
v 0.014330 -0.023732 0.010893
v 0.015423 -0.023591 0.009280
v 0.014898 -0.023635 0.010101
v 0.017058 -0.023942 0.005747
v 0.016722 -0.023776 0.006662
v 0.017579 -0.024430 0.003869
v 0.017344 -0.024160 0.004816
v -0.009000 -0.026000 -0.015588
v -0.009000 -0.086000 -0.015588
v -0.010101 -0.098000 -0.014898
v -0.008437 -0.025688 -0.015900
v -0.008431 -0.098000 -0.015903
v -0.004816 -0.024245 -0.017344
v -0.005747 -0.024531 -0.017058
v -0.006662 -0.024867 -0.016722
v -0.007558 -0.025252 -0.016336
v -0.003869 -0.024009 -0.017579
v -0.002912 -0.023826 -0.017763
v -0.001946 -0.023694 -0.017894
v -0.000975 -0.023615 -0.017974
v 0.000000 -0.023588 -0.018000
v 0.000975 -0.023615 -0.017974
v 0.001946 -0.023694 -0.017894
v 0.002912 -0.023826 -0.017763
v 0.003869 -0.024009 -0.017579
v 0.004816 -0.024245 -0.017344
v 0.005747 -0.024531 -0.017058
v 0.006662 -0.024867 -0.016722
v 0.007558 -0.025252 -0.016336
v 0.008431 -0.025685 -0.015903
v 0.008431 -0.098000 -0.015903
v 0.006662 -0.098000 -0.016722
v 0.006662 -0.087133 -0.016722
v 0.007558 -0.086748 -0.016336
v 0.008437 -0.086312 -0.015900
v 0.010101 -0.098000 -0.014898
v 0.009000 -0.086000 -0.015588
v 0.009000 -0.026000 -0.015588
v 0.004816 -0.098000 -0.017344
v 0.002912 -0.098000 -0.017763
v 0.002912 -0.088174 -0.017763
v 0.003869 -0.087991 -0.017579
v 0.004816 -0.087755 -0.017344
v 0.005747 -0.087469 -0.017058
v -0.000975 -0.098000 -0.017974
v -0.000000 -0.088412 -0.018000
v 0.000975 -0.098000 -0.017974
v 0.000975 -0.088385 -0.017974
v 0.001946 -0.088306 -0.017894
v -0.002912 -0.098000 -0.017763
v -0.001946 -0.088306 -0.017894
v -0.000975 -0.088385 -0.017974
v -0.004816 -0.098000 -0.017344
v -0.003869 -0.087991 -0.017579
v -0.002912 -0.088174 -0.017763
v -0.006662 -0.098000 -0.016722
v -0.005747 -0.087469 -0.017058
v -0.004816 -0.087755 -0.017344
v -0.008431 -0.086315 -0.015903
v -0.007558 -0.086748 -0.016336
v -0.006662 -0.087133 -0.016722
v -0.018000 -0.098000 0.000000
v -0.017894 -0.098000 0.001946
v -0.017894 -0.086882 0.001946
v -0.017579 -0.098000 0.003869
v -0.017579 -0.087570 0.003869
v -0.017763 -0.087251 0.002912
v -0.017058 -0.098000 0.005747
v -0.016336 -0.098000 0.007558
v -0.016336 -0.088338 0.007558
v -0.016722 -0.088224 0.006662
v -0.017058 -0.088058 0.005747
v -0.017344 -0.087840 0.004816
v -0.014330 -0.098000 0.010893
v -0.014898 -0.088365 0.010101
v -0.015423 -0.098000 0.009280
v -0.015423 -0.088409 0.009280
v -0.015903 -0.088400 0.008431
v -0.013068 -0.098000 0.012379
v -0.013719 -0.088119 0.011653
v -0.014330 -0.088268 0.010893
v -0.011653 -0.098000 0.013719
v -0.012379 -0.087666 0.013068
v -0.013068 -0.087918 0.012379
v -0.010101 -0.098000 0.014898
v -0.010893 -0.087010 0.014330
v -0.011653 -0.087363 0.013719
v -0.008431 -0.098000 0.015903
v -0.009000 -0.086000 0.015588
v -0.010101 -0.086609 0.014898
v -0.011653 -0.024637 0.013719
v -0.009000 -0.026000 0.015588
v -0.010101 -0.025391 0.014898
v -0.010893 -0.024990 0.014330
v -0.012379 -0.024334 0.013068
v -0.017763 -0.024749 0.002912
v -0.017894 -0.025118 0.001946
v -0.017974 -0.025536 0.000975
v -0.018000 -0.026000 0.000000
v 0.017894 -0.025118 0.001946
v 0.017763 -0.024749 0.002912
v 0.012379 -0.024334 0.013068
v 0.011653 -0.024637 0.013719
v 0.010893 -0.024990 0.014330
v 0.010101 -0.025391 0.014898
v 0.010101 -0.098000 0.014898
v 0.011653 -0.098000 0.013719
v 0.011653 -0.087363 0.013719
v 0.010893 -0.087010 0.014330
v 0.010101 -0.086609 0.014898
v 0.008431 -0.098000 0.015903
v 0.009000 -0.086000 0.015588
v 0.009000 -0.026000 0.015588
v 0.013068 -0.098000 0.012379
v 0.014330 -0.098000 0.010893
v 0.014330 -0.088268 0.010893
v 0.013719 -0.088119 0.011653
v 0.013068 -0.087918 0.012379
v 0.012379 -0.087666 0.013068
v 0.016336 -0.098000 0.007558
v 0.015903 -0.088400 0.008431
v 0.015423 -0.098000 0.009280
v 0.015423 -0.088409 0.009280
v 0.014898 -0.088365 0.010101
v 0.017058 -0.098000 0.005747
v 0.016722 -0.088224 0.006662
v 0.016336 -0.088338 0.007558
v 0.017579 -0.098000 0.003869
v 0.017344 -0.087840 0.004816
v 0.017058 -0.088058 0.005747
v 0.017894 -0.098000 0.001946
v 0.017763 -0.087251 0.002912
v 0.017579 -0.087570 0.003869
v 0.017894 -0.098000 -0.001946
v 0.018000 -0.086000 0.000000
v 0.018000 -0.098000 -0.000000
v 0.017974 -0.086464 0.000975
v 0.017894 -0.086882 0.001946
v 0.006662 -0.098000 0.016722
v 0.004816 -0.098000 0.017344
v 0.002912 -0.098000 0.017763
v 0.000975 -0.098000 0.017974
v -0.000975 -0.098000 0.017974
v -0.002912 -0.098000 0.017763
v -0.004816 -0.098000 0.017344
v -0.006662 -0.098000 0.016722
v 0.017974 -0.025536 0.000975
v 0.018000 -0.026000 0.000000
v 0.011653 -0.098000 -0.013719
v 0.013068 -0.098000 -0.012379
v 0.014330 -0.098000 -0.010893
v 0.015423 -0.098000 -0.009280
v 0.016336 -0.098000 -0.007558
v 0.017058 -0.098000 -0.005747
v 0.017579 -0.098000 -0.003869
v -0.011653 -0.098000 -0.013719
v -0.013068 -0.098000 -0.012379
v -0.014330 -0.098000 -0.010893
v -0.015423 -0.098000 -0.009280
v -0.016336 -0.098000 -0.007558
v -0.017058 -0.098000 -0.005747
v -0.017579 -0.098000 -0.003869
v -0.017894 -0.098000 -0.001946
v -0.017974 -0.086464 0.000975
v -0.018000 -0.086000 0.000000
v -0.007268 -0.086000 0.014588
v -0.016268 -0.086000 -0.001000
v -0.016268 -0.026000 -0.001000
v 0.009000 -0.026000 -0.013588
v -0.009000 -0.026000 -0.013588
v -0.009000 -0.086000 -0.013588
v 0.009000 -0.086000 -0.013588
v -0.000000 -0.007000 -0.015588
v 0.013500 -0.007000 0.007794
v -0.013500 -0.007000 0.007794
v 0.016268 -0.026000 -0.001000
v 0.007268 -0.026000 0.014588
v 0.016268 -0.086000 -0.001000
v 0.007268 -0.086000 0.014588
v -0.007268 -0.026000 0.014588
vn -0.8104 -0.5832 0.0566
vn -0.9782 -0.1544 -0.1386
vn -0.9814 -0.1301 -0.1411
vn -0.9831 -0.1125 -0.1442
vn -0.9464 -0.3060 -0.1038
vn -0.9437 -0.3147 -0.1020
vn -0.9585 -0.2603 -0.1165
vn -0.9546 -0.2756 -0.1132
vn -0.9663 -0.2252 -0.1251
vn -0.9584 -0.2588 -0.1204
vn -0.9739 -0.1852 -0.1314
vn -0.9659 -0.2253 -0.1278
vn -0.9737 -0.1847 -0.1337
vn -0.8872 -0.4597 -0.0403
vn -0.9041 -0.4239 -0.0533
vn -0.8760 -0.4818 -0.0236
vn -0.8979 -0.4373 -0.0496
vn -0.9053 -0.4210 -0.0566
vn -0.9254 -0.3707 -0.0795
vn -0.9186 -0.3881 -0.0745
vn -0.9319 -0.3521 -0.0870
vn -0.8526 -0.5224 0.0095
vn -0.8246 -0.5648 0.0318
vn -0.8413 -0.5403 0.0175
vn -0.8806 -0.4731 -0.0250
vn -0.8560 -0.5169 -0.0067
vn -0.8673 -0.4976 -0.0159
vn -0.7966 -0.6006 0.0691
vn -0.8231 -0.5661 0.0457
vn -0.7926 -0.6041 0.0829
vn -0.7801 -0.6181 0.0967
vn -0.7998 -0.5953 0.0770
vn -0.7667 -0.6315 0.1160
vn -0.7889 -0.6077 0.0917
vn -0.7611 -0.6367 0.1236
vn -0.7452 -0.6501 0.1485
vn -0.7481 -0.6475 0.1452
vn -0.7676 -0.6300 0.1182
vn -0.7806 -0.6167 0.1017
vn -0.6572 -0.7016 0.2755
vn -0.6726 -0.6944 0.2557
vn -0.6806 -0.6904 0.2453
vn -0.6968 -0.6823 0.2214
vn -0.6943 -0.6837 0.2247
vn -0.7158 -0.6715 0.1915
vn -0.7050 -0.6792 0.2042
vn -0.7223 -0.6669 0.1829
vn -0.5862 -0.7017 0.4049
vn -0.5995 -0.7039 0.3809
vn -0.6021 -0.7045 0.3758
vn -0.6787 -0.6901 0.2515
vn -0.6498 -0.7011 0.2938
vn -0.6389 -0.7023 0.3139
vn -0.6365 -0.7028 0.3178
vn -0.6207 -0.7053 0.3425
vn -0.6225 -0.7049 0.3400
vn -0.6114 -0.7046 0.3602
vn -0.6055 -0.7045 0.3702
vn -0.5810 -0.7014 0.4129
vn -0.5647 -0.6948 0.4454
vn -0.5663 -0.6957 0.4420
vn -0.5543 -0.6908 0.4642
vn -0.5475 -0.6867 0.4782
vn -0.5467 -0.6860 0.4801
vn -0.5325 -0.6788 0.5057
vn -0.5323 -0.6786 0.5061
vn -0.5186 -0.6654 0.5370
vn -0.5209 -0.6682 0.5313
vn -0.5065 -0.6551 0.5607
vn -0.5094 -0.6592 0.5531
vn -0.4893 -0.6320 0.6010
vn -0.4951 -0.6484 0.5783
vn -0.4680 -0.5981 0.6505
vn -0.4735 -0.6216 0.6240
vn -0.4654 -0.5999 0.6508
vn -0.4507 -0.5648 0.6912
vn -0.4539 -0.5771 0.6790
vn -0.4407 -0.5437 0.7143
vn -0.4396 -0.5406 0.7173
vn -0.4316 -0.5212 0.7363
vn -0.4244 -0.4949 0.7583
vn -0.4288 -0.5170 0.7408
vn -0.4167 -0.4682 0.7792
vn -0.4198 -0.4909 0.7634
vn -0.4138 -0.4617 0.7846
vn -0.4078 -0.4378 0.8012
vn -0.4081 -0.4397 0.8001
vn -0.3778 -0.2619 0.8881
vn -0.3850 -0.3156 0.8673
vn -0.3844 -0.3077 0.8704
vn -0.3898 -0.3517 0.8511
vn -0.3877 -0.3286 0.8612
vn -0.3919 -0.3663 0.8440
vn -0.3902 -0.3483 0.8523
vn -0.3984 -0.4002 0.8253
vn -0.3966 -0.3757 0.8376
vn -0.4011 -0.4076 0.8204
vn -0.3709 -0.1938 0.9082
vn -0.3761 -0.2376 0.8956
vn -0.3781 -0.2766 0.8834
vn -0.3688 0.1469 0.9178
vn -0.3685 0.1760 0.9128
vn -0.3683 0.1052 0.9237
vn -0.3670 0.1302 0.9211
vn -0.3656 0.0751 0.9277
vn -0.3654 0.0439 0.9298
vn -0.3643 0.0323 0.9307
vn -0.3643 -0.0370 0.9305
vn -0.3641 -0.0399 0.9305
vn -0.3660 -0.0871 0.9265
vn -0.3662 -0.1184 0.9230
vn -0.3674 -0.1290 0.9211
vn -0.3709 -0.1847 0.9101
vn -0.3831 0.3038 0.8723
vn -0.3833 0.3148 0.8683
vn -0.3800 0.2752 0.8831
vn -0.3747 0.2345 0.8970
vn -0.3748 0.2584 0.8904
vn -0.3732 0.1833 0.9095
vn -0.3721 0.2254 0.9004
vn -0.3713 0.1884 0.9092
vn -0.4067 0.4600 0.7893
vn -0.4047 0.4187 0.8130
vn -0.4176 0.4814 0.7706
vn -0.4048 0.4378 0.8027
vn -0.4028 0.4211 0.8127
vn -0.3933 0.3633 0.8446
vn -0.3945 0.3880 0.8330
vn -0.3905 0.3522 0.8505
vn -0.4399 0.5649 0.6982
vn -0.4358 0.5402 0.7199
vn -0.4188 0.4737 0.7747
vn -0.4224 0.5168 0.7447
vn -0.4201 0.4975 0.7590
vn -0.4680 0.5987 0.6500
vn -0.4842 0.6311 0.6060
vn -0.4346 0.5229 0.7332
vn -0.4468 0.5595 0.6980
vn -0.4573 0.5815 0.6728
vn -0.4572 0.5812 0.6732
vn -0.4652 0.5967 0.6538
vn -0.4736 0.6144 0.6311
vn -0.5198 0.6669 0.5338
vn -0.5197 0.6668 0.5341
vn -0.5027 0.6519 0.5678
vn -0.4994 0.6465 0.5767
vn -0.4866 0.6309 0.6043
vn -0.4772 0.6152 0.6275
vn -0.5684 0.7004 0.4316
vn -0.5605 0.6925 0.4542
vn -0.5894 0.7043 0.3957
vn -0.5585 0.6936 0.4550
vn -0.5530 0.6901 0.4668
vn -0.5359 0.6802 0.5001
vn -0.5400 0.6852 0.4888
vn -0.5316 0.6773 0.5086
vn -0.6433 0.7023 0.3049
vn -0.5844 0.7013 0.4082
vn -0.6011 0.7041 0.3780
vn -0.6109 0.7044 0.3615
vn -0.6101 0.7043 0.3629
vn -0.6232 0.7047 0.3391
vn -0.6225 0.7047 0.3405
vn -0.6298 0.7038 0.3288
vn -0.6333 0.7034 0.3226
vn -0.6466 0.7012 0.3005
vn -0.6612 0.6972 0.2769
vn -0.6757 0.6917 0.2548
vn -0.6648 0.6972 0.2682
vn -0.6892 0.6860 0.2334
vn -0.6891 0.6861 0.2334
vn -0.7052 0.6782 0.2067
vn -0.7043 0.6788 0.2079
vn -0.7207 0.6679 0.1857
vn -0.7327 0.6599 0.1665
vn -0.7337 0.6592 0.1650
vn -0.7483 0.6472 0.1459
vn -0.7502 0.6455 0.1434
vn -0.7653 0.6325 0.1199
vn -0.7839 0.6132 0.0974
vn -0.7791 0.6183 0.1031
vn -0.7997 0.5958 0.0737
vn -0.7962 0.6000 0.0776
vn -0.8246 0.5641 0.0442
vn -0.8150 0.5770 0.0536
vn -0.8394 0.5430 0.0238
vn -0.8410 0.5406 0.0220
vn -0.8540 0.5202 0.0050
vn -0.8694 0.4940 -0.0123
vn -0.8558 0.5173 0.0007
vn -0.8769 0.4801 -0.0214
vn -0.8714 0.4903 -0.0157
vn -0.8848 0.4649 -0.0321
vn -0.8863 0.4619 -0.0337
vn -0.8982 0.4370 -0.0480
vn -0.8970 0.4396 -0.0467
vn -0.9356 0.3412 -0.0909
vn -0.9139 0.4003 -0.0679
vn -0.9240 0.3747 -0.0758
vn -0.9114 0.4065 -0.0632
vn -0.9584 0.2603 -0.1172
vn -0.9436 0.3156 -0.1004
vn -0.9464 0.3063 -0.1027
vn -0.9320 0.3516 -0.0880
vn -0.9267 0.3664 -0.0834
vn -0.9720 0.1936 -0.1330
vn -0.9636 0.2379 -0.1221
vn -0.9541 0.2769 -0.1143
vn -0.9863 -0.0747 -0.1473
vn -0.9879 -0.0439 -0.1485
vn -0.9882 -0.0319 -0.1498
vn -0.9880 0.0370 -0.1498
vn -0.9879 0.0399 -0.1500
vn -0.9854 0.0870 -0.1463
vn -0.9824 0.1183 -0.1444
vn -0.9814 0.1290 -0.1423
vn -0.9736 0.1847 -0.1339
vn 0.5527 -0.6905 0.4667
vn 0.3691 -0.1544 0.9165
vn 0.3685 -0.1301 0.9205
vn 0.3667 -0.1125 0.9235
vn 0.3833 -0.3060 0.8714
vn 0.3835 -0.3147 0.8683
vn 0.3783 -0.2603 0.8883
vn 0.3793 -0.2756 0.8833
vn 0.3748 -0.2252 0.8993
vn 0.3750 -0.2587 0.8902
vn 0.3732 -0.1852 0.9091
vn 0.3723 -0.2254 0.9004
vn 0.3711 -0.1847 0.9100
vn 0.4087 -0.4597 0.7885
vn 0.4060 -0.4239 0.8096
vn 0.4175 -0.4818 0.7704
vn 0.4060 -0.4374 0.8024
vn 0.4036 -0.4210 0.8123
vn 0.3939 -0.3707 0.8411
vn 0.3947 -0.3882 0.8328
vn 0.3907 -0.3521 0.8505
vn 0.4345 -0.5224 0.7337
vn 0.4399 -0.5649 0.6982
vn 0.4358 -0.5403 0.7199
vn 0.4187 -0.4731 0.7752
vn 0.4223 -0.5170 0.7446
vn 0.4199 -0.4975 0.7591
vn 0.4511 -0.5661 0.6899
vn 0.4581 -0.6007 0.6553
vn 0.4542 -0.5832 0.6735
vn 0.4864 -0.6374 0.5976
vn 0.4838 -0.6314 0.6061
vn 0.4666 -0.5953 0.6542
vn 0.4739 -0.6180 0.6273
vn 0.4681 -0.6041 0.6449
vn 0.4768 -0.6141 0.6290
vn 0.4861 -0.6300 0.6056
vn 0.4998 -0.6475 0.5753
vn 0.5012 -0.6501 0.5711
vn 0.5138 -0.6616 0.5462
vn 0.5401 -0.6823 0.4927
vn 0.5418 -0.6837 0.4890
vn 0.5246 -0.6721 0.5226
vn 0.5297 -0.6789 0.5085
vn 0.5197 -0.6668 0.5341
vn 0.6437 -0.7017 0.3053
vn 0.6296 -0.7039 0.3287
vn 0.6265 -0.7045 0.3335
vn 0.6234 -0.7044 0.3393
vn 0.6176 -0.7046 0.3494
vn 0.6048 -0.7049 0.3705
vn 0.6068 -0.7055 0.3661
vn 0.5806 -0.6997 0.4163
vn 0.5885 -0.7053 0.3953
vn 0.5571 -0.6901 0.4620
vn 0.5672 -0.7016 0.4314
vn 0.5578 -0.6942 0.4548
vn 0.6481 -0.7014 0.2967
vn 0.6681 -0.6948 0.2664
vn 0.6659 -0.6957 0.2694
vn 0.6792 -0.6908 0.2480
vn 0.6879 -0.6867 0.2351
vn 0.6892 -0.6860 0.2334
vn 0.7042 -0.6788 0.2083
vn 0.7043 -0.6787 0.2080
vn 0.7207 -0.6679 0.1857
vn 0.7335 -0.6594 0.1649
vn 0.7336 -0.6593 0.1646
vn 0.7651 -0.6320 0.1232
vn 0.7484 -0.6484 0.1396
vn 0.7834 -0.6138 0.0981
vn 0.7791 -0.6184 0.1031
vn 0.7992 -0.5964 0.0745
vn 0.7961 -0.6001 0.0777
vn 0.8240 -0.5648 0.0447
vn 0.8149 -0.5771 0.0536
vn 0.8389 -0.5437 0.0245
vn 0.8410 -0.5405 0.0221
vn 0.8534 -0.5212 0.0057
vn 0.8688 -0.4949 -0.0116
vn 0.8559 -0.5171 0.0009
vn 0.8831 -0.4682 -0.0287
vn 0.8710 -0.4909 -0.0181
vn 0.8864 -0.4617 -0.0339
vn 0.8978 -0.4378 -0.0475
vn 0.8969 -0.4397 -0.0466
vn 0.9351 -0.3425 -0.0904
vn 0.9139 -0.4002 -0.0677
vn 0.9237 -0.3757 -0.0754
vn 0.9110 -0.4075 -0.0629
vn 0.9580 -0.2619 -0.1169
vn 0.9436 -0.3155 -0.1003
vn 0.9460 -0.3077 -0.1022
vn 0.9320 -0.3517 -0.0880
vn 0.9267 -0.3665 -0.0835
vn 0.9720 -0.1938 -0.1329
vn 0.9636 -0.2377 -0.1221
vn 0.9542 -0.2766 -0.1143
vn 0.9793 0.1469 -0.1395
vn 0.9747 0.1761 -0.1373
vn 0.9841 0.1052 -0.1429
vn 0.9812 0.1303 -0.1427
vn 0.9862 0.0751 -0.1472
vn 0.9879 0.0439 -0.1485
vn 0.9882 0.0323 -0.1498
vn 0.9880 -0.0370 -0.1498
vn 0.9879 -0.0399 -0.1500
vn 0.9854 -0.0871 -0.1463
vn 0.9824 -0.1184 -0.1444
vn 0.9814 -0.1290 -0.1423
vn 0.9736 -0.1847 -0.1339
vn 0.9470 0.3038 -0.1044
vn 0.9436 0.3148 -0.1022
vn 0.9548 0.2751 -0.1125
vn 0.9642 0.2345 -0.1240
vn 0.9584 0.2585 -0.1208
vn 0.9742 0.1833 -0.1315
vn 0.9658 0.2254 -0.1279
vn 0.9730 0.1884 -0.1331
vn 0.8869 0.4600 -0.0424
vn 0.9064 0.4187 -0.0560
vn 0.8762 0.4814 -0.0237
vn 0.8976 0.4379 -0.0509
vn 0.9053 0.4209 -0.0575
vn 0.9281 0.3633 -0.0816
vn 0.9186 0.3880 -0.0748
vn 0.9319 0.3522 -0.0870
vn 0.8246 0.5648 0.0319
vn 0.8413 0.5402 0.0175
vn 0.8803 0.4737 -0.0247
vn 0.8561 0.5168 -0.0065
vn 0.8673 0.4975 -0.0157
vn 0.7969 0.5987 0.0803
vn 0.7872 0.6097 0.0923
vn 0.7672 0.6307 0.1168
vn 0.8523 0.5229 0.0098
vn 0.8279 0.5595 0.0380
vn 0.8114 0.5815 0.0596
vn 0.8116 0.5812 0.0594
vn 0.7987 0.5969 0.0760
vn 0.7833 0.6144 0.0946
vn 0.7222 0.6669 0.1832
vn 0.7224 0.6668 0.1831
vn 0.7431 0.6518 0.1514
vn 0.7491 0.6465 0.1442
vn 0.7666 0.6310 0.1193
vn 0.7806 0.6168 0.1015
vn 0.6580 0.7004 0.2765
vn 0.6733 0.6936 0.2561
vn 0.6807 0.6902 0.2456
vn 0.7010 0.6802 0.2141
vn 0.6933 0.6852 0.2232
vn 0.7063 0.6773 0.2061
vn 0.6736 0.6925 0.2583
vn 0.6468 0.7016 0.2990
vn 0.6389 0.7024 0.3138
vn 0.6339 0.7033 0.3218
vn 0.6280 0.7041 0.3316
vn 0.6185 0.7044 0.3483
vn 0.6193 0.7043 0.3469
vn 0.6053 0.7047 0.3701
vn 0.6061 0.7047 0.3688
vn 0.5995 0.7039 0.3810
vn 0.5851 0.7020 0.4059
vn 0.5857 0.7023 0.4047
vn 0.5704 0.6972 0.4342
vn 0.5585 0.6917 0.4578
vn 0.5647 0.6972 0.4416
vn 0.5467 0.6861 0.4800
vn 0.5467 0.6860 0.4801
vn 0.5316 0.6782 0.5074
vn 0.5322 0.6788 0.5060
vn 0.5182 0.6649 0.5379
vn 0.5209 0.6682 0.5313
vn 0.5077 0.6562 0.5582
vn 0.5097 0.6589 0.5532
vn 0.5005 0.6472 0.5751
vn 0.4993 0.6455 0.5779
vn 0.4865 0.6325 0.6028
vn 0.4675 0.5967 0.6523
vn 0.4732 0.6218 0.6241
vn 0.4653 0.6000 0.6508
vn 0.4505 0.5641 0.6920
vn 0.4539 0.5771 0.6790
vn 0.4404 0.5430 0.7150
vn 0.4396 0.5405 0.7173
vn 0.4313 0.5203 0.7371
vn 0.4241 0.4940 0.7591
vn 0.4285 0.5172 0.7409
vn 0.4200 0.4803 0.7701
vn 0.4221 0.4903 0.7625
vn 0.4146 0.4649 0.7823
vn 0.4140 0.4619 0.7844
vn 0.4075 0.4370 0.8018
vn 0.4080 0.4398 0.8001
vn 0.3777 0.2603 0.8886
vn 0.3848 0.3155 0.8674
vn 0.3842 0.3063 0.8709
vn 0.3898 0.3516 0.8512
vn 0.3877 0.3285 0.8613
vn 0.3920 0.3662 0.8440
vn 0.3901 0.3470 0.8529
vn 0.3981 0.4003 0.8254
vn 0.3964 0.3747 0.8381
vn 0.4010 0.4066 0.8209
vn 0.3708 0.1936 0.9083
vn 0.3761 0.2379 0.8955
vn 0.3781 0.2769 0.8834
vn 0.3655 -0.0747 0.9278
vn 0.3654 -0.0439 0.9298
vn 0.3644 -0.0319 0.9307
vn 0.3643 0.0370 0.9305
vn 0.3641 0.0399 0.9305
vn 0.3661 0.0870 0.9265
vn 0.3661 0.1183 0.9230
vn 0.3675 0.1290 0.9210
vn 0.3708 0.1847 0.9102
vn 0.3311 0.5967 -0.7310
vn -0.0480 0.7043 -0.7083
vn -0.5025 0.4210 -0.7552
vn -0.3293 -0.5981 -0.7306
vn 0.6239 -0.0319 -0.7809
vn 0.6225 -0.0439 -0.7814
vn 0.6091 -0.1544 -0.7779
vn 0.6129 -0.1301 -0.7794
vn 0.6165 -0.1125 -0.7793
vn 0.6207 -0.0746 -0.7805
vn 0.5630 -0.3060 -0.7677
vn 0.5602 -0.3147 -0.7663
vn 0.5800 -0.2603 -0.7719
vn 0.5754 -0.2756 -0.7700
vn 0.5914 -0.2252 -0.7743
vn 0.5835 -0.2587 -0.7698
vn 0.6007 -0.1852 -0.7777
vn 0.5936 -0.2254 -0.7725
vn 0.6026 -0.1847 -0.7764
vn 0.4786 -0.4596 -0.7482
vn 0.4982 -0.4239 -0.7564
vn 0.4586 -0.4817 -0.7467
vn 0.4918 -0.4374 -0.7529
vn 0.5019 -0.4209 -0.7556
vn 0.5315 -0.3707 -0.7617
vn 0.5239 -0.3881 -0.7582
vn 0.5413 -0.3522 -0.7635
vn 0.4081 -0.5327 -0.7414
vn 0.3815 -0.5628 -0.7333
vn 0.4304 -0.5093 -0.7452
vn 0.4055 -0.5403 -0.7373
vn 0.4620 -0.4731 -0.7502
vn 0.4338 -0.5170 -0.7379
vn 0.4473 -0.4975 -0.7433
vn 0.2746 -0.6375 -0.7198
vn 0.2829 -0.6313 -0.7220
vn 0.3332 -0.5953 -0.7312
vn 0.3101 -0.6149 -0.7251
vn 0.3720 -0.5661 -0.7356
vn 0.3384 -0.6007 -0.7243
vn 0.3563 -0.5831 -0.7301
vn 0.2440 -0.6501 -0.7196
vn 0.2483 -0.6475 -0.7205
vn 0.2815 -0.6300 -0.7238
vn 0.3063 -0.6140 -0.7274
vn 0.1567 -0.6823 -0.7141
vn 0.1525 -0.6837 -0.7137
vn 0.1921 -0.6715 -0.7156
vn 0.1759 -0.6792 -0.7126
vn 0.2028 -0.6669 -0.7170
vn -0.0575 -0.7017 -0.7101
vn -0.0302 -0.7039 -0.7096
vn -0.0244 -0.7045 -0.7093
vn -0.0180 -0.7045 -0.7095
vn -0.0060 -0.7046 -0.7096
vn 0.0184 -0.7049 -0.7090
vn 0.0137 -0.7055 -0.7085
vn 0.0702 -0.6997 -0.7109
vn 0.0481 -0.7053 -0.7073
vn 0.1105 -0.6926 -0.7128
vn 0.0893 -0.6990 -0.7096
vn 0.1365 -0.6875 -0.7132
vn 0.1149 -0.6942 -0.7105
vn 0.1279 -0.6904 -0.7120
vn -0.1199 -0.6918 -0.7121
vn -0.0995 -0.6957 -0.7114
vn -0.1034 -0.6948 -0.7118
vn -0.0671 -0.7014 -0.7096
vn -0.1304 -0.6893 -0.7126
vn -0.1405 -0.6866 -0.7133
vn -0.1425 -0.6860 -0.7135
vn -0.1717 -0.6788 -0.7140
vn -0.1719 -0.6787 -0.7140
vn -0.2233 -0.6581 -0.7191
vn -0.2014 -0.6707 -0.7139
vn -0.2769 -0.6335 -0.7225
vn -0.2509 -0.6455 -0.7213
vn -0.2240 -0.6593 -0.7177
vn -0.4140 -0.5287 -0.7410
vn -0.4014 -0.5406 -0.7394
vn -0.3983 -0.5437 -0.7387
vn -0.3611 -0.5771 -0.7325
vn -0.3733 -0.5648 -0.7360
vn -0.3307 -0.6000 -0.7285
vn -0.3036 -0.6216 -0.7221
vn -0.4291 -0.5129 -0.7435
vn -0.4445 -0.4949 -0.7466
vn -0.4272 -0.5170 -0.7418
vn -0.4664 -0.4682 -0.7505
vn -0.4513 -0.4909 -0.7453
vn -0.4724 -0.4618 -0.7507
vn -0.4900 -0.4378 -0.7538
vn -0.4888 -0.4397 -0.7535
vn -0.5459 -0.3425 -0.7646
vn -0.5156 -0.4002 -0.7576
vn -0.5271 -0.3757 -0.7622
vn -0.5100 -0.4076 -0.7575
vn -0.5802 -0.2618 -0.7712
vn -0.5587 -0.3156 -0.7670
vn -0.5616 -0.3077 -0.7681
vn -0.5422 -0.3517 -0.7631
vn -0.5354 -0.3666 -0.7609
vn -0.6158 -0.1184 -0.7790
vn -0.6028 -0.1847 -0.7762
vn -0.6012 -0.1938 -0.7753
vn -0.5876 -0.2376 -0.7735
vn -0.5760 -0.2767 -0.7692
vn -0.6240 -0.0371 -0.7805
vn -0.6195 -0.0871 -0.7801
vn -0.6150 -0.1291 -0.7779
vn -0.6237 -0.0399 -0.7807
vn -0.6238 0.0323 -0.7809
vn -0.6226 0.0439 -0.7813
vn -0.6207 0.0751 -0.7804
vn -0.6142 0.1303 -0.7783
vn -0.6158 0.1052 -0.7808
vn -0.6047 0.1850 -0.7746
vn -0.6099 0.1468 -0.7787
vn -0.5936 0.2254 -0.7725
vn -0.6011 0.1834 -0.7779
vn -0.5838 0.2583 -0.7697
vn -0.5894 0.2345 -0.7730
vn -0.5348 0.3633 -0.7629
vn -0.5242 0.3880 -0.7581
vn -0.5413 0.3522 -0.7635
vn -0.5639 0.3038 -0.7679
vn -0.5603 0.3148 -0.7662
vn -0.5749 0.2752 -0.7706
vn -0.4473 0.4974 -0.7433
vn -0.4586 0.4815 -0.7469
vn -0.5017 0.4187 -0.7570
vn -0.4802 0.4600 -0.7469
vn -0.4928 0.4379 -0.7519
vn -0.4337 0.5168 -0.7381
vn -0.4615 0.4737 -0.7501
vn -0.4055 0.5402 -0.7374
vn -0.4302 0.5095 -0.7452
vn -0.3817 0.5627 -0.7333
vn -0.4079 0.5330 -0.7413
vn -0.3562 0.5831 -0.7302
vn -0.3801 0.5586 -0.7372
vn -0.3346 0.5978 -0.7285
vn -0.3541 0.5810 -0.7329
vn -0.3097 0.6144 -0.7256
vn -0.3289 0.5987 -0.7303
vn -0.2826 0.6311 -0.7224
vn -0.1651 0.6802 -0.7142
vn -0.3048 0.6152 -0.7270
vn -0.2800 0.6309 -0.7235
vn -0.2497 0.6465 -0.7209
vn -0.2405 0.6518 -0.7192
vn -0.2026 0.6668 -0.7171
vn -0.2023 0.6669 -0.7171
vn -0.1748 0.6773 -0.7147
vn -0.1533 0.6852 -0.7120
vn -0.1063 0.6939 -0.7122
vn -0.0892 0.6990 -0.7096
vn -0.1324 0.6886 -0.7130
vn -0.1145 0.6936 -0.7112
vn -0.1277 0.6901 -0.7123
vn -0.0614 0.7013 -0.7102
vn -0.0269 0.7041 -0.7096
vn -0.0076 0.7044 -0.7097
vn -0.0093 0.7043 -0.7098
vn 0.0178 0.7047 -0.7092
vn 0.0163 0.7047 -0.7093
vn 0.0304 0.7038 -0.7097
vn 0.0589 0.7020 -0.7097
vn 0.0576 0.7023 -0.7095
vn 0.0910 0.6972 -0.7111
vn 0.1112 0.6930 -0.7123
vn 0.0999 0.6963 -0.7108
vn 0.1315 0.6891 -0.7127
vn 0.1425 0.6860 -0.7135
vn 0.1424 0.6860 -0.7135
vn 0.1736 0.6782 -0.7141
vn 0.2788 0.6325 -0.7227
vn 0.2509 0.6455 -0.7213
vn 0.2475 0.6472 -0.7210
vn 0.2242 0.6589 -0.7180
vn 0.2221 0.6599 -0.7177
vn 0.1995 0.6679 -0.7170
vn 0.1722 0.6788 -0.7139
vn 0.4149 0.5278 -0.7411
vn 0.4014 0.5406 -0.7394
vn 0.3991 0.5430 -0.7389
vn 0.3610 0.5771 -0.7326
vn 0.3740 0.5640 -0.7362
vn 0.3311 0.6000 -0.7283
vn 0.3039 0.6218 -0.7218
vn 0.4291 0.5129 -0.7435
vn 0.4453 0.4940 -0.7468
vn 0.4272 0.5172 -0.7416
vn 0.4573 0.4803 -0.7485
vn 0.4494 0.4903 -0.7468
vn 0.4702 0.4649 -0.7502
vn 0.4722 0.4620 -0.7507
vn 0.4906 0.4370 -0.7539
vn 0.4888 0.4398 -0.7535
vn 0.5465 0.3412 -0.7648
vn 0.5157 0.4003 -0.7575
vn 0.5277 0.3747 -0.7623
vn 0.5105 0.4065 -0.7577
vn 0.5761 0.2770 -0.7691
vn 0.5807 0.2603 -0.7714
vn 0.5588 0.3155 -0.7670
vn 0.5622 0.3063 -0.7682
vn 0.5422 0.3516 -0.7631
vn 0.5356 0.3664 -0.7608
vn 0.5875 0.2379 -0.7735
vn 0.6011 0.1936 -0.7753
vn 0.6028 0.1847 -0.7762
vn 0.6158 0.1183 -0.7790
vn 0.6151 0.1291 -0.7778
vn 0.6237 0.0399 -0.7807
vn 0.6241 0.0370 -0.7805
vn 0.6194 0.0871 -0.7803
vn -0.4970 -0.0541 0.8661
vn -0.4761 -0.3048 0.8249
vn 0.4764 0.3043 -0.8249
vn -0.4911 0.2010 0.8476
vn -0.4885 0.1618 0.8574
vn -0.4803 0.2616 0.8372
vn -0.4779 0.2675 0.8367
vn -0.4761 0.3060 0.8244
vn -0.4678 0.3523 0.8106
vn -0.4602 0.3701 0.8070
vn -0.4584 0.3961 0.7956
vn -0.4388 0.4684 0.7669
vn -0.4445 0.4577 0.7700
vn -0.4549 0.4142 0.7883
vn -0.4097 0.5612 0.7192
vn -0.4195 0.5416 0.7285
vn -0.4304 0.5105 0.7444
vn -0.3775 0.6474 0.6621
vn -0.3918 0.6212 0.6787
vn -0.4068 0.5821 0.7040
vn -0.3019 0.7961 0.5245
vn -0.3254 0.7596 0.5631
vn -0.3423 0.7260 0.5965
vn -0.3482 0.7192 0.6013
vn -0.3753 0.6594 0.6514
vn -0.2565 0.8569 0.4472
vn -0.2616 0.8527 0.4522
vn -0.3017 0.7968 0.5236
vn -0.1079 0.9766 0.1859
vn -0.1578 0.9487 0.2741
vn -0.1586 0.9477 0.2771
vn -0.1879 0.9269 0.3248
vn -0.2080 0.9076 0.3647
vn -0.2146 0.9032 0.3718
vn -0.2373 0.8804 0.4105
vn -0.0517 0.9941 0.0950
vn -0.0672 0.9913 0.1133
vn -0.1106 0.9743 0.1960
vn 0.0550 0.9941 -0.0931
vn 0.0080 0.9998 -0.0156
vn 0.0021 1.0000 0.0012
vn -0.0205 0.9992 0.0356
vn -0.0345 0.9976 0.0599
vn 0.1094 0.9766 -0.1851
vn 0.1001 0.9795 -0.1748
vn 0.0554 0.9940 -0.0944
vn 0.1624 0.9476 -0.2750
vn 0.1426 0.9584 -0.2471
vn 0.1288 0.9663 -0.2230
vn 0.2589 0.8569 -0.4458
vn 0.2167 0.9003 -0.3774
vn 0.2121 0.9076 -0.3624
vn 0.1904 0.9247 -0.3298
vn 0.1684 0.9416 -0.2917
vn 0.3054 0.7961 -0.5225
vn 0.2869 0.8190 -0.4970
vn 0.2600 0.8542 -0.4503
vn 0.3418 0.7260 -0.5968
vn 0.3714 0.6946 -0.6161
vn 0.3449 0.7282 -0.5923
vn 0.3278 0.7551 -0.5678
vn 0.3087 0.7867 -0.5347
vn 0.4307 0.5373 -0.7252
vn 0.4138 0.5612 -0.7168
vn 0.4312 0.5068 -0.7464
vn 0.4139 0.5687 -0.7108
vn 0.4037 0.5906 -0.6987
vn 0.3801 0.6474 -0.6606
vn 0.4031 0.6191 -0.6740
vn 0.3783 0.6567 -0.6524
vn 0.4642 0.3701 -0.8047
vn 0.4748 0.3519 -0.8067
vn 0.4596 0.3971 -0.7944
vn 0.4398 0.4684 -0.7663
vn 0.4569 0.4428 -0.7714
vn 0.4387 0.4852 -0.7564
vn 0.5009 0.1413 -0.8539
vn 0.4905 0.1618 -0.8563
vn 0.5016 0.0541 -0.8634
vn 0.4916 0.1913 -0.8496
vn 0.4894 0.2053 -0.8476
vn 0.4817 0.2675 -0.8345
vn 0.4922 0.2473 -0.8346
vn 0.4812 0.2845 -0.8291
vn 0.5033 -0.0541 -0.8624
vn 0.4996 -0.0398 -0.8653
vn 0.4994 0.0473 -0.8651
vn 0.4983 -0.1618 -0.8518
vn 0.4951 -0.1396 -0.8575
vn 0.4978 -0.0939 -0.8622
vn 0.4856 -0.2675 -0.8322
vn 0.4848 -0.2612 -0.8347
vn 0.4885 -0.2010 -0.8491
vn 0.4550 -0.4143 -0.7883
vn 0.4598 -0.3962 -0.7948
vn 0.4688 -0.3701 -0.8020
vn 0.4681 -0.3523 -0.8104
vn 0.4760 -0.3057 -0.8246
vn 0.4445 -0.4577 -0.7700
vn 0.4447 -0.4684 -0.7634
vn 0.4295 -0.5104 -0.7449
vn 0.4212 -0.5413 -0.7277
vn 0.4180 -0.5612 -0.7144
vn 0.4064 -0.5818 -0.7045
vn 0.3920 -0.6212 -0.6786
vn 0.3847 -0.6474 -0.6580
vn 0.3764 -0.6594 -0.6507
vn 0.3467 -0.7192 -0.6022
vn 0.3454 -0.7260 -0.5947
vn 0.3251 -0.7596 -0.5633
vn 0.3032 -0.7961 -0.5237
vn 0.3025 -0.7968 -0.5230
vn 0.2609 -0.8527 -0.4527
vn 0.2591 -0.8568 -0.4457
vn 0.2370 -0.8805 -0.4105
vn 0.2146 -0.9032 -0.3717
vn 0.2119 -0.9076 -0.3625
vn 0.1873 -0.9269 -0.3251
vn 0.1606 -0.9477 -0.2759
vn 0.1585 -0.9487 -0.2737
vn 0.1071 -0.9766 -0.1864
vn 0.1144 -0.9744 -0.1937
vn 0.0645 -0.9913 -0.1148
vn 0.0564 -0.9941 -0.0923
vn 0.0346 -0.9976 -0.0599
vn -0.0531 -0.9941 0.0942
vn -0.0162 -0.9995 0.0269
vn 0.0029 -1.0000 0.0017
vn 0.0086 -0.9999 -0.0117
vn 0.0206 -0.9992 -0.0356
vn -0.1056 -0.9766 0.1872
vn -0.1014 -0.9795 0.1742
vn -0.0540 -0.9940 0.0951
vn -0.1569 -0.9477 0.2781
vn -0.1426 -0.9584 0.2471
vn -0.1287 -0.9663 0.2229
vn -0.2078 -0.9076 0.3648
vn -0.1904 -0.9247 0.3298
vn -0.1685 -0.9415 0.2917
vn -0.2868 -0.8190 0.4970
vn -0.2792 -0.8296 0.4835
vn -0.2570 -0.8569 0.4469
vn -0.2574 -0.8559 0.4485
vn -0.2186 -0.9003 0.3764
vn -0.3459 -0.7260 0.5943
vn -0.3478 -0.6945 0.6298
vn -0.3406 -0.7282 0.5948
vn -0.3279 -0.7551 0.5678
vn -0.3026 -0.7961 0.5241
vn -0.3082 -0.7691 0.5598
vn -0.3018 -0.7924 0.5302
vn -0.4127 -0.5376 0.7353
vn -0.4138 -0.5612 0.7168
vn -0.4312 -0.5068 0.7465
vn -0.4087 -0.5692 0.7134
vn -0.4032 -0.5905 0.6991
vn -0.3821 -0.6474 0.6595
vn -0.3822 -0.6192 0.6860
vn -0.3758 -0.6568 0.6537
vn -0.4647 -0.3701 0.8044
vn -0.4612 -0.3519 0.8145
vn -0.4581 -0.3971 0.7953
vn -0.4437 -0.4684 0.7640
vn -0.4396 -0.4430 0.7813
vn -0.4356 -0.4856 0.7579
vn -0.4963 -0.1618 0.8529
vn -0.4890 -0.1413 0.8607
vn -0.4898 -0.2011 0.8483
vn -0.4818 -0.2675 0.8345
vn -0.4767 -0.2474 0.8435
vn -0.4774 -0.2849 0.8313
vn -0.4951 0.1396 0.8575
vn -0.4978 0.0939 0.8622
vn -0.4953 0.0541 0.8670
vn -0.4996 0.0399 0.8653
vn -0.4994 -0.0473 0.8651
vn -0.5015 -0.0541 -0.8634
vn -0.4763 -0.3047 -0.8248
vn 0.4762 0.3043 0.8250
vn -0.4886 0.2010 -0.8491
vn -0.4983 0.1618 -0.8518
vn -0.4848 0.2616 -0.8346
vn -0.4856 0.2675 -0.8322
vn -0.4759 0.3060 -0.8245
vn -0.4681 0.3523 -0.8104
vn -0.4688 0.3701 -0.8020
vn -0.4601 0.3961 -0.7947
vn -0.4448 0.4684 -0.7634
vn -0.4446 0.4577 -0.7700
vn -0.4549 0.4142 -0.7883
vn -0.4179 0.5612 -0.7144
vn -0.4212 0.5416 -0.7275
vn -0.4294 0.5105 -0.7450
vn -0.3846 0.6474 -0.6580
vn -0.3921 0.6212 -0.6785
vn -0.4063 0.5821 -0.7043
vn -0.3033 0.7961 -0.5237
vn -0.3249 0.7597 -0.5633
vn -0.3454 0.7260 -0.5947
vn -0.3467 0.7192 -0.6022
vn -0.3765 0.6594 -0.6507
vn -0.2591 0.8568 -0.4457
vn -0.2608 0.8527 -0.4527
vn -0.3026 0.7968 -0.5231
vn -0.1070 0.9766 -0.1864
vn -0.1585 0.9487 -0.2737
vn -0.1607 0.9477 -0.2759
vn -0.1875 0.9269 -0.3251
vn -0.2118 0.9076 -0.3625
vn -0.2146 0.9032 -0.3718
vn -0.2371 0.8805 -0.4105
vn -0.0564 0.9941 -0.0923
vn -0.0645 0.9913 -0.1148
vn -0.1145 0.9743 -0.1938
vn 0.0531 0.9941 0.0942
vn 0.0095 0.9998 0.0148
vn -0.0021 1.0000 0.0012
vn -0.0205 0.9992 -0.0356
vn -0.0345 0.9976 -0.0599
vn 0.1056 0.9766 0.1872
vn 0.1013 0.9795 0.1742
vn 0.0541 0.9940 0.0951
vn 0.1569 0.9476 0.2781
vn 0.1427 0.9584 0.2471
vn 0.1288 0.9663 0.2230
vn 0.2566 0.8569 0.4471
vn 0.2186 0.9003 0.3763
vn 0.2079 0.9076 0.3648
vn 0.1902 0.9247 0.3298
vn 0.1685 0.9416 0.2917
vn 0.2999 0.7961 0.5257
vn 0.2868 0.8190 0.4970
vn 0.2600 0.8542 0.4503
vn 0.3459 0.7260 0.5943
vn 0.3477 0.6945 0.6299
vn 0.3405 0.7282 0.5948
vn 0.3278 0.7551 0.5678
vn 0.3087 0.7867 0.5347
vn 0.4126 0.5373 0.7356
vn 0.4138 0.5612 0.7168
vn 0.4311 0.5069 0.7465
vn 0.4087 0.5688 0.7138
vn 0.4032 0.5906 0.6990
vn 0.3821 0.6474 0.6595
vn 0.3821 0.6191 0.6861
vn 0.3759 0.6567 0.6538
vn 0.4648 0.3701 0.8044
vn 0.4612 0.3519 0.8145
vn 0.4582 0.3971 0.7952
vn 0.4437 0.4684 0.7640
vn 0.4396 0.4428 0.7815
vn 0.4358 0.4853 0.7580
vn 0.4890 0.1413 0.8607
vn 0.4963 0.1618 0.8529
vn 0.4970 0.0541 0.8661
vn 0.4895 0.1914 0.8507
vn 0.4894 0.2052 0.8476
vn 0.4818 0.2675 0.8345
vn 0.4768 0.2473 0.8435
vn 0.4771 0.2845 0.8315
vn 0.4952 -0.0541 0.8671
vn 0.4996 -0.0399 0.8653
vn 0.4995 0.0473 0.8650
vn 0.4885 -0.1618 0.8575
vn 0.4951 -0.1396 0.8575
vn 0.4978 -0.0939 0.8622
vn 0.4779 -0.2675 0.8367
vn 0.4805 -0.2612 0.8372
vn 0.4911 -0.2010 0.8476
vn 0.4552 -0.4142 0.7882
vn 0.4584 -0.3962 0.7956
vn 0.4601 -0.3701 0.8070
vn 0.4678 -0.3523 0.8106
vn 0.4761 -0.3057 0.8246
vn 0.4445 -0.4577 0.7700
vn 0.4388 -0.4684 0.7669
vn 0.4304 -0.5105 0.7444
vn 0.4195 -0.5413 0.7287
vn 0.4098 -0.5612 0.7191
vn 0.4069 -0.5818 0.7042
vn 0.3917 -0.6212 0.6788
vn 0.3775 -0.6474 0.6621
vn 0.3753 -0.6595 0.6514
vn 0.3481 -0.7192 0.6013
vn 0.3424 -0.7260 0.5964
vn 0.3251 -0.7597 0.5632
vn 0.3019 -0.7961 0.5245
vn 0.3017 -0.7968 0.5235
vn 0.2616 -0.8527 0.4523
vn 0.2565 -0.8569 0.4472
vn 0.2370 -0.8805 0.4105
vn 0.2146 -0.9032 0.3717
vn 0.2080 -0.9076 0.3647
vn 0.1878 -0.9269 0.3248
vn 0.1586 -0.9477 0.2771
vn 0.1578 -0.9487 0.2741
vn 0.1079 -0.9766 0.1859
vn 0.1106 -0.9743 0.1960
vn 0.0671 -0.9913 0.1133
vn 0.0518 -0.9941 0.0950
vn 0.0346 -0.9976 0.0599
vn -0.0550 -0.9941 -0.0931
vn -0.0152 -0.9995 -0.0275
vn -0.0029 -1.0000 0.0017
vn 0.0057 -0.9999 0.0133
vn 0.0205 -0.9992 0.0356
vn -0.1093 -0.9766 -0.1851
vn -0.1002 -0.9795 -0.1749
vn -0.0554 -0.9940 -0.0943
vn -0.1624 -0.9476 -0.2750
vn -0.1425 -0.9585 -0.2471
vn -0.1288 -0.9663 -0.2229
vn -0.2120 -0.9076 -0.3624
vn -0.1902 -0.9247 -0.3298
vn -0.1685 -0.9415 -0.2917
vn -0.2868 -0.8190 -0.4970
vn -0.2792 -0.8296 -0.4835
vn -0.2586 -0.8569 -0.4460
vn -0.2596 -0.8560 -0.4471
vn -0.2166 -0.9003 -0.3775
vn -0.3418 -0.7260 -0.5968
vn -0.3716 -0.6945 -0.6161
vn -0.3448 -0.7282 -0.5923
vn -0.3277 -0.7551 -0.5678
vn -0.3026 -0.7961 -0.5241
vn -0.3307 -0.7692 -0.5468
vn -0.3082 -0.7924 -0.5265
vn -0.4305 -0.5376 -0.7250
vn -0.4138 -0.5612 -0.7168
vn -0.4313 -0.5067 -0.7464
vn -0.4136 -0.5692 -0.7106
vn -0.4037 -0.5905 -0.6988
vn -0.3801 -0.6474 -0.6606
vn -0.4031 -0.6192 -0.6739
vn -0.3782 -0.6568 -0.6524
vn -0.4643 -0.3701 -0.8046
vn -0.4748 -0.3519 -0.8067
vn -0.4595 -0.3971 -0.7945
vn -0.4398 -0.4684 -0.7663
vn -0.4568 -0.4430 -0.7714
vn -0.4385 -0.4856 -0.7563
vn -0.4905 -0.1618 -0.8563
vn -0.5009 -0.1413 -0.8539
vn -0.4898 -0.2011 -0.8483
vn -0.4818 -0.2675 -0.8345
vn -0.4922 -0.2474 -0.8346
vn -0.4814 -0.2850 -0.8289
vn -0.4951 0.1396 -0.8575
vn -0.4977 0.0939 -0.8622
vn -0.5033 0.0541 -0.8624
vn -0.4996 0.0398 -0.8653
vn -0.4994 -0.0473 -0.8651
vn 0.9985 -0.0541 -0.0026
vn 0.9524 -0.3048 -0.0001
vn -0.9985 0.0541 -0.0026
vn -0.9526 0.3043 -0.0001
vn 0.9796 0.2009 0.0015
vn 0.9868 0.1618 -0.0057
vn 0.9652 0.2616 -0.0026
vn 0.9635 0.2675 -0.0044
vn 0.9521 0.3059 0.0001
vn 0.9359 0.3522 -0.0002
vn 0.9290 0.3702 -0.0050
vn 0.9182 0.3960 -0.0009
vn 0.8835 0.4684 -0.0035
vn 0.8891 0.4577 -0.0000
vn 0.9102 0.4142 -0.0000
vn 0.8276 0.5612 -0.0048
vn 0.8407 0.5415 -0.0010
vn 0.8599 0.5105 0.0005
vn 0.7622 0.6474 -0.0041
vn 0.7837 0.6211 -0.0002
vn 0.8131 0.5821 0.0003
vn 0.6051 0.7962 -0.0008
vn 0.6503 0.7597 0.0001
vn 0.6877 0.7260 -0.0018
vn 0.6948 0.7192 0.0009
vn 0.7518 0.6594 -0.0006
vn 0.5156 0.8568 -0.0015
vn 0.5224 0.8527 0.0004
vn 0.6044 0.7967 -0.0005
vn 0.2150 0.9766 0.0005
vn 0.3162 0.9487 -0.0004
vn 0.3193 0.9476 -0.0012
vn 0.3751 0.9270 0.0002
vn 0.4199 0.9076 -0.0022
vn 0.4293 0.9032 -0.0000
vn 0.4740 0.8805 -0.0000
vn 0.1081 0.9941 -0.0027
vn 0.1317 0.9913 0.0016
vn 0.2250 0.9743 -0.0022
vn -0.1081 0.9941 -0.0010
vn -0.0176 0.9998 0.0009
vn -0.0000 1.0000 -0.0024
vn 0.0411 0.9992 -0.0000
vn 0.0691 0.9976 -0.0000
vn -0.2149 0.9766 -0.0021
vn -0.2015 0.9795 0.0007
vn -0.1095 0.9940 -0.0008
vn -0.3193 0.9476 -0.0031
vn -0.2852 0.9585 -0.0000
vn -0.2580 0.9662 -0.0000
vn -0.5155 0.8569 -0.0013
vn -0.4353 0.9003 0.0011
vn -0.4198 0.9076 -0.0024
vn -0.3807 0.9247 -0.0000
vn -0.3368 0.9416 -0.0000
vn -0.6052 0.7961 -0.0032
vn -0.5736 0.8191 -0.0000
vn -0.5200 0.8541 -0.0000
vn -0.6877 0.7260 0.0024
vn -0.7193 0.6946 -0.0138
vn -0.6855 0.7281 -0.0025
vn -0.6556 0.7551 -0.0000
vn -0.6173 0.7867 -0.0000
vn -0.8433 0.5373 -0.0104
vn -0.8277 0.5612 -0.0000
vn -0.8620 0.5069 -0.0000
vn -0.8225 0.5687 -0.0029
vn -0.8070 0.5906 -0.0003
vn -0.7622 0.6474 0.0012
vn -0.7853 0.6190 -0.0121
vn -0.7542 0.6567 -0.0014
vn -0.9290 0.3701 0.0003
vn -0.9360 0.3519 -0.0078
vn -0.9178 0.3971 -0.0007
vn -0.8835 0.4684 0.0022
vn -0.8965 0.4428 -0.0100
vn -0.8744 0.4852 -0.0017
vn -0.9868 0.1618 0.0034
vn -0.9899 0.1413 -0.0069
vn -0.9796 0.2010 -0.0000
vn -0.9635 0.2675 -0.0000
vn -0.9689 0.2473 -0.0089
vn -0.9586 0.2846 -0.0025
vn -0.9985 -0.0541 -0.0046
vn -0.9992 -0.0399 -0.0000
vn -0.9989 0.0473 -0.0000
vn -0.9868 -0.1618 -0.0057
vn -0.9902 -0.1396 -0.0000
vn -0.9956 -0.0939 -0.0000
vn -0.9635 -0.2675 -0.0045
vn -0.9653 -0.2612 -0.0025
vn -0.9796 -0.2010 0.0015
vn -0.9102 -0.4141 -0.0000
vn -0.9182 -0.3961 -0.0009
vn -0.9290 -0.3702 -0.0050
vn -0.9359 -0.3523 -0.0002
vn -0.9521 -0.3057 0.0001
vn -0.8891 -0.4577 -0.0000
vn -0.8835 -0.4684 -0.0035
vn -0.8599 -0.5105 0.0005
vn -0.8408 -0.5413 -0.0010
vn -0.8277 -0.5612 -0.0047
vn -0.8133 -0.5818 0.0003
vn -0.7837 -0.6212 -0.0002
vn -0.7622 -0.6474 -0.0041
vn -0.7518 -0.6594 -0.0006
vn -0.6948 -0.7192 0.0009
vn -0.6877 -0.7260 -0.0018
vn -0.6500 -0.7599 0.0001
vn -0.6052 -0.7961 -0.0008
vn -0.6042 -0.7968 -0.0005
vn -0.5224 -0.8527 0.0004
vn -0.5156 -0.8568 -0.0015
vn -0.4740 -0.8805 -0.0000
vn -0.4293 -0.9032 -0.0000
vn -0.4198 -0.9076 -0.0022
vn -0.3750 -0.9270 0.0002
vn -0.3193 -0.9476 -0.0012
vn -0.3162 -0.9487 -0.0004
vn -0.2150 -0.9766 0.0005
vn -0.2250 -0.9744 -0.0022
vn -0.1317 -0.9913 0.0016
vn -0.1081 -0.9941 -0.0027
vn -0.0695 -0.9976 -0.0000
vn 0.1081 -0.9941 -0.0010
vn 0.0314 -0.9995 0.0006
vn -0.0000 -1.0000 -0.0033
vn -0.0144 -0.9999 -0.0016
vn -0.0410 -0.9992 -0.0000
vn 0.2149 -0.9766 -0.0021
vn 0.2017 -0.9795 0.0007
vn 0.1093 -0.9940 -0.0008
vn 0.3193 -0.9477 -0.0031
vn 0.2852 -0.9585 -0.0000
vn 0.2576 -0.9662 -0.0000
vn 0.4198 -0.9076 -0.0024
vn 0.3808 -0.9247 -0.0000
vn 0.3370 -0.9415 -0.0000
vn 0.5156 -0.8568 -0.0009
vn 0.5170 -0.8560 -0.0013
vn 0.4353 -0.9003 0.0011
vn 0.6052 -0.7961 -0.0032
vn 0.5739 -0.8189 -0.0000
vn 0.5580 -0.8298 -0.0000
vn 0.6877 -0.7260 0.0024
vn 0.7193 -0.6945 -0.0138
vn 0.6854 -0.7282 -0.0025
vn 0.6558 -0.7550 -0.0000
vn 0.6174 -0.7867 -0.0000
vn 0.8432 -0.5376 -0.0103
vn 0.8277 -0.5612 -0.0000
vn 0.8621 -0.5068 -0.0000
vn 0.8222 -0.5692 -0.0028
vn 0.8069 -0.5906 -0.0003
vn 0.7622 -0.6474 0.0012
vn 0.7852 -0.6191 -0.0121
vn 0.7541 -0.6568 -0.0014
vn 0.9290 -0.3702 0.0003
vn 0.9360 -0.3518 -0.0078
vn 0.9178 -0.3971 -0.0007
vn 0.8835 -0.4684 0.0022
vn 0.8965 -0.4430 -0.0099
vn 0.8742 -0.4856 -0.0017
vn 0.9868 -0.1618 0.0034
vn 0.9899 -0.1413 -0.0069
vn 0.9796 -0.2011 -0.0000
vn 0.9635 -0.2676 -0.0000
vn 0.9689 -0.2474 -0.0089
vn 0.9586 -0.2847 -0.0024
vn 0.9902 0.1396 -0.0000
vn 0.9956 0.0939 -0.0000
vn 0.9985 0.0541 -0.0046
vn 0.9992 0.0399 -0.0000
vn 0.9989 -0.0473 -0.0000
vn -0.9985 -0.0000 0.0541
vn -0.9868 -0.0000 0.1618
vn -0.9636 -0.0000 0.2675
vn -0.9635 -0.0000 0.2675
vn -0.9290 -0.0000 0.3701
vn -0.8835 -0.0000 0.4684
vn -0.8277 -0.0000 0.5612
vn -0.7622 -0.0000 0.6474
vn -0.6877 -0.0000 0.7260
vn -0.6052 -0.0000 0.7961
vn -0.5156 -0.0000 0.8569
vn -0.4199 -0.0000 0.9076
vn -0.3193 -0.0000 0.9477
vn -0.2150 -0.0000 0.9766
vn -0.1081 -0.0000 0.9941
vn -0.0000 -0.0000 1.0000
vn 0.1081 -0.0000 0.9941
vn 0.2150 -0.0000 0.9766
vn 0.3193 -0.0000 0.9477
vn 0.4199 -0.0000 0.9076
vn 0.5156 -0.0000 0.8569
vn 0.6052 -0.0000 0.7961
vn 0.6877 -0.0000 0.7260
vn 0.7622 -0.0000 0.6474
vn 0.8277 -0.0000 0.5612
vn 0.8835 -0.0000 0.4684
vn 0.9290 -0.0000 0.3701
vn 0.9635 -0.0000 0.2675
vn 0.9636 -0.0000 0.2675
vn 0.9868 -0.0000 0.1618
vn 0.9985 -0.0000 0.0541
vn 0.9985 -0.0000 -0.0541
vn 0.9868 -0.0000 -0.1618
vn 0.9636 -0.0000 -0.2675
vn 0.9635 -0.0000 -0.2675
vn 0.9290 -0.0000 -0.3701
vn 0.8835 -0.0000 -0.4684
vn 0.8277 -0.0000 -0.5612
vn 0.7622 -0.0000 -0.6474
vn 0.6877 -0.0000 -0.7260
vn 0.6052 -0.0000 -0.7961
vn 0.5156 -0.0000 -0.8569
vn 0.4199 -0.0000 -0.9076
vn 0.3193 -0.0000 -0.9477
vn 0.2150 -0.0000 -0.9766
vn 0.1081 -0.0000 -0.9941
vn -0.0000 -0.0000 -1.0000
vn -0.1081 -0.0000 -0.9941
vn -0.2150 -0.0000 -0.9766
vn -0.3193 -0.0000 -0.9477
vn -0.4199 -0.0000 -0.9076
vn -0.5156 -0.0000 -0.8569
vn -0.6052 -0.0000 -0.7961
vn -0.6877 -0.0000 -0.7260
vn -0.7622 -0.0000 -0.6474
vn -0.8277 -0.0000 -0.5612
vn -0.8835 -0.0000 -0.4684
vn -0.9290 -0.0000 -0.3701
vn -0.9635 -0.0000 -0.2675
vn -0.9636 -0.0000 -0.2675
vn -0.9868 -0.0000 -0.1618
vn -0.9985 -0.0000 -0.0541
vn -0.7066 0.7066 -0.0383
vn -0.6983 0.7066 -0.1145
vn -0.6818 0.7066 -0.1893
vn -0.6574 0.7066 -0.2619
vn -0.6252 0.7066 -0.3315
vn -0.5857 0.7066 -0.3971
vn -0.5393 0.7066 -0.4581
vn -0.4866 0.7066 -0.5137
vn -0.4282 0.7066 -0.5633
vn -0.3648 0.7066 -0.6063
vn -0.2971 0.7066 -0.6422
vn -0.2260 0.7066 -0.6706
vn -0.2259 0.7066 -0.6706
vn -0.1521 0.7066 -0.6911
vn -0.0765 0.7066 -0.7035
vn -0.0000 0.7066 -0.7076
vn 0.0765 0.7066 -0.7035
vn 0.1521 0.7066 -0.6911
vn 0.2259 0.7066 -0.6706
vn 0.2971 0.7066 -0.6422
vn 0.3648 0.7066 -0.6063
vn 0.4282 0.7066 -0.5633
vn 0.4866 0.7066 -0.5137
vn 0.5393 0.7066 -0.4581
vn 0.5857 0.7066 -0.3971
vn 0.6252 0.7066 -0.3315
vn 0.6574 0.7066 -0.2619
vn 0.6818 0.7066 -0.1893
vn 0.6983 0.7066 -0.1145
vn 0.7066 0.7066 -0.0383
vn 0.7066 0.7066 0.0383
vn 0.6983 0.7066 0.1145
vn 0.6818 0.7066 0.1893
vn 0.6574 0.7066 0.2619
vn 0.6252 0.7066 0.3315
vn 0.5857 0.7066 0.3971
vn 0.5393 0.7066 0.4581
vn 0.4866 0.7066 0.5137
vn 0.4282 0.7066 0.5633
vn 0.3648 0.7066 0.6063
vn 0.2971 0.7066 0.6422
vn 0.2260 0.7066 0.6706
vn 0.2259 0.7066 0.6706
vn 0.1521 0.7066 0.6911
vn 0.0765 0.7066 0.7035
vn -0.0000 0.7066 0.7076
vn -0.0765 0.7066 0.7035
vn -0.1521 0.7066 0.6911
vn -0.2259 0.7066 0.6706
vn -0.2971 0.7066 0.6422
vn -0.3648 0.7066 0.6063
vn -0.4282 0.7066 0.5633
vn -0.4866 0.7066 0.5137
vn -0.5393 0.7066 0.4581
vn -0.5857 0.7066 0.3971
vn -0.6252 0.7066 0.3315
vn -0.6574 0.7066 0.2619
vn -0.6818 0.7066 0.1893
vn -0.6983 0.7066 0.1145
vn -0.7066 0.7066 0.0383
vn 0.8959 0.0011 0.4442
vn -0.8623 -0.0000 0.5064
vn -0.7911 -0.0000 0.6117
vn -0.9677 -0.0022 0.2521
vn -0.9710 -0.0064 0.2388
vn -0.9571 -0.0031 0.2898
vn -0.9644 0.0020 0.2646
vn -0.9620 0.0050 0.2729
vn -0.9602 0.0076 0.2793
vn -0.9399 -0.0003 0.3415
vn -0.9355 -0.0008 0.3534
vn -0.9252 -0.0026 0.3794
vn -0.9283 -0.0020 0.3718
vn -0.9314 -0.0014 0.3641
vn -0.9436 -0.0001 0.3311
vn -0.9465 -0.0000 0.3228
vn -0.9560 -0.0000 0.2935
vn -0.9497 -0.0013 0.3131
vn -0.9706 0.0027 0.2406
vn -0.9545 -0.0040 0.2981
vn -0.9560 -0.0034 0.2932
vn -0.8624 -0.0000 0.5062
vn -0.8705 -0.0005 0.4922
vn -0.8680 -0.0007 0.4965
vn -0.8718 -0.0004 0.4898
vn -0.8959 0.0011 0.4442
vn -0.8792 -0.0026 0.4764
vn -0.8896 -0.0011 0.4568
vn -0.8991 -0.0002 0.4377
vn -0.9056 -0.0000 0.4241
vn -0.9186 -0.0000 0.3952
vn -0.9119 -0.0012 0.4105
vn -0.9388 0.0020 0.3445
vn -0.9186 -0.0042 0.3951
vn -0.9221 -0.0033 0.3870
vn -0.7968 -0.0000 0.6043
vn -0.8034 -0.0000 0.5955
vn -0.8098 -0.0003 0.5867
vn -0.8156 -0.0007 0.5786
vn -0.8265 -0.0017 0.5630
vn -0.8122 0.0004 0.5834
vn -0.8338 -0.0001 0.5521
vn -0.8395 -0.0003 0.5433
vn -0.8455 -0.0007 0.5339
vn -0.8426 -0.0005 0.5386
vn -0.8520 -0.0000 0.5236
vn -0.8578 -0.0000 0.5140
vn -0.7737 0.0184 0.6333
vn -0.7664 0.0119 0.6422
vn -0.7598 0.0075 0.6501
vn -0.7545 0.0049 0.6563
vn -0.7498 0.0031 0.6617
vn -0.7453 0.0019 0.6668
vn -0.7426 0.0013 0.6697
vn -0.7410 0.0010 0.6715
vn -0.7394 0.0008 0.6733
vn -0.7383 0.0006 0.6745
vn -0.7371 0.0005 0.6758
vn -0.7359 0.0004 0.6771
vn -0.7250 -0.0064 0.6888
vn -0.7793 0.0016 0.6267
vn -0.7358 -0.0008 0.6772
vn -0.7444 -0.0004 0.6677
vn -0.7367 -0.0001 0.6762
vn -0.7359 -0.0049 0.6770
vn -0.7417 -0.0042 0.6708
vn -0.7460 -0.0036 0.6660
vn -0.7503 -0.0031 0.6611
vn -0.7544 -0.0026 0.6564
vn -0.7587 -0.0021 0.6514
vn -0.7630 -0.0017 0.6463
vn -0.7656 -0.0015 0.6433
vn -0.7681 -0.0012 0.6404
vn -0.7730 -0.0009 0.6344
vn -0.7777 -0.0006 0.6286
vn -0.7828 -0.0003 0.6222
vn -0.8565 -0.0000 0.5161
vn -0.8503 0.0002 0.5263
vn -0.8276 0.0119 0.5612
vn -0.8350 0.0256 0.5496
vn -0.8277 0.0161 0.5609
vn -0.8207 0.0086 0.5713
vn -0.8103 0.0023 0.5860
vn -0.8024 0.0004 0.5967
vn -0.7980 -0.0000 0.6026
vn -0.7825 0.0299 0.6219
vn -0.7796 0.0257 0.6257
vn -0.9003 0.0009 0.4352
vn -0.8952 0.0046 0.4456
vn -0.8924 0.0068 0.4512
vn -0.8885 0.0109 0.4587
vn -0.8834 0.0173 0.4683
vn -0.8810 0.0137 0.4730
vn -0.8714 0.0048 0.4905
vn -0.9444 0.0003 0.3288
vn -0.9459 0.0001 0.3244
vn -0.9585 0.0102 0.2851
vn -0.9572 0.0124 0.2892
vn -0.9635 0.0004 0.2675
vn -0.9480 -0.0000 0.3183
vn -0.9471 -0.0000 0.3208
vn -0.9427 0.0006 0.3335
vn -0.9408 0.0013 0.3390
vn -0.9389 0.0022 0.3442
vn -0.9368 0.0035 0.3500
vn -0.9347 0.0051 0.3555
vn -0.9323 0.0073 0.3616
vn -0.9278 0.0126 0.3728
vn -0.9219 0.0225 0.3869
vn -0.9290 0.0061 0.3701
vn -0.9104 -0.0000 0.4137
vn -0.9062 -0.0000 0.4229
vn 0.7795 -0.0041 0.6264
vn 0.7441 0.0020 0.6681
vn 0.7867 -0.0009 0.6174
vn 0.7724 -0.0030 0.6351
vn 0.7644 -0.0020 0.6448
vn 0.7574 -0.0013 0.6530
vn 0.7518 -0.0008 0.6594
vn 0.7472 -0.0005 0.6646
vn 0.7431 -0.0003 0.6692
vn 0.7375 -0.0002 0.6753
vn 0.7407 -0.0003 0.6718
vn 0.7395 -0.0002 0.6732
vn 0.7383 -0.0002 0.6745
vn 0.7349 0.0003 0.6782
vn 0.7373 0.0005 0.6756
vn 0.7398 0.0008 0.6729
vn 0.7428 0.0014 0.6695
vn 0.7453 0.0019 0.6668
vn 0.7476 0.0025 0.6641
vn 0.7501 0.0033 0.6613
vn 0.7528 0.0043 0.6582
vn 0.7557 0.0055 0.6549
vn 0.7591 0.0072 0.6509
vn 0.7624 0.0092 0.6471
vn 0.7660 0.0117 0.6428
vn 0.8116 -0.0004 0.5841
vn 0.8199 -0.0011 0.5725
vn 0.8029 -0.0001 0.5961
vn 0.7980 -0.0000 0.6027
vn 0.7794 -0.0000 0.6265
vn 0.7949 -0.0017 0.6067
vn 0.7917 -0.0014 0.6109
vn 0.8787 -0.0027 0.4773
vn 0.9064 -0.0000 0.4225
vn 0.9006 -0.0001 0.4347
vn 0.8951 -0.0006 0.4459
vn 0.8904 -0.0010 0.4553
vn 0.8852 -0.0017 0.4652
vn 0.8705 -0.0005 0.4922
vn 0.8696 -0.0004 0.4938
vn 0.8640 -0.0001 0.5035
vn 0.8601 -0.0000 0.5101
vn 0.8575 -0.0000 0.5144
vn 0.8426 -0.0000 0.5386
vn 0.8516 -0.0013 0.5242
vn 0.8121 0.0021 0.5836
vn 0.8401 -0.0039 0.5425
vn 0.8283 -0.0020 0.5602
vn 0.9460 -0.0000 0.3243
vn 0.9444 -0.0001 0.3289
vn 0.9426 -0.0001 0.3341
vn 0.9407 -0.0003 0.3394
vn 0.9395 -0.0004 0.3427
vn 0.9383 -0.0005 0.3458
vn 0.9359 -0.0007 0.3523
vn 0.9334 -0.0011 0.3587
vn 0.9307 -0.0015 0.3659
vn 0.9255 -0.0025 0.3788
vn 0.9183 -0.0043 0.3958
vn 0.9388 0.0025 0.3444
vn 0.9186 -0.0004 0.3952
vn 0.9130 -0.0001 0.4081
vn 0.9100 -0.0000 0.4146
vn 0.9636 -0.0001 0.2675
vn 0.9572 0.0123 0.2892
vn 0.9585 0.0101 0.2848
vn 0.9594 0.0087 0.2819
vn 0.9604 0.0073 0.2784
vn 0.9612 0.0062 0.2759
vn 0.9622 0.0048 0.2723
vn 0.9632 0.0034 0.2686
vn 0.9647 0.0017 0.2635
vn 0.9706 0.0018 0.2409
vn 0.9539 -0.0006 0.3002
vn 0.9559 -0.0003 0.2936
vn 0.9517 -0.0001 0.3070
vn 0.9501 -0.0000 0.3119
vn 0.9487 -0.0000 0.3161
vn 0.9480 -0.0000 0.3184
vn 0.9472 -0.0000 0.3207
vn 0.9365 0.0035 0.3506
vn 0.9321 0.0074 0.3621
vn 0.9225 0.0216 0.3853
vn 0.9254 0.0165 0.3785
vn 0.9283 0.0121 0.3715
vn 0.9404 0.0014 0.3402
vn 0.9435 0.0004 0.3315
vn 0.9461 -0.0000 0.3238
vn 0.8606 -0.0000 0.5092
vn 0.8701 0.0034 0.4929
vn 0.8834 0.0163 0.4684
vn 0.8819 0.0189 0.4710
vn 0.8918 0.0068 0.4524
vn 0.8980 0.0027 0.4400
vn 0.9035 -0.0000 0.4287
vn 0.9141 0.0399 0.4036
vn 0.9178 0.0309 0.3958
vn 0.7695 0.0146 0.6385
vn 0.7733 0.0183 0.6337
vn 0.7622 0.0056 0.6474
vn 0.7913 -0.0000 0.6114
vn 0.7970 -0.0000 0.6040
vn 0.8037 0.0003 0.5951
vn 0.8144 0.0042 0.5803
vn 0.8249 0.0124 0.5652
vn 0.8310 0.0204 0.5559
vn 0.8343 0.0251 0.5507
vn 0.8276 0.0140 0.5611
vn 0.8423 0.0044 0.5391
vn 0.8511 -0.0000 0.5250
vn -0.5309 -0.0000 -0.8474
vn -0.4856 0.0028 -0.8742
vn -0.5156 -0.0020 -0.8569
vn -0.2942 0.0023 -0.9558
vn -0.3448 -0.0000 -0.9387
vn -0.3960 0.0022 -0.9183
vn -0.4445 -0.0000 -0.8958
vn -0.2085 0.0090 -0.9780
vn -0.2017 0.0121 -0.9794
vn -0.2151 0.0065 -0.9766
vn -0.2193 0.0052 -0.9757
vn -0.2219 0.0044 -0.9751
vn -0.2248 0.0037 -0.9744
vn -0.2269 0.0031 -0.9739
vn -0.2298 0.0025 -0.9732
vn -0.2328 0.0018 -0.9725
vn -0.2369 0.0009 -0.9715
vn -0.2511 -0.0019 -0.9680
vn -0.2411 -0.0000 -0.9705
vn -0.2413 -0.0000 -0.9704
vn -0.2131 -0.0000 -0.9770
vn -0.1884 -0.0001 -0.9821
vn -0.2160 -0.0017 -0.9764
vn -0.2084 -0.0013 -0.9780
vn -0.2029 -0.0010 -0.9792
vn -0.1982 -0.0008 -0.9802
vn -0.1931 -0.0006 -0.9812
vn -0.1878 -0.0004 -0.9822
vn -0.1822 -0.0003 -0.9833
vn -0.1762 -0.0001 -0.9843
vn -0.1727 -0.0001 -0.9850
vn -0.1692 -0.0000 -0.9856
vn -0.1642 -0.0000 -0.9864
vn -0.1598 -0.0000 -0.9871
vn -0.1550 -0.0000 -0.9879
vn -0.1473 -0.0001 -0.9891
vn -0.1333 -0.0005 -0.9911
vn -0.1148 -0.0014 -0.9934
vn -0.1041 -0.0022 -0.9946
vn -0.0943 -0.0030 -0.9955
vn -0.0754 -0.0050 -0.9971
vn -0.1354 0.0030 -0.9908
vn -0.0616 -0.0015 -0.9981
vn -0.0811 -0.0002 -0.9967
vn -0.0567 -0.0000 -0.9984
vn -0.0482 -0.0000 -0.9988
vn -0.0395 -0.0001 -0.9992
vn -0.0257 -0.0005 -0.9997
vn -0.0271 -0.0004 -0.9996
vn -0.0072 -0.0000 -1.0000
vn 0.0271 -0.0000 -0.9996
vn 0.0041 -0.0017 -1.0000
vn 0.0118 -0.0012 -0.9999
vn 0.0268 -0.0004 -0.9996
vn 0.0461 -0.0000 -0.9989
vn 0.0812 -0.0000 -0.9967
vn 0.0574 -0.0017 -0.9983
vn 0.1355 0.0034 -0.9908
vn 0.0721 -0.0054 -0.9974
vn 0.0870 -0.0038 -0.9962
vn 0.1010 -0.0024 -0.9949
vn 0.1155 -0.0014 -0.9933
vn 0.1244 -0.0009 -0.9922
vn 0.1326 -0.0005 -0.9912
vn 0.1408 -0.0003 -0.9900
vn 0.1493 -0.0001 -0.9888
vn 0.1580 -0.0000 -0.9874
vn 0.1884 -0.0000 -0.9821
vn 0.1664 -0.0015 -0.9861
vn 0.2420 0.0030 -0.9703
vn 0.1796 -0.0048 -0.9837
vn 0.1903 -0.0036 -0.9817
vn 0.2487 -0.0014 -0.9686
vn 0.1988 -0.0028 -0.9800
vn 0.2059 -0.0022 -0.9786
vn 0.2123 -0.0018 -0.9772
vn 0.2164 -0.0015 -0.9763
vn 0.2189 -0.0013 -0.9757
vn 0.2219 -0.0011 -0.9751
vn 0.2360 0.0011 -0.9718
vn 0.2293 0.0025 -0.9734
vn 0.2241 0.0038 -0.9746
vn 0.2190 0.0052 -0.9757
vn 0.2151 0.0065 -0.9766
vn 0.2117 0.0078 -0.9773
vn 0.2079 0.0093 -0.9781
vn 0.2040 0.0110 -0.9789
vn 0.1998 0.0131 -0.9798
vn 0.2246 -0.0010 -0.9745
vn 0.2412 -0.0000 -0.9705
vn 0.2935 -0.0000 -0.9560
vn 0.3193 0.0012 -0.9477
vn 0.3448 -0.0000 -0.9387
vn 0.3952 -0.0000 -0.9186
vn 0.4199 0.0011 -0.9076
vn 0.4443 -0.0000 -0.8959
vn 0.3968 -0.0045 -0.9179
vn 0.4445 -0.0000 -0.8958
vn 0.4868 -0.0056 -0.8735
vn 0.5309 -0.0000 -0.8474
vn 0.1894 -0.0052 -0.9819
vn 0.2413 -0.0000 -0.9704
vn 0.2949 -0.0049 -0.9555
vn -0.0000 -0.0028 -1.0000
vn 0.0816 -0.0054 -0.9967
vn 0.1350 -0.0000 -0.9908
vn -0.1081 -0.0027 -0.9941
vn -0.0812 -0.0000 -0.9967
vn -0.0271 -0.0000 -0.9996
vn -0.2150 -0.0026 -0.9766
vn -0.1884 -0.0000 -0.9821
vn -0.1350 -0.0000 -0.9908
vn -0.3193 -0.0025 -0.9477
vn -0.2935 -0.0000 -0.9560
vn -0.4843 -0.0000 -0.8749
vn -0.4443 -0.0000 -0.8959
vn -0.4199 -0.0023 -0.9076
vn -0.3952 -0.0000 -0.9186
vn -0.0480 -0.0000 -0.9988
vn -0.0588 -0.0000 -0.9983
vn -0.1081 0.0051 -0.9941
vn -0.0784 0.0380 -0.9962
vn -0.0907 0.0258 -0.9955
vn -0.1078 0.0136 -0.9941
vn -0.1198 0.0079 -0.9928
vn -0.1275 0.0050 -0.9918
vn -0.1357 0.0027 -0.9907
vn -0.1469 0.0006 -0.9892
vn -0.1580 -0.0000 -0.9874
vn -0.2150 0.0001 -0.9766
vn -0.1870 0.0209 -0.9821
vn -0.1938 0.0163 -0.9809
vn 0.0563 -0.0000 -0.9984
vn 0.0518 -0.0000 -0.9987
vn 0.0449 0.0004 -0.9990
vn 0.0295 0.0029 -0.9996
vn 0.0112 0.0111 -0.9999
vn -0.0000 0.0181 -0.9998
vn -0.0085 0.0121 -0.9999
vn -0.0309 0.0025 -0.9995
vn 0.1549 0.0002 -0.9879
vn 0.1475 0.0007 -0.9891
vn 0.1342 0.0028 -0.9909
vn 0.1948 0.0158 -0.9807
vn 0.1900 0.0189 -0.9816
vn 0.2150 0.0016 -0.9766
vn 0.1642 -0.0000 -0.9864
vn 0.1596 -0.0000 -0.9872
vn 0.1180 0.0083 -0.9930
vn 0.1013 0.0177 -0.9947
vn 0.1081 0.0121 -0.9941
vn 0.0734 0.0014 -0.9973
vn 0.0605 0.0002 -0.9982
vn -0.9824 -0.0048 0.1869
vn -0.9908 -0.0000 0.1350
vn -0.9188 -0.0053 0.3946
vn -0.9387 -0.0000 0.3448
vn -0.9563 -0.0051 0.2924
vn -0.9704 -0.0000 0.2413
vn -0.8277 -0.0027 0.5612
vn -0.8426 -0.0000 0.5386
vn -0.8705 -0.0055 0.4921
vn -0.8959 -0.0000 0.4443
vn -0.7622 -0.0027 0.6474
vn -0.7794 -0.0000 0.6265
vn -0.8122 -0.0000 0.5834
vn -0.6877 -0.0026 0.7260
vn -0.7071 -0.0000 0.7071
vn -0.7444 -0.0000 0.6678
vn -0.6052 -0.0024 0.7961
vn -0.6265 -0.0000 0.7794
vn -0.6678 -0.0000 0.7444
vn -0.5156 -0.0020 0.8569
vn -0.5309 -0.0000 0.8474
vn -0.5834 -0.0000 0.8122
vn -0.5304 0.0014 0.8478
vn -0.6259 0.0023 0.7799
vn -0.7345 0.0002 0.6786
vn -0.7320 -0.0000 0.6813
vn -0.7067 0.0023 0.7075
vn -0.9585 -0.0026 0.2852
vn -0.9658 -0.0000 0.2591
vn -0.9821 -0.0000 0.1884
vn -0.9868 0.0012 0.1618
vn -0.9967 -0.0000 0.0812
vn -0.9985 0.0011 0.0541
vn -0.9996 -0.0000 0.0271
vn 0.9681 -0.0028 0.2504
vn 0.9659 -0.0000 0.2591
vn 0.9822 0.0023 0.1877
vn 0.9908 -0.0000 0.1350
vn 0.7363 -0.0001 0.6766
vn 0.7320 -0.0000 0.6813
vn 0.7071 -0.0000 0.7071
vn 0.6877 0.0012 0.7260
vn 0.6678 -0.0000 0.7444
vn 0.6265 -0.0000 0.7794
vn 0.6052 0.0011 0.7961
vn 0.5834 -0.0000 0.8122
vn 0.6252 -0.0047 0.7805
vn 0.5298 -0.0029 0.8481
vn 0.4843 -0.0000 0.8749
vn 0.7789 -0.0053 0.6271
vn 0.7444 -0.0000 0.6678
vn 0.7062 -0.0050 0.7080
vn 0.8835 -0.0027 0.4684
vn 0.8705 -0.0000 0.4922
vn 0.8424 -0.0055 0.5388
vn 0.8122 -0.0000 0.5834
vn 0.9290 -0.0027 0.3701
vn 0.9186 -0.0000 0.3952
vn 0.8959 -0.0000 0.4443
vn 0.9635 -0.0026 0.2675
vn 0.9560 -0.0000 0.2935
vn 0.9387 -0.0000 0.3448
vn 0.9868 -0.0025 0.1618
vn 0.9821 -0.0000 0.1884
vn 0.9704 -0.0000 0.2413
vn 0.9996 -0.0000 0.0271
vn 0.9985 -0.0023 0.0541
vn 0.9967 -0.0000 0.0812
vn 0.5309 -0.0000 0.8474
vn 0.5156 0.0010 0.8569
vn -0.4843 -0.0000 0.8749
vn 0.9968 0.0022 0.0802
vn 0.4843 -0.0000 -0.8749
vn 0.5156 0.0010 -0.8569
vn -0.9968 -0.0044 0.0793
vn -0.0000 1.0000 -0.0000
vn -0.0000 -1.0000 -0.0000
vn -0.0000 0.7071 -0.7071
vn -0.0000 -0.7071 -0.7071
vn -0.6124 0.7071 0.3536
vn -0.6124 0.7071 0.3535
vn -0.6123 0.7071 0.3536
vn -0.6124 -0.7071 0.3536
vn -0.6123 -0.7071 0.3536
vn -0.6124 -0.7071 0.3535
vn -0.6123 -0.7072 0.3536
vn 0.6124 0.7071 0.3536
vn 0.6124 0.7071 0.3535
vn 0.6123 0.7071 0.3536
vn 0.6124 -0.7071 0.3536
vn 0.6123 -0.7071 0.3536
vn 0.6124 -0.7071 0.3535
vn 0.6123 -0.7072 0.3536
vn 0.5000 -0.0000 0.8660
vn 1.0000 -0.0000 -0.0000
vn 0.8660 -0.0000 0.5000
vn -0.8660 -0.0000 0.5000
vn -1.0000 -0.0000 -0.0000
vn -0.5000 -0.0000 0.8660
vn 0.5000 -0.0000 -0.8660
vn -0.5000 -0.0000 -0.8660
v -0.047000 -0.113000 -0.054500
v -0.047000 -0.113000 -0.120077
v -0.047000 -0.167000 -0.054500
v -0.047000 -0.167000 -0.120077
v 0.047000 -0.113000 -0.054500
v 0.047000 -0.167000 -0.054500
v 0.047000 -0.113000 -0.120077
v 0.047000 -0.167000 -0.120077
vn -1.0000 -0.0000 -0.0000
vn -0.0000 -0.0000 1.0000
vn 1.0000 -0.0000 -0.0000
vn -0.0000 -0.0000 -1.0000
vn -0.0000 -1.0000 -0.0000
vn -0.0000 1.0000 -0.0000
v -0.161491 -0.136927 -0.222162
v -0.161491 -0.199000 -0.222162
v -0.161491 -0.136927 -0.231776
v -0.161491 -0.199000 -0.231776
v -0.208425 -0.153421 -0.232967
v -0.208425 -0.199000 -0.232967
v -0.208425 -0.153421 -0.222162
v -0.208425 -0.199000 -0.222162
vn 1.0000 -0.0000 -0.0000
vn 0.0254 -0.0000 -0.9997
vn -1.0000 -0.0000 -0.0000
vn -0.0000 -0.0000 1.0000
vn -0.3316 0.9434 -0.0000
vn -0.0000 -1.0000 -0.0000
v -0.208425 -0.153421 -0.240449
v -0.208425 -0.199000 -0.240449
v -0.161491 -0.136927 -0.237808
v -0.161491 -0.199000 -0.237808
v -0.161491 -0.136927 -0.245254
v -0.161491 -0.199000 -0.245254
v -0.208425 -0.153421 -0.250995
v -0.208425 -0.199000 -0.250995
vn -0.0562 -0.0000 0.9984
vn 1.0000 -0.0000 -0.0000
vn 0.1214 -0.0000 -0.9926
vn -1.0000 -0.0000 -0.0000
vn -0.3316 0.9434 -0.0000
vn -0.0000 -1.0000 -0.0000
v -0.208425 -0.153421 -0.258983
v -0.208425 -0.199000 -0.258983
v -0.161491 -0.136927 -0.252209
v -0.161491 -0.199000 -0.252209
v -0.161491 -0.136927 -0.260039
v -0.161491 -0.199000 -0.260039
v -0.208425 -0.153421 -0.269657
v -0.208425 -0.199000 -0.269657
vn -0.1428 -0.0000 0.9897
vn 1.0000 -0.0000 -0.0000
vn 0.2008 -0.0000 -0.9796
vn -1.0000 -0.0000 -0.0000
vn -0.3316 0.9434 -0.0000
vn -0.0000 -1.0000 -0.0000
v -0.208425 -0.153421 -0.277938
v -0.208425 -0.199000 -0.277938
v -0.161491 -0.136927 -0.266623
v -0.161491 -0.199000 -0.266623
v -0.161491 -0.136927 -0.275089
v -0.161491 -0.199000 -0.275089
v -0.208425 -0.153421 -0.288951
v -0.208425 -0.199000 -0.288951
vn -0.2344 -0.0000 0.9722
vn 1.0000 -0.0000 -0.0000
vn 0.2833 -0.0000 -0.9590
vn -1.0000 -0.0000 -0.0000
vn -0.3316 0.9434 -0.0000
vn -0.0000 -1.0000 -0.0000
v -0.161491 -0.136927 -0.291414
v -0.161491 -0.199000 -0.291414
v -0.208425 -0.153421 -0.309487
v -0.208425 -0.199000 -0.309487
v -0.208425 -0.153421 -0.297409
v -0.208425 -0.199000 -0.297409
v -0.161491 -0.136927 -0.281440
v -0.161491 -0.199000 -0.281440
vn 0.3594 -0.0000 -0.9332
vn -1.0000 -0.0000 -0.0000
vn -0.3221 -0.0000 0.9467
vn 1.0000 -0.0000 -0.0000
vn -0.3316 0.9434 -0.0000
vn -0.0000 -1.0000 -0.0000
v -0.208425 -0.153421 -0.318129
v -0.208425 -0.199000 -0.318129
v -0.161491 -0.136927 -0.297976
v -0.161491 -0.199000 -0.297976
v -0.161491 -0.136927 -0.307599
v -0.161491 -0.199000 -0.307599
v -0.208425 -0.153421 -0.331600
v -0.208425 -0.199000 -0.331600
vn -0.3946 -0.0000 0.9189
vn 1.0000 -0.0000 -0.0000
vn 0.4553 -0.0000 -0.8903
vn -1.0000 -0.0000 -0.0000
vn -0.3316 0.9434 -0.0000
vn -0.0000 -1.0000 -0.0000
v -0.161491 -0.136927 -0.321336
v -0.161491 -0.199000 -0.321336
v -0.156326 -0.136927 -0.324318
v -0.156326 -0.199000 -0.324318
v -0.202142 -0.153480 -0.352654
v -0.202142 -0.199000 -0.352654
v -0.208592 -0.153480 -0.348930
v -0.208592 -0.199000 -0.348930
v -0.161491 -0.199000 -0.315591
v -0.208592 -0.199000 -0.340954
v -0.161491 -0.136927 -0.315591
v -0.208592 -0.153480 -0.340954
vn 0.5000 -0.0000 0.8660
vn 0.5260 -0.0000 -0.8505
vn -0.5000 -0.0000 -0.8660
vn -0.0000 -1.0000 -0.0000
vn -0.1647 0.9442 -0.2853
vn 1.0000 -0.0000 -0.0000
vn -0.4741 -0.0000 0.8805
vn -1.0000 -0.0000 -0.0000
vn -0.3316 0.9434 -0.0000
v -0.141548 -0.137043 -0.333234
v -0.141548 -0.199000 -0.333234
v -0.183020 -0.153466 -0.363647
v -0.183020 -0.199000 -0.363647
v -0.193925 -0.153466 -0.357351
v -0.193925 -0.199000 -0.357351
v -0.150552 -0.137043 -0.328036
v -0.150552 -0.199000 -0.328036
vn 0.5914 -0.0000 -0.8064
vn -0.5000 -0.0000 -0.8660
vn -0.5600 -0.0000 0.8285
vn 0.5000 -0.0000 0.8660
vn -0.1647 0.9442 -0.2853
vn -0.0000 -1.0000 -0.0000
v -0.127628 -0.137043 -0.341271
v -0.127628 -0.199000 -0.341271
v -0.164719 -0.153466 -0.374214
v -0.164719 -0.199000 -0.374214
v -0.174634 -0.153466 -0.368489
v -0.174634 -0.199000 -0.368489
v -0.135463 -0.137043 -0.336747
v -0.135463 -0.199000 -0.336747
vn 0.6641 -0.0000 -0.7477
vn -0.5000 -0.0000 -0.8660
vn -0.6296 -0.0000 0.7769
vn 0.5000 -0.0000 0.8660
vn -0.1647 0.9442 -0.2853
vn -0.0000 -1.0000 -0.0000
v -0.121627 -0.137043 -0.344736
v -0.121627 -0.199000 -0.344736
v -0.114689 -0.137043 -0.348741
v -0.114689 -0.199000 -0.348741
v -0.148263 -0.153466 -0.383714
v -0.148263 -0.199000 -0.383714
v -0.157011 -0.153466 -0.378664
v -0.157011 -0.199000 -0.378664
vn 0.5000 -0.0000 0.8660
vn 0.7214 -0.0000 -0.6925
vn -0.5000 -0.0000 -0.8660
vn -0.6921 -0.0000 0.7218
vn -0.1647 0.9442 -0.2853
vn -0.0000 -1.0000 -0.0000
v -0.101654 -0.137043 -0.356267
v -0.101654 -0.199000 -0.356267
v -0.130927 -0.153466 -0.393723
v -0.130927 -0.199000 -0.393723
v -0.140147 -0.153466 -0.388400
v -0.140147 -0.199000 -0.388400
v -0.108780 -0.137043 -0.352153
v -0.108780 -0.199000 -0.352153
vn 0.7879 -0.0000 -0.6158
vn -0.5000 -0.0000 -0.8660
vn -0.7562 -0.0000 0.6544
vn 0.5000 -0.0000 0.8660
vn -0.1647 0.9442 -0.2853
vn -0.0000 -1.0000 -0.0000
v -0.089261 -0.137043 -0.363423
v -0.089261 -0.199000 -0.363423
v -0.115125 -0.153466 -0.402847
v -0.115125 -0.199000 -0.402847
v -0.124828 -0.153466 -0.397245
v -0.124828 -0.199000 -0.397245
v -0.095849 -0.137043 -0.359619
v -0.095849 -0.199000 -0.359619
vn 0.8361 -0.0000 -0.5485
vn -0.5000 -0.0000 -0.8660
vn -0.7923 -0.0000 0.6102
vn 0.5000 -0.0000 0.8660
vn -0.1647 0.9442 -0.2853
vn -0.0000 -1.0000 -0.0000
v -0.076899 -0.137043 -0.370560
v -0.076899 -0.199000 -0.370560
v -0.099723 -0.153466 -0.411739
v -0.099723 -0.199000 -0.411739
v -0.108783 -0.153466 -0.406508
v -0.108783 -0.199000 -0.406508
v -0.083972 -0.137043 -0.366476
v -0.083972 -0.199000 -0.366476
vn 0.8746 -0.0000 -0.4848
vn -0.5000 -0.0000 -0.8660
vn -0.8500 -0.0000 0.5268
vn 0.5000 -0.0000 0.8660
vn -0.1647 0.9442 -0.2853
vn -0.0000 -1.0000 -0.0000
v -0.064414 -0.137043 -0.377768
v -0.064414 -0.199000 -0.377768
v -0.083730 -0.153466 -0.420972
v -0.083730 -0.199000 -0.420972
v -0.092931 -0.153466 -0.415661
v -0.092931 -0.199000 -0.415661
v -0.071552 -0.137043 -0.373647
v -0.071552 -0.199000 -0.373647
vn 0.9129 -0.0000 -0.4082
vn -0.5000 -0.0000 -0.8660
vn -0.8913 -0.0000 0.4535
vn 0.5000 -0.0000 0.8660
vn -0.1647 0.9442 -0.2853
vn -0.0000 -1.0000 -0.0000
v -0.077410 -0.153466 -0.424621
v -0.077410 -0.199000 -0.424621
v -0.059404 -0.137043 -0.380660
v -0.059404 -0.199000 -0.380660
v -0.052046 -0.137043 -0.384909
v -0.052046 -0.199000 -0.384909
v -0.067738 -0.153466 -0.430205
v -0.067738 -0.199000 -0.430205
vn -0.9254 -0.0000 0.3790
vn 0.5000 -0.0000 0.8660
vn 0.9449 -0.0000 -0.3273
vn -0.5000 -0.0000 -0.8660
vn -0.1647 0.9442 -0.2853
vn -0.0000 -1.0000 -0.0000
v -0.039321 -0.137043 -0.392256
v -0.039321 -0.199000 -0.392256
v -0.050682 -0.153466 -0.440053
v -0.050682 -0.199000 -0.440053
v -0.060627 -0.153466 -0.434311
v -0.060627 -0.199000 -0.434311
v -0.046313 -0.137043 -0.388218
v -0.046313 -0.199000 -0.388218
vn 0.9729 -0.0000 -0.2313
vn -0.5000 -0.0000 -0.8660
vn -0.9550 -0.0000 0.2966
vn 0.5000 -0.0000 0.8660
vn -0.1647 0.9442 -0.2853
vn -0.0000 -1.0000 -0.0000
v -0.025625 -0.137043 -0.400163
v -0.025625 -0.199000 -0.400163
v -0.032472 -0.153466 -0.450566
v -0.032472 -0.199000 -0.450566
v -0.043362 -0.153466 -0.444279
v -0.043362 -0.199000 -0.444279
v -0.033143 -0.137043 -0.395822
v -0.033143 -0.199000 -0.395822
vn 0.9909 -0.0000 -0.1346
vn -0.5000 -0.0000 -0.8660
vn -0.9785 -0.0000 0.2063
vn 0.5000 -0.0000 0.8660
vn -0.1647 0.9442 -0.2853
vn -0.0000 -1.0000 -0.0000
v -0.010659 -0.137043 -0.408803
v -0.010659 -0.199000 -0.408803
v -0.013973 -0.153466 -0.461247
v -0.013973 -0.199000 -0.461247
v -0.025202 -0.153466 -0.454763
v -0.025202 -0.199000 -0.454763
v -0.019142 -0.137043 -0.403906
v -0.019142 -0.199000 -0.403906
vn 0.9980 -0.0000 -0.0631
vn -0.5000 -0.0000 -0.8660
vn -0.9930 -0.0000 0.1183
vn 0.5000 -0.0000 0.8660
vn -0.1647 0.9442 -0.2853
vn -0.0000 -1.0000 -0.0000
v 0.010659 -0.199000 -0.408803
v 0.019142 -0.199000 -0.403906
v 0.010659 -0.137043 -0.408803
v 0.019142 -0.137043 -0.403906
v 0.025202 -0.199000 -0.454763
v 0.025202 -0.153466 -0.454763
v 0.013973 -0.199000 -0.461247
v 0.013973 -0.153466 -0.461247
vn -0.5000 -0.0000 0.8660
vn 0.9930 -0.0000 0.1183
vn 0.5000 -0.0000 -0.8660
vn -0.9980 -0.0000 -0.0631
vn 0.1647 0.9442 -0.2853
vn -0.0000 -1.0000 -0.0000
v 0.025625 -0.199000 -0.400163
v 0.033143 -0.199000 -0.395822
v 0.025625 -0.137043 -0.400163
v 0.033143 -0.137043 -0.395822
v 0.043362 -0.199000 -0.444279
v 0.043362 -0.153466 -0.444279
v 0.032472 -0.199000 -0.450566
v 0.032472 -0.153466 -0.450566
vn -0.5000 -0.0000 0.8660
vn 0.9785 -0.0000 0.2063
vn 0.5000 -0.0000 -0.8660
vn -0.9909 -0.0000 -0.1346
vn 0.1647 0.9442 -0.2853
vn -0.0000 -1.0000 -0.0000
v 0.039321 -0.199000 -0.392256
v 0.046313 -0.199000 -0.388218
v 0.039321 -0.137043 -0.392256
v 0.046313 -0.137043 -0.388218
v 0.060627 -0.199000 -0.434311
v 0.060627 -0.153466 -0.434311
v 0.050682 -0.199000 -0.440053
v 0.050682 -0.153466 -0.440053
vn -0.5000 -0.0000 0.8660
vn 0.9550 -0.0000 0.2966
vn 0.5000 -0.0000 -0.8660
vn -0.9729 -0.0000 -0.2313
vn 0.1647 0.9442 -0.2853
vn -0.0000 -1.0000 -0.0000
v 0.052046 -0.199000 -0.384909
v 0.059404 -0.199000 -0.380660
v 0.052046 -0.137043 -0.384909
v 0.059404 -0.137043 -0.380660
v 0.077410 -0.199000 -0.424621
v 0.077410 -0.153466 -0.424621
v 0.067738 -0.199000 -0.430205
v 0.067738 -0.153466 -0.430205
vn -0.5000 -0.0000 0.8660
vn 0.9254 -0.0000 0.3790
vn 0.5000 -0.0000 -0.8660
vn -0.9449 -0.0000 -0.3273
vn 0.1647 0.9442 -0.2853
vn -0.0000 -1.0000 -0.0000
v 0.064414 -0.199000 -0.377768
v 0.071552 -0.199000 -0.373647
v 0.064414 -0.137043 -0.377768
v 0.071552 -0.137043 -0.373647
v 0.092931 -0.199000 -0.415661
v 0.092931 -0.153466 -0.415661
v 0.083730 -0.199000 -0.420972
v 0.083730 -0.153466 -0.420972
vn -0.5000 -0.0000 0.8660
vn 0.8913 -0.0000 0.4535
vn 0.5000 -0.0000 -0.8660
vn -0.9129 -0.0000 -0.4082
vn 0.1647 0.9442 -0.2853
vn -0.0000 -1.0000 -0.0000
v 0.083972 -0.199000 -0.366476
v 0.108783 -0.199000 -0.406508
v 0.083972 -0.137043 -0.366476
v 0.108783 -0.153466 -0.406508
v 0.099723 -0.199000 -0.411739
v 0.099723 -0.153466 -0.411739
v 0.076899 -0.199000 -0.370560
v 0.076899 -0.137043 -0.370560
vn 0.8500 -0.0000 0.5268
vn 0.5000 -0.0000 -0.8660
vn -0.8746 -0.0000 -0.4848
vn -0.5000 -0.0000 0.8660
vn 0.1647 0.9442 -0.2853
vn -0.0000 -1.0000 -0.0000
v 0.095849 -0.199000 -0.359619
v 0.124828 -0.199000 -0.397245
v 0.095849 -0.137043 -0.359619
v 0.124828 -0.153466 -0.397245
v 0.115125 -0.199000 -0.402847
v 0.115125 -0.153466 -0.402847
v 0.089261 -0.199000 -0.363423
v 0.089261 -0.137043 -0.363423
vn 0.7923 -0.0000 0.6102
vn 0.5000 -0.0000 -0.8660
vn -0.8361 -0.0000 -0.5485
vn -0.5000 -0.0000 0.8660
vn 0.1647 0.9442 -0.2853
vn -0.0000 -1.0000 -0.0000
v 0.101654 -0.199000 -0.356267
v 0.108780 -0.199000 -0.352153
v 0.101654 -0.137043 -0.356267
v 0.108780 -0.137043 -0.352153
v 0.140147 -0.199000 -0.388400
v 0.140147 -0.153466 -0.388400
v 0.130927 -0.199000 -0.393723
v 0.130927 -0.153466 -0.393723
vn -0.5000 -0.0000 0.8660
vn 0.7562 -0.0000 0.6544
vn 0.5000 -0.0000 -0.8660
vn -0.7879 -0.0000 -0.6158
vn 0.1647 0.9442 -0.2853
vn -0.0000 -1.0000 -0.0000
v 0.121627 -0.199000 -0.344736
v 0.157011 -0.199000 -0.378664
v 0.121627 -0.137043 -0.344736
v 0.157011 -0.153466 -0.378664
v 0.148263 -0.199000 -0.383714
v 0.148263 -0.153466 -0.383714
v 0.114689 -0.199000 -0.348741
v 0.114689 -0.137043 -0.348741
vn 0.6921 -0.0000 0.7218
vn 0.5000 -0.0000 -0.8660
vn -0.7214 -0.0000 -0.6925
vn -0.5000 -0.0000 0.8660
vn 0.1647 0.9442 -0.2853
vn -0.0000 -1.0000 -0.0000
v 0.127628 -0.199000 -0.341271
v 0.135463 -0.199000 -0.336747
v 0.127628 -0.137043 -0.341271
v 0.135463 -0.137043 -0.336747
v 0.174634 -0.199000 -0.368489
v 0.174634 -0.153466 -0.368489
v 0.164719 -0.199000 -0.374214
v 0.164719 -0.153466 -0.374214
vn -0.5000 -0.0000 0.8660
vn 0.6296 -0.0000 0.7769
vn 0.5000 -0.0000 -0.8660
vn -0.6641 -0.0000 -0.7477
vn 0.1647 0.9442 -0.2853
vn -0.0000 -1.0000 -0.0000
v 0.141548 -0.199000 -0.333234
v 0.150552 -0.199000 -0.328036
v 0.141548 -0.137043 -0.333234
v 0.150552 -0.137043 -0.328036
v 0.193925 -0.199000 -0.357351
v 0.193925 -0.153466 -0.357351
v 0.183020 -0.199000 -0.363647
v 0.183020 -0.153466 -0.363647
vn -0.5000 -0.0000 0.8660
vn 0.5600 -0.0000 0.8285
vn 0.5000 -0.0000 -0.8660
vn -0.5914 -0.0000 -0.8064
vn 0.1647 0.9442 -0.2853
vn -0.0000 -1.0000 -0.0000
v 0.161491 -0.136927 -0.321336
v 0.161491 -0.199000 -0.321336
v 0.161491 -0.136927 -0.315591
v 0.161491 -0.199000 -0.315591
v 0.208592 -0.153480 -0.340954
v 0.208592 -0.199000 -0.340954
v 0.208592 -0.153480 -0.348930
v 0.208592 -0.199000 -0.348930
v 0.156326 -0.136927 -0.324318
v 0.202142 -0.153480 -0.352654
v 0.156326 -0.199000 -0.324318
v 0.202142 -0.199000 -0.352654
vn -1.0000 -0.0000 -0.0000
vn 0.4741 -0.0000 0.8805
vn 1.0000 -0.0000 -0.0000
vn 0.3316 0.9434 -0.0000
vn 0.1647 0.9442 -0.2853
vn -0.0000 -1.0000 -0.0000
vn -0.5000 -0.0000 0.8660
vn -0.5260 -0.0000 -0.8505
vn 0.5000 -0.0000 -0.8660
v 0.161491 -0.136927 -0.307599
v 0.161491 -0.199000 -0.307599
v 0.161491 -0.136927 -0.297976
v 0.161491 -0.199000 -0.297976
v 0.208425 -0.153421 -0.318129
v 0.208425 -0.199000 -0.318129
v 0.208425 -0.153421 -0.331600
v 0.208425 -0.199000 -0.331600
vn -1.0000 -0.0000 -0.0000
vn 0.3946 -0.0000 0.9189
vn 1.0000 -0.0000 -0.0000
vn -0.4553 -0.0000 -0.8903
vn 0.3316 0.9434 -0.0000
vn -0.0000 -1.0000 -0.0000
v 0.161491 -0.136927 -0.291414
v 0.161491 -0.199000 -0.291414
v 0.161491 -0.136927 -0.281440
v 0.161491 -0.199000 -0.281440
v 0.208425 -0.153421 -0.297409
v 0.208425 -0.199000 -0.297409
v 0.208425 -0.153421 -0.309487
v 0.208425 -0.199000 -0.309487
vn -1.0000 -0.0000 -0.0000
vn 0.3221 -0.0000 0.9467
vn 1.0000 -0.0000 -0.0000
vn -0.3594 -0.0000 -0.9332
vn 0.3316 0.9434 -0.0000
vn -0.0000 -1.0000 -0.0000
v 0.161491 -0.136927 -0.275089
v 0.161491 -0.199000 -0.275089
v 0.161491 -0.136927 -0.266623
v 0.161491 -0.199000 -0.266623
v 0.208425 -0.153421 -0.277938
v 0.208425 -0.199000 -0.277938
v 0.208425 -0.153421 -0.288951
v 0.208425 -0.199000 -0.288951
vn -1.0000 -0.0000 -0.0000
vn 0.2344 -0.0000 0.9722
vn 1.0000 -0.0000 -0.0000
vn -0.2833 -0.0000 -0.9590
vn 0.3316 0.9434 -0.0000
vn -0.0000 -1.0000 -0.0000
v 0.161491 -0.136927 -0.260039
v 0.161491 -0.199000 -0.260039
v 0.161491 -0.136927 -0.252209
v 0.161491 -0.199000 -0.252209
v 0.208425 -0.153421 -0.258983
v 0.208425 -0.199000 -0.258983
v 0.208425 -0.153421 -0.269657
v 0.208425 -0.199000 -0.269657
vn -1.0000 -0.0000 -0.0000
vn 0.1428 -0.0000 0.9897
vn 1.0000 -0.0000 -0.0000
vn -0.2008 -0.0000 -0.9796
vn 0.3316 0.9434 -0.0000
vn -0.0000 -1.0000 -0.0000
v 0.161491 -0.136927 -0.245254
v 0.161491 -0.199000 -0.245254
v 0.161491 -0.136927 -0.237808
v 0.161491 -0.199000 -0.237808
v 0.208425 -0.153421 -0.240449
v 0.208425 -0.199000 -0.240449
v 0.208425 -0.153421 -0.250995
v 0.208425 -0.199000 -0.250995
vn -1.0000 -0.0000 -0.0000
vn 0.0562 -0.0000 0.9984
vn 1.0000 -0.0000 -0.0000
vn -0.1214 -0.0000 -0.9926
vn 0.3316 0.9434 -0.0000
vn -0.0000 -1.0000 -0.0000
v 0.208425 -0.153421 -0.232967
v 0.208425 -0.199000 -0.232967
v 0.161491 -0.136927 -0.231776
v 0.161491 -0.199000 -0.231776
v 0.161491 -0.136927 -0.222162
v 0.161491 -0.199000 -0.222162
v 0.208425 -0.153421 -0.222162
v 0.208425 -0.199000 -0.222162
vn -0.0254 -0.0000 -0.9997
vn -1.0000 -0.0000 -0.0000
vn -0.0000 -0.0000 1.0000
vn 1.0000 -0.0000 -0.0000
vn 0.3316 0.9434 -0.0000
vn -0.0000 -1.0000 -0.0000
v 0.147694 -0.139617 -0.320680
v 0.148517 -0.134896 -0.322106
v 0.147907 -0.139655 -0.320681
v 0.148731 -0.134934 -0.322107
v 0.148118 -0.139699 -0.320704
v 0.148941 -0.134978 -0.322131
v 0.148324 -0.139748 -0.320750
v 0.149147 -0.135027 -0.322176
v 0.148522 -0.139803 -0.320817
v 0.149346 -0.135082 -0.322243
v 0.148711 -0.139863 -0.320905
v 0.149534 -0.135142 -0.322331
v 0.148888 -0.139926 -0.321013
v 0.149711 -0.135205 -0.322439
v 0.149051 -0.139993 -0.321139
v 0.149874 -0.135272 -0.322566
v 0.149197 -0.140062 -0.321283
v 0.150021 -0.135341 -0.322709
v 0.149327 -0.140132 -0.321441
v 0.150150 -0.135411 -0.322868
v 0.149437 -0.140203 -0.321614
v 0.150260 -0.135483 -0.323040
v 0.149526 -0.140275 -0.321798
v 0.150350 -0.135554 -0.323224
v 0.149595 -0.140345 -0.321991
v 0.150418 -0.135624 -0.323417
v 0.149641 -0.140413 -0.322191
v 0.150464 -0.135692 -0.323617
v 0.149664 -0.140479 -0.322396
v 0.150487 -0.135758 -0.323822
v 0.149664 -0.140542 -0.322603
v 0.150487 -0.135821 -0.324030
v 0.149641 -0.140601 -0.322810
v 0.150464 -0.135880 -0.324237
v 0.149595 -0.140654 -0.323015
v 0.150418 -0.135933 -0.324441
v 0.149526 -0.140703 -0.323215
v 0.150350 -0.135982 -0.324641
v 0.149437 -0.140745 -0.323407
v 0.150260 -0.136024 -0.324834
v 0.149327 -0.140781 -0.323590
v 0.150150 -0.136060 -0.325017
v 0.149197 -0.140811 -0.323761
v 0.150021 -0.136090 -0.325188
v 0.149051 -0.140833 -0.323919
v 0.149874 -0.136112 -0.325345
v 0.148888 -0.140847 -0.324061
v 0.149711 -0.136126 -0.325487
v 0.148711 -0.140854 -0.324186
v 0.149534 -0.136133 -0.325612
v 0.148522 -0.140853 -0.324292
v 0.149346 -0.136132 -0.325719
v 0.148324 -0.140845 -0.324379
v 0.149147 -0.136124 -0.325805
v 0.148118 -0.140829 -0.324444
v 0.148941 -0.136108 -0.325870
v 0.147907 -0.140805 -0.324488
v 0.148731 -0.136084 -0.325914
v 0.147694 -0.140774 -0.324509
v 0.148517 -0.136053 -0.325936
v 0.147481 -0.140737 -0.324508
v 0.148304 -0.136016 -0.325935
v 0.147270 -0.140693 -0.324485
v 0.148093 -0.135972 -0.325911
v 0.147064 -0.140643 -0.324439
v 0.147887 -0.135922 -0.325866
v 0.146866 -0.140588 -0.324372
v 0.147689 -0.135867 -0.325799
v 0.146677 -0.140529 -0.324284
v 0.147500 -0.135808 -0.325711
v 0.146500 -0.140465 -0.324176
v 0.147324 -0.135745 -0.325603
v 0.146337 -0.140399 -0.324050
v 0.147161 -0.135678 -0.325476
v 0.146190 -0.140330 -0.323907
v 0.147014 -0.135609 -0.325333
v 0.146061 -0.140259 -0.323748
v 0.146885 -0.135538 -0.325174
v 0.145951 -0.140188 -0.323576
v 0.146774 -0.135467 -0.325002
v 0.145861 -0.140117 -0.323392
v 0.146685 -0.135396 -0.324818
v 0.145793 -0.140047 -0.323199
v 0.146617 -0.135326 -0.324625
v 0.145747 -0.139978 -0.322998
v 0.146571 -0.135257 -0.324425
v 0.145724 -0.139912 -0.322793
v 0.146548 -0.135191 -0.324220
v 0.145724 -0.139850 -0.322586
v 0.146548 -0.135129 -0.324012
v 0.145747 -0.139791 -0.322379
v 0.146571 -0.135070 -0.323805
v 0.145793 -0.139737 -0.322174
v 0.146617 -0.135016 -0.323601
v 0.145861 -0.139689 -0.321975
v 0.146685 -0.134968 -0.323401
v 0.145951 -0.139646 -0.321782
v 0.146774 -0.134925 -0.323208
v 0.146061 -0.139610 -0.321599
v 0.146885 -0.134889 -0.323025
v 0.146190 -0.139581 -0.321428
v 0.147014 -0.134860 -0.322854
v 0.146337 -0.139559 -0.321270
v 0.147161 -0.134838 -0.322697
v 0.146500 -0.139545 -0.321128
v 0.147324 -0.134824 -0.322554
v 0.146677 -0.139538 -0.321003
v 0.147500 -0.134817 -0.322430
v 0.146866 -0.139538 -0.320897
v 0.147689 -0.134817 -0.322323
v 0.147064 -0.139547 -0.320811
v 0.147887 -0.134826 -0.322237
v 0.147270 -0.139563 -0.320745
v 0.148093 -0.134842 -0.322172
v 0.147481 -0.139587 -0.320702
v 0.148304 -0.134866 -0.322128
v 0.006158 -0.139293 -0.401323
v 0.006981 -0.134572 -0.402749
v 0.006371 -0.139331 -0.401324
v 0.007194 -0.134610 -0.402750
v 0.006582 -0.139374 -0.401347
v 0.007405 -0.134654 -0.402774
v 0.006788 -0.139424 -0.401393
v 0.007611 -0.134703 -0.402819
v 0.006986 -0.139479 -0.401460
v 0.007809 -0.134758 -0.402886
v 0.007175 -0.139539 -0.401548
v 0.007998 -0.134818 -0.402974
v 0.007351 -0.139602 -0.401656
v 0.008175 -0.134881 -0.403082
v 0.007514 -0.139669 -0.401782
v 0.008338 -0.134948 -0.403208
v 0.007661 -0.139737 -0.401926
v 0.008485 -0.135017 -0.403352
v 0.007790 -0.139808 -0.402084
v 0.008614 -0.135087 -0.403511
v 0.007901 -0.139879 -0.402257
v 0.008724 -0.135158 -0.403683
v 0.007990 -0.139950 -0.402440
v 0.008814 -0.135229 -0.403867
v 0.008058 -0.140021 -0.402634
v 0.008882 -0.135300 -0.404060
v 0.008104 -0.140089 -0.402834
v 0.008928 -0.135368 -0.404260
v 0.008127 -0.140155 -0.403039
v 0.008951 -0.135434 -0.404465
v 0.008127 -0.140218 -0.403246
v 0.008951 -0.135497 -0.404672
v 0.008104 -0.140276 -0.403453
v 0.008928 -0.135555 -0.404880
v 0.008058 -0.140330 -0.403658
v 0.008882 -0.135609 -0.405084
v 0.007990 -0.140379 -0.403858
v 0.008814 -0.135658 -0.405284
v 0.007901 -0.140421 -0.404050
v 0.008724 -0.135700 -0.405476
v 0.007790 -0.140457 -0.404233
v 0.008614 -0.135736 -0.405659
v 0.007661 -0.140486 -0.404404
v 0.008485 -0.135765 -0.405831
v 0.007514 -0.140508 -0.404562
v 0.008338 -0.135787 -0.405988
v 0.007351 -0.140523 -0.404704
v 0.008175 -0.135802 -0.406130
v 0.007175 -0.140530 -0.404829
v 0.007998 -0.135809 -0.406255
v 0.006986 -0.140529 -0.404935
v 0.007809 -0.135808 -0.406361
v 0.006788 -0.140520 -0.405021
v 0.007611 -0.135799 -0.406448
v 0.006582 -0.140504 -0.405087
v 0.007405 -0.135783 -0.406513
v 0.006371 -0.140481 -0.405131
v 0.007194 -0.135760 -0.406557
v 0.006158 -0.140450 -0.405152
v 0.006981 -0.135729 -0.406578
v 0.005944 -0.140413 -0.405151
v 0.006768 -0.135692 -0.406577
v 0.005734 -0.140369 -0.405128
v 0.006557 -0.135648 -0.406554
v 0.005528 -0.140319 -0.405082
v 0.006351 -0.135598 -0.406509
v 0.005329 -0.140264 -0.405015
v 0.006153 -0.135543 -0.406441
v 0.005141 -0.140205 -0.404927
v 0.005964 -0.135484 -0.406353
v 0.004964 -0.140141 -0.404819
v 0.005787 -0.135420 -0.406246
v 0.004801 -0.140075 -0.404693
v 0.005625 -0.135354 -0.406119
v 0.004654 -0.140006 -0.404550
v 0.005478 -0.135285 -0.405976
v 0.004525 -0.139935 -0.404391
v 0.005348 -0.135214 -0.405817
v 0.004415 -0.139864 -0.404218
v 0.005238 -0.135143 -0.405645
v 0.004325 -0.139793 -0.404035
v 0.005149 -0.135072 -0.405461
v 0.004257 -0.139723 -0.403842
v 0.005080 -0.135002 -0.405268
v 0.004211 -0.139654 -0.403641
v 0.005034 -0.134933 -0.405068
v 0.004188 -0.139588 -0.403436
v 0.005011 -0.134867 -0.404863
v 0.004188 -0.139525 -0.403229
v 0.005011 -0.134804 -0.404655
v 0.004211 -0.139467 -0.403022
v 0.005034 -0.134746 -0.404448
v 0.004257 -0.139413 -0.402817
v 0.005080 -0.134692 -0.404243
v 0.004325 -0.139365 -0.402617
v 0.005149 -0.134644 -0.404044
v 0.004415 -0.139322 -0.402425
v 0.005238 -0.134601 -0.403851
v 0.004525 -0.139286 -0.402242
v 0.005348 -0.134565 -0.403668
v 0.004654 -0.139257 -0.402071
v 0.005478 -0.134536 -0.403497
v 0.004801 -0.139235 -0.401913
v 0.005625 -0.134514 -0.403339
v 0.004964 -0.139220 -0.401771
v 0.005787 -0.134499 -0.403197
v 0.005141 -0.139213 -0.401646
v 0.005964 -0.134492 -0.403073
v 0.005329 -0.139214 -0.401540
v 0.006153 -0.134493 -0.402966
v 0.005528 -0.139223 -0.401454
v 0.006351 -0.134502 -0.402880
v 0.005734 -0.139239 -0.401388
v 0.006557 -0.134518 -0.402815
v 0.005944 -0.139262 -0.401345
v 0.006768 -0.134542 -0.402771
v 0.034535 -0.139916 -0.387000
v 0.035359 -0.135195 -0.388426
v 0.034749 -0.139953 -0.387001
v 0.035572 -0.135232 -0.388427
v 0.034959 -0.139997 -0.387024
v 0.035783 -0.135276 -0.388451
v 0.035165 -0.140047 -0.387070
v 0.035989 -0.135326 -0.388496
v 0.035364 -0.140102 -0.387137
v 0.036187 -0.135381 -0.388563
v 0.035552 -0.140161 -0.387225
v 0.036376 -0.135440 -0.388651
v 0.035729 -0.140225 -0.387333
v 0.036553 -0.135504 -0.388759
v 0.035892 -0.140291 -0.387459
v 0.036715 -0.135570 -0.388885
v 0.036039 -0.140360 -0.387602
v 0.036862 -0.135639 -0.389029
v 0.036168 -0.140431 -0.387761
v 0.036992 -0.135710 -0.389188
v 0.036278 -0.140502 -0.387934
v 0.037102 -0.135781 -0.389360
v 0.036368 -0.140573 -0.388117
v 0.037191 -0.135852 -0.389544
v 0.036436 -0.140643 -0.388310
v 0.037260 -0.135922 -0.389737
v 0.036482 -0.140712 -0.388511
v 0.037306 -0.135991 -0.389937
v 0.036505 -0.140778 -0.388716
v 0.037329 -0.136057 -0.390142
v 0.036505 -0.140840 -0.388923
v 0.037329 -0.136119 -0.390349
v 0.036482 -0.140899 -0.389130
v 0.037306 -0.136178 -0.390557
v 0.036436 -0.140953 -0.389335
v 0.037260 -0.136232 -0.390761
v 0.036368 -0.141001 -0.389535
v 0.037191 -0.136280 -0.390961
v 0.036278 -0.141044 -0.389727
v 0.037102 -0.136323 -0.391153
v 0.036168 -0.141080 -0.389910
v 0.036992 -0.136359 -0.391336
v 0.036039 -0.141109 -0.390081
v 0.036862 -0.136388 -0.391508
v 0.035892 -0.141131 -0.390239
v 0.036715 -0.136410 -0.391665
v 0.035729 -0.141146 -0.390381
v 0.036553 -0.136425 -0.391807
v 0.035552 -0.141152 -0.390506
v 0.036376 -0.136431 -0.391932
v 0.035364 -0.141152 -0.390612
v 0.036187 -0.136431 -0.392038
v 0.035165 -0.141143 -0.390698
v 0.035989 -0.136422 -0.392125
v 0.034959 -0.141127 -0.390764
v 0.035783 -0.136406 -0.392190
v 0.034749 -0.141103 -0.390807
v 0.035572 -0.136382 -0.392234
v 0.034535 -0.141073 -0.390829
v 0.035359 -0.136352 -0.392255
v 0.034322 -0.141035 -0.390828
v 0.035146 -0.136314 -0.392254
v 0.034111 -0.140991 -0.390805
v 0.034935 -0.136270 -0.392231
v 0.033905 -0.140942 -0.390759
v 0.034729 -0.136221 -0.392186
v 0.033707 -0.140887 -0.390692
v 0.034530 -0.136166 -0.392118
v 0.033518 -0.140827 -0.390604
v 0.034342 -0.136106 -0.392030
v 0.033341 -0.140764 -0.390496
v 0.034165 -0.136043 -0.391923
v 0.033179 -0.140697 -0.390370
v 0.034002 -0.135976 -0.391796
v 0.033032 -0.140628 -0.390227
v 0.033855 -0.135907 -0.391653
v 0.032903 -0.140558 -0.390068
v 0.033726 -0.135837 -0.391494
v 0.032792 -0.140487 -0.389895
v 0.033616 -0.135766 -0.391322
v 0.032703 -0.140415 -0.389712
v 0.033526 -0.135694 -0.391138
v 0.032635 -0.140345 -0.389518
v 0.033458 -0.135624 -0.390945
v 0.032589 -0.140277 -0.389318
v 0.033412 -0.135556 -0.390745
v 0.032566 -0.140211 -0.389113
v 0.033389 -0.135490 -0.390540
v 0.032566 -0.140148 -0.388906
v 0.033389 -0.135427 -0.390332
v 0.032589 -0.140089 -0.388699
v 0.033412 -0.135369 -0.390125
v 0.032635 -0.140036 -0.388494
v 0.033458 -0.135315 -0.389920
v 0.032703 -0.139987 -0.388294
v 0.033526 -0.135266 -0.389721
v 0.032792 -0.139945 -0.388102
v 0.033616 -0.135224 -0.389528
v 0.032903 -0.139909 -0.387919
v 0.033726 -0.135188 -0.389345
v 0.033032 -0.139879 -0.387748
v 0.033855 -0.135158 -0.389174
v 0.033179 -0.139857 -0.387590
v 0.034002 -0.135136 -0.389016
v 0.033341 -0.139843 -0.387448
v 0.034165 -0.135122 -0.388874
v 0.033518 -0.139836 -0.387323
v 0.034342 -0.135115 -0.388749
v 0.033707 -0.139837 -0.387217
v 0.034530 -0.135116 -0.388643
v 0.033905 -0.139845 -0.387131
v 0.034729 -0.135124 -0.388557
v 0.034111 -0.139862 -0.387065
v 0.034935 -0.135141 -0.388492
v 0.034322 -0.139885 -0.387021
v 0.035146 -0.135164 -0.388448
v 0.060013 -0.139676 -0.371496
v 0.060837 -0.134955 -0.372923
v 0.060226 -0.139713 -0.371497
v 0.061050 -0.134992 -0.372924
v 0.060437 -0.139757 -0.371521
v 0.061261 -0.135036 -0.372947
v 0.060643 -0.139807 -0.371566
v 0.061466 -0.135086 -0.372993
v 0.060841 -0.139862 -0.371633
v 0.061665 -0.135141 -0.373060
v 0.061030 -0.139921 -0.371721
v 0.061854 -0.135200 -0.373148
v 0.061207 -0.139985 -0.371829
v 0.062030 -0.135264 -0.373256
v 0.061370 -0.140051 -0.371956
v 0.062193 -0.135330 -0.373382
v 0.061517 -0.140120 -0.372099
v 0.062340 -0.135399 -0.373525
v 0.061646 -0.140191 -0.372258
v 0.062469 -0.135470 -0.373684
v 0.061756 -0.140262 -0.372430
v 0.062579 -0.135541 -0.373856
v 0.061846 -0.140333 -0.372614
v 0.062669 -0.135612 -0.374040
v 0.061914 -0.140403 -0.372807
v 0.062737 -0.135682 -0.374233
v 0.061960 -0.140472 -0.373007
v 0.062783 -0.135751 -0.374434
v 0.061983 -0.140538 -0.373212
v 0.062806 -0.135817 -0.374639
v 0.061983 -0.140601 -0.373420
v 0.062806 -0.135880 -0.374846
v 0.061960 -0.140659 -0.373627
v 0.062783 -0.135938 -0.375053
v 0.061914 -0.140713 -0.373831
v 0.062737 -0.135992 -0.375258
v 0.061846 -0.140761 -0.374031
v 0.062669 -0.136040 -0.375457
v 0.061756 -0.140804 -0.374224
v 0.062579 -0.136083 -0.375650
v 0.061646 -0.140840 -0.374407
v 0.062469 -0.136119 -0.375833
v 0.061517 -0.140869 -0.374578
v 0.062340 -0.136148 -0.376004
v 0.061370 -0.140891 -0.374735
v 0.062193 -0.136170 -0.376162
v 0.061207 -0.140906 -0.374878
v 0.062030 -0.136185 -0.376304
v 0.061030 -0.140913 -0.375002
v 0.061854 -0.136192 -0.376429
v 0.060841 -0.140912 -0.375109
v 0.061665 -0.136191 -0.376535
v 0.060643 -0.140903 -0.375195
v 0.061466 -0.136182 -0.376621
v 0.060437 -0.140887 -0.375260
v 0.061261 -0.136166 -0.376687
v 0.060226 -0.140863 -0.375304
v 0.061050 -0.136143 -0.376730
v 0.060013 -0.140833 -0.375326
v 0.060837 -0.136112 -0.376752
v 0.059800 -0.140795 -0.375325
v 0.060623 -0.136074 -0.376751
v 0.059589 -0.140751 -0.375301
v 0.060412 -0.136031 -0.376728
v 0.059383 -0.140702 -0.375256
v 0.060207 -0.135981 -0.376682
v 0.059185 -0.140647 -0.375189
v 0.060008 -0.135926 -0.376615
v 0.058996 -0.140587 -0.375101
v 0.059820 -0.135866 -0.376527
v 0.058819 -0.140524 -0.374993
v 0.059643 -0.135803 -0.376419
v 0.058656 -0.140457 -0.374866
v 0.059480 -0.135736 -0.376293
v 0.058510 -0.140389 -0.374723
v 0.059333 -0.135668 -0.376149
v 0.058380 -0.140318 -0.374564
v 0.059204 -0.135597 -0.375991
v 0.058270 -0.140247 -0.374392
v 0.059094 -0.135526 -0.375818
v 0.058180 -0.140176 -0.374208
v 0.059004 -0.135455 -0.375634
v 0.058112 -0.140105 -0.374015
v 0.058936 -0.135384 -0.375441
v 0.058066 -0.140037 -0.373815
v 0.058890 -0.135316 -0.375241
v 0.058043 -0.139971 -0.373610
v 0.058867 -0.135250 -0.375036
v 0.058043 -0.139908 -0.373402
v 0.058867 -0.135187 -0.374829
v 0.058066 -0.139850 -0.373195
v 0.058890 -0.135129 -0.374622
v 0.058112 -0.139796 -0.372991
v 0.058936 -0.135075 -0.374417
v 0.058180 -0.139747 -0.372791
v 0.059004 -0.135026 -0.374217
v 0.058270 -0.139705 -0.372598
v 0.059094 -0.134984 -0.374025
v 0.058380 -0.139669 -0.372415
v 0.059204 -0.134948 -0.373842
v 0.058510 -0.139640 -0.372244
v 0.059333 -0.134919 -0.373671
v 0.058656 -0.139618 -0.372087
v 0.059480 -0.134897 -0.373513
v 0.058819 -0.139603 -0.371945
v 0.059643 -0.134882 -0.373371
v 0.058996 -0.139596 -0.371820
v 0.059820 -0.134875 -0.373246
v 0.059185 -0.139597 -0.371713
v 0.060008 -0.134876 -0.373140
v 0.059383 -0.139606 -0.371627
v 0.060207 -0.134885 -0.373053
v 0.059589 -0.139622 -0.371562
v 0.060412 -0.134901 -0.372988
v 0.059800 -0.139645 -0.371518
v 0.060623 -0.134924 -0.372944
v 0.080994 -0.158773 -0.422592
v 0.081817 -0.154052 -0.424018
v 0.081207 -0.158810 -0.422593
v 0.082030 -0.154089 -0.424019
v 0.081418 -0.158854 -0.422616
v 0.082241 -0.154133 -0.424042
v 0.081624 -0.158904 -0.422661
v 0.082447 -0.154183 -0.424088
v 0.081822 -0.158959 -0.422729
v 0.082645 -0.154238 -0.424155
v 0.082011 -0.159018 -0.422817
v 0.082834 -0.154297 -0.424243
v 0.082188 -0.159082 -0.422924
v 0.083011 -0.154361 -0.424351
v 0.082350 -0.159148 -0.423051
v 0.083174 -0.154427 -0.424477
v 0.082497 -0.159217 -0.423194
v 0.083321 -0.154496 -0.424620
v 0.082626 -0.159288 -0.423353
v 0.083450 -0.154567 -0.424779
v 0.082737 -0.159359 -0.423525
v 0.083560 -0.154638 -0.424952
v 0.082826 -0.159430 -0.423709
v 0.083650 -0.154709 -0.425135
v 0.082894 -0.159500 -0.423902
v 0.083718 -0.154779 -0.425329
v 0.082940 -0.159569 -0.424102
v 0.083764 -0.154848 -0.425529
v 0.082963 -0.159635 -0.424307
v 0.083787 -0.154914 -0.425734
v 0.082963 -0.159698 -0.424515
v 0.083787 -0.154977 -0.425941
v 0.082940 -0.159756 -0.424722
v 0.083764 -0.155035 -0.426148
v 0.082894 -0.159810 -0.424927
v 0.083718 -0.155089 -0.426353
v 0.082826 -0.159858 -0.425126
v 0.083650 -0.155137 -0.426553
v 0.082737 -0.159901 -0.425319
v 0.083560 -0.155180 -0.426745
v 0.082626 -0.159937 -0.425502
v 0.083450 -0.155216 -0.426928
v 0.082497 -0.159966 -0.425673
v 0.083321 -0.155245 -0.427099
v 0.082350 -0.159988 -0.425831
v 0.083174 -0.155267 -0.427257
v 0.082188 -0.160003 -0.425973
v 0.083011 -0.155282 -0.427399
v 0.082011 -0.160010 -0.426098
v 0.082834 -0.155289 -0.427524
v 0.081822 -0.160009 -0.426204
v 0.082645 -0.155288 -0.427630
v 0.081624 -0.160000 -0.426290
v 0.082447 -0.155279 -0.427716
v 0.081418 -0.159984 -0.426355
v 0.082241 -0.155263 -0.427782
v 0.081207 -0.159960 -0.426399
v 0.082030 -0.155240 -0.427826
v 0.080994 -0.159930 -0.426421
v 0.081817 -0.155209 -0.427847
v 0.080780 -0.159892 -0.426420
v 0.081604 -0.155171 -0.427846
v 0.080570 -0.159848 -0.426396
v 0.081393 -0.155128 -0.427823
v 0.080364 -0.159799 -0.426351
v 0.081187 -0.155078 -0.427777
v 0.080165 -0.159744 -0.426284
v 0.080989 -0.155023 -0.427710
v 0.079977 -0.159684 -0.426196
v 0.080800 -0.154963 -0.427622
v 0.079800 -0.159621 -0.426088
v 0.080623 -0.154900 -0.427514
v 0.079637 -0.159554 -0.425962
v 0.080461 -0.154833 -0.427388
v 0.079490 -0.159485 -0.425818
v 0.080314 -0.154765 -0.427245
v 0.079361 -0.159415 -0.425659
v 0.080184 -0.154694 -0.427086
v 0.079251 -0.159344 -0.425487
v 0.080074 -0.154623 -0.426913
v 0.079161 -0.159273 -0.425303
v 0.079985 -0.154552 -0.426730
v 0.079093 -0.159202 -0.425110
v 0.079916 -0.154481 -0.426537
v 0.079047 -0.159134 -0.424910
v 0.079870 -0.154413 -0.426336
v 0.079024 -0.159068 -0.424705
v 0.079847 -0.154347 -0.426131
v 0.079024 -0.159005 -0.424498
v 0.079847 -0.154284 -0.425924
v 0.079047 -0.158947 -0.424290
v 0.079870 -0.154226 -0.425717
v 0.079093 -0.158893 -0.424086
v 0.079916 -0.154172 -0.425512
v 0.079161 -0.158844 -0.423886
v 0.079985 -0.154123 -0.425312
v 0.079251 -0.158802 -0.423694
v 0.080074 -0.154081 -0.425120
v 0.079361 -0.158766 -0.423511
v 0.080184 -0.154045 -0.424937
v 0.079490 -0.158737 -0.423339
v 0.080314 -0.154016 -0.424766
v 0.079637 -0.158715 -0.423182
v 0.080461 -0.153994 -0.424608
v 0.079800 -0.158700 -0.423040
v 0.080623 -0.153979 -0.424466
v 0.079977 -0.158693 -0.422915
v 0.080800 -0.153972 -0.424341
v 0.080165 -0.158694 -0.422809
v 0.080989 -0.153973 -0.424235
v 0.080364 -0.158703 -0.422722
v 0.081187 -0.153982 -0.424149
v 0.080570 -0.158719 -0.422657
v 0.081393 -0.153998 -0.424083
v 0.080780 -0.158742 -0.422613
v 0.081604 -0.154021 -0.424040
v 0.047291 -0.159018 -0.442859
v 0.048115 -0.154297 -0.444286
v 0.047505 -0.159055 -0.442860
v 0.048328 -0.154334 -0.444286
v 0.047716 -0.159099 -0.442883
v 0.048539 -0.154378 -0.444310
v 0.047921 -0.159148 -0.442929
v 0.048745 -0.154427 -0.444355
v 0.048120 -0.159203 -0.442996
v 0.048943 -0.154482 -0.444422
v 0.048308 -0.159263 -0.443084
v 0.049132 -0.154542 -0.444510
v 0.048485 -0.159326 -0.443192
v 0.049309 -0.154605 -0.444618
v 0.048648 -0.159393 -0.443318
v 0.049472 -0.154672 -0.444745
v 0.048795 -0.159462 -0.443462
v 0.049618 -0.154741 -0.444888
v 0.048924 -0.159532 -0.443620
v 0.049748 -0.154811 -0.445047
v 0.049034 -0.159604 -0.443793
v 0.049858 -0.154883 -0.445219
v 0.049124 -0.159675 -0.443977
v 0.049948 -0.154954 -0.445403
v 0.049192 -0.159745 -0.444170
v 0.050016 -0.155024 -0.445596
v 0.049238 -0.159814 -0.444370
v 0.050062 -0.155093 -0.445796
v 0.049261 -0.159879 -0.444575
v 0.050085 -0.155159 -0.446001
v 0.049261 -0.159942 -0.444782
v 0.050085 -0.155221 -0.446209
v 0.049238 -0.160001 -0.444989
v 0.050062 -0.155280 -0.446416
v 0.049192 -0.160055 -0.445194
v 0.050016 -0.155334 -0.446620
v 0.049124 -0.160103 -0.445394
v 0.049948 -0.155382 -0.446820
v 0.049034 -0.160145 -0.445586
v 0.049858 -0.155425 -0.447013
v 0.048924 -0.160182 -0.445769
v 0.049748 -0.155461 -0.447196
v 0.048795 -0.160211 -0.445941
v 0.049618 -0.155490 -0.447367
v 0.048648 -0.160233 -0.446098
v 0.049472 -0.155512 -0.447524
v 0.048485 -0.160247 -0.446240
v 0.049309 -0.155526 -0.447667
v 0.048308 -0.160254 -0.446365
v 0.049132 -0.155533 -0.447791
v 0.048120 -0.160253 -0.446471
v 0.048943 -0.155532 -0.447898
v 0.047921 -0.160245 -0.446558
v 0.048745 -0.155524 -0.447984
v 0.047716 -0.160229 -0.446623
v 0.048539 -0.155508 -0.448049
v 0.047505 -0.160205 -0.446667
v 0.048328 -0.155484 -0.448093
v 0.047291 -0.160174 -0.446688
v 0.048115 -0.155453 -0.448115
v 0.047078 -0.160137 -0.446687
v 0.047902 -0.155416 -0.448114
v 0.046867 -0.160093 -0.446664
v 0.047691 -0.155372 -0.448090
v 0.046662 -0.160043 -0.446618
v 0.047485 -0.155322 -0.448045
v 0.046463 -0.159989 -0.446551
v 0.047287 -0.155268 -0.447978
v 0.046274 -0.159929 -0.446463
v 0.047098 -0.155208 -0.447890
v 0.046098 -0.159866 -0.446356
v 0.046921 -0.155145 -0.447782
v 0.045935 -0.159799 -0.446229
v 0.046758 -0.155078 -0.447655
v 0.045788 -0.159730 -0.446086
v 0.046611 -0.155009 -0.447512
v 0.045659 -0.159660 -0.445927
v 0.046482 -0.154939 -0.447353
v 0.045549 -0.159588 -0.445755
v 0.046372 -0.154867 -0.447181
v 0.045459 -0.159517 -0.445571
v 0.046282 -0.154796 -0.446997
v 0.045391 -0.159447 -0.445378
v 0.046214 -0.154726 -0.446804
v 0.045345 -0.159378 -0.445177
v 0.046168 -0.154657 -0.446604
v 0.045322 -0.159312 -0.444973
v 0.046145 -0.154591 -0.446399
v 0.045322 -0.159250 -0.444765
v 0.046145 -0.154529 -0.446192
v 0.045345 -0.159191 -0.444558
v 0.046168 -0.154470 -0.445984
v 0.045391 -0.159137 -0.444353
v 0.046214 -0.154416 -0.445780
v 0.045459 -0.159089 -0.444154
v 0.046282 -0.154368 -0.445580
v 0.045549 -0.159046 -0.443961
v 0.046372 -0.154325 -0.445387
v 0.045659 -0.159010 -0.443778
v 0.046482 -0.154289 -0.445204
v 0.045788 -0.158981 -0.443607
v 0.046611 -0.154260 -0.445033
v 0.045935 -0.158959 -0.443449
v 0.046758 -0.154238 -0.444876
v 0.046098 -0.158945 -0.443307
v 0.046921 -0.154224 -0.444734
v 0.046274 -0.158938 -0.443182
v 0.047098 -0.154217 -0.444609
v 0.046463 -0.158939 -0.443076
v 0.047287 -0.154218 -0.444502
v 0.046662 -0.158947 -0.442990
v 0.047485 -0.154226 -0.444416
v 0.046867 -0.158963 -0.442924
v 0.047691 -0.154242 -0.444351
v 0.047078 -0.158987 -0.442881
v 0.047902 -0.154266 -0.444307
v 0.011330 -0.159132 -0.464001
v 0.012154 -0.154411 -0.465427
v 0.011544 -0.159170 -0.464002
v 0.012367 -0.154449 -0.465428
v 0.011754 -0.159213 -0.464025
v 0.012578 -0.154492 -0.465451
v 0.011960 -0.159263 -0.464071
v 0.012784 -0.154542 -0.465497
v 0.012159 -0.159318 -0.464138
v 0.012982 -0.154597 -0.465564
v 0.012347 -0.159377 -0.464226
v 0.013171 -0.154657 -0.465652
v 0.012524 -0.159441 -0.464334
v 0.013348 -0.154720 -0.465760
v 0.012687 -0.159507 -0.464460
v 0.013510 -0.154787 -0.465886
v 0.012834 -0.159576 -0.464603
v 0.013657 -0.154855 -0.466030
v 0.012963 -0.159647 -0.464762
v 0.013787 -0.154926 -0.466188
v 0.013073 -0.159718 -0.464934
v 0.013897 -0.154997 -0.466361
v 0.013163 -0.159789 -0.465118
v 0.013986 -0.155068 -0.466545
v 0.013231 -0.159860 -0.465311
v 0.014055 -0.155139 -0.466738
v 0.013277 -0.159928 -0.465512
v 0.014100 -0.155207 -0.466938
v 0.013300 -0.159994 -0.465717
v 0.014124 -0.155273 -0.467143
v 0.013300 -0.160057 -0.465924
v 0.014124 -0.155336 -0.467350
v 0.013277 -0.160115 -0.466131
v 0.014100 -0.155394 -0.467557
v 0.013231 -0.160169 -0.466336
v 0.014055 -0.155448 -0.467762
v 0.013163 -0.160218 -0.466535
v 0.013986 -0.155497 -0.467962
v 0.013073 -0.160260 -0.466728
v 0.013897 -0.155539 -0.468154
v 0.012963 -0.160296 -0.466911
v 0.013787 -0.155575 -0.468337
v 0.012834 -0.160325 -0.467082
v 0.013657 -0.155604 -0.468508
v 0.012687 -0.160347 -0.467240
v 0.013510 -0.155626 -0.468666
v 0.012524 -0.160362 -0.467382
v 0.013348 -0.155641 -0.468808
v 0.012347 -0.160369 -0.467507
v 0.013171 -0.155648 -0.468933
v 0.012159 -0.160368 -0.467613
v 0.012982 -0.155647 -0.469039
v 0.011960 -0.160359 -0.467699
v 0.012784 -0.155638 -0.469126
v 0.011754 -0.160343 -0.467765
v 0.012578 -0.155622 -0.469191
v 0.011544 -0.160320 -0.467808
v 0.012367 -0.155599 -0.469235
v 0.011330 -0.160289 -0.467830
v 0.012154 -0.155568 -0.469256
v 0.011117 -0.160252 -0.467829
v 0.011941 -0.155531 -0.469255
v 0.010906 -0.160208 -0.467806
v 0.011730 -0.155487 -0.469232
v 0.010700 -0.160158 -0.467760
v 0.011524 -0.155437 -0.469186
v 0.010502 -0.160103 -0.467693
v 0.011325 -0.155382 -0.469119
v 0.010313 -0.160044 -0.467605
v 0.011137 -0.155323 -0.469031
v 0.010136 -0.159980 -0.467497
v 0.010960 -0.155259 -0.468923
v 0.009974 -0.159914 -0.467371
v 0.010797 -0.155193 -0.468797
v 0.009827 -0.159845 -0.467227
v 0.010650 -0.155124 -0.468654
v 0.009698 -0.159774 -0.467069
v 0.010521 -0.155053 -0.468495
v 0.009587 -0.159703 -0.466896
v 0.010411 -0.154982 -0.468323
v 0.009498 -0.159632 -0.466712
v 0.010321 -0.154911 -0.468139
v 0.009430 -0.159561 -0.466519
v 0.010253 -0.154841 -0.467946
v 0.009384 -0.159493 -0.466319
v 0.010207 -0.154772 -0.467745
v 0.009361 -0.159427 -0.466114
v 0.010184 -0.154706 -0.467540
v 0.009361 -0.159364 -0.465907
v 0.010184 -0.154643 -0.467333
v 0.009384 -0.159306 -0.465700
v 0.010207 -0.154585 -0.467126
v 0.009430 -0.159252 -0.465495
v 0.010253 -0.154531 -0.466921
v 0.009498 -0.159204 -0.465295
v 0.010321 -0.154483 -0.466722
v 0.009587 -0.159161 -0.465103
v 0.010411 -0.154440 -0.466529
v 0.009698 -0.159125 -0.464920
v 0.010521 -0.154404 -0.466346
v 0.009827 -0.159096 -0.464748
v 0.010650 -0.154375 -0.466175
v 0.009974 -0.159074 -0.464591
v 0.010797 -0.154353 -0.466017
v 0.010136 -0.159059 -0.464449
v 0.010960 -0.154338 -0.465875
v 0.010313 -0.159052 -0.464324
v 0.011137 -0.154331 -0.465750
v 0.010502 -0.159053 -0.464218
v 0.011325 -0.154332 -0.465644
v 0.010700 -0.159062 -0.464131
v 0.011524 -0.154341 -0.465558
v 0.010906 -0.159078 -0.464066
v 0.011730 -0.154357 -0.465492
v 0.011117 -0.159101 -0.464022
v 0.011941 -0.154380 -0.465449
v 0.095983 -0.140106 -0.352152
v 0.096807 -0.135385 -0.353579
v 0.096197 -0.140143 -0.352153
v 0.097020 -0.135422 -0.353579
v 0.096407 -0.140187 -0.352177
v 0.097231 -0.135466 -0.353603
v 0.096613 -0.140237 -0.352222
v 0.097437 -0.135516 -0.353648
v 0.096812 -0.140292 -0.352289
v 0.097635 -0.135571 -0.353716
v 0.097000 -0.140351 -0.352377
v 0.097824 -0.135630 -0.353804
v 0.097177 -0.140415 -0.352485
v 0.098001 -0.135694 -0.353911
v 0.097340 -0.140481 -0.352611
v 0.098164 -0.135760 -0.354038
v 0.097487 -0.140550 -0.352755
v 0.098310 -0.135829 -0.354181
v 0.097616 -0.140621 -0.352913
v 0.098440 -0.135900 -0.354340
v 0.097726 -0.140692 -0.353086
v 0.098550 -0.135971 -0.354512
v 0.097816 -0.140763 -0.353270
v 0.098639 -0.136042 -0.354696
v 0.097884 -0.140833 -0.353463
v 0.098708 -0.136112 -0.354889
v 0.097930 -0.140902 -0.353663
v 0.098754 -0.136181 -0.355089
v 0.097953 -0.140968 -0.353868
v 0.098777 -0.136247 -0.355294
v 0.097953 -0.141031 -0.354075
v 0.098777 -0.136310 -0.355502
v 0.097930 -0.141089 -0.354282
v 0.098754 -0.136368 -0.355709
v 0.097884 -0.141143 -0.354487
v 0.098708 -0.136422 -0.355913
v 0.097816 -0.141191 -0.354687
v 0.098639 -0.136470 -0.356113
v 0.097726 -0.141234 -0.354879
v 0.098550 -0.136513 -0.356306
v 0.097616 -0.141270 -0.355062
v 0.098440 -0.136549 -0.356489
v 0.097487 -0.141299 -0.355234
v 0.098310 -0.136578 -0.356660
v 0.097340 -0.141321 -0.355391
v 0.098164 -0.136600 -0.356818
v 0.097177 -0.141336 -0.355533
v 0.098001 -0.136615 -0.356960
v 0.097000 -0.141343 -0.355658
v 0.097824 -0.136622 -0.357084
v 0.096812 -0.141342 -0.355764
v 0.097635 -0.136621 -0.357191
v 0.096613 -0.141333 -0.355851
v 0.097437 -0.136612 -0.357277
v 0.096407 -0.141317 -0.355916
v 0.097231 -0.136596 -0.357342
v 0.096197 -0.141293 -0.355960
v 0.097020 -0.136573 -0.357386
v 0.095983 -0.141263 -0.355981
v 0.096807 -0.136542 -0.357408
v 0.095770 -0.141225 -0.355980
v 0.096594 -0.136504 -0.357407
v 0.095559 -0.141181 -0.355957
v 0.096383 -0.136461 -0.357383
v 0.095354 -0.141132 -0.355911
v 0.096177 -0.136411 -0.357338
v 0.095155 -0.141077 -0.355844
v 0.095979 -0.136356 -0.357271
v 0.094966 -0.141017 -0.355756
v 0.095790 -0.136296 -0.357183
v 0.094790 -0.140954 -0.355649
v 0.095613 -0.136233 -0.357075
v 0.094627 -0.140887 -0.355522
v 0.095450 -0.136167 -0.356949
v 0.094480 -0.140819 -0.355379
v 0.095303 -0.136098 -0.356805
v 0.094351 -0.140748 -0.355220
v 0.095174 -0.136027 -0.356646
v 0.094241 -0.140677 -0.355048
v 0.095064 -0.135956 -0.356474
v 0.094151 -0.140606 -0.354864
v 0.094974 -0.135885 -0.356290
v 0.094083 -0.140535 -0.354671
v 0.094906 -0.135814 -0.356097
v 0.094037 -0.140467 -0.354471
v 0.094860 -0.135746 -0.355897
v 0.094014 -0.140401 -0.354266
v 0.094837 -0.135680 -0.355692
v 0.094014 -0.140338 -0.354058
v 0.094837 -0.135617 -0.355485
v 0.094037 -0.140280 -0.353851
v 0.094860 -0.135559 -0.355277
v 0.094083 -0.140226 -0.353646
v 0.094906 -0.135505 -0.355073
v 0.094151 -0.140177 -0.353447
v 0.094974 -0.135456 -0.354873
v 0.094241 -0.140135 -0.353254
v 0.095064 -0.135414 -0.354680
v 0.094351 -0.140099 -0.353071
v 0.095174 -0.135378 -0.354498
v 0.094480 -0.140070 -0.352900
v 0.095303 -0.135349 -0.354326
v 0.094627 -0.140048 -0.352742
v 0.095450 -0.135327 -0.354169
v 0.094790 -0.140033 -0.352600
v 0.095613 -0.135312 -0.354027
v 0.094966 -0.140026 -0.352475
v 0.095790 -0.135305 -0.353902
v 0.095155 -0.140027 -0.352369
v 0.095979 -0.135306 -0.353796
v 0.095354 -0.140036 -0.352283
v 0.096177 -0.135315 -0.353709
v 0.095559 -0.140052 -0.352217
v 0.096383 -0.135331 -0.353644
v 0.095770 -0.140075 -0.352174
v 0.096594 -0.135354 -0.353600
v 0.121839 -0.139862 -0.336416
v 0.122662 -0.135141 -0.337843
v 0.122052 -0.139899 -0.336417
v 0.122875 -0.135178 -0.337843
v 0.122263 -0.139943 -0.336440
v 0.123086 -0.135222 -0.337867
v 0.122469 -0.139993 -0.336486
v 0.123292 -0.135272 -0.337912
v 0.122667 -0.140048 -0.336553
v 0.123490 -0.135327 -0.337979
v 0.122856 -0.140107 -0.336641
v 0.123679 -0.135386 -0.338067
v 0.123032 -0.140170 -0.336749
v 0.123856 -0.135449 -0.338175
v 0.123195 -0.140237 -0.336875
v 0.124019 -0.135516 -0.338302
v 0.123342 -0.140306 -0.337019
v 0.124166 -0.135585 -0.338445
v 0.123471 -0.140376 -0.337177
v 0.124295 -0.135656 -0.338604
v 0.123582 -0.140448 -0.337350
v 0.124405 -0.135727 -0.338776
v 0.123671 -0.140519 -0.337534
v 0.124495 -0.135798 -0.338960
v 0.123739 -0.140589 -0.337727
v 0.124563 -0.135868 -0.339153
v 0.123785 -0.140658 -0.337927
v 0.124609 -0.135937 -0.339353
v 0.123808 -0.140724 -0.338132
v 0.124632 -0.136003 -0.339558
v 0.123808 -0.140786 -0.338339
v 0.124632 -0.136065 -0.339766
v 0.123785 -0.140845 -0.338546
v 0.124609 -0.136124 -0.339973
v 0.123739 -0.140899 -0.338751
v 0.124563 -0.136178 -0.340177
v 0.123671 -0.140947 -0.338951
v 0.124495 -0.136226 -0.340377
v 0.123582 -0.140990 -0.339143
v 0.124405 -0.136269 -0.340570
v 0.123471 -0.141026 -0.339326
v 0.124295 -0.136305 -0.340753
v 0.123342 -0.141055 -0.339498
v 0.124166 -0.136334 -0.340924
v 0.123195 -0.141077 -0.339655
v 0.124019 -0.136356 -0.341081
v 0.123032 -0.141091 -0.339797
v 0.123856 -0.136370 -0.341224
v 0.122856 -0.141098 -0.339922
v 0.123679 -0.136377 -0.341348
v 0.122667 -0.141097 -0.340028
v 0.123490 -0.136377 -0.341455
v 0.122469 -0.141089 -0.340115
v 0.123292 -0.136368 -0.341541
v 0.122263 -0.141073 -0.340180
v 0.123086 -0.136352 -0.341606
v 0.122052 -0.141049 -0.340224
v 0.122875 -0.136328 -0.341650
v 0.121839 -0.141019 -0.340245
v 0.122662 -0.136298 -0.341672
v 0.121625 -0.140981 -0.340244
v 0.122449 -0.136260 -0.341671
v 0.121415 -0.140937 -0.340221
v 0.122238 -0.136216 -0.341647
v 0.121209 -0.140888 -0.340175
v 0.122032 -0.136167 -0.341602
v 0.121010 -0.140833 -0.340108
v 0.121834 -0.136112 -0.341535
v 0.120822 -0.140773 -0.340020
v 0.121645 -0.136052 -0.341447
v 0.120645 -0.140710 -0.339913
v 0.121468 -0.135989 -0.341339
v 0.120482 -0.140643 -0.339786
v 0.121306 -0.135922 -0.341213
v 0.120335 -0.140574 -0.339643
v 0.121159 -0.135853 -0.341069
v 0.120206 -0.140504 -0.339484
v 0.121029 -0.135783 -0.340910
v 0.120096 -0.140432 -0.339312
v 0.120919 -0.135711 -0.340738
v 0.120006 -0.140361 -0.339128
v 0.120830 -0.135640 -0.340554
v 0.119938 -0.140291 -0.338935
v 0.120761 -0.135570 -0.340361
v 0.119892 -0.140223 -0.338734
v 0.120715 -0.135502 -0.340161
v 0.119869 -0.140157 -0.338529
v 0.120692 -0.135436 -0.339956
v 0.119869 -0.140094 -0.338322
v 0.120692 -0.135373 -0.339749
v 0.119892 -0.140035 -0.338115
v 0.120715 -0.135314 -0.339541
v 0.119938 -0.139982 -0.337910
v 0.120761 -0.135261 -0.339337
v 0.120006 -0.139933 -0.337711
v 0.120830 -0.135212 -0.339137
v 0.120096 -0.139891 -0.337518
v 0.120919 -0.135170 -0.338944
v 0.120206 -0.139854 -0.337335
v 0.121029 -0.135134 -0.338762
v 0.120335 -0.139825 -0.337164
v 0.121159 -0.135104 -0.338590
v 0.120482 -0.139803 -0.337006
v 0.121306 -0.135082 -0.338433
v 0.120645 -0.139789 -0.336864
v 0.121468 -0.135068 -0.338291
v 0.120822 -0.139782 -0.336739
v 0.121645 -0.135061 -0.338166
v 0.121010 -0.139783 -0.336633
v 0.121834 -0.135062 -0.338059
v 0.121209 -0.139791 -0.336547
v 0.122032 -0.135070 -0.337973
v 0.121415 -0.139807 -0.336481
v 0.122238 -0.135086 -0.337908
v 0.121625 -0.139831 -0.336438
v 0.122449 -0.135110 -0.337864
v 0.162696 -0.158979 -0.376102
v 0.163520 -0.154258 -0.377528
v 0.162910 -0.159016 -0.376103
v 0.163733 -0.154295 -0.377529
v 0.163121 -0.159060 -0.376126
v 0.163944 -0.154339 -0.377553
v 0.163326 -0.159110 -0.376172
v 0.164150 -0.154389 -0.377598
v 0.163525 -0.159165 -0.376239
v 0.164348 -0.154444 -0.377665
v 0.163713 -0.159224 -0.376327
v 0.164537 -0.154503 -0.377753
v 0.163890 -0.159288 -0.376435
v 0.164714 -0.154567 -0.377861
v 0.164053 -0.159354 -0.376561
v 0.164877 -0.154633 -0.377987
v 0.164200 -0.159423 -0.376705
v 0.165023 -0.154702 -0.378131
v 0.164329 -0.159494 -0.376863
v 0.165153 -0.154773 -0.378290
v 0.164439 -0.159565 -0.377036
v 0.165263 -0.154844 -0.378462
v 0.164529 -0.159636 -0.377219
v 0.165353 -0.154915 -0.378646
v 0.164597 -0.159706 -0.377413
v 0.165421 -0.154985 -0.378839
v 0.164643 -0.159775 -0.377613
v 0.165467 -0.155054 -0.379039
v 0.164666 -0.159841 -0.377818
v 0.165490 -0.155120 -0.379244
v 0.164666 -0.159903 -0.378025
v 0.165490 -0.155182 -0.379451
v 0.164643 -0.159962 -0.378232
v 0.165467 -0.155241 -0.379659
v 0.164597 -0.160016 -0.378437
v 0.165421 -0.155295 -0.379863
v 0.164529 -0.160064 -0.378637
v 0.165353 -0.155343 -0.380063
v 0.164439 -0.160107 -0.378829
v 0.165263 -0.155386 -0.380256
v 0.164329 -0.160143 -0.379012
v 0.165153 -0.155422 -0.380438
v 0.164200 -0.160172 -0.379183
v 0.165023 -0.155451 -0.380610
v 0.164053 -0.160194 -0.379341
v 0.164877 -0.155473 -0.380767
v 0.163890 -0.160209 -0.379483
v 0.164714 -0.155488 -0.380909
v 0.163713 -0.160215 -0.379608
v 0.164537 -0.155494 -0.381034
v 0.163525 -0.160215 -0.379714
v 0.164348 -0.155494 -0.381140
v 0.163326 -0.160206 -0.379800
v 0.164150 -0.155485 -0.381227
v 0.163121 -0.160190 -0.379866
v 0.163944 -0.155469 -0.381292
v 0.162910 -0.160166 -0.379910
v 0.163733 -0.155445 -0.381336
v 0.162696 -0.160136 -0.379931
v 0.163520 -0.155415 -0.381357
v 0.162483 -0.160098 -0.379930
v 0.163307 -0.155377 -0.381357
v 0.162272 -0.160054 -0.379907
v 0.163096 -0.155333 -0.381333
v 0.162067 -0.160005 -0.379861
v 0.162890 -0.155284 -0.381288
v 0.161868 -0.159950 -0.379794
v 0.162692 -0.155229 -0.381220
v 0.161679 -0.159890 -0.379706
v 0.162503 -0.155169 -0.381132
v 0.161503 -0.159827 -0.379598
v 0.162326 -0.155106 -0.381025
v 0.161340 -0.159760 -0.379472
v 0.162163 -0.155039 -0.380898
v 0.161193 -0.159691 -0.379329
v 0.162016 -0.154970 -0.380755
v 0.161064 -0.159621 -0.379170
v 0.161887 -0.154900 -0.380596
v 0.160954 -0.159550 -0.378998
v 0.161777 -0.154829 -0.380424
v 0.160864 -0.159478 -0.378814
v 0.161687 -0.154757 -0.380240
v 0.160796 -0.159408 -0.378621
v 0.161619 -0.154687 -0.380047
v 0.160750 -0.159340 -0.378420
v 0.161573 -0.154619 -0.379847
v 0.160727 -0.159274 -0.378215
v 0.161550 -0.154553 -0.379642
v 0.160727 -0.159211 -0.378008
v 0.161550 -0.154490 -0.379434
v 0.160750 -0.159152 -0.377801
v 0.161573 -0.154432 -0.379227
v 0.160796 -0.159099 -0.377596
v 0.161619 -0.154378 -0.379023
v 0.160864 -0.159050 -0.377396
v 0.161687 -0.154329 -0.378823
v 0.160954 -0.159008 -0.377204
v 0.161777 -0.154287 -0.378630
v 0.161064 -0.158972 -0.377021
v 0.161887 -0.154251 -0.378447
v 0.161193 -0.158942 -0.376850
v 0.162016 -0.154221 -0.378276
v 0.161340 -0.158920 -0.376692
v 0.162163 -0.154199 -0.378118
v 0.161503 -0.158906 -0.376550
v 0.162326 -0.154185 -0.377976
v 0.161679 -0.158899 -0.376425
v 0.162503 -0.154178 -0.377852
v 0.161868 -0.158900 -0.376319
v 0.162692 -0.154179 -0.377745
v 0.162067 -0.158908 -0.376233
v 0.162890 -0.154187 -0.377659
v 0.162272 -0.158925 -0.376167
v 0.163096 -0.154204 -0.377594
v 0.162483 -0.158948 -0.376124
v 0.163307 -0.154227 -0.377550
v 0.128649 -0.158873 -0.395408
v 0.129472 -0.154152 -0.396834
v 0.128862 -0.158910 -0.395408
v 0.129686 -0.154189 -0.396835
v 0.129073 -0.158954 -0.395432
v 0.129897 -0.154233 -0.396858
v 0.129279 -0.159003 -0.395477
v 0.130102 -0.154283 -0.396904
v 0.129477 -0.159058 -0.395544
v 0.130301 -0.154337 -0.396971
v 0.129666 -0.159118 -0.395632
v 0.130489 -0.154397 -0.397059
v 0.129843 -0.159181 -0.395740
v 0.130666 -0.154460 -0.397167
v 0.130006 -0.159248 -0.395867
v 0.130829 -0.154527 -0.397293
v 0.130152 -0.159317 -0.396010
v 0.130976 -0.154596 -0.397436
v 0.130282 -0.159387 -0.396169
v 0.131105 -0.154666 -0.397595
v 0.130392 -0.159459 -0.396341
v 0.131215 -0.154738 -0.397767
v 0.130482 -0.159530 -0.396525
v 0.131305 -0.154809 -0.397951
v 0.130550 -0.159600 -0.396718
v 0.131373 -0.154879 -0.398144
v 0.130596 -0.159669 -0.396918
v 0.131419 -0.154948 -0.398345
v 0.130619 -0.159735 -0.397123
v 0.131442 -0.155014 -0.398550
v 0.130619 -0.159797 -0.397331
v 0.131442 -0.155076 -0.398757
v 0.130596 -0.159856 -0.397538
v 0.131419 -0.155135 -0.398964
v 0.130550 -0.159910 -0.397742
v 0.131373 -0.155189 -0.399169
v 0.130482 -0.159958 -0.397942
v 0.131305 -0.155237 -0.399369
v 0.130392 -0.160000 -0.398135
v 0.131215 -0.155280 -0.399561
v 0.130282 -0.160037 -0.398318
v 0.131105 -0.155316 -0.399744
v 0.130152 -0.160066 -0.398489
v 0.130976 -0.155345 -0.399915
v 0.130006 -0.160088 -0.398647
v 0.130829 -0.155367 -0.400073
v 0.129843 -0.160102 -0.398789
v 0.130666 -0.155381 -0.400215
v 0.129666 -0.160109 -0.398913
v 0.130489 -0.155388 -0.400340
v 0.129477 -0.160108 -0.399020
v 0.130301 -0.155387 -0.400446
v 0.129279 -0.160100 -0.399106
v 0.130102 -0.155379 -0.400532
v 0.129073 -0.160084 -0.399171
v 0.129897 -0.155363 -0.400598
v 0.128862 -0.160060 -0.399215
v 0.129686 -0.155339 -0.400641
v 0.128649 -0.160029 -0.399237
v 0.129472 -0.155308 -0.400663
v 0.128436 -0.159992 -0.399236
v 0.129259 -0.155271 -0.400662
v 0.128225 -0.159948 -0.399212
v 0.129048 -0.155227 -0.400639
v 0.128019 -0.159898 -0.399167
v 0.128843 -0.155177 -0.400593
v 0.127821 -0.159844 -0.399100
v 0.128644 -0.155123 -0.400526
v 0.127632 -0.159784 -0.399012
v 0.128455 -0.155063 -0.400438
v 0.127455 -0.159721 -0.398904
v 0.128279 -0.155000 -0.400330
v 0.127292 -0.159654 -0.398778
v 0.128116 -0.154933 -0.400204
v 0.127145 -0.159585 -0.398634
v 0.127969 -0.154864 -0.400060
v 0.127016 -0.159515 -0.398475
v 0.127840 -0.154794 -0.399902
v 0.126906 -0.159443 -0.398303
v 0.127730 -0.154722 -0.399729
v 0.126816 -0.159372 -0.398119
v 0.127640 -0.154651 -0.399546
v 0.126748 -0.159302 -0.397926
v 0.127572 -0.154581 -0.399352
v 0.126702 -0.159233 -0.397726
v 0.127526 -0.154512 -0.399152
v 0.126679 -0.159167 -0.397521
v 0.127503 -0.154446 -0.398947
v 0.126679 -0.159105 -0.397314
v 0.127503 -0.154384 -0.398740
v 0.126702 -0.159046 -0.397106
v 0.127526 -0.154325 -0.398533
v 0.126748 -0.158992 -0.396902
v 0.127572 -0.154271 -0.398328
v 0.126816 -0.158944 -0.396702
v 0.127640 -0.154223 -0.398128
v 0.126906 -0.158901 -0.396509
v 0.127730 -0.154180 -0.397936
v 0.127016 -0.158865 -0.396327
v 0.127840 -0.154144 -0.397753
v 0.127145 -0.158836 -0.396155
v 0.127969 -0.154115 -0.397582
v 0.127292 -0.158814 -0.395998
v 0.128116 -0.154093 -0.397424
v 0.127455 -0.158800 -0.395856
v 0.128279 -0.154079 -0.397282
v 0.127632 -0.158793 -0.395731
v 0.128455 -0.154072 -0.397157
v 0.127821 -0.158794 -0.395625
v 0.128644 -0.154073 -0.397051
v 0.128019 -0.158802 -0.395538
v 0.128843 -0.154081 -0.396965
v 0.128225 -0.158818 -0.395473
v 0.129048 -0.154097 -0.396899
v 0.128436 -0.158842 -0.395429
v 0.129259 -0.154121 -0.396855
v 0.199292 -0.158896 -0.354700
v 0.200116 -0.154175 -0.356126
v 0.199505 -0.158934 -0.354701
v 0.200329 -0.154213 -0.356127
v 0.199716 -0.158977 -0.354724
v 0.200540 -0.154257 -0.356151
v 0.199922 -0.159027 -0.354770
v 0.200745 -0.154306 -0.356196
v 0.200120 -0.159082 -0.354837
v 0.200944 -0.154361 -0.356263
v 0.200309 -0.159142 -0.354925
v 0.201133 -0.154421 -0.356351
v 0.200486 -0.159205 -0.355033
v 0.201309 -0.154484 -0.356459
v 0.200649 -0.159272 -0.355159
v 0.201472 -0.154551 -0.356585
v 0.200796 -0.159340 -0.355303
v 0.201619 -0.154620 -0.356729
v 0.200925 -0.159411 -0.355461
v 0.201748 -0.154690 -0.356888
v 0.201035 -0.159482 -0.355634
v 0.201858 -0.154761 -0.357060
v 0.201125 -0.159553 -0.355817
v 0.201948 -0.154832 -0.357244
v 0.201193 -0.159624 -0.356011
v 0.202016 -0.154903 -0.357437
v 0.201239 -0.159692 -0.356211
v 0.202062 -0.154971 -0.357637
v 0.201262 -0.159758 -0.356416
v 0.202085 -0.155037 -0.357842
v 0.201262 -0.159821 -0.356623
v 0.202085 -0.155100 -0.358049
v 0.201239 -0.159879 -0.356830
v 0.202062 -0.155158 -0.358257
v 0.201193 -0.159933 -0.357035
v 0.202016 -0.155212 -0.358461
v 0.201125 -0.159982 -0.357235
v 0.201948 -0.155261 -0.358661
v 0.201035 -0.160024 -0.357427
v 0.201858 -0.155303 -0.358854
v 0.200925 -0.160060 -0.357610
v 0.201748 -0.155339 -0.359036
v 0.200796 -0.160089 -0.357781
v 0.201619 -0.155368 -0.359208
v 0.200649 -0.160111 -0.357939
v 0.201472 -0.155390 -0.359365
v 0.200486 -0.160126 -0.358081
v 0.201309 -0.155405 -0.359507
v 0.200309 -0.160133 -0.358206
v 0.201133 -0.155412 -0.359632
v 0.200120 -0.160132 -0.358312
v 0.200944 -0.155411 -0.359738
v 0.199922 -0.160123 -0.358398
v 0.200745 -0.155402 -0.359825
v 0.199716 -0.160107 -0.358464
v 0.200540 -0.155386 -0.359890
v 0.199505 -0.160084 -0.358508
v 0.200329 -0.155363 -0.359934
v 0.199292 -0.160053 -0.358529
v 0.200116 -0.155332 -0.359955
v 0.199079 -0.160016 -0.358528
v 0.199902 -0.155295 -0.359955
v 0.198868 -0.159972 -0.358505
v 0.199691 -0.155251 -0.359931
v 0.198662 -0.159922 -0.358459
v 0.199486 -0.155201 -0.359886
v 0.198464 -0.159867 -0.358392
v 0.199287 -0.155146 -0.359818
v 0.198275 -0.159808 -0.358304
v 0.199098 -0.155087 -0.359731
v 0.198098 -0.159744 -0.358196
v 0.198922 -0.155023 -0.359623
v 0.197935 -0.159678 -0.358070
v 0.198759 -0.154957 -0.359496
v 0.197789 -0.159609 -0.357927
v 0.198612 -0.154888 -0.359353
v 0.197659 -0.159538 -0.357768
v 0.198483 -0.154817 -0.359194
v 0.197549 -0.159467 -0.357596
v 0.198373 -0.154746 -0.359022
v 0.197459 -0.159396 -0.357412
v 0.198283 -0.154675 -0.358838
v 0.197391 -0.159326 -0.357219
v 0.198215 -0.154605 -0.358645
v 0.197345 -0.159257 -0.357018
v 0.198169 -0.154536 -0.358445
v 0.197322 -0.159191 -0.356813
v 0.198146 -0.154470 -0.358240
v 0.197322 -0.159128 -0.356606
v 0.198146 -0.154407 -0.358032
v 0.197345 -0.159070 -0.356399
v 0.198169 -0.154349 -0.357825
v 0.197391 -0.159016 -0.356194
v 0.198215 -0.154295 -0.357621
v 0.197459 -0.158968 -0.355994
v 0.198283 -0.154247 -0.357421
v 0.197549 -0.158925 -0.355802
v 0.198373 -0.154204 -0.357228
v 0.197659 -0.158889 -0.355619
v 0.198483 -0.154168 -0.357045
v 0.197789 -0.158860 -0.355448
v 0.198612 -0.154139 -0.356874
v 0.197935 -0.158838 -0.355290
v 0.198759 -0.154117 -0.356717
v 0.198098 -0.158823 -0.355148
v 0.198922 -0.154102 -0.356574
v 0.198275 -0.158816 -0.355023
v 0.199098 -0.154095 -0.356450
v 0.198464 -0.158817 -0.354917
v 0.199287 -0.154096 -0.356343
v 0.198662 -0.158826 -0.354831
v 0.199486 -0.154105 -0.356257
v 0.198868 -0.158842 -0.354765
v 0.199691 -0.154121 -0.356192
v 0.199079 -0.158865 -0.354722
v 0.199902 -0.154145 -0.356148
v 0.213506 -0.160506 -0.217576
v 0.215164 -0.155789 -0.217576
v 0.213495 -0.160502 -0.217792
v 0.215153 -0.155785 -0.217792
v 0.213462 -0.160491 -0.218006
v 0.215120 -0.155774 -0.218006
v 0.213408 -0.160472 -0.218215
v 0.215065 -0.155754 -0.218215
v 0.213332 -0.160445 -0.218416
v 0.214990 -0.155728 -0.218416
v 0.213236 -0.160411 -0.218607
v 0.214894 -0.155694 -0.218607
v 0.213122 -0.160371 -0.218786
v 0.214779 -0.155654 -0.218786
v 0.212989 -0.160325 -0.218952
v 0.214647 -0.155607 -0.218952
v 0.212841 -0.160273 -0.219100
v 0.214499 -0.155555 -0.219100
v 0.212678 -0.160215 -0.219232
v 0.214336 -0.155498 -0.219232
v 0.212503 -0.160154 -0.219343
v 0.214161 -0.155437 -0.219343
v 0.212318 -0.160089 -0.219434
v 0.213976 -0.155372 -0.219434
v 0.212124 -0.160021 -0.219503
v 0.213782 -0.155303 -0.219503
v 0.211925 -0.159951 -0.219550
v 0.213583 -0.155233 -0.219550
v 0.211722 -0.159879 -0.219573
v 0.213379 -0.155162 -0.219573
v 0.211517 -0.159807 -0.219573
v 0.213175 -0.155090 -0.219573
v 0.211314 -0.159736 -0.219550
v 0.212972 -0.155019 -0.219550
v 0.211115 -0.159666 -0.219503
v 0.212772 -0.154949 -0.219503
v 0.210921 -0.159598 -0.219434
v 0.212579 -0.154881 -0.219434
v 0.210736 -0.159533 -0.219343
v 0.212393 -0.154815 -0.219343
v 0.210561 -0.159471 -0.219232
v 0.212218 -0.154754 -0.219232
v 0.210398 -0.159414 -0.219100
v 0.212056 -0.154697 -0.219100
v 0.210250 -0.159362 -0.218952
v 0.211907 -0.154645 -0.218952
v 0.210117 -0.159315 -0.218786
v 0.211775 -0.154598 -0.218786
v 0.210003 -0.159275 -0.218607
v 0.211660 -0.154558 -0.218607
v 0.209907 -0.159241 -0.218416
v 0.211565 -0.154524 -0.218416
v 0.209831 -0.159215 -0.218215
v 0.211489 -0.154498 -0.218215
v 0.209777 -0.159196 -0.218006
v 0.211434 -0.154478 -0.218006
v 0.209744 -0.159184 -0.217792
v 0.211401 -0.154467 -0.217792
v 0.209733 -0.159180 -0.217576
v 0.211390 -0.154463 -0.217576
v 0.209744 -0.159184 -0.217360
v 0.211401 -0.154467 -0.217360
v 0.209777 -0.159196 -0.217146
v 0.211434 -0.154478 -0.217146
v 0.209831 -0.159215 -0.216938
v 0.211489 -0.154498 -0.216938
v 0.209907 -0.159241 -0.216736
v 0.211565 -0.154524 -0.216736
v 0.210003 -0.159275 -0.216545
v 0.211660 -0.154558 -0.216545
v 0.210117 -0.159315 -0.216366
v 0.211775 -0.154598 -0.216366
v 0.210250 -0.159362 -0.216201
v 0.211907 -0.154645 -0.216201
v 0.210398 -0.159414 -0.216052
v 0.212056 -0.154697 -0.216052
v 0.210561 -0.159471 -0.215921
v 0.212218 -0.154754 -0.215921
v 0.210736 -0.159533 -0.215809
v 0.212393 -0.154815 -0.215809
v 0.210921 -0.159598 -0.215718
v 0.212579 -0.154881 -0.215718
v 0.211115 -0.159666 -0.215649
v 0.212772 -0.154949 -0.215649
v 0.211314 -0.159736 -0.215602
v 0.212972 -0.155019 -0.215602
v 0.211517 -0.159807 -0.215579
v 0.213175 -0.155090 -0.215579
v 0.211722 -0.159879 -0.215579
v 0.213379 -0.155162 -0.215579
v 0.211925 -0.159951 -0.215602
v 0.213583 -0.155233 -0.215602
v 0.212124 -0.160021 -0.215649
v 0.213782 -0.155303 -0.215649
v 0.212318 -0.160089 -0.215718
v 0.213976 -0.155372 -0.215718
v 0.212503 -0.160154 -0.215809
v 0.214161 -0.155437 -0.215809
v 0.212678 -0.160215 -0.215921
v 0.214336 -0.155498 -0.215921
v 0.212841 -0.160273 -0.216052
v 0.214499 -0.155555 -0.216052
v 0.212989 -0.160325 -0.216201
v 0.214647 -0.155607 -0.216201
v 0.213122 -0.160371 -0.216366
v 0.214779 -0.155654 -0.216366
v 0.213236 -0.160411 -0.216545
v 0.214894 -0.155694 -0.216545
v 0.213332 -0.160445 -0.216736
v 0.214990 -0.155728 -0.216736
v 0.213408 -0.160472 -0.216938
v 0.215065 -0.155754 -0.216938
v 0.213462 -0.160491 -0.217146
v 0.215120 -0.155774 -0.217146
v 0.213495 -0.160502 -0.217360
v 0.215153 -0.155785 -0.217360
v 0.155093 -0.139978 -0.309881
v 0.156751 -0.135261 -0.309881
v 0.155082 -0.139974 -0.310097
v 0.156740 -0.135257 -0.310097
v 0.155049 -0.139963 -0.310311
v 0.156707 -0.135245 -0.310311
v 0.154994 -0.139943 -0.310520
v 0.156652 -0.135226 -0.310520
v 0.154919 -0.139917 -0.310721
v 0.156576 -0.135200 -0.310721
v 0.154823 -0.139883 -0.310912
v 0.156481 -0.135166 -0.310912
v 0.154708 -0.139843 -0.311091
v 0.156366 -0.135126 -0.311091
v 0.154576 -0.139796 -0.311256
v 0.156234 -0.135079 -0.311256
v 0.154428 -0.139744 -0.311405
v 0.156085 -0.135027 -0.311405
v 0.154265 -0.139687 -0.311536
v 0.155923 -0.134970 -0.311536
v 0.154090 -0.139626 -0.311648
v 0.155748 -0.134908 -0.311648
v 0.153905 -0.139560 -0.311739
v 0.155562 -0.134843 -0.311739
v 0.153711 -0.139492 -0.311808
v 0.155369 -0.134775 -0.311808
v 0.153511 -0.139422 -0.311855
v 0.155169 -0.134705 -0.311855
v 0.153308 -0.139351 -0.311878
v 0.154966 -0.134634 -0.311878
v 0.153104 -0.139279 -0.311878
v 0.154762 -0.134562 -0.311878
v 0.152901 -0.139208 -0.311855
v 0.154559 -0.134491 -0.311855
v 0.152701 -0.139138 -0.311808
v 0.154359 -0.134420 -0.311808
v 0.152508 -0.139070 -0.311739
v 0.154165 -0.134352 -0.311739
v 0.152322 -0.139004 -0.311648
v 0.153980 -0.134287 -0.311648
v 0.152147 -0.138943 -0.311536
v 0.153805 -0.134226 -0.311536
v 0.151985 -0.138886 -0.311405
v 0.153642 -0.134169 -0.311405
v 0.151836 -0.138834 -0.311256
v 0.153494 -0.134116 -0.311256
v 0.151704 -0.138787 -0.311091
v 0.153362 -0.134070 -0.311091
v 0.151589 -0.138747 -0.310912
v 0.153247 -0.134030 -0.310912
v 0.151494 -0.138713 -0.310721
v 0.153151 -0.133996 -0.310721
v 0.151418 -0.138687 -0.310520
v 0.153076 -0.133969 -0.310520
v 0.151363 -0.138667 -0.310311
v 0.153021 -0.133950 -0.310311
v 0.151330 -0.138656 -0.310097
v 0.152988 -0.133939 -0.310097
v 0.151319 -0.138652 -0.309881
v 0.152977 -0.133935 -0.309881
v 0.151330 -0.138656 -0.309665
v 0.152988 -0.133939 -0.309665
v 0.151363 -0.138667 -0.309451
v 0.153021 -0.133950 -0.309451
v 0.151418 -0.138687 -0.309242
v 0.153076 -0.133969 -0.309242
v 0.151494 -0.138713 -0.309041
v 0.153151 -0.133996 -0.309041
v 0.151589 -0.138747 -0.308850
v 0.153247 -0.134030 -0.308850
v 0.151704 -0.138787 -0.308671
v 0.153362 -0.134070 -0.308671
v 0.151836 -0.138834 -0.308506
v 0.153494 -0.134116 -0.308506
v 0.151985 -0.138886 -0.308357
v 0.153642 -0.134169 -0.308357
v 0.152147 -0.138943 -0.308226
v 0.153805 -0.134226 -0.308226
v 0.152322 -0.139004 -0.308114
v 0.153980 -0.134287 -0.308114
v 0.152508 -0.139070 -0.308023
v 0.154165 -0.134352 -0.308023
v 0.152701 -0.139138 -0.307954
v 0.154359 -0.134420 -0.307954
v 0.152901 -0.139208 -0.307907
v 0.154559 -0.134491 -0.307907
v 0.153104 -0.139279 -0.307884
v 0.154762 -0.134562 -0.307884
v 0.153308 -0.139351 -0.307884
v 0.154966 -0.134634 -0.307884
v 0.153511 -0.139422 -0.307907
v 0.155169 -0.134705 -0.307907
v 0.153711 -0.139492 -0.307954
v 0.155369 -0.134775 -0.307954
v 0.153905 -0.139560 -0.308023
v 0.155562 -0.134843 -0.308023
v 0.154090 -0.139626 -0.308114
v 0.155748 -0.134908 -0.308114
v 0.154265 -0.139687 -0.308226
v 0.155923 -0.134970 -0.308226
v 0.154428 -0.139744 -0.308357
v 0.156085 -0.135027 -0.308357
v 0.154576 -0.139796 -0.308506
v 0.156234 -0.135079 -0.308506
v 0.154708 -0.139843 -0.308671
v 0.156366 -0.135126 -0.308671
v 0.154823 -0.139883 -0.308850
v 0.156481 -0.135166 -0.308850
v 0.154919 -0.139917 -0.309041
v 0.156576 -0.135200 -0.309041
v 0.154994 -0.139943 -0.309242
v 0.156652 -0.135226 -0.309242
v 0.155049 -0.139963 -0.309451
v 0.156707 -0.135245 -0.309451
v 0.155082 -0.139974 -0.309665
v 0.156740 -0.135257 -0.309665
v 0.155093 -0.139978 -0.279113
v 0.156751 -0.135261 -0.279113
v 0.155082 -0.139974 -0.279329
v 0.156740 -0.135257 -0.279329
v 0.155049 -0.139963 -0.279543
v 0.156707 -0.135245 -0.279543
v 0.154994 -0.139943 -0.279751
v 0.156652 -0.135226 -0.279751
v 0.154919 -0.139917 -0.279952
v 0.156576 -0.135200 -0.279952
v 0.154823 -0.139883 -0.280144
v 0.156481 -0.135166 -0.280144
v 0.154708 -0.139843 -0.280323
v 0.156366 -0.135126 -0.280323
v 0.154576 -0.139796 -0.280488
v 0.156234 -0.135079 -0.280488
v 0.154428 -0.139744 -0.280637
v 0.156085 -0.135027 -0.280637
v 0.154265 -0.139687 -0.280768
v 0.155923 -0.134970 -0.280768
v 0.154090 -0.139626 -0.280880
v 0.155748 -0.134908 -0.280880
v 0.153905 -0.139560 -0.280971
v 0.155562 -0.134843 -0.280971
v 0.153711 -0.139492 -0.281040
v 0.155369 -0.134775 -0.281040
v 0.153511 -0.139422 -0.281086
v 0.155169 -0.134705 -0.281086
v 0.153308 -0.139351 -0.281110
v 0.154966 -0.134634 -0.281110
v 0.153104 -0.139279 -0.281110
v 0.154762 -0.134562 -0.281110
v 0.152901 -0.139208 -0.281086
v 0.154559 -0.134491 -0.281086
v 0.152701 -0.139138 -0.281040
v 0.154359 -0.134420 -0.281040
v 0.152508 -0.139070 -0.280971
v 0.154165 -0.134352 -0.280971
v 0.152322 -0.139004 -0.280880
v 0.153980 -0.134287 -0.280880
v 0.152147 -0.138943 -0.280768
v 0.153805 -0.134226 -0.280768
v 0.151985 -0.138886 -0.280637
v 0.153642 -0.134169 -0.280637
v 0.151836 -0.138834 -0.280488
v 0.153494 -0.134116 -0.280488
v 0.151704 -0.138787 -0.280323
v 0.153362 -0.134070 -0.280323
v 0.151589 -0.138747 -0.280144
v 0.153247 -0.134030 -0.280144
v 0.151494 -0.138713 -0.279952
v 0.153151 -0.133996 -0.279952
v 0.151418 -0.138687 -0.279751
v 0.153076 -0.133969 -0.279751
v 0.151363 -0.138667 -0.279543
v 0.153021 -0.133950 -0.279543
v 0.151330 -0.138656 -0.279329
v 0.152988 -0.133939 -0.279329
v 0.151319 -0.138652 -0.279113
v 0.152977 -0.133935 -0.279113
v 0.151330 -0.138656 -0.278896
v 0.152988 -0.133939 -0.278896
v 0.151363 -0.138667 -0.278683
v 0.153021 -0.133950 -0.278683
v 0.151418 -0.138687 -0.278474
v 0.153076 -0.133969 -0.278474
v 0.151494 -0.138713 -0.278273
v 0.153151 -0.133996 -0.278273
v 0.151589 -0.138747 -0.278082
v 0.153247 -0.134030 -0.278082
v 0.151704 -0.138787 -0.277902
v 0.153362 -0.134070 -0.277902
v 0.151836 -0.138834 -0.277737
v 0.153494 -0.134116 -0.277737
v 0.151985 -0.138886 -0.277588
v 0.153642 -0.134169 -0.277588
v 0.152147 -0.138943 -0.277457
v 0.153805 -0.134226 -0.277457
v 0.152322 -0.139004 -0.277346
v 0.153980 -0.134287 -0.277346
v 0.152508 -0.139070 -0.277255
v 0.154165 -0.134352 -0.277255
v 0.152701 -0.139138 -0.277186
v 0.154359 -0.134420 -0.277186
v 0.152901 -0.139208 -0.277139
v 0.154559 -0.134491 -0.277139
v 0.153104 -0.139279 -0.277116
v 0.154762 -0.134562 -0.277116
v 0.153308 -0.139351 -0.277116
v 0.154966 -0.134634 -0.277116
v 0.153511 -0.139422 -0.277139
v 0.155169 -0.134705 -0.277139
v 0.153711 -0.139492 -0.277186
v 0.155369 -0.134775 -0.277186
v 0.153905 -0.139560 -0.277255
v 0.155562 -0.134843 -0.277255
v 0.154090 -0.139626 -0.277346
v 0.155748 -0.134908 -0.277346
v 0.154265 -0.139687 -0.277457
v 0.155923 -0.134970 -0.277457
v 0.154428 -0.139744 -0.277588
v 0.156085 -0.135027 -0.277588
v 0.154576 -0.139796 -0.277737
v 0.156234 -0.135079 -0.277737
v 0.154708 -0.139843 -0.277902
v 0.156366 -0.135126 -0.277902
v 0.154823 -0.139883 -0.278082
v 0.156481 -0.135166 -0.278082
v 0.154919 -0.139917 -0.278273
v 0.156576 -0.135200 -0.278273
v 0.154994 -0.139943 -0.278474
v 0.156652 -0.135226 -0.278474
v 0.155049 -0.139963 -0.278683
v 0.156707 -0.135245 -0.278683
v 0.155082 -0.139974 -0.278896
v 0.156740 -0.135257 -0.278896
v 0.155093 -0.139978 -0.248344
v 0.156751 -0.135261 -0.248344
v 0.155082 -0.139974 -0.248561
v 0.156740 -0.135257 -0.248561
v 0.155049 -0.139963 -0.248774
v 0.156707 -0.135245 -0.248774
v 0.154994 -0.139943 -0.248983
v 0.156652 -0.135226 -0.248983
v 0.154919 -0.139917 -0.249184
v 0.156576 -0.135200 -0.249184
v 0.154823 -0.139883 -0.249376
v 0.156481 -0.135166 -0.249376
v 0.154708 -0.139843 -0.249555
v 0.156366 -0.135126 -0.249555
v 0.154576 -0.139796 -0.249720
v 0.156234 -0.135079 -0.249720
v 0.154428 -0.139744 -0.249869
v 0.156085 -0.135027 -0.249869
v 0.154265 -0.139687 -0.250000
v 0.155923 -0.134970 -0.250000
v 0.154090 -0.139626 -0.250111
v 0.155748 -0.134908 -0.250111
v 0.153905 -0.139560 -0.250202
v 0.155562 -0.134843 -0.250202
v 0.153711 -0.139492 -0.250271
v 0.155369 -0.134775 -0.250271
v 0.153511 -0.139422 -0.250318
v 0.155169 -0.134705 -0.250318
v 0.153308 -0.139351 -0.250341
v 0.154966 -0.134634 -0.250341
v 0.153104 -0.139279 -0.250341
v 0.154762 -0.134562 -0.250341
v 0.152901 -0.139208 -0.250318
v 0.154559 -0.134491 -0.250318
v 0.152701 -0.139138 -0.250271
v 0.154359 -0.134420 -0.250271
v 0.152508 -0.139070 -0.250202
v 0.154165 -0.134352 -0.250202
v 0.152322 -0.139004 -0.250111
v 0.153980 -0.134287 -0.250111
v 0.152147 -0.138943 -0.250000
v 0.153805 -0.134226 -0.250000
v 0.151985 -0.138886 -0.249869
v 0.153642 -0.134169 -0.249869
v 0.151836 -0.138834 -0.249720
v 0.153494 -0.134116 -0.249720
v 0.151704 -0.138787 -0.249555
v 0.153362 -0.134070 -0.249555
v 0.151589 -0.138747 -0.249376
v 0.153247 -0.134030 -0.249376
v 0.151494 -0.138713 -0.249184
v 0.153151 -0.133996 -0.249184
v 0.151418 -0.138687 -0.248983
v 0.153076 -0.133969 -0.248983
v 0.151363 -0.138667 -0.248774
v 0.153021 -0.133950 -0.248774
v 0.151330 -0.138656 -0.248561
v 0.152988 -0.133939 -0.248561
v 0.151319 -0.138652 -0.248344
v 0.152977 -0.133935 -0.248344
v 0.151330 -0.138656 -0.248128
v 0.152988 -0.133939 -0.248128
v 0.151363 -0.138667 -0.247914
v 0.153021 -0.133950 -0.247914
v 0.151418 -0.138687 -0.247706
v 0.153076 -0.133969 -0.247706
v 0.151494 -0.138713 -0.247505
v 0.153151 -0.133996 -0.247505
v 0.151589 -0.138747 -0.247313
v 0.153247 -0.134030 -0.247313
v 0.151704 -0.138787 -0.247134
v 0.153362 -0.134070 -0.247134
v 0.151836 -0.138834 -0.246969
v 0.153494 -0.134116 -0.246969
v 0.151985 -0.138886 -0.246820
v 0.153642 -0.134169 -0.246820
v 0.152147 -0.138943 -0.246689
v 0.153805 -0.134226 -0.246689
v 0.152322 -0.139004 -0.246577
v 0.153980 -0.134287 -0.246577
v 0.152508 -0.139070 -0.246486
v 0.154165 -0.134352 -0.246486
v 0.152701 -0.139138 -0.246417
v 0.154359 -0.134420 -0.246417
v 0.152901 -0.139208 -0.246371
v 0.154559 -0.134491 -0.246371
v 0.153104 -0.139279 -0.246347
v 0.154762 -0.134562 -0.246347
v 0.153308 -0.139351 -0.246347
v 0.154966 -0.134634 -0.246347
v 0.153511 -0.139422 -0.246371
v 0.155169 -0.134705 -0.246371
v 0.153711 -0.139492 -0.246417
v 0.155369 -0.134775 -0.246417
v 0.153905 -0.139560 -0.246486
v 0.155562 -0.134843 -0.246486
v 0.154090 -0.139626 -0.246577
v 0.155748 -0.134908 -0.246577
v 0.154265 -0.139687 -0.246689
v 0.155923 -0.134970 -0.246689
v 0.154428 -0.139744 -0.246820
v 0.156085 -0.135027 -0.246820
v 0.154576 -0.139796 -0.246969
v 0.156234 -0.135079 -0.246969
v 0.154708 -0.139843 -0.247134
v 0.156366 -0.135126 -0.247134
v 0.154823 -0.139883 -0.247313
v 0.156481 -0.135166 -0.247313
v 0.154919 -0.139917 -0.247505
v 0.156576 -0.135200 -0.247505
v 0.154994 -0.139943 -0.247706
v 0.156652 -0.135226 -0.247706
v 0.155049 -0.139963 -0.247914
v 0.156707 -0.135245 -0.247914
v 0.155082 -0.139974 -0.248128
v 0.156740 -0.135257 -0.248128
v 0.213506 -0.160506 -0.258390
v 0.215164 -0.155789 -0.258390
v 0.213495 -0.160502 -0.258607
v 0.215153 -0.155785 -0.258607
v 0.213462 -0.160491 -0.258820
v 0.215120 -0.155774 -0.258820
v 0.213408 -0.160472 -0.259029
v 0.215065 -0.155754 -0.259029
v 0.213332 -0.160445 -0.259230
v 0.214990 -0.155728 -0.259230
v 0.213236 -0.160411 -0.259421
v 0.214894 -0.155694 -0.259421
v 0.213122 -0.160371 -0.259601
v 0.214779 -0.155654 -0.259601
v 0.212989 -0.160325 -0.259766
v 0.214647 -0.155607 -0.259766
v 0.212841 -0.160273 -0.259915
v 0.214499 -0.155555 -0.259915
v 0.212678 -0.160215 -0.260046
v 0.214336 -0.155498 -0.260046
v 0.212503 -0.160154 -0.260157
v 0.214161 -0.155437 -0.260157
v 0.212318 -0.160089 -0.260248
v 0.213976 -0.155372 -0.260248
v 0.212124 -0.160021 -0.260317
v 0.213782 -0.155303 -0.260317
v 0.211925 -0.159951 -0.260364
v 0.213583 -0.155233 -0.260364
v 0.211722 -0.159879 -0.260387
v 0.213379 -0.155162 -0.260387
v 0.211517 -0.159807 -0.260387
v 0.213175 -0.155090 -0.260387
v 0.211314 -0.159736 -0.260364
v 0.212972 -0.155019 -0.260364
v 0.211115 -0.159666 -0.260317
v 0.212772 -0.154949 -0.260317
v 0.210921 -0.159598 -0.260248
v 0.212579 -0.154881 -0.260248
v 0.210736 -0.159533 -0.260157
v 0.212393 -0.154815 -0.260157
v 0.210561 -0.159471 -0.260046
v 0.212218 -0.154754 -0.260046
v 0.210398 -0.159414 -0.259915
v 0.212056 -0.154697 -0.259915
v 0.210250 -0.159362 -0.259766
v 0.211907 -0.154645 -0.259766
v 0.210117 -0.159315 -0.259601
v 0.211775 -0.154598 -0.259601
v 0.210003 -0.159275 -0.259421
v 0.211660 -0.154558 -0.259421
v 0.209907 -0.159241 -0.259230
v 0.211565 -0.154524 -0.259230
v 0.209831 -0.159215 -0.259029
v 0.211489 -0.154498 -0.259029
v 0.209777 -0.159196 -0.258820
v 0.211434 -0.154478 -0.258820
v 0.209744 -0.159184 -0.258607
v 0.211401 -0.154467 -0.258607
v 0.209733 -0.159180 -0.258390
v 0.211390 -0.154463 -0.258390
v 0.209744 -0.159184 -0.258174
v 0.211401 -0.154467 -0.258174
v 0.209777 -0.159196 -0.257960
v 0.211434 -0.154478 -0.257960
v 0.209831 -0.159215 -0.257752
v 0.211489 -0.154498 -0.257752
v 0.209907 -0.159241 -0.257551
v 0.211565 -0.154524 -0.257551
v 0.210003 -0.159275 -0.257359
v 0.211660 -0.154558 -0.257359
v 0.210117 -0.159315 -0.257180
v 0.211775 -0.154598 -0.257180
v 0.210250 -0.159362 -0.257015
v 0.211907 -0.154645 -0.257015
v 0.210398 -0.159414 -0.256866
v 0.212056 -0.154697 -0.256866
v 0.210561 -0.159471 -0.256735
v 0.212218 -0.154754 -0.256735
v 0.210736 -0.159533 -0.256623
v 0.212393 -0.154815 -0.256623
v 0.210921 -0.159598 -0.256532
v 0.212579 -0.154881 -0.256532
v 0.211115 -0.159666 -0.256463
v 0.212772 -0.154949 -0.256463
v 0.211314 -0.159736 -0.256417
v 0.212972 -0.155019 -0.256417
v 0.211517 -0.159807 -0.256393
v 0.213175 -0.155090 -0.256393
v 0.211722 -0.159879 -0.256393
v 0.213379 -0.155162 -0.256393
v 0.211925 -0.159951 -0.256417
v 0.213583 -0.155233 -0.256417
v 0.212124 -0.160021 -0.256463
v 0.213782 -0.155303 -0.256463
v 0.212318 -0.160089 -0.256532
v 0.213976 -0.155372 -0.256532
v 0.212503 -0.160154 -0.256623
v 0.214161 -0.155437 -0.256623
v 0.212678 -0.160215 -0.256735
v 0.214336 -0.155498 -0.256735
v 0.212841 -0.160273 -0.256866
v 0.214499 -0.155555 -0.256866
v 0.212989 -0.160325 -0.257015
v 0.214647 -0.155607 -0.257015
v 0.213122 -0.160371 -0.257180
v 0.214779 -0.155654 -0.257180
v 0.213236 -0.160411 -0.257359
v 0.214894 -0.155694 -0.257359
v 0.213332 -0.160445 -0.257551
v 0.214990 -0.155728 -0.257551
v 0.213408 -0.160472 -0.257752
v 0.215065 -0.155754 -0.257752
v 0.213462 -0.160491 -0.257960
v 0.215120 -0.155774 -0.257960
v 0.213495 -0.160502 -0.258174
v 0.215153 -0.155785 -0.258174
v 0.213506 -0.160506 -0.299204
v 0.215164 -0.155789 -0.299204
v 0.213495 -0.160502 -0.299421
v 0.215153 -0.155785 -0.299421
v 0.213462 -0.160491 -0.299634
v 0.215120 -0.155774 -0.299634
v 0.213408 -0.160472 -0.299843
v 0.215065 -0.155754 -0.299843
v 0.213332 -0.160445 -0.300044
v 0.214990 -0.155728 -0.300044
v 0.213236 -0.160411 -0.300236
v 0.214894 -0.155694 -0.300236
v 0.213122 -0.160371 -0.300415
v 0.214779 -0.155654 -0.300415
v 0.212989 -0.160325 -0.300580
v 0.214647 -0.155607 -0.300580
v 0.212841 -0.160273 -0.300729
v 0.214499 -0.155555 -0.300729
v 0.212678 -0.160215 -0.300860
v 0.214336 -0.155498 -0.300860
v 0.212503 -0.160154 -0.300971
v 0.214161 -0.155437 -0.300971
v 0.212318 -0.160089 -0.301062
v 0.213976 -0.155372 -0.301062
v 0.212124 -0.160021 -0.301132
v 0.213782 -0.155303 -0.301132
v 0.211925 -0.159951 -0.301178
v 0.213583 -0.155233 -0.301178
v 0.211722 -0.159879 -0.301201
v 0.213379 -0.155162 -0.301201
v 0.211517 -0.159807 -0.301201
v 0.213175 -0.155090 -0.301201
v 0.211314 -0.159736 -0.301178
v 0.212972 -0.155019 -0.301178
v 0.211115 -0.159666 -0.301132
v 0.212772 -0.154949 -0.301132
v 0.210921 -0.159598 -0.301062
v 0.212579 -0.154881 -0.301062
v 0.210736 -0.159533 -0.300971
v 0.212393 -0.154815 -0.300971
v 0.210561 -0.159471 -0.300860
v 0.212218 -0.154754 -0.300860
v 0.210398 -0.159414 -0.300729
v 0.212056 -0.154697 -0.300729
v 0.210250 -0.159362 -0.300580
v 0.211907 -0.154645 -0.300580
v 0.210117 -0.159315 -0.300415
v 0.211775 -0.154598 -0.300415
v 0.210003 -0.159275 -0.300236
v 0.211660 -0.154558 -0.300236
v 0.209907 -0.159241 -0.300044
v 0.211565 -0.154524 -0.300044
v 0.209831 -0.159215 -0.299843
v 0.211489 -0.154498 -0.299843
v 0.209777 -0.159196 -0.299634
v 0.211434 -0.154478 -0.299634
v 0.209744 -0.159184 -0.299421
v 0.211401 -0.154467 -0.299421
v 0.209733 -0.159180 -0.299204
v 0.211390 -0.154463 -0.299204
v 0.209744 -0.159184 -0.298988
v 0.211401 -0.154467 -0.298988
v 0.209777 -0.159196 -0.298774
v 0.211434 -0.154478 -0.298774
v 0.209831 -0.159215 -0.298566
v 0.211489 -0.154498 -0.298566
v 0.209907 -0.159241 -0.298365
v 0.211565 -0.154524 -0.298365
v 0.210003 -0.159275 -0.298173
v 0.211660 -0.154558 -0.298173
v 0.210117 -0.159315 -0.297994
v 0.211775 -0.154598 -0.297994
v 0.210250 -0.159362 -0.297829
v 0.211907 -0.154645 -0.297829
v 0.210398 -0.159414 -0.297680
v 0.212056 -0.154697 -0.297680
v 0.210561 -0.159471 -0.297549
v 0.212218 -0.154754 -0.297549
v 0.210736 -0.159533 -0.297437
v 0.212393 -0.154815 -0.297437
v 0.210921 -0.159598 -0.297346
v 0.212579 -0.154881 -0.297346
v 0.211115 -0.159666 -0.297277
v 0.212772 -0.154949 -0.297277
v 0.211314 -0.159736 -0.297231
v 0.212972 -0.155019 -0.297231
v 0.211517 -0.159807 -0.297207
v 0.213175 -0.155090 -0.297207
v 0.211722 -0.159879 -0.297207
v 0.213379 -0.155162 -0.297207
v 0.211925 -0.159951 -0.297231
v 0.213583 -0.155233 -0.297231
v 0.212124 -0.160021 -0.297277
v 0.213782 -0.155303 -0.297277
v 0.212318 -0.160089 -0.297346
v 0.213976 -0.155372 -0.297346
v 0.212503 -0.160154 -0.297437
v 0.214161 -0.155437 -0.297437
v 0.212678 -0.160215 -0.297549
v 0.214336 -0.155498 -0.297549
v 0.212841 -0.160273 -0.297680
v 0.214499 -0.155555 -0.297680
v 0.212989 -0.160325 -0.297829
v 0.214647 -0.155607 -0.297829
v 0.213122 -0.160371 -0.297994
v 0.214779 -0.155654 -0.297994
v 0.213236 -0.160411 -0.298173
v 0.214894 -0.155694 -0.298173
v 0.213332 -0.160445 -0.298365
v 0.214990 -0.155728 -0.298365
v 0.213408 -0.160472 -0.298566
v 0.215065 -0.155754 -0.298566
v 0.213462 -0.160491 -0.298774
v 0.215120 -0.155774 -0.298774
v 0.213495 -0.160502 -0.298988
v 0.215153 -0.155785 -0.298988
v 0.213506 -0.160506 -0.340019
v 0.215164 -0.155789 -0.340019
v 0.213495 -0.160502 -0.340235
v 0.215153 -0.155785 -0.340235
v 0.213462 -0.160491 -0.340449
v 0.215120 -0.155774 -0.340449
v 0.213408 -0.160472 -0.340657
v 0.215065 -0.155754 -0.340657
v 0.213332 -0.160445 -0.340858
v 0.214990 -0.155728 -0.340858
v 0.213236 -0.160411 -0.341050
v 0.214894 -0.155694 -0.341050
v 0.213122 -0.160371 -0.341229
v 0.214779 -0.155654 -0.341229
v 0.212989 -0.160325 -0.341394
v 0.214647 -0.155607 -0.341394
v 0.212841 -0.160273 -0.341543
v 0.214499 -0.155555 -0.341543
v 0.212678 -0.160215 -0.341674
v 0.214336 -0.155498 -0.341674
v 0.212503 -0.160154 -0.341786
v 0.214161 -0.155437 -0.341786
v 0.212318 -0.160089 -0.341877
v 0.213976 -0.155372 -0.341877
v 0.212124 -0.160021 -0.341946
v 0.213782 -0.155303 -0.341946
v 0.211925 -0.159951 -0.341992
v 0.213583 -0.155233 -0.341992
v 0.211722 -0.159879 -0.342016
v 0.213379 -0.155162 -0.342016
v 0.211517 -0.159807 -0.342016
v 0.213175 -0.155090 -0.342016
v 0.211314 -0.159736 -0.341992
v 0.212972 -0.155019 -0.341992
v 0.211115 -0.159666 -0.341946
v 0.212772 -0.154949 -0.341946
v 0.210921 -0.159598 -0.341877
v 0.212579 -0.154881 -0.341877
v 0.210736 -0.159533 -0.341786
v 0.212393 -0.154815 -0.341786
v 0.210561 -0.159471 -0.341674
v 0.212218 -0.154754 -0.341674
v 0.210398 -0.159414 -0.341543
v 0.212056 -0.154697 -0.341543
v 0.210250 -0.159362 -0.341394
v 0.211907 -0.154645 -0.341394
v 0.210117 -0.159315 -0.341229
v 0.211775 -0.154598 -0.341229
v 0.210003 -0.159275 -0.341050
v 0.211660 -0.154558 -0.341050
v 0.209907 -0.159241 -0.340858
v 0.211565 -0.154524 -0.340858
v 0.209831 -0.159215 -0.340657
v 0.211489 -0.154498 -0.340657
v 0.209777 -0.159196 -0.340449
v 0.211434 -0.154478 -0.340449
v 0.209744 -0.159184 -0.340235
v 0.211401 -0.154467 -0.340235
v 0.209733 -0.159180 -0.340019
v 0.211390 -0.154463 -0.340019
v 0.209744 -0.159184 -0.339802
v 0.211401 -0.154467 -0.339802
v 0.209777 -0.159196 -0.339589
v 0.211434 -0.154478 -0.339589
v 0.209831 -0.159215 -0.339380
v 0.211489 -0.154498 -0.339380
v 0.209907 -0.159241 -0.339179
v 0.211565 -0.154524 -0.339179
v 0.210003 -0.159275 -0.338987
v 0.211660 -0.154558 -0.338987
v 0.210117 -0.159315 -0.338808
v 0.211775 -0.154598 -0.338808
v 0.210250 -0.159362 -0.338643
v 0.211907 -0.154645 -0.338643
v 0.210398 -0.159414 -0.338494
v 0.212056 -0.154697 -0.338494
v 0.210561 -0.159471 -0.338363
v 0.212218 -0.154754 -0.338363
v 0.210736 -0.159533 -0.338252
v 0.212393 -0.154815 -0.338252
v 0.210921 -0.159598 -0.338161
v 0.212579 -0.154881 -0.338161
v 0.211115 -0.159666 -0.338091
v 0.212772 -0.154949 -0.338091
v 0.211314 -0.159736 -0.338045
v 0.212972 -0.155019 -0.338045
v 0.211517 -0.159807 -0.338022
v 0.213175 -0.155090 -0.338022
v 0.211722 -0.159879 -0.338022
v 0.213379 -0.155162 -0.338022
v 0.211925 -0.159951 -0.338045
v 0.213583 -0.155233 -0.338045
v 0.212124 -0.160021 -0.338091
v 0.213782 -0.155303 -0.338091
v 0.212318 -0.160089 -0.338161
v 0.213976 -0.155372 -0.338161
v 0.212503 -0.160154 -0.338252
v 0.214161 -0.155437 -0.338252
v 0.212678 -0.160215 -0.338363
v 0.214336 -0.155498 -0.338363
v 0.212841 -0.160273 -0.338494
v 0.214499 -0.155555 -0.338494
v 0.212989 -0.160325 -0.338643
v 0.214647 -0.155607 -0.338643
v 0.213122 -0.160371 -0.338808
v 0.214779 -0.155654 -0.338808
v 0.213236 -0.160411 -0.338987
v 0.214894 -0.155694 -0.338987
v 0.213332 -0.160445 -0.339179
v 0.214990 -0.155728 -0.339179
v 0.213408 -0.160472 -0.339380
v 0.215065 -0.155754 -0.339380
v 0.213462 -0.160491 -0.339589
v 0.215120 -0.155774 -0.339589
v 0.213495 -0.160502 -0.339802
v 0.215153 -0.155785 -0.339802
v 0.155093 -0.139978 -0.217576
v 0.156751 -0.135261 -0.217576
v 0.155082 -0.139974 -0.217792
v 0.156740 -0.135257 -0.217792
v 0.155049 -0.139963 -0.218006
v 0.156707 -0.135245 -0.218006
v 0.154994 -0.139943 -0.218215
v 0.156652 -0.135226 -0.218215
v 0.154919 -0.139917 -0.218416
v 0.156576 -0.135200 -0.218416
v 0.154823 -0.139883 -0.218607
v 0.156481 -0.135166 -0.218607
v 0.154708 -0.139843 -0.218786
v 0.156366 -0.135126 -0.218786
v 0.154576 -0.139796 -0.218952
v 0.156234 -0.135079 -0.218952
v 0.154428 -0.139744 -0.219100
v 0.156085 -0.135027 -0.219100
v 0.154265 -0.139687 -0.219232
v 0.155923 -0.134970 -0.219232
v 0.154090 -0.139626 -0.219343
v 0.155748 -0.134908 -0.219343
v 0.153905 -0.139560 -0.219434
v 0.155562 -0.134843 -0.219434
v 0.153711 -0.139492 -0.219503
v 0.155369 -0.134775 -0.219503
v 0.153511 -0.139422 -0.219550
v 0.155169 -0.134705 -0.219550
v 0.153308 -0.139351 -0.219573
v 0.154966 -0.134634 -0.219573
v 0.153104 -0.139279 -0.219573
v 0.154762 -0.134562 -0.219573
v 0.152901 -0.139208 -0.219550
v 0.154559 -0.134491 -0.219550
v 0.152701 -0.139138 -0.219503
v 0.154359 -0.134420 -0.219503
v 0.152508 -0.139070 -0.219434
v 0.154165 -0.134352 -0.219434
v 0.152322 -0.139004 -0.219343
v 0.153980 -0.134287 -0.219343
v 0.152147 -0.138943 -0.219232
v 0.153805 -0.134226 -0.219232
v 0.151985 -0.138886 -0.219100
v 0.153642 -0.134169 -0.219100
v 0.151836 -0.138834 -0.218952
v 0.153494 -0.134116 -0.218952
v 0.151704 -0.138787 -0.218786
v 0.153362 -0.134070 -0.218786
v 0.151589 -0.138747 -0.218607
v 0.153247 -0.134030 -0.218607
v 0.151494 -0.138713 -0.218416
v 0.153151 -0.133996 -0.218416
v 0.151418 -0.138687 -0.218215
v 0.153076 -0.133969 -0.218215
v 0.151363 -0.138667 -0.218006
v 0.153021 -0.133950 -0.218006
v 0.151330 -0.138656 -0.217792
v 0.152988 -0.133939 -0.217792
v 0.151319 -0.138652 -0.217576
v 0.152977 -0.133935 -0.217576
v 0.151330 -0.138656 -0.217360
v 0.152988 -0.133939 -0.217360
v 0.151363 -0.138667 -0.217146
v 0.153021 -0.133950 -0.217146
v 0.151418 -0.138687 -0.216938
v 0.153076 -0.133969 -0.216938
v 0.151494 -0.138713 -0.216736
v 0.153151 -0.133996 -0.216736
v 0.151589 -0.138747 -0.216545
v 0.153247 -0.134030 -0.216545
v 0.151704 -0.138787 -0.216366
v 0.153362 -0.134070 -0.216366
v 0.151836 -0.138834 -0.216201
v 0.153494 -0.134116 -0.216201
v 0.151985 -0.138886 -0.216052
v 0.153642 -0.134169 -0.216052
v 0.152147 -0.138943 -0.215921
v 0.153805 -0.134226 -0.215921
v 0.152322 -0.139004 -0.215809
v 0.153980 -0.134287 -0.215809
v 0.152508 -0.139070 -0.215718
v 0.154165 -0.134352 -0.215718
v 0.152701 -0.139138 -0.215649
v 0.154359 -0.134420 -0.215649
v 0.152901 -0.139208 -0.215602
v 0.154559 -0.134491 -0.215602
v 0.153104 -0.139279 -0.215579
v 0.154762 -0.134562 -0.215579
v 0.153308 -0.139351 -0.215579
v 0.154966 -0.134634 -0.215579
v 0.153511 -0.139422 -0.215602
v 0.155169 -0.134705 -0.215602
v 0.153711 -0.139492 -0.215649
v 0.155369 -0.134775 -0.215649
v 0.153905 -0.139560 -0.215718
v 0.155562 -0.134843 -0.215718
v 0.154090 -0.139626 -0.215809
v 0.155748 -0.134908 -0.215809
v 0.154265 -0.139687 -0.215921
v 0.155923 -0.134970 -0.215921
v 0.154428 -0.139744 -0.216052
v 0.156085 -0.135027 -0.216052
v 0.154576 -0.139796 -0.216201
v 0.156234 -0.135079 -0.216201
v 0.154708 -0.139843 -0.216366
v 0.156366 -0.135126 -0.216366
v 0.154823 -0.139883 -0.216545
v 0.156481 -0.135166 -0.216545
v 0.154919 -0.139917 -0.216736
v 0.156576 -0.135200 -0.216736
v 0.154994 -0.139943 -0.216938
v 0.156652 -0.135226 -0.216938
v 0.155049 -0.139963 -0.217146
v 0.156707 -0.135245 -0.217146
v 0.155082 -0.139974 -0.217360
v 0.156740 -0.135257 -0.217360
v -0.147694 -0.139617 -0.320680
v -0.148517 -0.134896 -0.322106
v -0.147481 -0.139587 -0.320702
v -0.148304 -0.134866 -0.322128
v -0.147270 -0.139563 -0.320745
v -0.148093 -0.134842 -0.322172
v -0.147064 -0.139547 -0.320811
v -0.147887 -0.134826 -0.322237
v -0.146866 -0.139538 -0.320897
v -0.147689 -0.134817 -0.322323
v -0.146677 -0.139538 -0.321003
v -0.147500 -0.134817 -0.322430
v -0.146500 -0.139545 -0.321128
v -0.147324 -0.134824 -0.322554
v -0.146337 -0.139559 -0.321270
v -0.147161 -0.134838 -0.322697
v -0.146190 -0.139581 -0.321428
v -0.147014 -0.134860 -0.322854
v -0.146061 -0.139610 -0.321599
v -0.146885 -0.134889 -0.323025
v -0.145951 -0.139646 -0.321782
v -0.146774 -0.134925 -0.323208
v -0.145861 -0.139689 -0.321975
v -0.146685 -0.134968 -0.323401
v -0.145793 -0.139737 -0.322174
v -0.146617 -0.135016 -0.323601
v -0.145747 -0.139791 -0.322379
v -0.146571 -0.135070 -0.323805
v -0.145724 -0.139850 -0.322586
v -0.146548 -0.135129 -0.324012
v -0.145724 -0.139912 -0.322793
v -0.146548 -0.135191 -0.324220
v -0.145747 -0.139978 -0.322998
v -0.146571 -0.135257 -0.324425
v -0.145793 -0.140047 -0.323199
v -0.146617 -0.135326 -0.324625
v -0.145861 -0.140117 -0.323392
v -0.146685 -0.135396 -0.324818
v -0.145951 -0.140188 -0.323576
v -0.146774 -0.135467 -0.325002
v -0.146061 -0.140259 -0.323748
v -0.146885 -0.135538 -0.325174
v -0.146190 -0.140330 -0.323907
v -0.147014 -0.135609 -0.325333
v -0.146337 -0.140399 -0.324050
v -0.147161 -0.135678 -0.325476
v -0.146500 -0.140465 -0.324176
v -0.147324 -0.135745 -0.325603
v -0.146677 -0.140529 -0.324284
v -0.147500 -0.135808 -0.325711
v -0.146866 -0.140588 -0.324372
v -0.147689 -0.135867 -0.325799
v -0.147064 -0.140643 -0.324439
v -0.147887 -0.135922 -0.325866
v -0.147270 -0.140693 -0.324485
v -0.148093 -0.135972 -0.325911
v -0.147481 -0.140737 -0.324508
v -0.148304 -0.136016 -0.325935
v -0.147694 -0.140774 -0.324509
v -0.148517 -0.136053 -0.325936
v -0.147907 -0.140805 -0.324488
v -0.148731 -0.136084 -0.325914
v -0.148118 -0.140829 -0.324444
v -0.148941 -0.136108 -0.325870
v -0.148324 -0.140845 -0.324379
v -0.149147 -0.136124 -0.325805
v -0.148522 -0.140853 -0.324292
v -0.149346 -0.136132 -0.325719
v -0.148711 -0.140854 -0.324186
v -0.149534 -0.136133 -0.325612
v -0.148888 -0.140847 -0.324061
v -0.149711 -0.136126 -0.325487
v -0.149051 -0.140833 -0.323919
v -0.149874 -0.136112 -0.325345
v -0.149197 -0.140811 -0.323761
v -0.150021 -0.136090 -0.325188
v -0.149327 -0.140781 -0.323590
v -0.150150 -0.136060 -0.325017
v -0.149437 -0.140745 -0.323407
v -0.150260 -0.136024 -0.324834
v -0.149526 -0.140703 -0.323215
v -0.150350 -0.135982 -0.324641
v -0.149595 -0.140654 -0.323015
v -0.150418 -0.135933 -0.324441
v -0.149641 -0.140601 -0.322810
v -0.150464 -0.135880 -0.324237
v -0.149664 -0.140542 -0.322603
v -0.150487 -0.135821 -0.324030
v -0.149664 -0.140479 -0.322396
v -0.150487 -0.135758 -0.323822
v -0.149641 -0.140413 -0.322191
v -0.150464 -0.135692 -0.323617
v -0.149595 -0.140345 -0.321991
v -0.150418 -0.135624 -0.323417
v -0.149526 -0.140275 -0.321798
v -0.150350 -0.135554 -0.323224
v -0.149437 -0.140203 -0.321614
v -0.150260 -0.135483 -0.323040
v -0.149327 -0.140132 -0.321441
v -0.150150 -0.135411 -0.322868
v -0.149197 -0.140062 -0.321283
v -0.150021 -0.135341 -0.322709
v -0.149051 -0.139993 -0.321139
v -0.149874 -0.135272 -0.322566
v -0.148888 -0.139926 -0.321013
v -0.149711 -0.135205 -0.322439
v -0.148711 -0.139863 -0.320905
v -0.149534 -0.135142 -0.322331
v -0.148522 -0.139803 -0.320817
v -0.149346 -0.135082 -0.322243
v -0.148324 -0.139748 -0.320750
v -0.149147 -0.135027 -0.322176
v -0.148118 -0.139699 -0.320704
v -0.148941 -0.134978 -0.322131
v -0.147907 -0.139655 -0.320681
v -0.148731 -0.134934 -0.322107
v -0.006158 -0.139293 -0.401323
v -0.006981 -0.134572 -0.402749
v -0.005944 -0.139262 -0.401345
v -0.006768 -0.134542 -0.402771
v -0.005734 -0.139239 -0.401388
v -0.006557 -0.134518 -0.402815
v -0.005528 -0.139223 -0.401454
v -0.006351 -0.134502 -0.402880
v -0.005329 -0.139214 -0.401540
v -0.006153 -0.134493 -0.402966
v -0.005141 -0.139213 -0.401646
v -0.005964 -0.134492 -0.403073
v -0.004964 -0.139220 -0.401771
v -0.005787 -0.134499 -0.403197
v -0.004801 -0.139235 -0.401913
v -0.005625 -0.134514 -0.403339
v -0.004654 -0.139257 -0.402071
v -0.005478 -0.134536 -0.403497
v -0.004525 -0.139286 -0.402242
v -0.005348 -0.134565 -0.403668
v -0.004415 -0.139322 -0.402425
v -0.005238 -0.134601 -0.403851
v -0.004325 -0.139365 -0.402617
v -0.005149 -0.134644 -0.404044
v -0.004257 -0.139413 -0.402817
v -0.005080 -0.134692 -0.404243
v -0.004211 -0.139467 -0.403022
v -0.005034 -0.134746 -0.404448
v -0.004188 -0.139525 -0.403229
v -0.005011 -0.134804 -0.404655
v -0.004188 -0.139588 -0.403436
v -0.005011 -0.134867 -0.404863
v -0.004211 -0.139654 -0.403641
v -0.005034 -0.134933 -0.405068
v -0.004257 -0.139723 -0.403842
v -0.005080 -0.135002 -0.405268
v -0.004325 -0.139793 -0.404035
v -0.005149 -0.135072 -0.405461
v -0.004415 -0.139864 -0.404218
v -0.005238 -0.135143 -0.405645
v -0.004525 -0.139935 -0.404391
v -0.005348 -0.135214 -0.405817
v -0.004654 -0.140006 -0.404550
v -0.005478 -0.135285 -0.405976
v -0.004801 -0.140075 -0.404693
v -0.005625 -0.135354 -0.406119
v -0.004964 -0.140141 -0.404819
v -0.005787 -0.135420 -0.406246
v -0.005141 -0.140205 -0.404927
v -0.005964 -0.135484 -0.406353
v -0.005329 -0.140264 -0.405015
v -0.006153 -0.135543 -0.406441
v -0.005528 -0.140319 -0.405082
v -0.006351 -0.135598 -0.406509
v -0.005734 -0.140369 -0.405128
v -0.006557 -0.135648 -0.406554
v -0.005944 -0.140413 -0.405151
v -0.006768 -0.135692 -0.406577
v -0.006158 -0.140450 -0.405152
v -0.006981 -0.135729 -0.406578
v -0.006371 -0.140481 -0.405131
v -0.007194 -0.135760 -0.406557
v -0.006582 -0.140504 -0.405087
v -0.007405 -0.135783 -0.406513
v -0.006788 -0.140520 -0.405021
v -0.007611 -0.135799 -0.406448
v -0.006986 -0.140529 -0.404935
v -0.007809 -0.135808 -0.406361
v -0.007175 -0.140530 -0.404829
v -0.007998 -0.135809 -0.406255
v -0.007351 -0.140523 -0.404704
v -0.008175 -0.135802 -0.406130
v -0.007514 -0.140508 -0.404562
v -0.008338 -0.135787 -0.405988
v -0.007661 -0.140486 -0.404404
v -0.008485 -0.135765 -0.405831
v -0.007790 -0.140457 -0.404233
v -0.008614 -0.135736 -0.405659
v -0.007901 -0.140421 -0.404050
v -0.008724 -0.135700 -0.405476
v -0.007990 -0.140379 -0.403858
v -0.008814 -0.135658 -0.405284
v -0.008058 -0.140330 -0.403658
v -0.008882 -0.135609 -0.405084
v -0.008104 -0.140276 -0.403453
v -0.008928 -0.135555 -0.404880
v -0.008127 -0.140218 -0.403246
v -0.008951 -0.135497 -0.404672
v -0.008127 -0.140155 -0.403039
v -0.008951 -0.135434 -0.404465
v -0.008104 -0.140089 -0.402834
v -0.008928 -0.135368 -0.404260
v -0.008058 -0.140021 -0.402634
v -0.008882 -0.135300 -0.404060
v -0.007990 -0.139950 -0.402440
v -0.008814 -0.135229 -0.403867
v -0.007901 -0.139879 -0.402257
v -0.008724 -0.135158 -0.403683
v -0.007790 -0.139808 -0.402084
v -0.008614 -0.135087 -0.403511
v -0.007661 -0.139737 -0.401926
v -0.008485 -0.135017 -0.403352
v -0.007514 -0.139669 -0.401782
v -0.008338 -0.134948 -0.403208
v -0.007351 -0.139602 -0.401656
v -0.008175 -0.134881 -0.403082
v -0.007175 -0.139539 -0.401548
v -0.007998 -0.134818 -0.402974
v -0.006986 -0.139479 -0.401460
v -0.007809 -0.134758 -0.402886
v -0.006788 -0.139424 -0.401393
v -0.007611 -0.134703 -0.402819
v -0.006582 -0.139374 -0.401347
v -0.007405 -0.134654 -0.402774
v -0.006371 -0.139331 -0.401324
v -0.007194 -0.134610 -0.402750
v -0.034535 -0.139916 -0.387000
v -0.035359 -0.135195 -0.388426
v -0.034322 -0.139885 -0.387021
v -0.035146 -0.135164 -0.388448
v -0.034111 -0.139862 -0.387065
v -0.034935 -0.135141 -0.388492
v -0.033905 -0.139845 -0.387131
v -0.034729 -0.135124 -0.388557
v -0.033707 -0.139837 -0.387217
v -0.034530 -0.135116 -0.388643
v -0.033518 -0.139836 -0.387323
v -0.034342 -0.135115 -0.388749
v -0.033341 -0.139843 -0.387448
v -0.034165 -0.135122 -0.388874
v -0.033179 -0.139857 -0.387590
v -0.034002 -0.135136 -0.389016
v -0.033032 -0.139879 -0.387748
v -0.033855 -0.135158 -0.389174
v -0.032903 -0.139909 -0.387919
v -0.033726 -0.135188 -0.389345
v -0.032792 -0.139945 -0.388102
v -0.033616 -0.135224 -0.389528
v -0.032703 -0.139987 -0.388294
v -0.033526 -0.135266 -0.389721
v -0.032635 -0.140036 -0.388494
v -0.033458 -0.135315 -0.389920
v -0.032589 -0.140089 -0.388699
v -0.033412 -0.135369 -0.390125
v -0.032566 -0.140148 -0.388906
v -0.033389 -0.135427 -0.390332
v -0.032566 -0.140211 -0.389113
v -0.033389 -0.135490 -0.390540
v -0.032589 -0.140277 -0.389318
v -0.033412 -0.135556 -0.390745
v -0.032635 -0.140345 -0.389518
v -0.033458 -0.135624 -0.390945
v -0.032703 -0.140415 -0.389712
v -0.033526 -0.135694 -0.391138
v -0.032792 -0.140487 -0.389895
v -0.033616 -0.135766 -0.391322
v -0.032903 -0.140558 -0.390068
v -0.033726 -0.135837 -0.391494
v -0.033032 -0.140628 -0.390227
v -0.033855 -0.135907 -0.391653
v -0.033179 -0.140697 -0.390370
v -0.034002 -0.135976 -0.391796
v -0.033341 -0.140764 -0.390496
v -0.034165 -0.136043 -0.391923
v -0.033518 -0.140827 -0.390604
v -0.034342 -0.136106 -0.392030
v -0.033707 -0.140887 -0.390692
v -0.034530 -0.136166 -0.392118
v -0.033905 -0.140942 -0.390759
v -0.034729 -0.136221 -0.392186
v -0.034111 -0.140991 -0.390805
v -0.034935 -0.136270 -0.392231
v -0.034322 -0.141035 -0.390828
v -0.035146 -0.136314 -0.392254
v -0.034535 -0.141073 -0.390829
v -0.035359 -0.136352 -0.392255
v -0.034749 -0.141103 -0.390807
v -0.035572 -0.136382 -0.392234
v -0.034959 -0.141127 -0.390764
v -0.035783 -0.136406 -0.392190
v -0.035165 -0.141143 -0.390698
v -0.035989 -0.136422 -0.392125
v -0.035364 -0.141152 -0.390612
v -0.036187 -0.136431 -0.392038
v -0.035552 -0.141152 -0.390506
v -0.036376 -0.136431 -0.391932
v -0.035729 -0.141146 -0.390381
v -0.036553 -0.136425 -0.391807
v -0.035892 -0.141131 -0.390239
v -0.036715 -0.136410 -0.391665
v -0.036039 -0.141109 -0.390081
v -0.036862 -0.136388 -0.391508
v -0.036168 -0.141080 -0.389910
v -0.036992 -0.136359 -0.391336
v -0.036278 -0.141044 -0.389727
v -0.037102 -0.136323 -0.391153
v -0.036368 -0.141001 -0.389535
v -0.037191 -0.136280 -0.390961
v -0.036436 -0.140953 -0.389335
v -0.037260 -0.136232 -0.390761
v -0.036482 -0.140899 -0.389130
v -0.037306 -0.136178 -0.390557
v -0.036505 -0.140840 -0.388923
v -0.037329 -0.136119 -0.390349
v -0.036505 -0.140778 -0.388716
v -0.037329 -0.136057 -0.390142
v -0.036482 -0.140712 -0.388511
v -0.037306 -0.135991 -0.389937
v -0.036436 -0.140643 -0.388310
v -0.037260 -0.135922 -0.389737
v -0.036368 -0.140573 -0.388117
v -0.037191 -0.135852 -0.389544
v -0.036278 -0.140502 -0.387934
v -0.037102 -0.135781 -0.389360
v -0.036168 -0.140431 -0.387761
v -0.036992 -0.135710 -0.389188
v -0.036039 -0.140360 -0.387602
v -0.036862 -0.135639 -0.389029
v -0.035892 -0.140291 -0.387459
v -0.036715 -0.135570 -0.388885
v -0.035729 -0.140225 -0.387333
v -0.036553 -0.135504 -0.388759
v -0.035552 -0.140161 -0.387225
v -0.036376 -0.135440 -0.388651
v -0.035364 -0.140102 -0.387137
v -0.036187 -0.135381 -0.388563
v -0.035165 -0.140047 -0.387070
v -0.035989 -0.135326 -0.388496
v -0.034959 -0.139997 -0.387024
v -0.035783 -0.135276 -0.388451
v -0.034749 -0.139953 -0.387001
v -0.035572 -0.135232 -0.388427
v -0.060013 -0.139676 -0.371496
v -0.060837 -0.134955 -0.372923
v -0.059800 -0.139645 -0.371518
v -0.060623 -0.134924 -0.372944
v -0.059589 -0.139622 -0.371562
v -0.060412 -0.134901 -0.372988
v -0.059383 -0.139606 -0.371627
v -0.060207 -0.134885 -0.373053
v -0.059185 -0.139597 -0.371713
v -0.060008 -0.134876 -0.373140
v -0.058996 -0.139596 -0.371820
v -0.059820 -0.134875 -0.373246
v -0.058819 -0.139603 -0.371945
v -0.059643 -0.134882 -0.373371
v -0.058656 -0.139618 -0.372087
v -0.059480 -0.134897 -0.373513
v -0.058510 -0.139640 -0.372244
v -0.059333 -0.134919 -0.373671
v -0.058380 -0.139669 -0.372415
v -0.059204 -0.134948 -0.373842
v -0.058270 -0.139705 -0.372598
v -0.059094 -0.134984 -0.374025
v -0.058180 -0.139747 -0.372791
v -0.059004 -0.135026 -0.374217
v -0.058112 -0.139796 -0.372991
v -0.058936 -0.135075 -0.374417
v -0.058066 -0.139850 -0.373195
v -0.058890 -0.135129 -0.374622
v -0.058043 -0.139908 -0.373402
v -0.058867 -0.135187 -0.374829
v -0.058043 -0.139971 -0.373610
v -0.058867 -0.135250 -0.375036
v -0.058066 -0.140037 -0.373815
v -0.058890 -0.135316 -0.375241
v -0.058112 -0.140105 -0.374015
v -0.058936 -0.135384 -0.375441
v -0.058180 -0.140176 -0.374208
v -0.059004 -0.135455 -0.375634
v -0.058270 -0.140247 -0.374392
v -0.059094 -0.135526 -0.375818
v -0.058380 -0.140318 -0.374564
v -0.059204 -0.135597 -0.375991
v -0.058510 -0.140389 -0.374723
v -0.059333 -0.135668 -0.376149
v -0.058656 -0.140457 -0.374866
v -0.059480 -0.135736 -0.376293
v -0.058819 -0.140524 -0.374993
v -0.059643 -0.135803 -0.376419
v -0.058996 -0.140587 -0.375101
v -0.059820 -0.135866 -0.376527
v -0.059185 -0.140647 -0.375189
v -0.060008 -0.135926 -0.376615
v -0.059383 -0.140702 -0.375256
v -0.060207 -0.135981 -0.376682
v -0.059589 -0.140751 -0.375301
v -0.060412 -0.136031 -0.376728
v -0.059800 -0.140795 -0.375325
v -0.060623 -0.136074 -0.376751
v -0.060013 -0.140833 -0.375326
v -0.060837 -0.136112 -0.376752
v -0.060226 -0.140863 -0.375304
v -0.061050 -0.136143 -0.376730
v -0.060437 -0.140887 -0.375260
v -0.061261 -0.136166 -0.376687
v -0.060643 -0.140903 -0.375195
v -0.061466 -0.136182 -0.376621
v -0.060841 -0.140912 -0.375109
v -0.061665 -0.136191 -0.376535
v -0.061030 -0.140913 -0.375002
v -0.061854 -0.136192 -0.376429
v -0.061207 -0.140906 -0.374878
v -0.062030 -0.136185 -0.376304
v -0.061370 -0.140891 -0.374735
v -0.062193 -0.136170 -0.376162
v -0.061517 -0.140869 -0.374578
v -0.062340 -0.136148 -0.376004
v -0.061646 -0.140840 -0.374407
v -0.062469 -0.136119 -0.375833
v -0.061756 -0.140804 -0.374224
v -0.062579 -0.136083 -0.375650
v -0.061846 -0.140761 -0.374031
v -0.062669 -0.136040 -0.375457
v -0.061914 -0.140713 -0.373831
v -0.062737 -0.135992 -0.375258
v -0.061960 -0.140659 -0.373627
v -0.062783 -0.135938 -0.375053
v -0.061983 -0.140601 -0.373420
v -0.062806 -0.135880 -0.374846
v -0.061983 -0.140538 -0.373212
v -0.062806 -0.135817 -0.374639
v -0.061960 -0.140472 -0.373007
v -0.062783 -0.135751 -0.374434
v -0.061914 -0.140403 -0.372807
v -0.062737 -0.135682 -0.374233
v -0.061846 -0.140333 -0.372614
v -0.062669 -0.135612 -0.374040
v -0.061756 -0.140262 -0.372430
v -0.062579 -0.135541 -0.373856
v -0.061646 -0.140191 -0.372258
v -0.062469 -0.135470 -0.373684
v -0.061517 -0.140120 -0.372099
v -0.062340 -0.135399 -0.373525
v -0.061370 -0.140051 -0.371956
v -0.062193 -0.135330 -0.373382
v -0.061207 -0.139985 -0.371829
v -0.062030 -0.135264 -0.373256
v -0.061030 -0.139921 -0.371721
v -0.061854 -0.135200 -0.373148
v -0.060841 -0.139862 -0.371633
v -0.061665 -0.135141 -0.373060
v -0.060643 -0.139807 -0.371566
v -0.061466 -0.135086 -0.372993
v -0.060437 -0.139757 -0.371521
v -0.061261 -0.135036 -0.372947
v -0.060226 -0.139713 -0.371497
v -0.061050 -0.134992 -0.372924
v -0.080994 -0.158773 -0.422592
v -0.081817 -0.154052 -0.424018
v -0.080780 -0.158742 -0.422613
v -0.081604 -0.154021 -0.424040
v -0.080570 -0.158719 -0.422657
v -0.081393 -0.153998 -0.424083
v -0.080364 -0.158703 -0.422722
v -0.081187 -0.153982 -0.424149
v -0.080165 -0.158694 -0.422809
v -0.080989 -0.153973 -0.424235
v -0.079977 -0.158693 -0.422915
v -0.080800 -0.153972 -0.424341
v -0.079800 -0.158700 -0.423040
v -0.080623 -0.153979 -0.424466
v -0.079637 -0.158715 -0.423182
v -0.080461 -0.153994 -0.424608
v -0.079490 -0.158737 -0.423339
v -0.080314 -0.154016 -0.424766
v -0.079361 -0.158766 -0.423511
v -0.080184 -0.154045 -0.424937
v -0.079251 -0.158802 -0.423694
v -0.080074 -0.154081 -0.425120
v -0.079161 -0.158844 -0.423886
v -0.079985 -0.154123 -0.425312
v -0.079093 -0.158893 -0.424086
v -0.079916 -0.154172 -0.425512
v -0.079047 -0.158947 -0.424290
v -0.079870 -0.154226 -0.425717
v -0.079024 -0.159005 -0.424498
v -0.079847 -0.154284 -0.425924
v -0.079024 -0.159068 -0.424705
v -0.079847 -0.154347 -0.426131
v -0.079047 -0.159134 -0.424910
v -0.079870 -0.154413 -0.426336
v -0.079093 -0.159202 -0.425110
v -0.079916 -0.154481 -0.426537
v -0.079161 -0.159273 -0.425303
v -0.079985 -0.154552 -0.426730
v -0.079251 -0.159344 -0.425487
v -0.080074 -0.154623 -0.426913
v -0.079361 -0.159415 -0.425659
v -0.080184 -0.154694 -0.427086
v -0.079490 -0.159485 -0.425818
v -0.080314 -0.154765 -0.427245
v -0.079637 -0.159554 -0.425962
v -0.080461 -0.154833 -0.427388
v -0.079800 -0.159621 -0.426088
v -0.080623 -0.154900 -0.427514
v -0.079977 -0.159684 -0.426196
v -0.080800 -0.154963 -0.427622
v -0.080165 -0.159744 -0.426284
v -0.080989 -0.155023 -0.427710
v -0.080364 -0.159799 -0.426351
v -0.081187 -0.155078 -0.427777
v -0.080570 -0.159848 -0.426396
v -0.081393 -0.155128 -0.427823
v -0.080780 -0.159892 -0.426420
v -0.081604 -0.155171 -0.427846
v -0.080994 -0.159930 -0.426421
v -0.081817 -0.155209 -0.427847
v -0.081207 -0.159960 -0.426399
v -0.082030 -0.155240 -0.427826
v -0.081418 -0.159984 -0.426355
v -0.082241 -0.155263 -0.427782
v -0.081624 -0.160000 -0.426290
v -0.082447 -0.155279 -0.427716
v -0.081822 -0.160009 -0.426204
v -0.082645 -0.155288 -0.427630
v -0.082011 -0.160010 -0.426098
v -0.082834 -0.155289 -0.427524
v -0.082188 -0.160003 -0.425973
v -0.083011 -0.155282 -0.427399
v -0.082350 -0.159988 -0.425831
v -0.083174 -0.155267 -0.427257
v -0.082497 -0.159966 -0.425673
v -0.083321 -0.155245 -0.427099
v -0.082626 -0.159937 -0.425502
v -0.083450 -0.155216 -0.426928
v -0.082737 -0.159901 -0.425319
v -0.083560 -0.155180 -0.426745
v -0.082826 -0.159858 -0.425126
v -0.083650 -0.155137 -0.426553
v -0.082894 -0.159810 -0.424927
v -0.083718 -0.155089 -0.426353
v -0.082940 -0.159756 -0.424722
v -0.083764 -0.155035 -0.426148
v -0.082963 -0.159698 -0.424515
v -0.083787 -0.154977 -0.425941
v -0.082963 -0.159635 -0.424307
v -0.083787 -0.154914 -0.425734
v -0.082940 -0.159569 -0.424102
v -0.083764 -0.154848 -0.425529
v -0.082894 -0.159500 -0.423902
v -0.083718 -0.154779 -0.425329
v -0.082826 -0.159430 -0.423709
v -0.083650 -0.154709 -0.425135
v -0.082737 -0.159359 -0.423525
v -0.083560 -0.154638 -0.424952
v -0.082626 -0.159288 -0.423353
v -0.083450 -0.154567 -0.424779
v -0.082497 -0.159217 -0.423194
v -0.083321 -0.154496 -0.424620
v -0.082350 -0.159148 -0.423051
v -0.083174 -0.154427 -0.424477
v -0.082188 -0.159082 -0.422924
v -0.083011 -0.154361 -0.424351
v -0.082011 -0.159018 -0.422817
v -0.082834 -0.154297 -0.424243
v -0.081822 -0.158959 -0.422729
v -0.082645 -0.154238 -0.424155
v -0.081624 -0.158904 -0.422661
v -0.082447 -0.154183 -0.424088
v -0.081418 -0.158854 -0.422616
v -0.082241 -0.154133 -0.424042
v -0.081207 -0.158810 -0.422593
v -0.082030 -0.154089 -0.424019
v -0.047291 -0.159018 -0.442859
v -0.048115 -0.154297 -0.444286
v -0.047078 -0.158987 -0.442881
v -0.047902 -0.154266 -0.444307
v -0.046867 -0.158963 -0.442924
v -0.047691 -0.154242 -0.444351
v -0.046662 -0.158947 -0.442990
v -0.047485 -0.154226 -0.444416
v -0.046463 -0.158939 -0.443076
v -0.047287 -0.154218 -0.444502
v -0.046274 -0.158938 -0.443182
v -0.047098 -0.154217 -0.444609
v -0.046098 -0.158945 -0.443307
v -0.046921 -0.154224 -0.444734
v -0.045935 -0.158959 -0.443449
v -0.046758 -0.154238 -0.444876
v -0.045788 -0.158981 -0.443607
v -0.046611 -0.154260 -0.445033
v -0.045659 -0.159010 -0.443778
v -0.046482 -0.154289 -0.445204
v -0.045549 -0.159046 -0.443961
v -0.046372 -0.154325 -0.445387
v -0.045459 -0.159089 -0.444154
v -0.046282 -0.154368 -0.445580
v -0.045391 -0.159137 -0.444353
v -0.046214 -0.154416 -0.445780
v -0.045345 -0.159191 -0.444558
v -0.046168 -0.154470 -0.445984
v -0.045322 -0.159250 -0.444765
v -0.046145 -0.154529 -0.446192
v -0.045322 -0.159312 -0.444973
v -0.046145 -0.154591 -0.446399
v -0.045345 -0.159378 -0.445177
v -0.046168 -0.154657 -0.446604
v -0.045391 -0.159447 -0.445378
v -0.046214 -0.154726 -0.446804
v -0.045459 -0.159517 -0.445571
v -0.046282 -0.154796 -0.446997
v -0.045549 -0.159588 -0.445755
v -0.046372 -0.154867 -0.447181
v -0.045659 -0.159660 -0.445927
v -0.046482 -0.154939 -0.447353
v -0.045788 -0.159730 -0.446086
v -0.046611 -0.155009 -0.447512
v -0.045935 -0.159799 -0.446229
v -0.046758 -0.155078 -0.447655
v -0.046098 -0.159866 -0.446356
v -0.046921 -0.155145 -0.447782
v -0.046274 -0.159929 -0.446463
v -0.047098 -0.155208 -0.447890
v -0.046463 -0.159989 -0.446551
v -0.047287 -0.155268 -0.447978
v -0.046662 -0.160043 -0.446618
v -0.047485 -0.155322 -0.448045
v -0.046867 -0.160093 -0.446664
v -0.047691 -0.155372 -0.448090
v -0.047078 -0.160137 -0.446687
v -0.047902 -0.155416 -0.448114
v -0.047291 -0.160174 -0.446688
v -0.048115 -0.155453 -0.448115
v -0.047505 -0.160205 -0.446667
v -0.048328 -0.155484 -0.448093
v -0.047716 -0.160229 -0.446623
v -0.048539 -0.155508 -0.448049
v -0.047921 -0.160245 -0.446558
v -0.048745 -0.155524 -0.447984
v -0.048120 -0.160253 -0.446471
v -0.048943 -0.155532 -0.447898
v -0.048308 -0.160254 -0.446365
v -0.049132 -0.155533 -0.447791
v -0.048485 -0.160247 -0.446240
v -0.049309 -0.155526 -0.447667
v -0.048648 -0.160233 -0.446098
v -0.049472 -0.155512 -0.447524
v -0.048795 -0.160211 -0.445941
v -0.049618 -0.155490 -0.447367
v -0.048924 -0.160182 -0.445769
v -0.049748 -0.155461 -0.447196
v -0.049034 -0.160145 -0.445586
v -0.049858 -0.155425 -0.447013
v -0.049124 -0.160103 -0.445394
v -0.049948 -0.155382 -0.446820
v -0.049192 -0.160055 -0.445194
v -0.050016 -0.155334 -0.446620
v -0.049238 -0.160001 -0.444989
v -0.050062 -0.155280 -0.446416
v -0.049261 -0.159942 -0.444782
v -0.050085 -0.155221 -0.446209
v -0.049261 -0.159879 -0.444575
v -0.050085 -0.155159 -0.446001
v -0.049238 -0.159814 -0.444370
v -0.050062 -0.155093 -0.445796
v -0.049192 -0.159745 -0.444170
v -0.050016 -0.155024 -0.445596
v -0.049124 -0.159675 -0.443977
v -0.049948 -0.154954 -0.445403
v -0.049034 -0.159604 -0.443793
v -0.049858 -0.154883 -0.445219
v -0.048924 -0.159532 -0.443620
v -0.049748 -0.154811 -0.445047
v -0.048795 -0.159462 -0.443462
v -0.049618 -0.154741 -0.444888
v -0.048648 -0.159393 -0.443318
v -0.049472 -0.154672 -0.444745
v -0.048485 -0.159326 -0.443192
v -0.049309 -0.154605 -0.444618
v -0.048308 -0.159263 -0.443084
v -0.049132 -0.154542 -0.444510
v -0.048120 -0.159203 -0.442996
v -0.048943 -0.154482 -0.444422
v -0.047921 -0.159148 -0.442929
v -0.048745 -0.154427 -0.444355
v -0.047716 -0.159099 -0.442883
v -0.048539 -0.154378 -0.444310
v -0.047505 -0.159055 -0.442860
v -0.048328 -0.154334 -0.444286
v -0.011330 -0.159132 -0.464001
v -0.012154 -0.154411 -0.465427
v -0.011117 -0.159101 -0.464022
v -0.011941 -0.154380 -0.465449
v -0.010906 -0.159078 -0.464066
v -0.011730 -0.154357 -0.465492
v -0.010700 -0.159062 -0.464131
v -0.011524 -0.154341 -0.465558
v -0.010502 -0.159053 -0.464218
v -0.011325 -0.154332 -0.465644
v -0.010313 -0.159052 -0.464324
v -0.011137 -0.154331 -0.465750
v -0.010136 -0.159059 -0.464449
v -0.010960 -0.154338 -0.465875
v -0.009974 -0.159074 -0.464591
v -0.010797 -0.154353 -0.466017
v -0.009827 -0.159096 -0.464748
v -0.010650 -0.154375 -0.466175
v -0.009698 -0.159125 -0.464920
v -0.010521 -0.154404 -0.466346
v -0.009587 -0.159161 -0.465103
v -0.010411 -0.154440 -0.466529
v -0.009498 -0.159204 -0.465295
v -0.010321 -0.154483 -0.466722
v -0.009430 -0.159252 -0.465495
v -0.010253 -0.154531 -0.466921
v -0.009384 -0.159306 -0.465700
v -0.010207 -0.154585 -0.467126
v -0.009361 -0.159364 -0.465907
v -0.010184 -0.154643 -0.467333
v -0.009361 -0.159427 -0.466114
v -0.010184 -0.154706 -0.467540
v -0.009384 -0.159493 -0.466319
v -0.010207 -0.154772 -0.467745
v -0.009430 -0.159561 -0.466519
v -0.010253 -0.154841 -0.467946
v -0.009498 -0.159632 -0.466712
v -0.010321 -0.154911 -0.468139
v -0.009587 -0.159703 -0.466896
v -0.010411 -0.154982 -0.468323
v -0.009698 -0.159774 -0.467069
v -0.010521 -0.155053 -0.468495
v -0.009827 -0.159845 -0.467227
v -0.010650 -0.155124 -0.468654
v -0.009974 -0.159914 -0.467371
v -0.010797 -0.155193 -0.468797
v -0.010136 -0.159980 -0.467497
v -0.010960 -0.155259 -0.468923
v -0.010313 -0.160044 -0.467605
v -0.011137 -0.155323 -0.469031
v -0.010502 -0.160103 -0.467693
v -0.011325 -0.155382 -0.469119
v -0.010700 -0.160158 -0.467760
v -0.011524 -0.155437 -0.469186
v -0.010906 -0.160208 -0.467806
v -0.011730 -0.155487 -0.469232
v -0.011117 -0.160252 -0.467829
v -0.011941 -0.155531 -0.469255
v -0.011330 -0.160289 -0.467830
v -0.012154 -0.155568 -0.469256
v -0.011544 -0.160320 -0.467808
v -0.012367 -0.155599 -0.469235
v -0.011754 -0.160343 -0.467765
v -0.012578 -0.155622 -0.469191
v -0.011960 -0.160359 -0.467699
v -0.012784 -0.155638 -0.469126
v -0.012159 -0.160368 -0.467613
v -0.012982 -0.155647 -0.469039
v -0.012347 -0.160369 -0.467507
v -0.013171 -0.155648 -0.468933
v -0.012524 -0.160362 -0.467382
v -0.013348 -0.155641 -0.468808
v -0.012687 -0.160347 -0.467240
v -0.013510 -0.155626 -0.468666
v -0.012834 -0.160325 -0.467082
v -0.013657 -0.155604 -0.468508
v -0.012963 -0.160296 -0.466911
v -0.013787 -0.155575 -0.468337
v -0.013073 -0.160260 -0.466728
v -0.013897 -0.155539 -0.468154
v -0.013163 -0.160218 -0.466535
v -0.013986 -0.155497 -0.467962
v -0.013231 -0.160169 -0.466336
v -0.014055 -0.155448 -0.467762
v -0.013277 -0.160115 -0.466131
v -0.014100 -0.155394 -0.467557
v -0.013300 -0.160057 -0.465924
v -0.014124 -0.155336 -0.467350
v -0.013300 -0.159994 -0.465717
v -0.014124 -0.155273 -0.467143
v -0.013277 -0.159928 -0.465512
v -0.014100 -0.155207 -0.466938
v -0.013231 -0.159860 -0.465311
v -0.014055 -0.155139 -0.466738
v -0.013163 -0.159789 -0.465118
v -0.013986 -0.155068 -0.466545
v -0.013073 -0.159718 -0.464934
v -0.013897 -0.154997 -0.466361
v -0.012963 -0.159647 -0.464762
v -0.013787 -0.154926 -0.466188
v -0.012834 -0.159576 -0.464603
v -0.013657 -0.154855 -0.466030
v -0.012687 -0.159507 -0.464460
v -0.013510 -0.154787 -0.465886
v -0.012524 -0.159441 -0.464334
v -0.013348 -0.154720 -0.465760
v -0.012347 -0.159377 -0.464226
v -0.013171 -0.154657 -0.465652
v -0.012159 -0.159318 -0.464138
v -0.012982 -0.154597 -0.465564
v -0.011960 -0.159263 -0.464071
v -0.012784 -0.154542 -0.465497
v -0.011754 -0.159213 -0.464025
v -0.012578 -0.154492 -0.465451
v -0.011544 -0.159170 -0.464002
v -0.012367 -0.154449 -0.465428
v -0.095983 -0.140106 -0.352152
v -0.096807 -0.135385 -0.353579
v -0.095770 -0.140075 -0.352174
v -0.096594 -0.135354 -0.353600
v -0.095559 -0.140052 -0.352217
v -0.096383 -0.135331 -0.353644
v -0.095354 -0.140036 -0.352283
v -0.096177 -0.135315 -0.353709
v -0.095155 -0.140027 -0.352369
v -0.095979 -0.135306 -0.353796
v -0.094966 -0.140026 -0.352475
v -0.095790 -0.135305 -0.353902
v -0.094790 -0.140033 -0.352600
v -0.095613 -0.135312 -0.354027
v -0.094627 -0.140048 -0.352742
v -0.095450 -0.135327 -0.354169
v -0.094480 -0.140070 -0.352900
v -0.095303 -0.135349 -0.354326
v -0.094351 -0.140099 -0.353071
v -0.095174 -0.135378 -0.354498
v -0.094241 -0.140135 -0.353254
v -0.095064 -0.135414 -0.354680
v -0.094151 -0.140177 -0.353447
v -0.094974 -0.135456 -0.354873
v -0.094083 -0.140226 -0.353646
v -0.094906 -0.135505 -0.355073
v -0.094037 -0.140280 -0.353851
v -0.094860 -0.135559 -0.355277
v -0.094014 -0.140338 -0.354058
v -0.094837 -0.135617 -0.355485
v -0.094014 -0.140401 -0.354266
v -0.094837 -0.135680 -0.355692
v -0.094037 -0.140467 -0.354471
v -0.094860 -0.135746 -0.355897
v -0.094083 -0.140535 -0.354671
v -0.094906 -0.135814 -0.356097
v -0.094151 -0.140606 -0.354864
v -0.094974 -0.135885 -0.356290
v -0.094241 -0.140677 -0.355048
v -0.095064 -0.135956 -0.356474
v -0.094351 -0.140748 -0.355220
v -0.095174 -0.136027 -0.356646
v -0.094480 -0.140819 -0.355379
v -0.095303 -0.136098 -0.356805
v -0.094627 -0.140887 -0.355522
v -0.095450 -0.136167 -0.356949
v -0.094790 -0.140954 -0.355649
v -0.095613 -0.136233 -0.357075
v -0.094966 -0.141017 -0.355756
v -0.095790 -0.136296 -0.357183
v -0.095155 -0.141077 -0.355844
v -0.095979 -0.136356 -0.357271
v -0.095354 -0.141132 -0.355911
v -0.096177 -0.136411 -0.357338
v -0.095559 -0.141181 -0.355957
v -0.096383 -0.136461 -0.357383
v -0.095770 -0.141225 -0.355980
v -0.096594 -0.136504 -0.357407
v -0.095983 -0.141263 -0.355981
v -0.096807 -0.136542 -0.357408
v -0.096197 -0.141293 -0.355960
v -0.097020 -0.136573 -0.357386
v -0.096407 -0.141317 -0.355916
v -0.097231 -0.136596 -0.357342
v -0.096613 -0.141333 -0.355851
v -0.097437 -0.136612 -0.357277
v -0.096812 -0.141342 -0.355764
v -0.097635 -0.136621 -0.357191
v -0.097000 -0.141343 -0.355658
v -0.097824 -0.136622 -0.357084
v -0.097177 -0.141336 -0.355533
v -0.098001 -0.136615 -0.356960
v -0.097340 -0.141321 -0.355391
v -0.098164 -0.136600 -0.356818
v -0.097487 -0.141299 -0.355234
v -0.098310 -0.136578 -0.356660
v -0.097616 -0.141270 -0.355062
v -0.098440 -0.136549 -0.356489
v -0.097726 -0.141234 -0.354879
v -0.098550 -0.136513 -0.356306
v -0.097816 -0.141191 -0.354687
v -0.098639 -0.136470 -0.356113
v -0.097884 -0.141143 -0.354487
v -0.098708 -0.136422 -0.355913
v -0.097930 -0.141089 -0.354282
v -0.098754 -0.136368 -0.355709
v -0.097953 -0.141031 -0.354075
v -0.098777 -0.136310 -0.355502
v -0.097953 -0.140968 -0.353868
v -0.098777 -0.136247 -0.355294
v -0.097930 -0.140902 -0.353663
v -0.098754 -0.136181 -0.355089
v -0.097884 -0.140833 -0.353463
v -0.098708 -0.136112 -0.354889
v -0.097816 -0.140763 -0.353270
v -0.098639 -0.136042 -0.354696
v -0.097726 -0.140692 -0.353086
v -0.098550 -0.135971 -0.354512
v -0.097616 -0.140621 -0.352913
v -0.098440 -0.135900 -0.354340
v -0.097487 -0.140550 -0.352755
v -0.098310 -0.135829 -0.354181
v -0.097340 -0.140481 -0.352611
v -0.098164 -0.135760 -0.354038
v -0.097177 -0.140415 -0.352485
v -0.098001 -0.135694 -0.353911
v -0.097000 -0.140351 -0.352377
v -0.097824 -0.135630 -0.353804
v -0.096812 -0.140292 -0.352289
v -0.097635 -0.135571 -0.353716
v -0.096613 -0.140237 -0.352222
v -0.097437 -0.135516 -0.353648
v -0.096407 -0.140187 -0.352177
v -0.097231 -0.135466 -0.353603
v -0.096197 -0.140143 -0.352153
v -0.097020 -0.135422 -0.353579
v -0.121839 -0.139862 -0.336416
v -0.122662 -0.135141 -0.337843
v -0.121625 -0.139831 -0.336438
v -0.122449 -0.135110 -0.337864
v -0.121415 -0.139807 -0.336481
v -0.122238 -0.135086 -0.337908
v -0.121209 -0.139791 -0.336547
v -0.122032 -0.135070 -0.337973
v -0.121010 -0.139783 -0.336633
v -0.121834 -0.135062 -0.338059
v -0.120822 -0.139782 -0.336739
v -0.121645 -0.135061 -0.338166
v -0.120645 -0.139789 -0.336864
v -0.121468 -0.135068 -0.338291
v -0.120482 -0.139803 -0.337006
v -0.121306 -0.135082 -0.338433
v -0.120335 -0.139825 -0.337164
v -0.121159 -0.135104 -0.338590
v -0.120206 -0.139854 -0.337335
v -0.121029 -0.135134 -0.338762
v -0.120096 -0.139891 -0.337518
v -0.120919 -0.135170 -0.338944
v -0.120006 -0.139933 -0.337711
v -0.120830 -0.135212 -0.339137
v -0.119938 -0.139982 -0.337910
v -0.120761 -0.135261 -0.339337
v -0.119892 -0.140035 -0.338115
v -0.120715 -0.135314 -0.339541
v -0.119869 -0.140094 -0.338322
v -0.120692 -0.135373 -0.339749
v -0.119869 -0.140157 -0.338529
v -0.120692 -0.135436 -0.339956
v -0.119892 -0.140223 -0.338734
v -0.120715 -0.135502 -0.340161
v -0.119938 -0.140291 -0.338935
v -0.120761 -0.135570 -0.340361
v -0.120006 -0.140361 -0.339128
v -0.120830 -0.135640 -0.340554
v -0.120096 -0.140432 -0.339312
v -0.120919 -0.135711 -0.340738
v -0.120206 -0.140504 -0.339484
v -0.121029 -0.135783 -0.340910
v -0.120335 -0.140574 -0.339643
v -0.121159 -0.135853 -0.341069
v -0.120482 -0.140643 -0.339786
v -0.121306 -0.135922 -0.341213
v -0.120645 -0.140710 -0.339913
v -0.121468 -0.135989 -0.341339
v -0.120822 -0.140773 -0.340020
v -0.121645 -0.136052 -0.341447
v -0.121010 -0.140833 -0.340108
v -0.121834 -0.136112 -0.341535
v -0.121209 -0.140888 -0.340175
v -0.122032 -0.136167 -0.341602
v -0.121415 -0.140937 -0.340221
v -0.122238 -0.136216 -0.341647
v -0.121625 -0.140981 -0.340244
v -0.122449 -0.136260 -0.341671
v -0.121839 -0.141019 -0.340245
v -0.122662 -0.136298 -0.341672
v -0.122052 -0.141049 -0.340224
v -0.122875 -0.136328 -0.341650
v -0.122263 -0.141073 -0.340180
v -0.123086 -0.136352 -0.341606
v -0.122469 -0.141089 -0.340115
v -0.123292 -0.136368 -0.341541
v -0.122667 -0.141097 -0.340028
v -0.123490 -0.136377 -0.341455
v -0.122856 -0.141098 -0.339922
v -0.123679 -0.136377 -0.341348
v -0.123032 -0.141091 -0.339797
v -0.123856 -0.136370 -0.341224
v -0.123195 -0.141077 -0.339655
v -0.124019 -0.136356 -0.341081
v -0.123342 -0.141055 -0.339498
v -0.124166 -0.136334 -0.340924
v -0.123471 -0.141026 -0.339326
v -0.124295 -0.136305 -0.340753
v -0.123582 -0.140990 -0.339143
v -0.124405 -0.136269 -0.340570
v -0.123671 -0.140947 -0.338951
v -0.124495 -0.136226 -0.340377
v -0.123739 -0.140899 -0.338751
v -0.124563 -0.136178 -0.340177
v -0.123785 -0.140845 -0.338546
v -0.124609 -0.136124 -0.339973
v -0.123808 -0.140786 -0.338339
v -0.124632 -0.136065 -0.339766
v -0.123808 -0.140724 -0.338132
v -0.124632 -0.136003 -0.339558
v -0.123785 -0.140658 -0.337927
v -0.124609 -0.135937 -0.339353
v -0.123739 -0.140589 -0.337727
v -0.124563 -0.135868 -0.339153
v -0.123671 -0.140519 -0.337534
v -0.124495 -0.135798 -0.338960
v -0.123582 -0.140448 -0.337350
v -0.124405 -0.135727 -0.338776
v -0.123471 -0.140376 -0.337177
v -0.124295 -0.135656 -0.338604
v -0.123342 -0.140306 -0.337019
v -0.124166 -0.135585 -0.338445
v -0.123195 -0.140237 -0.336875
v -0.124019 -0.135516 -0.338302
v -0.123032 -0.140170 -0.336749
v -0.123856 -0.135449 -0.338175
v -0.122856 -0.140107 -0.336641
v -0.123679 -0.135386 -0.338067
v -0.122667 -0.140048 -0.336553
v -0.123490 -0.135327 -0.337979
v -0.122469 -0.139993 -0.336486
v -0.123292 -0.135272 -0.337912
v -0.122263 -0.139943 -0.336440
v -0.123086 -0.135222 -0.337867
v -0.122052 -0.139899 -0.336417
v -0.122875 -0.135178 -0.337843
v -0.162696 -0.158979 -0.376102
v -0.163520 -0.154258 -0.377528
v -0.162483 -0.158948 -0.376124
v -0.163307 -0.154227 -0.377550
v -0.162272 -0.158925 -0.376167
v -0.163096 -0.154204 -0.377594
v -0.162067 -0.158908 -0.376233
v -0.162890 -0.154187 -0.377659
v -0.161868 -0.158900 -0.376319
v -0.162692 -0.154179 -0.377745
v -0.161679 -0.158899 -0.376425
v -0.162503 -0.154178 -0.377852
v -0.161503 -0.158906 -0.376550
v -0.162326 -0.154185 -0.377976
v -0.161340 -0.158920 -0.376692
v -0.162163 -0.154199 -0.378118
v -0.161193 -0.158942 -0.376850
v -0.162016 -0.154221 -0.378276
v -0.161064 -0.158972 -0.377021
v -0.161887 -0.154251 -0.378447
v -0.160954 -0.159008 -0.377204
v -0.161777 -0.154287 -0.378630
v -0.160864 -0.159050 -0.377396
v -0.161687 -0.154329 -0.378823
v -0.160796 -0.159099 -0.377596
v -0.161619 -0.154378 -0.379023
v -0.160750 -0.159152 -0.377801
v -0.161573 -0.154432 -0.379227
v -0.160727 -0.159211 -0.378008
v -0.161550 -0.154490 -0.379434
v -0.160727 -0.159274 -0.378215
v -0.161550 -0.154553 -0.379642
v -0.160750 -0.159340 -0.378420
v -0.161573 -0.154619 -0.379847
v -0.160796 -0.159408 -0.378621
v -0.161619 -0.154687 -0.380047
v -0.160864 -0.159478 -0.378814
v -0.161687 -0.154757 -0.380240
v -0.160954 -0.159550 -0.378998
v -0.161777 -0.154829 -0.380424
v -0.161064 -0.159621 -0.379170
v -0.161887 -0.154900 -0.380596
v -0.161193 -0.159691 -0.379329
v -0.162016 -0.154970 -0.380755
v -0.161340 -0.159760 -0.379472
v -0.162163 -0.155039 -0.380898
v -0.161503 -0.159827 -0.379598
v -0.162326 -0.155106 -0.381025
v -0.161679 -0.159890 -0.379706
v -0.162503 -0.155169 -0.381132
v -0.161868 -0.159950 -0.379794
v -0.162692 -0.155229 -0.381220
v -0.162067 -0.160005 -0.379861
v -0.162890 -0.155284 -0.381288
v -0.162272 -0.160054 -0.379907
v -0.163096 -0.155333 -0.381333
v -0.162483 -0.160098 -0.379930
v -0.163307 -0.155377 -0.381357
v -0.162696 -0.160136 -0.379931
v -0.163520 -0.155415 -0.381357
v -0.162910 -0.160166 -0.379910
v -0.163733 -0.155445 -0.381336
v -0.163121 -0.160190 -0.379866
v -0.163944 -0.155469 -0.381292
v -0.163326 -0.160206 -0.379800
v -0.164150 -0.155485 -0.381227
v -0.163525 -0.160215 -0.379714
v -0.164348 -0.155494 -0.381140
v -0.163713 -0.160215 -0.379608
v -0.164537 -0.155494 -0.381034
v -0.163890 -0.160209 -0.379483
v -0.164714 -0.155488 -0.380909
v -0.164053 -0.160194 -0.379341
v -0.164877 -0.155473 -0.380767
v -0.164200 -0.160172 -0.379183
v -0.165023 -0.155451 -0.380610
v -0.164329 -0.160143 -0.379012
v -0.165153 -0.155422 -0.380438
v -0.164439 -0.160107 -0.378829
v -0.165263 -0.155386 -0.380256
v -0.164529 -0.160064 -0.378637
v -0.165353 -0.155343 -0.380063
v -0.164597 -0.160016 -0.378437
v -0.165421 -0.155295 -0.379863
v -0.164643 -0.159962 -0.378232
v -0.165467 -0.155241 -0.379659
v -0.164666 -0.159903 -0.378025
v -0.165490 -0.155182 -0.379451
v -0.164666 -0.159841 -0.377818
v -0.165490 -0.155120 -0.379244
v -0.164643 -0.159775 -0.377613
v -0.165467 -0.155054 -0.379039
v -0.164597 -0.159706 -0.377413
v -0.165421 -0.154985 -0.378839
v -0.164529 -0.159636 -0.377219
v -0.165353 -0.154915 -0.378646
v -0.164439 -0.159565 -0.377036
v -0.165263 -0.154844 -0.378462
v -0.164329 -0.159494 -0.376863
v -0.165153 -0.154773 -0.378290
v -0.164200 -0.159423 -0.376705
v -0.165023 -0.154702 -0.378131
v -0.164053 -0.159354 -0.376561
v -0.164877 -0.154633 -0.377987
v -0.163890 -0.159288 -0.376435
v -0.164714 -0.154567 -0.377861
v -0.163713 -0.159224 -0.376327
v -0.164537 -0.154503 -0.377753
v -0.163525 -0.159165 -0.376239
v -0.164348 -0.154444 -0.377665
v -0.163326 -0.159110 -0.376172
v -0.164150 -0.154389 -0.377598
v -0.163121 -0.159060 -0.376126
v -0.163944 -0.154339 -0.377553
v -0.162910 -0.159016 -0.376103
v -0.163733 -0.154295 -0.377529
v -0.128649 -0.158873 -0.395408
v -0.129472 -0.154152 -0.396834
v -0.128436 -0.158842 -0.395429
v -0.129259 -0.154121 -0.396855
v -0.128225 -0.158818 -0.395473
v -0.129048 -0.154097 -0.396899
v -0.128019 -0.158802 -0.395538
v -0.128843 -0.154081 -0.396965
v -0.127821 -0.158794 -0.395625
v -0.128644 -0.154073 -0.397051
v -0.127632 -0.158793 -0.395731
v -0.128455 -0.154072 -0.397157
v -0.127455 -0.158800 -0.395856
v -0.128279 -0.154079 -0.397282
v -0.127292 -0.158814 -0.395998
v -0.128116 -0.154093 -0.397424
v -0.127145 -0.158836 -0.396155
v -0.127969 -0.154115 -0.397582
v -0.127016 -0.158865 -0.396327
v -0.127840 -0.154144 -0.397753
v -0.126906 -0.158901 -0.396509
v -0.127730 -0.154180 -0.397936
v -0.126816 -0.158944 -0.396702
v -0.127640 -0.154223 -0.398128
v -0.126748 -0.158992 -0.396902
v -0.127572 -0.154271 -0.398328
v -0.126702 -0.159046 -0.397106
v -0.127526 -0.154325 -0.398533
v -0.126679 -0.159105 -0.397314
v -0.127503 -0.154384 -0.398740
v -0.126679 -0.159167 -0.397521
v -0.127503 -0.154446 -0.398947
v -0.126702 -0.159233 -0.397726
v -0.127526 -0.154512 -0.399152
v -0.126748 -0.159302 -0.397926
v -0.127572 -0.154581 -0.399352
v -0.126816 -0.159372 -0.398119
v -0.127640 -0.154651 -0.399546
v -0.126906 -0.159443 -0.398303
v -0.127730 -0.154722 -0.399729
v -0.127016 -0.159515 -0.398475
v -0.127840 -0.154794 -0.399902
v -0.127145 -0.159585 -0.398634
v -0.127969 -0.154864 -0.400060
v -0.127292 -0.159654 -0.398778
v -0.128116 -0.154933 -0.400204
v -0.127455 -0.159721 -0.398904
v -0.128279 -0.155000 -0.400330
v -0.127632 -0.159784 -0.399012
v -0.128455 -0.155063 -0.400438
v -0.127821 -0.159844 -0.399100
v -0.128644 -0.155123 -0.400526
v -0.128019 -0.159898 -0.399167
v -0.128843 -0.155177 -0.400593
v -0.128225 -0.159948 -0.399212
v -0.129048 -0.155227 -0.400639
v -0.128436 -0.159992 -0.399236
v -0.129259 -0.155271 -0.400662
v -0.128649 -0.160029 -0.399237
v -0.129472 -0.155308 -0.400663
v -0.128862 -0.160060 -0.399215
v -0.129686 -0.155339 -0.400641
v -0.129073 -0.160084 -0.399171
v -0.129897 -0.155363 -0.400598
v -0.129279 -0.160100 -0.399106
v -0.130102 -0.155379 -0.400532
v -0.129477 -0.160108 -0.399020
v -0.130301 -0.155387 -0.400446
v -0.129666 -0.160109 -0.398913
v -0.130489 -0.155388 -0.400340
v -0.129843 -0.160102 -0.398789
v -0.130666 -0.155381 -0.400215
v -0.130006 -0.160088 -0.398647
v -0.130829 -0.155367 -0.400073
v -0.130152 -0.160066 -0.398489
v -0.130976 -0.155345 -0.399915
v -0.130282 -0.160037 -0.398318
v -0.131105 -0.155316 -0.399744
v -0.130392 -0.160000 -0.398135
v -0.131215 -0.155280 -0.399561
v -0.130482 -0.159958 -0.397942
v -0.131305 -0.155237 -0.399369
v -0.130550 -0.159910 -0.397742
v -0.131373 -0.155189 -0.399169
v -0.130596 -0.159856 -0.397538
v -0.131419 -0.155135 -0.398964
v -0.130619 -0.159797 -0.397331
v -0.131442 -0.155076 -0.398757
v -0.130619 -0.159735 -0.397123
v -0.131442 -0.155014 -0.398550
v -0.130596 -0.159669 -0.396918
v -0.131419 -0.154948 -0.398345
v -0.130550 -0.159600 -0.396718
v -0.131373 -0.154879 -0.398144
v -0.130482 -0.159530 -0.396525
v -0.131305 -0.154809 -0.397951
v -0.130392 -0.159459 -0.396341
v -0.131215 -0.154738 -0.397767
v -0.130282 -0.159387 -0.396169
v -0.131105 -0.154666 -0.397595
v -0.130152 -0.159317 -0.396010
v -0.130976 -0.154596 -0.397436
v -0.130006 -0.159248 -0.395867
v -0.130829 -0.154527 -0.397293
v -0.129843 -0.159181 -0.395740
v -0.130666 -0.154460 -0.397167
v -0.129666 -0.159118 -0.395632
v -0.130489 -0.154397 -0.397059
v -0.129477 -0.159058 -0.395544
v -0.130301 -0.154337 -0.396971
v -0.129279 -0.159003 -0.395477
v -0.130102 -0.154283 -0.396904
v -0.129073 -0.158954 -0.395432
v -0.129897 -0.154233 -0.396858
v -0.128862 -0.158910 -0.395408
v -0.129686 -0.154189 -0.396835
v -0.199292 -0.158896 -0.354700
v -0.200116 -0.154175 -0.356126
v -0.199079 -0.158865 -0.354722
v -0.199902 -0.154145 -0.356148
v -0.198868 -0.158842 -0.354765
v -0.199691 -0.154121 -0.356192
v -0.198662 -0.158826 -0.354831
v -0.199486 -0.154105 -0.356257
v -0.198464 -0.158817 -0.354917
v -0.199287 -0.154096 -0.356343
v -0.198275 -0.158816 -0.355023
v -0.199098 -0.154095 -0.356450
v -0.198098 -0.158823 -0.355148
v -0.198922 -0.154102 -0.356574
v -0.197935 -0.158838 -0.355290
v -0.198759 -0.154117 -0.356717
v -0.197789 -0.158860 -0.355448
v -0.198612 -0.154139 -0.356874
v -0.197659 -0.158889 -0.355619
v -0.198483 -0.154168 -0.357045
v -0.197549 -0.158925 -0.355802
v -0.198373 -0.154204 -0.357228
v -0.197459 -0.158968 -0.355994
v -0.198283 -0.154247 -0.357421
v -0.197391 -0.159016 -0.356194
v -0.198215 -0.154295 -0.357621
v -0.197345 -0.159070 -0.356399
v -0.198169 -0.154349 -0.357825
v -0.197322 -0.159128 -0.356606
v -0.198146 -0.154407 -0.358032
v -0.197322 -0.159191 -0.356813
v -0.198146 -0.154470 -0.358240
v -0.197345 -0.159257 -0.357018
v -0.198169 -0.154536 -0.358445
v -0.197391 -0.159326 -0.357219
v -0.198215 -0.154605 -0.358645
v -0.197459 -0.159396 -0.357412
v -0.198283 -0.154675 -0.358838
v -0.197549 -0.159467 -0.357596
v -0.198373 -0.154746 -0.359022
v -0.197659 -0.159538 -0.357768
v -0.198483 -0.154817 -0.359194
v -0.197789 -0.159609 -0.357927
v -0.198612 -0.154888 -0.359353
v -0.197935 -0.159678 -0.358070
v -0.198759 -0.154957 -0.359496
v -0.198098 -0.159744 -0.358196
v -0.198922 -0.155023 -0.359623
v -0.198275 -0.159808 -0.358304
v -0.199098 -0.155087 -0.359731
v -0.198464 -0.159867 -0.358392
v -0.199287 -0.155146 -0.359818
v -0.198662 -0.159922 -0.358459
v -0.199486 -0.155201 -0.359886
v -0.198868 -0.159972 -0.358505
v -0.199691 -0.155251 -0.359931
v -0.199079 -0.160016 -0.358528
v -0.199902 -0.155295 -0.359955
v -0.199292 -0.160053 -0.358529
v -0.200116 -0.155332 -0.359955
v -0.199505 -0.160084 -0.358508
v -0.200329 -0.155363 -0.359934
v -0.199716 -0.160107 -0.358464
v -0.200540 -0.155386 -0.359890
v -0.199922 -0.160123 -0.358398
v -0.200745 -0.155402 -0.359825
v -0.200120 -0.160132 -0.358312
v -0.200944 -0.155411 -0.359738
v -0.200309 -0.160133 -0.358206
v -0.201133 -0.155412 -0.359632
v -0.200486 -0.160126 -0.358081
v -0.201309 -0.155405 -0.359507
v -0.200649 -0.160111 -0.357939
v -0.201472 -0.155390 -0.359365
v -0.200796 -0.160089 -0.357781
v -0.201619 -0.155368 -0.359208
v -0.200925 -0.160060 -0.357610
v -0.201748 -0.155339 -0.359036
v -0.201035 -0.160024 -0.357427
v -0.201858 -0.155303 -0.358854
v -0.201125 -0.159982 -0.357235
v -0.201948 -0.155261 -0.358661
v -0.201193 -0.159933 -0.357035
v -0.202016 -0.155212 -0.358461
v -0.201239 -0.159879 -0.356830
v -0.202062 -0.155158 -0.358257
v -0.201262 -0.159821 -0.356623
v -0.202085 -0.155100 -0.358049
v -0.201262 -0.159758 -0.356416
v -0.202085 -0.155037 -0.357842
v -0.201239 -0.159692 -0.356211
v -0.202062 -0.154971 -0.357637
v -0.201193 -0.159624 -0.356011
v -0.202016 -0.154903 -0.357437
v -0.201125 -0.159553 -0.355817
v -0.201948 -0.154832 -0.357244
v -0.201035 -0.159482 -0.355634
v -0.201858 -0.154761 -0.357060
v -0.200925 -0.159411 -0.355461
v -0.201748 -0.154690 -0.356888
v -0.200796 -0.159340 -0.355303
v -0.201619 -0.154620 -0.356729
v -0.200649 -0.159272 -0.355159
v -0.201472 -0.154551 -0.356585
v -0.200486 -0.159205 -0.355033
v -0.201309 -0.154484 -0.356459
v -0.200309 -0.159142 -0.354925
v -0.201133 -0.154421 -0.356351
v -0.200120 -0.159082 -0.354837
v -0.200944 -0.154361 -0.356263
v -0.199922 -0.159027 -0.354770
v -0.200745 -0.154306 -0.356196
v -0.199716 -0.158977 -0.354724
v -0.200540 -0.154257 -0.356151
v -0.199505 -0.158934 -0.354701
v -0.200329 -0.154213 -0.356127
v -0.209733 -0.159180 -0.217576
v -0.211390 -0.154463 -0.217576
v -0.209744 -0.159184 -0.217792
v -0.211401 -0.154467 -0.217792
v -0.209777 -0.159196 -0.218006
v -0.211434 -0.154478 -0.218006
v -0.209831 -0.159215 -0.218215
v -0.211489 -0.154498 -0.218215
v -0.209907 -0.159241 -0.218416
v -0.211565 -0.154524 -0.218416
v -0.210003 -0.159275 -0.218607
v -0.211660 -0.154558 -0.218607
v -0.210117 -0.159315 -0.218786
v -0.211775 -0.154598 -0.218786
v -0.210250 -0.159362 -0.218952
v -0.211907 -0.154645 -0.218952
v -0.210398 -0.159414 -0.219100
v -0.212056 -0.154697 -0.219100
v -0.210561 -0.159471 -0.219232
v -0.212218 -0.154754 -0.219232
v -0.210736 -0.159533 -0.219343
v -0.212393 -0.154815 -0.219343
v -0.210921 -0.159598 -0.219434
v -0.212579 -0.154881 -0.219434
v -0.211115 -0.159666 -0.219503
v -0.212772 -0.154949 -0.219503
v -0.211314 -0.159736 -0.219550
v -0.212972 -0.155019 -0.219550
v -0.211517 -0.159807 -0.219573
v -0.213175 -0.155090 -0.219573
v -0.211722 -0.159879 -0.219573
v -0.213379 -0.155162 -0.219573
v -0.211925 -0.159951 -0.219550
v -0.213583 -0.155233 -0.219550
v -0.212124 -0.160021 -0.219503
v -0.213782 -0.155303 -0.219503
v -0.212318 -0.160089 -0.219434
v -0.213976 -0.155372 -0.219434
v -0.212503 -0.160154 -0.219343
v -0.214161 -0.155437 -0.219343
v -0.212678 -0.160215 -0.219232
v -0.214336 -0.155498 -0.219232
v -0.212841 -0.160273 -0.219100
v -0.214499 -0.155555 -0.219100
v -0.212989 -0.160325 -0.218952
v -0.214647 -0.155607 -0.218952
v -0.213122 -0.160371 -0.218786
v -0.214779 -0.155654 -0.218786
v -0.213236 -0.160411 -0.218607
v -0.214894 -0.155694 -0.218607
v -0.213332 -0.160445 -0.218416
v -0.214990 -0.155728 -0.218416
v -0.213408 -0.160472 -0.218215
v -0.215065 -0.155754 -0.218215
v -0.213462 -0.160491 -0.218006
v -0.215120 -0.155774 -0.218006
v -0.213495 -0.160502 -0.217792
v -0.215153 -0.155785 -0.217792
v -0.213506 -0.160506 -0.217576
v -0.215164 -0.155789 -0.217576
v -0.213495 -0.160502 -0.217360
v -0.215153 -0.155785 -0.217360
v -0.213462 -0.160491 -0.217146
v -0.215120 -0.155774 -0.217146
v -0.213408 -0.160472 -0.216938
v -0.215065 -0.155754 -0.216938
v -0.213332 -0.160445 -0.216736
v -0.214990 -0.155728 -0.216736
v -0.213236 -0.160411 -0.216545
v -0.214894 -0.155694 -0.216545
v -0.213122 -0.160371 -0.216366
v -0.214779 -0.155654 -0.216366
v -0.212989 -0.160325 -0.216201
v -0.214647 -0.155607 -0.216201
v -0.212841 -0.160273 -0.216052
v -0.214499 -0.155555 -0.216052
v -0.212678 -0.160215 -0.215921
v -0.214336 -0.155498 -0.215921
v -0.212503 -0.160154 -0.215809
v -0.214161 -0.155437 -0.215809
v -0.212318 -0.160089 -0.215718
v -0.213976 -0.155372 -0.215718
v -0.212124 -0.160021 -0.215649
v -0.213782 -0.155303 -0.215649
v -0.211925 -0.159951 -0.215602
v -0.213583 -0.155233 -0.215602
v -0.211722 -0.159879 -0.215579
v -0.213379 -0.155162 -0.215579
v -0.211517 -0.159807 -0.215579
v -0.213175 -0.155090 -0.215579
v -0.211314 -0.159736 -0.215602
v -0.212972 -0.155019 -0.215602
v -0.211115 -0.159666 -0.215649
v -0.212772 -0.154949 -0.215649
v -0.210921 -0.159598 -0.215718
v -0.212579 -0.154881 -0.215718
v -0.210736 -0.159533 -0.215809
v -0.212393 -0.154815 -0.215809
v -0.210561 -0.159471 -0.215921
v -0.212218 -0.154754 -0.215921
v -0.210398 -0.159414 -0.216052
v -0.212056 -0.154697 -0.216052
v -0.210250 -0.159362 -0.216201
v -0.211907 -0.154645 -0.216201
v -0.210117 -0.159315 -0.216366
v -0.211775 -0.154598 -0.216366
v -0.210003 -0.159275 -0.216545
v -0.211660 -0.154558 -0.216545
v -0.209907 -0.159241 -0.216736
v -0.211565 -0.154524 -0.216736
v -0.209831 -0.159215 -0.216938
v -0.211489 -0.154498 -0.216938
v -0.209777 -0.159196 -0.217146
v -0.211434 -0.154478 -0.217146
v -0.209744 -0.159184 -0.217360
v -0.211401 -0.154467 -0.217360
v -0.151319 -0.138652 -0.309881
v -0.152977 -0.133935 -0.309881
v -0.151330 -0.138656 -0.310097
v -0.152988 -0.133939 -0.310097
v -0.151363 -0.138667 -0.310311
v -0.153021 -0.133950 -0.310311
v -0.151418 -0.138687 -0.310520
v -0.153076 -0.133969 -0.310520
v -0.151494 -0.138713 -0.310721
v -0.153151 -0.133996 -0.310721
v -0.151589 -0.138747 -0.310912
v -0.153247 -0.134030 -0.310912
v -0.151704 -0.138787 -0.311091
v -0.153362 -0.134070 -0.311091
v -0.151836 -0.138834 -0.311256
v -0.153494 -0.134116 -0.311256
v -0.151985 -0.138886 -0.311405
v -0.153642 -0.134169 -0.311405
v -0.152147 -0.138943 -0.311536
v -0.153805 -0.134226 -0.311536
v -0.152322 -0.139004 -0.311648
v -0.153980 -0.134287 -0.311648
v -0.152508 -0.139070 -0.311739
v -0.154165 -0.134352 -0.311739
v -0.152701 -0.139138 -0.311808
v -0.154359 -0.134420 -0.311808
v -0.152901 -0.139208 -0.311855
v -0.154559 -0.134491 -0.311855
v -0.153104 -0.139279 -0.311878
v -0.154762 -0.134562 -0.311878
v -0.153308 -0.139351 -0.311878
v -0.154966 -0.134634 -0.311878
v -0.153511 -0.139422 -0.311855
v -0.155169 -0.134705 -0.311855
v -0.153711 -0.139492 -0.311808
v -0.155369 -0.134775 -0.311808
v -0.153905 -0.139560 -0.311739
v -0.155562 -0.134843 -0.311739
v -0.154090 -0.139626 -0.311648
v -0.155748 -0.134908 -0.311648
v -0.154265 -0.139687 -0.311536
v -0.155923 -0.134970 -0.311536
v -0.154428 -0.139744 -0.311405
v -0.156085 -0.135027 -0.311405
v -0.154576 -0.139796 -0.311256
v -0.156234 -0.135079 -0.311256
v -0.154708 -0.139843 -0.311091
v -0.156366 -0.135126 -0.311091
v -0.154823 -0.139883 -0.310912
v -0.156481 -0.135166 -0.310912
v -0.154919 -0.139917 -0.310721
v -0.156576 -0.135200 -0.310721
v -0.154994 -0.139943 -0.310520
v -0.156652 -0.135226 -0.310520
v -0.155049 -0.139963 -0.310311
v -0.156707 -0.135245 -0.310311
v -0.155082 -0.139974 -0.310097
v -0.156740 -0.135257 -0.310097
v -0.155093 -0.139978 -0.309881
v -0.156751 -0.135261 -0.309881
v -0.155082 -0.139974 -0.309665
v -0.156740 -0.135257 -0.309665
v -0.155049 -0.139963 -0.309451
v -0.156707 -0.135245 -0.309451
v -0.154994 -0.139943 -0.309242
v -0.156652 -0.135226 -0.309242
v -0.154919 -0.139917 -0.309041
v -0.156576 -0.135200 -0.309041
v -0.154823 -0.139883 -0.308850
v -0.156481 -0.135166 -0.308850
v -0.154708 -0.139843 -0.308671
v -0.156366 -0.135126 -0.308671
v -0.154576 -0.139796 -0.308506
v -0.156234 -0.135079 -0.308506
v -0.154428 -0.139744 -0.308357
v -0.156085 -0.135027 -0.308357
v -0.154265 -0.139687 -0.308226
v -0.155923 -0.134970 -0.308226
v -0.154090 -0.139626 -0.308114
v -0.155748 -0.134908 -0.308114
v -0.153905 -0.139560 -0.308023
v -0.155562 -0.134843 -0.308023
v -0.153711 -0.139492 -0.307954
v -0.155369 -0.134775 -0.307954
v -0.153511 -0.139422 -0.307907
v -0.155169 -0.134705 -0.307907
v -0.153308 -0.139351 -0.307884
v -0.154966 -0.134634 -0.307884
v -0.153104 -0.139279 -0.307884
v -0.154762 -0.134562 -0.307884
v -0.152901 -0.139208 -0.307907
v -0.154559 -0.134491 -0.307907
v -0.152701 -0.139138 -0.307954
v -0.154359 -0.134420 -0.307954
v -0.152508 -0.139070 -0.308023
v -0.154165 -0.134352 -0.308023
v -0.152322 -0.139004 -0.308114
v -0.153980 -0.134287 -0.308114
v -0.152147 -0.138943 -0.308226
v -0.153805 -0.134226 -0.308226
v -0.151985 -0.138886 -0.308357
v -0.153642 -0.134169 -0.308357
v -0.151836 -0.138834 -0.308506
v -0.153494 -0.134116 -0.308506
v -0.151704 -0.138787 -0.308671
v -0.153362 -0.134070 -0.308671
v -0.151589 -0.138747 -0.308850
v -0.153247 -0.134030 -0.308850
v -0.151494 -0.138713 -0.309041
v -0.153151 -0.133996 -0.309041
v -0.151418 -0.138687 -0.309242
v -0.153076 -0.133969 -0.309242
v -0.151363 -0.138667 -0.309451
v -0.153021 -0.133950 -0.309451
v -0.151330 -0.138656 -0.309665
v -0.152988 -0.133939 -0.309665
v -0.151319 -0.138652 -0.279113
v -0.152977 -0.133935 -0.279113
v -0.151330 -0.138656 -0.279329
v -0.152988 -0.133939 -0.279329
v -0.151363 -0.138667 -0.279543
v -0.153021 -0.133950 -0.279543
v -0.151418 -0.138687 -0.279751
v -0.153076 -0.133969 -0.279751
v -0.151494 -0.138713 -0.279952
v -0.153151 -0.133996 -0.279952
v -0.151589 -0.138747 -0.280144
v -0.153247 -0.134030 -0.280144
v -0.151704 -0.138787 -0.280323
v -0.153362 -0.134070 -0.280323
v -0.151836 -0.138834 -0.280488
v -0.153494 -0.134116 -0.280488
v -0.151985 -0.138886 -0.280637
v -0.153642 -0.134169 -0.280637
v -0.152147 -0.138943 -0.280768
v -0.153805 -0.134226 -0.280768
v -0.152322 -0.139004 -0.280880
v -0.153980 -0.134287 -0.280880
v -0.152508 -0.139070 -0.280971
v -0.154165 -0.134352 -0.280971
v -0.152701 -0.139138 -0.281040
v -0.154359 -0.134420 -0.281040
v -0.152901 -0.139208 -0.281086
v -0.154559 -0.134491 -0.281086
v -0.153104 -0.139279 -0.281110
v -0.154762 -0.134562 -0.281110
v -0.153308 -0.139351 -0.281110
v -0.154966 -0.134634 -0.281110
v -0.153511 -0.139422 -0.281086
v -0.155169 -0.134705 -0.281086
v -0.153711 -0.139492 -0.281040
v -0.155369 -0.134775 -0.281040
v -0.153905 -0.139560 -0.280971
v -0.155562 -0.134843 -0.280971
v -0.154090 -0.139626 -0.280880
v -0.155748 -0.134908 -0.280880
v -0.154265 -0.139687 -0.280768
v -0.155923 -0.134970 -0.280768
v -0.154428 -0.139744 -0.280637
v -0.156085 -0.135027 -0.280637
v -0.154576 -0.139796 -0.280488
v -0.156234 -0.135079 -0.280488
v -0.154708 -0.139843 -0.280323
v -0.156366 -0.135126 -0.280323
v -0.154823 -0.139883 -0.280144
v -0.156481 -0.135166 -0.280144
v -0.154919 -0.139917 -0.279952
v -0.156576 -0.135200 -0.279952
v -0.154994 -0.139943 -0.279751
v -0.156652 -0.135226 -0.279751
v -0.155049 -0.139963 -0.279543
v -0.156707 -0.135245 -0.279543
v -0.155082 -0.139974 -0.279329
v -0.156740 -0.135257 -0.279329
v -0.155093 -0.139978 -0.279113
v -0.156751 -0.135261 -0.279113
v -0.155082 -0.139974 -0.278896
v -0.156740 -0.135257 -0.278896
v -0.155049 -0.139963 -0.278683
v -0.156707 -0.135245 -0.278683
v -0.154994 -0.139943 -0.278474
v -0.156652 -0.135226 -0.278474
v -0.154919 -0.139917 -0.278273
v -0.156576 -0.135200 -0.278273
v -0.154823 -0.139883 -0.278082
v -0.156481 -0.135166 -0.278082
v -0.154708 -0.139843 -0.277902
v -0.156366 -0.135126 -0.277902
v -0.154576 -0.139796 -0.277737
v -0.156234 -0.135079 -0.277737
v -0.154428 -0.139744 -0.277588
v -0.156085 -0.135027 -0.277588
v -0.154265 -0.139687 -0.277457
v -0.155923 -0.134970 -0.277457
v -0.154090 -0.139626 -0.277346
v -0.155748 -0.134908 -0.277346
v -0.153905 -0.139560 -0.277255
v -0.155562 -0.134843 -0.277255
v -0.153711 -0.139492 -0.277186
v -0.155369 -0.134775 -0.277186
v -0.153511 -0.139422 -0.277139
v -0.155169 -0.134705 -0.277139
v -0.153308 -0.139351 -0.277116
v -0.154966 -0.134634 -0.277116
v -0.153104 -0.139279 -0.277116
v -0.154762 -0.134562 -0.277116
v -0.152901 -0.139208 -0.277139
v -0.154559 -0.134491 -0.277139
v -0.152701 -0.139138 -0.277186
v -0.154359 -0.134420 -0.277186
v -0.152508 -0.139070 -0.277255
v -0.154165 -0.134352 -0.277255
v -0.152322 -0.139004 -0.277346
v -0.153980 -0.134287 -0.277346
v -0.152147 -0.138943 -0.277457
v -0.153805 -0.134226 -0.277457
v -0.151985 -0.138886 -0.277588
v -0.153642 -0.134169 -0.277588
v -0.151836 -0.138834 -0.277737
v -0.153494 -0.134116 -0.277737
v -0.151704 -0.138787 -0.277902
v -0.153362 -0.134070 -0.277902
v -0.151589 -0.138747 -0.278082
v -0.153247 -0.134030 -0.278082
v -0.151494 -0.138713 -0.278273
v -0.153151 -0.133996 -0.278273
v -0.151418 -0.138687 -0.278474
v -0.153076 -0.133969 -0.278474
v -0.151363 -0.138667 -0.278683
v -0.153021 -0.133950 -0.278683
v -0.151330 -0.138656 -0.278896
v -0.152988 -0.133939 -0.278896
v -0.151319 -0.138652 -0.248344
v -0.152977 -0.133935 -0.248344
v -0.151330 -0.138656 -0.248561
v -0.152988 -0.133939 -0.248561
v -0.151363 -0.138667 -0.248774
v -0.153021 -0.133950 -0.248774
v -0.151418 -0.138687 -0.248983
v -0.153076 -0.133969 -0.248983
v -0.151494 -0.138713 -0.249184
v -0.153151 -0.133996 -0.249184
v -0.151589 -0.138747 -0.249376
v -0.153247 -0.134030 -0.249376
v -0.151704 -0.138787 -0.249555
v -0.153362 -0.134070 -0.249555
v -0.151836 -0.138834 -0.249720
v -0.153494 -0.134116 -0.249720
v -0.151985 -0.138886 -0.249869
v -0.153642 -0.134169 -0.249869
v -0.152147 -0.138943 -0.250000
v -0.153805 -0.134226 -0.250000
v -0.152322 -0.139004 -0.250111
v -0.153980 -0.134287 -0.250111
v -0.152508 -0.139070 -0.250202
v -0.154165 -0.134352 -0.250202
v -0.152701 -0.139138 -0.250271
v -0.154359 -0.134420 -0.250271
v -0.152901 -0.139208 -0.250318
v -0.154559 -0.134491 -0.250318
v -0.153104 -0.139279 -0.250341
v -0.154762 -0.134562 -0.250341
v -0.153308 -0.139351 -0.250341
v -0.154966 -0.134634 -0.250341
v -0.153511 -0.139422 -0.250318
v -0.155169 -0.134705 -0.250318
v -0.153711 -0.139492 -0.250271
v -0.155369 -0.134775 -0.250271
v -0.153905 -0.139560 -0.250202
v -0.155562 -0.134843 -0.250202
v -0.154090 -0.139626 -0.250111
v -0.155748 -0.134908 -0.250111
v -0.154265 -0.139687 -0.250000
v -0.155923 -0.134970 -0.250000
v -0.154428 -0.139744 -0.249869
v -0.156085 -0.135027 -0.249869
v -0.154576 -0.139796 -0.249720
v -0.156234 -0.135079 -0.249720
v -0.154708 -0.139843 -0.249555
v -0.156366 -0.135126 -0.249555
v -0.154823 -0.139883 -0.249376
v -0.156481 -0.135166 -0.249376
v -0.154919 -0.139917 -0.249184
v -0.156576 -0.135200 -0.249184
v -0.154994 -0.139943 -0.248983
v -0.156652 -0.135226 -0.248983
v -0.155049 -0.139963 -0.248774
v -0.156707 -0.135245 -0.248774
v -0.155082 -0.139974 -0.248561
v -0.156740 -0.135257 -0.248561
v -0.155093 -0.139978 -0.248344
v -0.156751 -0.135261 -0.248344
v -0.155082 -0.139974 -0.248128
v -0.156740 -0.135257 -0.248128
v -0.155049 -0.139963 -0.247914
v -0.156707 -0.135245 -0.247914
v -0.154994 -0.139943 -0.247706
v -0.156652 -0.135226 -0.247706
v -0.154919 -0.139917 -0.247505
v -0.156576 -0.135200 -0.247505
v -0.154823 -0.139883 -0.247313
v -0.156481 -0.135166 -0.247313
v -0.154708 -0.139843 -0.247134
v -0.156366 -0.135126 -0.247134
v -0.154576 -0.139796 -0.246969
v -0.156234 -0.135079 -0.246969
v -0.154428 -0.139744 -0.246820
v -0.156085 -0.135027 -0.246820
v -0.154265 -0.139687 -0.246689
v -0.155923 -0.134970 -0.246689
v -0.154090 -0.139626 -0.246577
v -0.155748 -0.134908 -0.246577
v -0.153905 -0.139560 -0.246486
v -0.155562 -0.134843 -0.246486
v -0.153711 -0.139492 -0.246417
v -0.155369 -0.134775 -0.246417
v -0.153511 -0.139422 -0.246371
v -0.155169 -0.134705 -0.246371
v -0.153308 -0.139351 -0.246347
v -0.154966 -0.134634 -0.246347
v -0.153104 -0.139279 -0.246347
v -0.154762 -0.134562 -0.246347
v -0.152901 -0.139208 -0.246371
v -0.154559 -0.134491 -0.246371
v -0.152701 -0.139138 -0.246417
v -0.154359 -0.134420 -0.246417
v -0.152508 -0.139070 -0.246486
v -0.154165 -0.134352 -0.246486
v -0.152322 -0.139004 -0.246577
v -0.153980 -0.134287 -0.246577
v -0.152147 -0.138943 -0.246689
v -0.153805 -0.134226 -0.246689
v -0.151985 -0.138886 -0.246820
v -0.153642 -0.134169 -0.246820
v -0.151836 -0.138834 -0.246969
v -0.153494 -0.134116 -0.246969
v -0.151704 -0.138787 -0.247134
v -0.153362 -0.134070 -0.247134
v -0.151589 -0.138747 -0.247313
v -0.153247 -0.134030 -0.247313
v -0.151494 -0.138713 -0.247505
v -0.153151 -0.133996 -0.247505
v -0.151418 -0.138687 -0.247706
v -0.153076 -0.133969 -0.247706
v -0.151363 -0.138667 -0.247914
v -0.153021 -0.133950 -0.247914
v -0.151330 -0.138656 -0.248128
v -0.152988 -0.133939 -0.248128
v -0.209733 -0.159180 -0.258390
v -0.211390 -0.154463 -0.258390
v -0.209744 -0.159184 -0.258607
v -0.211401 -0.154467 -0.258607
v -0.209777 -0.159196 -0.258820
v -0.211434 -0.154478 -0.258820
v -0.209831 -0.159215 -0.259029
v -0.211489 -0.154498 -0.259029
v -0.209907 -0.159241 -0.259230
v -0.211565 -0.154524 -0.259230
v -0.210003 -0.159275 -0.259421
v -0.211660 -0.154558 -0.259421
v -0.210117 -0.159315 -0.259601
v -0.211775 -0.154598 -0.259601
v -0.210250 -0.159362 -0.259766
v -0.211907 -0.154645 -0.259766
v -0.210398 -0.159414 -0.259915
v -0.212056 -0.154697 -0.259915
v -0.210561 -0.159471 -0.260046
v -0.212218 -0.154754 -0.260046
v -0.210736 -0.159533 -0.260157
v -0.212393 -0.154815 -0.260157
v -0.210921 -0.159598 -0.260248
v -0.212579 -0.154881 -0.260248
v -0.211115 -0.159666 -0.260317
v -0.212772 -0.154949 -0.260317
v -0.211314 -0.159736 -0.260364
v -0.212972 -0.155019 -0.260364
v -0.211517 -0.159807 -0.260387
v -0.213175 -0.155090 -0.260387
v -0.211722 -0.159879 -0.260387
v -0.213379 -0.155162 -0.260387
v -0.211925 -0.159951 -0.260364
v -0.213583 -0.155233 -0.260364
v -0.212124 -0.160021 -0.260317
v -0.213782 -0.155303 -0.260317
v -0.212318 -0.160089 -0.260248
v -0.213976 -0.155372 -0.260248
v -0.212503 -0.160154 -0.260157
v -0.214161 -0.155437 -0.260157
v -0.212678 -0.160215 -0.260046
v -0.214336 -0.155498 -0.260046
v -0.212841 -0.160273 -0.259915
v -0.214499 -0.155555 -0.259915
v -0.212989 -0.160325 -0.259766
v -0.214647 -0.155607 -0.259766
v -0.213122 -0.160371 -0.259601
v -0.214779 -0.155654 -0.259601
v -0.213236 -0.160411 -0.259421
v -0.214894 -0.155694 -0.259421
v -0.213332 -0.160445 -0.259230
v -0.214990 -0.155728 -0.259230
v -0.213408 -0.160472 -0.259029
v -0.215065 -0.155754 -0.259029
v -0.213462 -0.160491 -0.258820
v -0.215120 -0.155774 -0.258820
v -0.213495 -0.160502 -0.258607
v -0.215153 -0.155785 -0.258607
v -0.213506 -0.160506 -0.258390
v -0.215164 -0.155789 -0.258390
v -0.213495 -0.160502 -0.258174
v -0.215153 -0.155785 -0.258174
v -0.213462 -0.160491 -0.257960
v -0.215120 -0.155774 -0.257960
v -0.213408 -0.160472 -0.257752
v -0.215065 -0.155754 -0.257752
v -0.213332 -0.160445 -0.257551
v -0.214990 -0.155728 -0.257551
v -0.213236 -0.160411 -0.257359
v -0.214894 -0.155694 -0.257359
v -0.213122 -0.160371 -0.257180
v -0.214779 -0.155654 -0.257180
v -0.212989 -0.160325 -0.257015
v -0.214647 -0.155607 -0.257015
v -0.212841 -0.160273 -0.256866
v -0.214499 -0.155555 -0.256866
v -0.212678 -0.160215 -0.256735
v -0.214336 -0.155498 -0.256735
v -0.212503 -0.160154 -0.256623
v -0.214161 -0.155437 -0.256623
v -0.212318 -0.160089 -0.256532
v -0.213976 -0.155372 -0.256532
v -0.212124 -0.160021 -0.256463
v -0.213782 -0.155303 -0.256463
v -0.211925 -0.159951 -0.256417
v -0.213583 -0.155233 -0.256417
v -0.211722 -0.159879 -0.256393
v -0.213379 -0.155162 -0.256393
v -0.211517 -0.159807 -0.256393
v -0.213175 -0.155090 -0.256393
v -0.211314 -0.159736 -0.256417
v -0.212972 -0.155019 -0.256417
v -0.211115 -0.159666 -0.256463
v -0.212772 -0.154949 -0.256463
v -0.210921 -0.159598 -0.256532
v -0.212579 -0.154881 -0.256532
v -0.210736 -0.159533 -0.256623
v -0.212393 -0.154815 -0.256623
v -0.210561 -0.159471 -0.256735
v -0.212218 -0.154754 -0.256735
v -0.210398 -0.159414 -0.256866
v -0.212056 -0.154697 -0.256866
v -0.210250 -0.159362 -0.257015
v -0.211907 -0.154645 -0.257015
v -0.210117 -0.159315 -0.257180
v -0.211775 -0.154598 -0.257180
v -0.210003 -0.159275 -0.257359
v -0.211660 -0.154558 -0.257359
v -0.209907 -0.159241 -0.257551
v -0.211565 -0.154524 -0.257551
v -0.209831 -0.159215 -0.257752
v -0.211489 -0.154498 -0.257752
v -0.209777 -0.159196 -0.257960
v -0.211434 -0.154478 -0.257960
v -0.209744 -0.159184 -0.258174
v -0.211401 -0.154467 -0.258174
v -0.209733 -0.159180 -0.299204
v -0.211390 -0.154463 -0.299204
v -0.209744 -0.159184 -0.299421
v -0.211401 -0.154467 -0.299421
v -0.209777 -0.159196 -0.299634
v -0.211434 -0.154478 -0.299634
v -0.209831 -0.159215 -0.299843
v -0.211489 -0.154498 -0.299843
v -0.209907 -0.159241 -0.300044
v -0.211565 -0.154524 -0.300044
v -0.210003 -0.159275 -0.300236
v -0.211660 -0.154558 -0.300236
v -0.210117 -0.159315 -0.300415
v -0.211775 -0.154598 -0.300415
v -0.210250 -0.159362 -0.300580
v -0.211907 -0.154645 -0.300580
v -0.210398 -0.159414 -0.300729
v -0.212056 -0.154697 -0.300729
v -0.210561 -0.159471 -0.300860
v -0.212218 -0.154754 -0.300860
v -0.210736 -0.159533 -0.300971
v -0.212393 -0.154815 -0.300971
v -0.210921 -0.159598 -0.301062
v -0.212579 -0.154881 -0.301062
v -0.211115 -0.159666 -0.301132
v -0.212772 -0.154949 -0.301132
v -0.211314 -0.159736 -0.301178
v -0.212972 -0.155019 -0.301178
v -0.211517 -0.159807 -0.301201
v -0.213175 -0.155090 -0.301201
v -0.211722 -0.159879 -0.301201
v -0.213379 -0.155162 -0.301201
v -0.211925 -0.159951 -0.301178
v -0.213583 -0.155233 -0.301178
v -0.212124 -0.160021 -0.301132
v -0.213782 -0.155303 -0.301132
v -0.212318 -0.160089 -0.301062
v -0.213976 -0.155372 -0.301062
v -0.212503 -0.160154 -0.300971
v -0.214161 -0.155437 -0.300971
v -0.212678 -0.160215 -0.300860
v -0.214336 -0.155498 -0.300860
v -0.212841 -0.160273 -0.300729
v -0.214499 -0.155555 -0.300729
v -0.212989 -0.160325 -0.300580
v -0.214647 -0.155607 -0.300580
v -0.213122 -0.160371 -0.300415
v -0.214779 -0.155654 -0.300415
v -0.213236 -0.160411 -0.300236
v -0.214894 -0.155694 -0.300236
v -0.213332 -0.160445 -0.300044
v -0.214990 -0.155728 -0.300044
v -0.213408 -0.160472 -0.299843
v -0.215065 -0.155754 -0.299843
v -0.213462 -0.160491 -0.299634
v -0.215120 -0.155774 -0.299634
v -0.213495 -0.160502 -0.299421
v -0.215153 -0.155785 -0.299421
v -0.213506 -0.160506 -0.299204
v -0.215164 -0.155789 -0.299204
v -0.213495 -0.160502 -0.298988
v -0.215153 -0.155785 -0.298988
v -0.213462 -0.160491 -0.298774
v -0.215120 -0.155774 -0.298774
v -0.213408 -0.160472 -0.298566
v -0.215065 -0.155754 -0.298566
v -0.213332 -0.160445 -0.298365
v -0.214990 -0.155728 -0.298365
v -0.213236 -0.160411 -0.298173
v -0.214894 -0.155694 -0.298173
v -0.213122 -0.160371 -0.297994
v -0.214779 -0.155654 -0.297994
v -0.212989 -0.160325 -0.297829
v -0.214647 -0.155607 -0.297829
v -0.212841 -0.160273 -0.297680
v -0.214499 -0.155555 -0.297680
v -0.212678 -0.160215 -0.297549
v -0.214336 -0.155498 -0.297549
v -0.212503 -0.160154 -0.297437
v -0.214161 -0.155437 -0.297437
v -0.212318 -0.160089 -0.297346
v -0.213976 -0.155372 -0.297346
v -0.212124 -0.160021 -0.297277
v -0.213782 -0.155303 -0.297277
v -0.211925 -0.159951 -0.297231
v -0.213583 -0.155233 -0.297231
v -0.211722 -0.159879 -0.297207
v -0.213379 -0.155162 -0.297207
v -0.211517 -0.159807 -0.297207
v -0.213175 -0.155090 -0.297207
v -0.211314 -0.159736 -0.297231
v -0.212972 -0.155019 -0.297231
v -0.211115 -0.159666 -0.297277
v -0.212772 -0.154949 -0.297277
v -0.210921 -0.159598 -0.297346
v -0.212579 -0.154881 -0.297346
v -0.210736 -0.159533 -0.297437
v -0.212393 -0.154815 -0.297437
v -0.210561 -0.159471 -0.297549
v -0.212218 -0.154754 -0.297549
v -0.210398 -0.159414 -0.297680
v -0.212056 -0.154697 -0.297680
v -0.210250 -0.159362 -0.297829
v -0.211907 -0.154645 -0.297829
v -0.210117 -0.159315 -0.297994
v -0.211775 -0.154598 -0.297994
v -0.210003 -0.159275 -0.298173
v -0.211660 -0.154558 -0.298173
v -0.209907 -0.159241 -0.298365
v -0.211565 -0.154524 -0.298365
v -0.209831 -0.159215 -0.298566
v -0.211489 -0.154498 -0.298566
v -0.209777 -0.159196 -0.298774
v -0.211434 -0.154478 -0.298774
v -0.209744 -0.159184 -0.298988
v -0.211401 -0.154467 -0.298988
v -0.209733 -0.159180 -0.340019
v -0.211390 -0.154463 -0.340019
v -0.209744 -0.159184 -0.340235
v -0.211401 -0.154467 -0.340235
v -0.209777 -0.159196 -0.340449
v -0.211434 -0.154478 -0.340449
v -0.209831 -0.159215 -0.340657
v -0.211489 -0.154498 -0.340657
v -0.209907 -0.159241 -0.340858
v -0.211565 -0.154524 -0.340858
v -0.210003 -0.159275 -0.341050
v -0.211660 -0.154558 -0.341050
v -0.210117 -0.159315 -0.341229
v -0.211775 -0.154598 -0.341229
v -0.210250 -0.159362 -0.341394
v -0.211907 -0.154645 -0.341394
v -0.210398 -0.159414 -0.341543
v -0.212056 -0.154697 -0.341543
v -0.210561 -0.159471 -0.341674
v -0.212218 -0.154754 -0.341674
v -0.210736 -0.159533 -0.341786
v -0.212393 -0.154815 -0.341786
v -0.210921 -0.159598 -0.341877
v -0.212579 -0.154881 -0.341877
v -0.211115 -0.159666 -0.341946
v -0.212772 -0.154949 -0.341946
v -0.211314 -0.159736 -0.341992
v -0.212972 -0.155019 -0.341992
v -0.211517 -0.159807 -0.342016
v -0.213175 -0.155090 -0.342016
v -0.211722 -0.159879 -0.342016
v -0.213379 -0.155162 -0.342016
v -0.211925 -0.159951 -0.341992
v -0.213583 -0.155233 -0.341992
v -0.212124 -0.160021 -0.341946
v -0.213782 -0.155303 -0.341946
v -0.212318 -0.160089 -0.341877
v -0.213976 -0.155372 -0.341877
v -0.212503 -0.160154 -0.341786
v -0.214161 -0.155437 -0.341786
v -0.212678 -0.160215 -0.341674
v -0.214336 -0.155498 -0.341674
v -0.212841 -0.160273 -0.341543
v -0.214499 -0.155555 -0.341543
v -0.212989 -0.160325 -0.341394
v -0.214647 -0.155607 -0.341394
v -0.213122 -0.160371 -0.341229
v -0.214779 -0.155654 -0.341229
v -0.213236 -0.160411 -0.341050
v -0.214894 -0.155694 -0.341050
v -0.213332 -0.160445 -0.340858
v -0.214990 -0.155728 -0.340858
v -0.213408 -0.160472 -0.340657
v -0.215065 -0.155754 -0.340657
v -0.213462 -0.160491 -0.340449
v -0.215120 -0.155774 -0.340449
v -0.213495 -0.160502 -0.340235
v -0.215153 -0.155785 -0.340235
v -0.213506 -0.160506 -0.340019
v -0.215164 -0.155789 -0.340019
v -0.213495 -0.160502 -0.339802
v -0.215153 -0.155785 -0.339802
v -0.213462 -0.160491 -0.339589
v -0.215120 -0.155774 -0.339589
v -0.213408 -0.160472 -0.339380
v -0.215065 -0.155754 -0.339380
v -0.213332 -0.160445 -0.339179
v -0.214990 -0.155728 -0.339179
v -0.213236 -0.160411 -0.338987
v -0.214894 -0.155694 -0.338987
v -0.213122 -0.160371 -0.338808
v -0.214779 -0.155654 -0.338808
v -0.212989 -0.160325 -0.338643
v -0.214647 -0.155607 -0.338643
v -0.212841 -0.160273 -0.338494
v -0.214499 -0.155555 -0.338494
v -0.212678 -0.160215 -0.338363
v -0.214336 -0.155498 -0.338363
v -0.212503 -0.160154 -0.338252
v -0.214161 -0.155437 -0.338252
v -0.212318 -0.160089 -0.338161
v -0.213976 -0.155372 -0.338161
v -0.212124 -0.160021 -0.338091
v -0.213782 -0.155303 -0.338091
v -0.211925 -0.159951 -0.338045
v -0.213583 -0.155233 -0.338045
v -0.211722 -0.159879 -0.338022
v -0.213379 -0.155162 -0.338022
v -0.211517 -0.159807 -0.338022
v -0.213175 -0.155090 -0.338022
v -0.211314 -0.159736 -0.338045
v -0.212972 -0.155019 -0.338045
v -0.211115 -0.159666 -0.338091
v -0.212772 -0.154949 -0.338091
v -0.210921 -0.159598 -0.338161
v -0.212579 -0.154881 -0.338161
v -0.210736 -0.159533 -0.338252
v -0.212393 -0.154815 -0.338252
v -0.210561 -0.159471 -0.338363
v -0.212218 -0.154754 -0.338363
v -0.210398 -0.159414 -0.338494
v -0.212056 -0.154697 -0.338494
v -0.210250 -0.159362 -0.338643
v -0.211907 -0.154645 -0.338643
v -0.210117 -0.159315 -0.338808
v -0.211775 -0.154598 -0.338808
v -0.210003 -0.159275 -0.338987
v -0.211660 -0.154558 -0.338987
v -0.209907 -0.159241 -0.339179
v -0.211565 -0.154524 -0.339179
v -0.209831 -0.159215 -0.339380
v -0.211489 -0.154498 -0.339380
v -0.209777 -0.159196 -0.339589
v -0.211434 -0.154478 -0.339589
v -0.209744 -0.159184 -0.339802
v -0.211401 -0.154467 -0.339802
v -0.151319 -0.138652 -0.217576
v -0.152977 -0.133935 -0.217576
v -0.151330 -0.138656 -0.217792
v -0.152988 -0.133939 -0.217792
v -0.151363 -0.138667 -0.218006
v -0.153021 -0.133950 -0.218006
v -0.151418 -0.138687 -0.218215
v -0.153076 -0.133969 -0.218215
v -0.151494 -0.138713 -0.218416
v -0.153151 -0.133996 -0.218416
v -0.151589 -0.138747 -0.218607
v -0.153247 -0.134030 -0.218607
v -0.151704 -0.138787 -0.218786
v -0.153362 -0.134070 -0.218786
v -0.151836 -0.138834 -0.218952
v -0.153494 -0.134116 -0.218952
v -0.151985 -0.138886 -0.219100
v -0.153642 -0.134169 -0.219100
v -0.152147 -0.138943 -0.219232
v -0.153805 -0.134226 -0.219232
v -0.152322 -0.139004 -0.219343
v -0.153980 -0.134287 -0.219343
v -0.152508 -0.139070 -0.219434
v -0.154165 -0.134352 -0.219434
v -0.152701 -0.139138 -0.219503
v -0.154359 -0.134420 -0.219503
v -0.152901 -0.139208 -0.219550
v -0.154559 -0.134491 -0.219550
v -0.153104 -0.139279 -0.219573
v -0.154762 -0.134562 -0.219573
v -0.153308 -0.139351 -0.219573
v -0.154966 -0.134634 -0.219573
v -0.153511 -0.139422 -0.219550
v -0.155169 -0.134705 -0.219550
v -0.153711 -0.139492 -0.219503
v -0.155369 -0.134775 -0.219503
v -0.153905 -0.139560 -0.219434
v -0.155562 -0.134843 -0.219434
v -0.154090 -0.139626 -0.219343
v -0.155748 -0.134908 -0.219343
v -0.154265 -0.139687 -0.219232
v -0.155923 -0.134970 -0.219232
v -0.154428 -0.139744 -0.219100
v -0.156085 -0.135027 -0.219100
v -0.154576 -0.139796 -0.218952
v -0.156234 -0.135079 -0.218952
v -0.154708 -0.139843 -0.218786
v -0.156366 -0.135126 -0.218786
v -0.154823 -0.139883 -0.218607
v -0.156481 -0.135166 -0.218607
v -0.154919 -0.139917 -0.218416
v -0.156576 -0.135200 -0.218416
v -0.154994 -0.139943 -0.218215
v -0.156652 -0.135226 -0.218215
v -0.155049 -0.139963 -0.218006
v -0.156707 -0.135245 -0.218006
v -0.155082 -0.139974 -0.217792
v -0.156740 -0.135257 -0.217792
v -0.155093 -0.139978 -0.217576
v -0.156751 -0.135261 -0.217576
v -0.155082 -0.139974 -0.217360
v -0.156740 -0.135257 -0.217360
v -0.155049 -0.139963 -0.217146
v -0.156707 -0.135245 -0.217146
v -0.154994 -0.139943 -0.216938
v -0.156652 -0.135226 -0.216938
v -0.154919 -0.139917 -0.216736
v -0.156576 -0.135200 -0.216736
v -0.154823 -0.139883 -0.216545
v -0.156481 -0.135166 -0.216545
v -0.154708 -0.139843 -0.216366
v -0.156366 -0.135126 -0.216366
v -0.154576 -0.139796 -0.216201
v -0.156234 -0.135079 -0.216201
v -0.154428 -0.139744 -0.216052
v -0.156085 -0.135027 -0.216052
v -0.154265 -0.139687 -0.215921
v -0.155923 -0.134970 -0.215921
v -0.154090 -0.139626 -0.215809
v -0.155748 -0.134908 -0.215809
v -0.153905 -0.139560 -0.215718
v -0.155562 -0.134843 -0.215718
v -0.153711 -0.139492 -0.215649
v -0.155369 -0.134775 -0.215649
v -0.153511 -0.139422 -0.215602
v -0.155169 -0.134705 -0.215602
v -0.153308 -0.139351 -0.215579
v -0.154966 -0.134634 -0.215579
v -0.153104 -0.139279 -0.215579
v -0.154762 -0.134562 -0.215579
v -0.152901 -0.139208 -0.215602
v -0.154559 -0.134491 -0.215602
v -0.152701 -0.139138 -0.215649
v -0.154359 -0.134420 -0.215649
v -0.152508 -0.139070 -0.215718
v -0.154165 -0.134352 -0.215718
v -0.152322 -0.139004 -0.215809
v -0.153980 -0.134287 -0.215809
v -0.152147 -0.138943 -0.215921
v -0.153805 -0.134226 -0.215921
v -0.151985 -0.138886 -0.216052
v -0.153642 -0.134169 -0.216052
v -0.151836 -0.138834 -0.216201
v -0.153494 -0.134116 -0.216201
v -0.151704 -0.138787 -0.216366
v -0.153362 -0.134070 -0.216366
v -0.151589 -0.138747 -0.216545
v -0.153247 -0.134030 -0.216545
v -0.151494 -0.138713 -0.216736
v -0.153151 -0.133996 -0.216736
v -0.151418 -0.138687 -0.216938
v -0.153076 -0.133969 -0.216938
v -0.151363 -0.138667 -0.217146
v -0.153021 -0.133950 -0.217146
v -0.151330 -0.138656 -0.217360
v -0.152988 -0.133939 -0.217360
v -0.038018 -0.170000 -0.226402
v -0.035035 -0.167000 -0.226726
v -0.038070 -0.170000 -0.226722
v -0.035140 -0.167000 -0.227367
v -0.038157 -0.170000 -0.227035
v -0.035314 -0.167000 -0.227993
v -0.038277 -0.170000 -0.227337
v -0.035555 -0.167000 -0.228597
v -0.038429 -0.170000 -0.227624
v -0.035859 -0.167000 -0.229171
v -0.038612 -0.170000 -0.227893
v -0.036223 -0.167000 -0.229708
v -0.038822 -0.170000 -0.228140
v -0.036644 -0.167000 -0.230204
v -0.039058 -0.170000 -0.228364
v -0.037116 -0.167000 -0.230650
v -0.039316 -0.170000 -0.228560
v -0.037633 -0.167000 -0.231043
v -0.039595 -0.170000 -0.228728
v -0.038190 -0.167000 -0.231378
v -0.039890 -0.170000 -0.228864
v -0.038779 -0.167000 -0.231651
v -0.040197 -0.170000 -0.228968
v -0.039395 -0.167000 -0.231859
v -0.040515 -0.170000 -0.229038
v -0.040029 -0.167000 -0.231998
v -0.040838 -0.170000 -0.229073
v -0.040675 -0.167000 -0.232069
v -0.041162 -0.170000 -0.229073
v -0.041325 -0.167000 -0.232069
v -0.041485 -0.170000 -0.229038
v -0.041971 -0.167000 -0.231998
v -0.041803 -0.170000 -0.228968
v -0.042605 -0.167000 -0.231859
v -0.042110 -0.170000 -0.228864
v -0.043221 -0.167000 -0.231651
v -0.042405 -0.170000 -0.228728
v -0.043810 -0.167000 -0.231378
v -0.042684 -0.170000 -0.228560
v -0.044367 -0.167000 -0.231043
v -0.042942 -0.170000 -0.228364
v -0.044884 -0.167000 -0.230650
v -0.043178 -0.170000 -0.228140
v -0.045356 -0.167000 -0.230204
v -0.043388 -0.170000 -0.227893
v -0.045777 -0.167000 -0.229708
v -0.043571 -0.170000 -0.227624
v -0.046141 -0.167000 -0.229171
v -0.043723 -0.170000 -0.227337
v -0.046445 -0.167000 -0.228597
v -0.043843 -0.170000 -0.227035
v -0.046686 -0.167000 -0.227993
v -0.043930 -0.170000 -0.226722
v -0.046860 -0.167000 -0.227367
v -0.043982 -0.170000 -0.226402
v -0.046965 -0.167000 -0.226726
v -0.044000 -0.170000 -0.226077
v -0.047000 -0.167000 -0.226077
v -0.043982 -0.170000 -0.225753
v -0.046965 -0.167000 -0.225429
v -0.043930 -0.170000 -0.225432
v -0.046860 -0.167000 -0.224788
v -0.043843 -0.170000 -0.225119
v -0.046686 -0.167000 -0.224162
v -0.043723 -0.170000 -0.224818
v -0.046445 -0.167000 -0.223558
v -0.043571 -0.170000 -0.224531
v -0.046141 -0.167000 -0.222984
v -0.043388 -0.170000 -0.224262
v -0.045777 -0.167000 -0.222446
v -0.043178 -0.170000 -0.224014
v -0.045356 -0.167000 -0.221951
v -0.042942 -0.170000 -0.223791
v -0.044884 -0.167000 -0.221504
v -0.042684 -0.170000 -0.223594
v -0.044367 -0.167000 -0.221111
v -0.042405 -0.170000 -0.223427
v -0.043810 -0.167000 -0.220776
v -0.042110 -0.170000 -0.223290
v -0.043221 -0.167000 -0.220503
v -0.041803 -0.170000 -0.223187
v -0.042605 -0.167000 -0.220296
v -0.041485 -0.170000 -0.223117
v -0.041971 -0.167000 -0.220156
v -0.041162 -0.170000 -0.223082
v -0.041325 -0.167000 -0.220086
v -0.040838 -0.170000 -0.223082
v -0.040675 -0.167000 -0.220086
v -0.040515 -0.170000 -0.223117
v -0.040029 -0.167000 -0.220156
v -0.040197 -0.170000 -0.223187
v -0.039395 -0.167000 -0.220296
v -0.039890 -0.170000 -0.223290
v -0.038779 -0.167000 -0.220503
v -0.039595 -0.170000 -0.223427
v -0.038190 -0.167000 -0.220776
v -0.039316 -0.170000 -0.223594
v -0.037633 -0.167000 -0.221111
v -0.039058 -0.170000 -0.223791
v -0.037116 -0.167000 -0.221504
v -0.038822 -0.170000 -0.224014
v -0.036644 -0.167000 -0.221951
v -0.038612 -0.170000 -0.224262
v -0.036223 -0.167000 -0.222446
v -0.038429 -0.170000 -0.224531
v -0.035859 -0.167000 -0.222984
v -0.038277 -0.170000 -0.224818
v -0.035555 -0.167000 -0.223558
v -0.038157 -0.170000 -0.225119
v -0.035314 -0.167000 -0.224162
v -0.038070 -0.170000 -0.225432
v -0.035140 -0.167000 -0.224788
v -0.038018 -0.170000 -0.225753
v -0.035035 -0.167000 -0.225429
v -0.038000 -0.170000 -0.226077
v -0.035000 -0.167000 -0.226077
v -0.038018 -0.170000 -0.183402
v -0.035035 -0.167000 -0.183726
v -0.038070 -0.170000 -0.183722
v -0.035140 -0.167000 -0.184367
v -0.038157 -0.170000 -0.184035
v -0.035314 -0.167000 -0.184993
v -0.038277 -0.170000 -0.184337
v -0.035555 -0.167000 -0.185597
v -0.038429 -0.170000 -0.184624
v -0.035859 -0.167000 -0.186171
v -0.038612 -0.170000 -0.184893
v -0.036223 -0.167000 -0.186708
v -0.038822 -0.170000 -0.185140
v -0.036644 -0.167000 -0.187204
v -0.039058 -0.170000 -0.185364
v -0.037116 -0.167000 -0.187650
v -0.039316 -0.170000 -0.185560
v -0.037633 -0.167000 -0.188043
v -0.039595 -0.170000 -0.185728
v -0.038190 -0.167000 -0.188378
v -0.039890 -0.170000 -0.185864
v -0.038779 -0.167000 -0.188651
v -0.040197 -0.170000 -0.185968
v -0.039395 -0.167000 -0.188859
v -0.040515 -0.170000 -0.186038
v -0.040029 -0.167000 -0.188998
v -0.040838 -0.170000 -0.186073
v -0.040675 -0.167000 -0.189069
v -0.041162 -0.170000 -0.186073
v -0.041325 -0.167000 -0.189069
v -0.041485 -0.170000 -0.186038
v -0.041971 -0.167000 -0.188998
v -0.041803 -0.170000 -0.185968
v -0.042605 -0.167000 -0.188859
v -0.042110 -0.170000 -0.185864
v -0.043221 -0.167000 -0.188651
v -0.042405 -0.170000 -0.185728
v -0.043810 -0.167000 -0.188378
v -0.042684 -0.170000 -0.185560
v -0.044367 -0.167000 -0.188043
v -0.042942 -0.170000 -0.185364
v -0.044884 -0.167000 -0.187650
v -0.043178 -0.170000 -0.185140
v -0.045356 -0.167000 -0.187204
v -0.043388 -0.170000 -0.184893
v -0.045777 -0.167000 -0.186708
v -0.043571 -0.170000 -0.184624
v -0.046141 -0.167000 -0.186171
v -0.043723 -0.170000 -0.184337
v -0.046445 -0.167000 -0.185597
v -0.043843 -0.170000 -0.184035
v -0.046686 -0.167000 -0.184993
v -0.043930 -0.170000 -0.183722
v -0.046860 -0.167000 -0.184367
v -0.043982 -0.170000 -0.183402
v -0.046965 -0.167000 -0.183726
v -0.044000 -0.170000 -0.183077
v -0.047000 -0.167000 -0.183077
v -0.043982 -0.170000 -0.182753
v -0.046965 -0.167000 -0.182429
v -0.043930 -0.170000 -0.182432
v -0.046860 -0.167000 -0.181788
v -0.043843 -0.170000 -0.182119
v -0.046686 -0.167000 -0.181162
v -0.043723 -0.170000 -0.181818
v -0.046445 -0.167000 -0.180558
v -0.043571 -0.170000 -0.181531
v -0.046141 -0.167000 -0.179984
v -0.043388 -0.170000 -0.181262
v -0.045777 -0.167000 -0.179446
v -0.043178 -0.170000 -0.181014
v -0.045356 -0.167000 -0.178951
v -0.042942 -0.170000 -0.180791
v -0.044884 -0.167000 -0.178504
v -0.042684 -0.170000 -0.180594
v -0.044367 -0.167000 -0.178111
v -0.042405 -0.170000 -0.180427
v -0.043810 -0.167000 -0.177776
v -0.042110 -0.170000 -0.180290
v -0.043221 -0.167000 -0.177503
v -0.041803 -0.170000 -0.180187
v -0.042605 -0.167000 -0.177296
v -0.041485 -0.170000 -0.180117
v -0.041971 -0.167000 -0.177156
v -0.041162 -0.170000 -0.180082
v -0.041325 -0.167000 -0.177086
v -0.040838 -0.170000 -0.180082
v -0.040675 -0.167000 -0.177086
v -0.040515 -0.170000 -0.180117
v -0.040029 -0.167000 -0.177156
v -0.040197 -0.170000 -0.180187
v -0.039395 -0.167000 -0.177296
v -0.039890 -0.170000 -0.180290
v -0.038779 -0.167000 -0.177503
v -0.039595 -0.170000 -0.180427
v -0.038190 -0.167000 -0.177776
v -0.039316 -0.170000 -0.180594
v -0.037633 -0.167000 -0.178111
v -0.039058 -0.170000 -0.180791
v -0.037116 -0.167000 -0.178504
v -0.038822 -0.170000 -0.181014
v -0.036644 -0.167000 -0.178951
v -0.038612 -0.170000 -0.181262
v -0.036223 -0.167000 -0.179446
v -0.038429 -0.170000 -0.181531
v -0.035859 -0.167000 -0.179984
v -0.038277 -0.170000 -0.181818
v -0.035555 -0.167000 -0.180558
v -0.038157 -0.170000 -0.182119
v -0.035314 -0.167000 -0.181162
v -0.038070 -0.170000 -0.182432
v -0.035140 -0.167000 -0.181788
v -0.038018 -0.170000 -0.182753
v -0.035035 -0.167000 -0.182429
v -0.038000 -0.170000 -0.183077
v -0.035000 -0.167000 -0.183077
v -0.038018 -0.170000 -0.140402
v -0.035035 -0.167000 -0.140726
v -0.038070 -0.170000 -0.140722
v -0.035140 -0.167000 -0.141367
v -0.038157 -0.170000 -0.141035
v -0.035314 -0.167000 -0.141993
v -0.038277 -0.170000 -0.141337
v -0.035555 -0.167000 -0.142597
v -0.038429 -0.170000 -0.141624
v -0.035859 -0.167000 -0.143171
v -0.038612 -0.170000 -0.141893
v -0.036223 -0.167000 -0.143708
v -0.038822 -0.170000 -0.142140
v -0.036644 -0.167000 -0.144204
v -0.039058 -0.170000 -0.142364
v -0.037116 -0.167000 -0.144650
v -0.039316 -0.170000 -0.142560
v -0.037633 -0.167000 -0.145043
v -0.039595 -0.170000 -0.142728
v -0.038190 -0.167000 -0.145378
v -0.039890 -0.170000 -0.142864
v -0.038779 -0.167000 -0.145651
v -0.040197 -0.170000 -0.142968
v -0.039395 -0.167000 -0.145859
v -0.040515 -0.170000 -0.143038
v -0.040029 -0.167000 -0.145998
v -0.040838 -0.170000 -0.143073
v -0.040675 -0.167000 -0.146069
v -0.041162 -0.170000 -0.143073
v -0.041325 -0.167000 -0.146069
v -0.041485 -0.170000 -0.143038
v -0.041971 -0.167000 -0.145998
v -0.041803 -0.170000 -0.142968
v -0.042605 -0.167000 -0.145859
v -0.042110 -0.170000 -0.142864
v -0.043221 -0.167000 -0.145651
v -0.042405 -0.170000 -0.142728
v -0.043810 -0.167000 -0.145378
v -0.042684 -0.170000 -0.142560
v -0.044367 -0.167000 -0.145043
v -0.042942 -0.170000 -0.142364
v -0.044884 -0.167000 -0.144650
v -0.043178 -0.170000 -0.142140
v -0.045356 -0.167000 -0.144204
v -0.043388 -0.170000 -0.141893
v -0.045777 -0.167000 -0.143708
v -0.043571 -0.170000 -0.141624
v -0.046141 -0.167000 -0.143171
v -0.043723 -0.170000 -0.141337
v -0.046445 -0.167000 -0.142597
v -0.043843 -0.170000 -0.141035
v -0.046686 -0.167000 -0.141993
v -0.043930 -0.170000 -0.140722
v -0.046860 -0.167000 -0.141367
v -0.043982 -0.170000 -0.140402
v -0.046965 -0.167000 -0.140726
v -0.044000 -0.170000 -0.140077
v -0.047000 -0.167000 -0.140077
v -0.043982 -0.170000 -0.139753
v -0.046965 -0.167000 -0.139429
v -0.043930 -0.170000 -0.139432
v -0.046860 -0.167000 -0.138788
v -0.043843 -0.170000 -0.139119
v -0.046686 -0.167000 -0.138162
v -0.043723 -0.170000 -0.138818
v -0.046445 -0.167000 -0.137558
v -0.043571 -0.170000 -0.138531
v -0.046141 -0.167000 -0.136984
v -0.043388 -0.170000 -0.138262
v -0.045777 -0.167000 -0.136446
v -0.043178 -0.170000 -0.138014
v -0.045356 -0.167000 -0.135951
v -0.042942 -0.170000 -0.137791
v -0.044884 -0.167000 -0.135504
v -0.042684 -0.170000 -0.137594
v -0.044367 -0.167000 -0.135111
v -0.042405 -0.170000 -0.137427
v -0.043810 -0.167000 -0.134776
v -0.042110 -0.170000 -0.137290
v -0.043221 -0.167000 -0.134503
v -0.041803 -0.170000 -0.137187
v -0.042605 -0.167000 -0.134296
v -0.041485 -0.170000 -0.137117
v -0.041971 -0.167000 -0.134156
v -0.041162 -0.170000 -0.137082
v -0.041325 -0.167000 -0.134086
v -0.040838 -0.170000 -0.137082
v -0.040675 -0.167000 -0.134086
v -0.040515 -0.170000 -0.137117
v -0.040029 -0.167000 -0.134156
v -0.040197 -0.170000 -0.137187
v -0.039395 -0.167000 -0.134296
v -0.039890 -0.170000 -0.137290
v -0.038779 -0.167000 -0.134503
v -0.039595 -0.170000 -0.137427
v -0.038190 -0.167000 -0.134776
v -0.039316 -0.170000 -0.137594
v -0.037633 -0.167000 -0.135111
v -0.039058 -0.170000 -0.137791
v -0.037116 -0.167000 -0.135504
v -0.038822 -0.170000 -0.138014
v -0.036644 -0.167000 -0.135951
v -0.038612 -0.170000 -0.138262
v -0.036223 -0.167000 -0.136446
v -0.038429 -0.170000 -0.138531
v -0.035859 -0.167000 -0.136984
v -0.038277 -0.170000 -0.138818
v -0.035555 -0.167000 -0.137558
v -0.038157 -0.170000 -0.139119
v -0.035314 -0.167000 -0.138162
v -0.038070 -0.170000 -0.139432
v -0.035140 -0.167000 -0.138788
v -0.038018 -0.170000 -0.139753
v -0.035035 -0.167000 -0.139429
v -0.038000 -0.170000 -0.140077
v -0.035000 -0.167000 -0.140077
v 0.043982 -0.170000 -0.140402
v 0.046965 -0.167000 -0.140726
v 0.043930 -0.170000 -0.140722
v 0.046860 -0.167000 -0.141367
v 0.043843 -0.170000 -0.141035
v 0.046686 -0.167000 -0.141993
v 0.043723 -0.170000 -0.141337
v 0.046445 -0.167000 -0.142597
v 0.043571 -0.170000 -0.141624
v 0.046141 -0.167000 -0.143171
v 0.043388 -0.170000 -0.141893
v 0.045777 -0.167000 -0.143708
v 0.043178 -0.170000 -0.142140
v 0.045356 -0.167000 -0.144204
v 0.042942 -0.170000 -0.142364
v 0.044884 -0.167000 -0.144650
v 0.042684 -0.170000 -0.142560
v 0.044367 -0.167000 -0.145043
v 0.042405 -0.170000 -0.142728
v 0.043810 -0.167000 -0.145378
v 0.042110 -0.170000 -0.142864
v 0.043221 -0.167000 -0.145651
v 0.041803 -0.170000 -0.142968
v 0.042605 -0.167000 -0.145859
v 0.041485 -0.170000 -0.143038
v 0.041971 -0.167000 -0.145998
v 0.041162 -0.170000 -0.143073
v 0.041325 -0.167000 -0.146069
v 0.040838 -0.170000 -0.143073
v 0.040675 -0.167000 -0.146069
v 0.040515 -0.170000 -0.143038
v 0.040029 -0.167000 -0.145998
v 0.040197 -0.170000 -0.142968
v 0.039395 -0.167000 -0.145859
v 0.039890 -0.170000 -0.142864
v 0.038779 -0.167000 -0.145651
v 0.039595 -0.170000 -0.142728
v 0.038190 -0.167000 -0.145378
v 0.039316 -0.170000 -0.142560
v 0.037633 -0.167000 -0.145043
v 0.039058 -0.170000 -0.142364
v 0.037116 -0.167000 -0.144650
v 0.038822 -0.170000 -0.142140
v 0.036644 -0.167000 -0.144204
v 0.038612 -0.170000 -0.141893
v 0.036223 -0.167000 -0.143708
v 0.038429 -0.170000 -0.141624
v 0.035859 -0.167000 -0.143171
v 0.038277 -0.170000 -0.141337
v 0.035555 -0.167000 -0.142597
v 0.038157 -0.170000 -0.141035
v 0.035314 -0.167000 -0.141993
v 0.038070 -0.170000 -0.140722
v 0.035140 -0.167000 -0.141367
v 0.038018 -0.170000 -0.140402
v 0.035035 -0.167000 -0.140726
v 0.038000 -0.170000 -0.140077
v 0.035000 -0.167000 -0.140077
v 0.038018 -0.170000 -0.139753
v 0.035035 -0.167000 -0.139429
v 0.038070 -0.170000 -0.139432
v 0.035140 -0.167000 -0.138788
v 0.038157 -0.170000 -0.139119
v 0.035314 -0.167000 -0.138162
v 0.038277 -0.170000 -0.138818
v 0.035555 -0.167000 -0.137558
v 0.038429 -0.170000 -0.138531
v 0.035859 -0.167000 -0.136984
v 0.038612 -0.170000 -0.138262
v 0.036223 -0.167000 -0.136446
v 0.038822 -0.170000 -0.138014
v 0.036644 -0.167000 -0.135951
v 0.039058 -0.170000 -0.137791
v 0.037116 -0.167000 -0.135504
v 0.039316 -0.170000 -0.137594
v 0.037633 -0.167000 -0.135111
v 0.039595 -0.170000 -0.137427
v 0.038190 -0.167000 -0.134776
v 0.039890 -0.170000 -0.137290
v 0.038779 -0.167000 -0.134503
v 0.040197 -0.170000 -0.137187
v 0.039395 -0.167000 -0.134296
v 0.040515 -0.170000 -0.137117
v 0.040029 -0.167000 -0.134156
v 0.040838 -0.170000 -0.137082
v 0.040675 -0.167000 -0.134086
v 0.041162 -0.170000 -0.137082
v 0.041325 -0.167000 -0.134086
v 0.041485 -0.170000 -0.137117
v 0.041971 -0.167000 -0.134156
v 0.041803 -0.170000 -0.137187
v 0.042605 -0.167000 -0.134296
v 0.042110 -0.170000 -0.137290
v 0.043221 -0.167000 -0.134503
v 0.042405 -0.170000 -0.137427
v 0.043810 -0.167000 -0.134776
v 0.042684 -0.170000 -0.137594
v 0.044367 -0.167000 -0.135111
v 0.042942 -0.170000 -0.137791
v 0.044884 -0.167000 -0.135504
v 0.043178 -0.170000 -0.138014
v 0.045356 -0.167000 -0.135951
v 0.043388 -0.170000 -0.138262
v 0.045777 -0.167000 -0.136446
v 0.043571 -0.170000 -0.138531
v 0.046141 -0.167000 -0.136984
v 0.043723 -0.170000 -0.138818
v 0.046445 -0.167000 -0.137558
v 0.043843 -0.170000 -0.139119
v 0.046686 -0.167000 -0.138162
v 0.043930 -0.170000 -0.139432
v 0.046860 -0.167000 -0.138788
v 0.043982 -0.170000 -0.139753
v 0.046965 -0.167000 -0.139429
v 0.044000 -0.170000 -0.140077
v 0.047000 -0.167000 -0.140077
v 0.043982 -0.170000 -0.183402
v 0.046965 -0.167000 -0.183726
v 0.043930 -0.170000 -0.183722
v 0.046860 -0.167000 -0.184367
v 0.043843 -0.170000 -0.184035
v 0.046686 -0.167000 -0.184993
v 0.043723 -0.170000 -0.184337
v 0.046445 -0.167000 -0.185597
v 0.043571 -0.170000 -0.184624
v 0.046141 -0.167000 -0.186171
v 0.043388 -0.170000 -0.184893
v 0.045777 -0.167000 -0.186708
v 0.043178 -0.170000 -0.185140
v 0.045356 -0.167000 -0.187204
v 0.042942 -0.170000 -0.185364
v 0.044884 -0.167000 -0.187650
v 0.042684 -0.170000 -0.185560
v 0.044367 -0.167000 -0.188043
v 0.042405 -0.170000 -0.185728
v 0.043810 -0.167000 -0.188378
v 0.042110 -0.170000 -0.185864
v 0.043221 -0.167000 -0.188651
v 0.041803 -0.170000 -0.185968
v 0.042605 -0.167000 -0.188859
v 0.041485 -0.170000 -0.186038
v 0.041971 -0.167000 -0.188998
v 0.041162 -0.170000 -0.186073
v 0.041325 -0.167000 -0.189069
v 0.040838 -0.170000 -0.186073
v 0.040675 -0.167000 -0.189069
v 0.040515 -0.170000 -0.186038
v 0.040029 -0.167000 -0.188998
v 0.040197 -0.170000 -0.185968
v 0.039395 -0.167000 -0.188859
v 0.039890 -0.170000 -0.185864
v 0.038779 -0.167000 -0.188651
v 0.039595 -0.170000 -0.185728
v 0.038190 -0.167000 -0.188378
v 0.039316 -0.170000 -0.185560
v 0.037633 -0.167000 -0.188043
v 0.039058 -0.170000 -0.185364
v 0.037116 -0.167000 -0.187650
v 0.038822 -0.170000 -0.185140
v 0.036644 -0.167000 -0.187204
v 0.038612 -0.170000 -0.184893
v 0.036223 -0.167000 -0.186708
v 0.038429 -0.170000 -0.184624
v 0.035859 -0.167000 -0.186171
v 0.038277 -0.170000 -0.184337
v 0.035555 -0.167000 -0.185597
v 0.038157 -0.170000 -0.184035
v 0.035314 -0.167000 -0.184993
v 0.038070 -0.170000 -0.183722
v 0.035140 -0.167000 -0.184367
v 0.038018 -0.170000 -0.183402
v 0.035035 -0.167000 -0.183726
v 0.038000 -0.170000 -0.183077
v 0.035000 -0.167000 -0.183077
v 0.038018 -0.170000 -0.182753
v 0.035035 -0.167000 -0.182429
v 0.038070 -0.170000 -0.182432
v 0.035140 -0.167000 -0.181788
v 0.038157 -0.170000 -0.182119
v 0.035314 -0.167000 -0.181162
v 0.038277 -0.170000 -0.181818
v 0.035555 -0.167000 -0.180558
v 0.038429 -0.170000 -0.181531
v 0.035859 -0.167000 -0.179984
v 0.038612 -0.170000 -0.181262
v 0.036223 -0.167000 -0.179446
v 0.038822 -0.170000 -0.181014
v 0.036644 -0.167000 -0.178951
v 0.039058 -0.170000 -0.180791
v 0.037116 -0.167000 -0.178504
v 0.039316 -0.170000 -0.180594
v 0.037633 -0.167000 -0.178111
v 0.039595 -0.170000 -0.180427
v 0.038190 -0.167000 -0.177776
v 0.039890 -0.170000 -0.180290
v 0.038779 -0.167000 -0.177503
v 0.040197 -0.170000 -0.180187
v 0.039395 -0.167000 -0.177296
v 0.040515 -0.170000 -0.180117
v 0.040029 -0.167000 -0.177156
v 0.040838 -0.170000 -0.180082
v 0.040675 -0.167000 -0.177086
v 0.041162 -0.170000 -0.180082
v 0.041325 -0.167000 -0.177086
v 0.041485 -0.170000 -0.180117
v 0.041971 -0.167000 -0.177156
v 0.041803 -0.170000 -0.180187
v 0.042605 -0.167000 -0.177296
v 0.042110 -0.170000 -0.180290
v 0.043221 -0.167000 -0.177503
v 0.042405 -0.170000 -0.180427
v 0.043810 -0.167000 -0.177776
v 0.042684 -0.170000 -0.180594
v 0.044367 -0.167000 -0.178111
v 0.042942 -0.170000 -0.180791
v 0.044884 -0.167000 -0.178504
v 0.043178 -0.170000 -0.181014
v 0.045356 -0.167000 -0.178951
v 0.043388 -0.170000 -0.181262
v 0.045777 -0.167000 -0.179446
v 0.043571 -0.170000 -0.181531
v 0.046141 -0.167000 -0.179984
v 0.043723 -0.170000 -0.181818
v 0.046445 -0.167000 -0.180558
v 0.043843 -0.170000 -0.182119
v 0.046686 -0.167000 -0.181162
v 0.043930 -0.170000 -0.182432
v 0.046860 -0.167000 -0.181788
v 0.043982 -0.170000 -0.182753
v 0.046965 -0.167000 -0.182429
v 0.044000 -0.170000 -0.183077
v 0.047000 -0.167000 -0.183077
v 0.043982 -0.170000 -0.226402
v 0.046965 -0.167000 -0.226726
v 0.043930 -0.170000 -0.226722
v 0.046860 -0.167000 -0.227367
v 0.043843 -0.170000 -0.227035
v 0.046686 -0.167000 -0.227993
v 0.043723 -0.170000 -0.227337
v 0.046445 -0.167000 -0.228597
v 0.043571 -0.170000 -0.227624
v 0.046141 -0.167000 -0.229171
v 0.043388 -0.170000 -0.227893
v 0.045777 -0.167000 -0.229708
v 0.043178 -0.170000 -0.228140
v 0.045356 -0.167000 -0.230204
v 0.042942 -0.170000 -0.228364
v 0.044884 -0.167000 -0.230650
v 0.042684 -0.170000 -0.228560
v 0.044367 -0.167000 -0.231043
v 0.042405 -0.170000 -0.228728
v 0.043810 -0.167000 -0.231378
v 0.042110 -0.170000 -0.228864
v 0.043221 -0.167000 -0.231651
v 0.041803 -0.170000 -0.228968
v 0.042605 -0.167000 -0.231859
v 0.041485 -0.170000 -0.229038
v 0.041971 -0.167000 -0.231998
v 0.041162 -0.170000 -0.229073
v 0.041325 -0.167000 -0.232069
v 0.040838 -0.170000 -0.229073
v 0.040675 -0.167000 -0.232069
v 0.040515 -0.170000 -0.229038
v 0.040029 -0.167000 -0.231998
v 0.040197 -0.170000 -0.228968
v 0.039395 -0.167000 -0.231859
v 0.039890 -0.170000 -0.228864
v 0.038779 -0.167000 -0.231651
v 0.039595 -0.170000 -0.228728
v 0.038190 -0.167000 -0.231378
v 0.039316 -0.170000 -0.228560
v 0.037633 -0.167000 -0.231043
v 0.039058 -0.170000 -0.228364
v 0.037116 -0.167000 -0.230650
v 0.038822 -0.170000 -0.228140
v 0.036644 -0.167000 -0.230204
v 0.038612 -0.170000 -0.227893
v 0.036223 -0.167000 -0.229708
v 0.038429 -0.170000 -0.227624
v 0.035859 -0.167000 -0.229171
v 0.038277 -0.170000 -0.227337
v 0.035555 -0.167000 -0.228597
v 0.038157 -0.170000 -0.227035
v 0.035314 -0.167000 -0.227993
v 0.038070 -0.170000 -0.226722
v 0.035140 -0.167000 -0.227367
v 0.038018 -0.170000 -0.226402
v 0.035035 -0.167000 -0.226726
v 0.038000 -0.170000 -0.226077
v 0.035000 -0.167000 -0.226077
v 0.038018 -0.170000 -0.225753
v 0.035035 -0.167000 -0.225429
v 0.038070 -0.170000 -0.225432
v 0.035140 -0.167000 -0.224788
v 0.038157 -0.170000 -0.225119
v 0.035314 -0.167000 -0.224162
v 0.038277 -0.170000 -0.224818
v 0.035555 -0.167000 -0.223558
v 0.038429 -0.170000 -0.224531
v 0.035859 -0.167000 -0.222984
v 0.038612 -0.170000 -0.224262
v 0.036223 -0.167000 -0.222446
v 0.038822 -0.170000 -0.224014
v 0.036644 -0.167000 -0.221951
v 0.039058 -0.170000 -0.223791
v 0.037116 -0.167000 -0.221504
v 0.039316 -0.170000 -0.223594
v 0.037633 -0.167000 -0.221111
v 0.039595 -0.170000 -0.223427
v 0.038190 -0.167000 -0.220776
v 0.039890 -0.170000 -0.223290
v 0.038779 -0.167000 -0.220503
v 0.040197 -0.170000 -0.223187
v 0.039395 -0.167000 -0.220296
v 0.040515 -0.170000 -0.223117
v 0.040029 -0.167000 -0.220156
v 0.040838 -0.170000 -0.223082
v 0.040675 -0.167000 -0.220086
v 0.041162 -0.170000 -0.223082
v 0.041325 -0.167000 -0.220086
v 0.041485 -0.170000 -0.223117
v 0.041971 -0.167000 -0.220156
v 0.041803 -0.170000 -0.223187
v 0.042605 -0.167000 -0.220296
v 0.042110 -0.170000 -0.223290
v 0.043221 -0.167000 -0.220503
v 0.042405 -0.170000 -0.223427
v 0.043810 -0.167000 -0.220776
v 0.042684 -0.170000 -0.223594
v 0.044367 -0.167000 -0.221111
v 0.042942 -0.170000 -0.223791
v 0.044884 -0.167000 -0.221504
v 0.043178 -0.170000 -0.224014
v 0.045356 -0.167000 -0.221951
v 0.043388 -0.170000 -0.224262
v 0.045777 -0.167000 -0.222446
v 0.043571 -0.170000 -0.224531
v 0.046141 -0.167000 -0.222984
v 0.043723 -0.170000 -0.224818
v 0.046445 -0.167000 -0.223558
v 0.043843 -0.170000 -0.225119
v 0.046686 -0.167000 -0.224162
v 0.043930 -0.170000 -0.225432
v 0.046860 -0.167000 -0.224788
v 0.043982 -0.170000 -0.225753
v 0.046965 -0.167000 -0.225429
v 0.044000 -0.170000 -0.226077
v 0.047000 -0.167000 -0.226077
v 0.044000 -0.172000 -0.140077
v 0.043982 -0.172000 -0.140402
v 0.043930 -0.172000 -0.140722
v 0.043843 -0.172000 -0.141035
v 0.043723 -0.172000 -0.141337
v 0.043571 -0.172000 -0.141624
v 0.043388 -0.172000 -0.141893
v 0.043178 -0.172000 -0.142140
v 0.042942 -0.172000 -0.142364
v 0.042684 -0.172000 -0.142560
v 0.042405 -0.172000 -0.142728
v 0.042110 -0.172000 -0.142864
v 0.041803 -0.172000 -0.142968
v 0.041485 -0.172000 -0.143038
v 0.041162 -0.172000 -0.143073
v 0.040838 -0.172000 -0.143073
v 0.040515 -0.172000 -0.143038
v 0.040197 -0.172000 -0.142968
v 0.039890 -0.172000 -0.142864
v 0.039595 -0.172000 -0.142728
v 0.039316 -0.172000 -0.142560
v 0.039058 -0.172000 -0.142364
v 0.038822 -0.172000 -0.142140
v 0.038612 -0.172000 -0.141893
v 0.038429 -0.172000 -0.141624
v 0.038277 -0.172000 -0.141337
v 0.038157 -0.172000 -0.141035
v 0.038070 -0.172000 -0.140722
v 0.038018 -0.172000 -0.140402
v 0.038000 -0.172000 -0.140077
v 0.038018 -0.172000 -0.139753
v 0.038070 -0.172000 -0.139432
v 0.038157 -0.172000 -0.139119
v 0.038277 -0.172000 -0.138818
v 0.038429 -0.172000 -0.138531
v 0.038612 -0.172000 -0.138262
v 0.038822 -0.172000 -0.138014
v 0.039058 -0.172000 -0.137791
v 0.039316 -0.172000 -0.137594
v 0.039595 -0.172000 -0.137427
v 0.039890 -0.172000 -0.137290
v 0.040197 -0.172000 -0.137187
v 0.040515 -0.172000 -0.137117
v 0.040838 -0.172000 -0.137082
v 0.041162 -0.172000 -0.137082
v 0.041485 -0.172000 -0.137117
v 0.041803 -0.172000 -0.137187
v 0.042110 -0.172000 -0.137290
v 0.042405 -0.172000 -0.137427
v 0.042684 -0.172000 -0.137594
v 0.042942 -0.172000 -0.137791
v 0.043178 -0.172000 -0.138014
v 0.043388 -0.172000 -0.138262
v 0.043571 -0.172000 -0.138531
v 0.043723 -0.172000 -0.138818
v 0.043843 -0.172000 -0.139119
v 0.043930 -0.172000 -0.139432
v 0.043982 -0.172000 -0.139753
v 0.044000 -0.172000 -0.183077
v 0.043982 -0.172000 -0.183402
v 0.043930 -0.172000 -0.183722
v 0.043843 -0.172000 -0.184035
v 0.043723 -0.172000 -0.184337
v 0.043571 -0.172000 -0.184624
v 0.043388 -0.172000 -0.184893
v 0.043178 -0.172000 -0.185140
v 0.042942 -0.172000 -0.185364
v 0.042684 -0.172000 -0.185560
v 0.042405 -0.172000 -0.185728
v 0.042110 -0.172000 -0.185864
v 0.041803 -0.172000 -0.185968
v 0.041485 -0.172000 -0.186038
v 0.041162 -0.172000 -0.186073
v 0.040838 -0.172000 -0.186073
v 0.040515 -0.172000 -0.186038
v 0.040197 -0.172000 -0.185968
v 0.039890 -0.172000 -0.185864
v 0.039595 -0.172000 -0.185728
v 0.039316 -0.172000 -0.185560
v 0.039058 -0.172000 -0.185364
v 0.038822 -0.172000 -0.185140
v 0.038612 -0.172000 -0.184893
v 0.038429 -0.172000 -0.184624
v 0.038277 -0.172000 -0.184337
v 0.038157 -0.172000 -0.184035
v 0.038070 -0.172000 -0.183722
v 0.038018 -0.172000 -0.183402
v 0.038000 -0.172000 -0.183077
v 0.038018 -0.172000 -0.182753
v 0.038070 -0.172000 -0.182432
v 0.038157 -0.172000 -0.182119
v 0.038277 -0.172000 -0.181818
v 0.038429 -0.172000 -0.181531
v 0.038612 -0.172000 -0.181262
v 0.038822 -0.172000 -0.181014
v 0.039058 -0.172000 -0.180791
v 0.039316 -0.172000 -0.180594
v 0.039595 -0.172000 -0.180427
v 0.039890 -0.172000 -0.180290
v 0.040197 -0.172000 -0.180187
v 0.040515 -0.172000 -0.180117
v 0.040838 -0.172000 -0.180082
v 0.041162 -0.172000 -0.180082
v 0.041485 -0.172000 -0.180117
v 0.041803 -0.172000 -0.180187
v 0.042110 -0.172000 -0.180290
v 0.042405 -0.172000 -0.180427
v 0.042684 -0.172000 -0.180594
v 0.042942 -0.172000 -0.180791
v 0.043178 -0.172000 -0.181014
v 0.043388 -0.172000 -0.181262
v 0.043571 -0.172000 -0.181531
v 0.043723 -0.172000 -0.181818
v 0.043843 -0.172000 -0.182119
v 0.043930 -0.172000 -0.182432
v 0.043982 -0.172000 -0.182753
v 0.044000 -0.172000 -0.226077
v 0.043982 -0.172000 -0.226402
v 0.043930 -0.172000 -0.226722
v 0.043843 -0.172000 -0.227035
v 0.043723 -0.172000 -0.227337
v 0.043571 -0.172000 -0.227624
v 0.043388 -0.172000 -0.227893
v 0.043178 -0.172000 -0.228140
v 0.042942 -0.172000 -0.228364
v 0.042684 -0.172000 -0.228560
v 0.042405 -0.172000 -0.228728
v 0.042110 -0.172000 -0.228864
v 0.041803 -0.172000 -0.228968
v 0.041485 -0.172000 -0.229038
v 0.041162 -0.172000 -0.229073
v 0.040838 -0.172000 -0.229073
v 0.040515 -0.172000 -0.229038
v 0.040197 -0.172000 -0.228968
v 0.039890 -0.172000 -0.228864
v 0.039595 -0.172000 -0.228728
v 0.039316 -0.172000 -0.228560
v 0.039058 -0.172000 -0.228364
v 0.038822 -0.172000 -0.228140
v 0.038612 -0.172000 -0.227893
v 0.038429 -0.172000 -0.227624
v 0.038277 -0.172000 -0.227337
v 0.038157 -0.172000 -0.227035
v 0.038070 -0.172000 -0.226722
v 0.038018 -0.172000 -0.226402
v 0.038000 -0.172000 -0.226077
v 0.038018 -0.172000 -0.225753
v 0.038070 -0.172000 -0.225432
v 0.038157 -0.172000 -0.225119
v 0.038277 -0.172000 -0.224818
v 0.038429 -0.172000 -0.224531
v 0.038612 -0.172000 -0.224262
v 0.038822 -0.172000 -0.224014
v 0.039058 -0.172000 -0.223791
v 0.039316 -0.172000 -0.223594
v 0.039595 -0.172000 -0.223427
v 0.039890 -0.172000 -0.223290
v 0.040197 -0.172000 -0.223187
v 0.040515 -0.172000 -0.223117
v 0.040838 -0.172000 -0.223082
v 0.041162 -0.172000 -0.223082
v 0.041485 -0.172000 -0.223117
v 0.041803 -0.172000 -0.223187
v 0.042110 -0.172000 -0.223290
v 0.042405 -0.172000 -0.223427
v 0.042684 -0.172000 -0.223594
v 0.042942 -0.172000 -0.223791
v 0.043178 -0.172000 -0.224014
v 0.043388 -0.172000 -0.224262
v 0.043571 -0.172000 -0.224531
v 0.043723 -0.172000 -0.224818
v 0.043843 -0.172000 -0.225119
v 0.043930 -0.172000 -0.225432
v 0.043982 -0.172000 -0.225753
v -0.038000 -0.172000 -0.226077
v -0.038018 -0.172000 -0.226402
v -0.038070 -0.172000 -0.226722
v -0.038157 -0.172000 -0.227035
v -0.038277 -0.172000 -0.227337
v -0.038429 -0.172000 -0.227624
v -0.038612 -0.172000 -0.227893
v -0.038822 -0.172000 -0.228140
v -0.039058 -0.172000 -0.228364
v -0.039316 -0.172000 -0.228560
v -0.039595 -0.172000 -0.228728
v -0.039890 -0.172000 -0.228864
v -0.040197 -0.172000 -0.228968
v -0.040515 -0.172000 -0.229038
v -0.040838 -0.172000 -0.229073
v -0.041162 -0.172000 -0.229073
v -0.041485 -0.172000 -0.229038
v -0.041803 -0.172000 -0.228968
v -0.042110 -0.172000 -0.228864
v -0.042405 -0.172000 -0.228728
v -0.042684 -0.172000 -0.228560
v -0.042942 -0.172000 -0.228364
v -0.043178 -0.172000 -0.228140
v -0.043388 -0.172000 -0.227893
v -0.043571 -0.172000 -0.227624
v -0.043723 -0.172000 -0.227337
v -0.043843 -0.172000 -0.227035
v -0.043930 -0.172000 -0.226722
v -0.043982 -0.172000 -0.226402
v -0.044000 -0.172000 -0.226077
v -0.043982 -0.172000 -0.225753
v -0.043930 -0.172000 -0.225432
v -0.043843 -0.172000 -0.225119
v -0.043723 -0.172000 -0.224818
v -0.043571 -0.172000 -0.224531
v -0.043388 -0.172000 -0.224262
v -0.043178 -0.172000 -0.224014
v -0.042942 -0.172000 -0.223791
v -0.042684 -0.172000 -0.223594
v -0.042405 -0.172000 -0.223427
v -0.042110 -0.172000 -0.223290
v -0.041803 -0.172000 -0.223187
v -0.041485 -0.172000 -0.223117
v -0.041162 -0.172000 -0.223082
v -0.040838 -0.172000 -0.223082
v -0.040515 -0.172000 -0.223117
v -0.040197 -0.172000 -0.223187
v -0.039890 -0.172000 -0.223290
v -0.039595 -0.172000 -0.223427
v -0.039316 -0.172000 -0.223594
v -0.039058 -0.172000 -0.223791
v -0.038822 -0.172000 -0.224014
v -0.038612 -0.172000 -0.224262
v -0.038429 -0.172000 -0.224531
v -0.038277 -0.172000 -0.224818
v -0.038157 -0.172000 -0.225119
v -0.038070 -0.172000 -0.225432
v -0.038018 -0.172000 -0.225753
v -0.038000 -0.172000 -0.183077
v -0.038018 -0.172000 -0.183402
v -0.038070 -0.172000 -0.183722
v -0.038157 -0.172000 -0.184035
v -0.038277 -0.172000 -0.184337
v -0.038429 -0.172000 -0.184624
v -0.038612 -0.172000 -0.184893
v -0.038822 -0.172000 -0.185140
v -0.039058 -0.172000 -0.185364
v -0.039316 -0.172000 -0.185560
v -0.039595 -0.172000 -0.185728
v -0.039890 -0.172000 -0.185864
v -0.040197 -0.172000 -0.185968
v -0.040515 -0.172000 -0.186038
v -0.040838 -0.172000 -0.186073
v -0.041162 -0.172000 -0.186073
v -0.041485 -0.172000 -0.186038
v -0.041803 -0.172000 -0.185968
v -0.042110 -0.172000 -0.185864
v -0.042405 -0.172000 -0.185728
v -0.042684 -0.172000 -0.185560
v -0.042942 -0.172000 -0.185364
v -0.043178 -0.172000 -0.185140
v -0.043388 -0.172000 -0.184893
v -0.043571 -0.172000 -0.184624
v -0.043723 -0.172000 -0.184337
v -0.043843 -0.172000 -0.184035
v -0.043930 -0.172000 -0.183722
v -0.043982 -0.172000 -0.183402
v -0.044000 -0.172000 -0.183077
v -0.043982 -0.172000 -0.182753
v -0.043930 -0.172000 -0.182432
v -0.043843 -0.172000 -0.182119
v -0.043723 -0.172000 -0.181818
v -0.043571 -0.172000 -0.181531
v -0.043388 -0.172000 -0.181262
v -0.043178 -0.172000 -0.181014
v -0.042942 -0.172000 -0.180791
v -0.042684 -0.172000 -0.180594
v -0.042405 -0.172000 -0.180427
v -0.042110 -0.172000 -0.180290
v -0.041803 -0.172000 -0.180187
v -0.041485 -0.172000 -0.180117
v -0.041162 -0.172000 -0.180082
v -0.040838 -0.172000 -0.180082
v -0.040515 -0.172000 -0.180117
v -0.040197 -0.172000 -0.180187
v -0.039890 -0.172000 -0.180290
v -0.039595 -0.172000 -0.180427
v -0.039316 -0.172000 -0.180594
v -0.039058 -0.172000 -0.180791
v -0.038822 -0.172000 -0.181014
v -0.038612 -0.172000 -0.181262
v -0.038429 -0.172000 -0.181531
v -0.038277 -0.172000 -0.181818
v -0.038157 -0.172000 -0.182119
v -0.038070 -0.172000 -0.182432
v -0.038018 -0.172000 -0.182753
v -0.038000 -0.172000 -0.140077
v -0.038018 -0.172000 -0.140402
v -0.038070 -0.172000 -0.140722
v -0.038157 -0.172000 -0.141035
v -0.038277 -0.172000 -0.141337
v -0.038429 -0.172000 -0.141624
v -0.038612 -0.172000 -0.141893
v -0.038822 -0.172000 -0.142140
v -0.039058 -0.172000 -0.142364
v -0.039316 -0.172000 -0.142560
v -0.039595 -0.172000 -0.142728
v -0.039890 -0.172000 -0.142864
v -0.040197 -0.172000 -0.142968
v -0.040515 -0.172000 -0.143038
v -0.040838 -0.172000 -0.143073
v -0.041162 -0.172000 -0.143073
v -0.041485 -0.172000 -0.143038
v -0.041803 -0.172000 -0.142968
v -0.042110 -0.172000 -0.142864
v -0.042405 -0.172000 -0.142728
v -0.042684 -0.172000 -0.142560
v -0.042942 -0.172000 -0.142364
v -0.043178 -0.172000 -0.142140
v -0.043388 -0.172000 -0.141893
v -0.043571 -0.172000 -0.141624
v -0.043723 -0.172000 -0.141337
v -0.043843 -0.172000 -0.141035
v -0.043930 -0.172000 -0.140722
v -0.043982 -0.172000 -0.140402
v -0.044000 -0.172000 -0.140077
v -0.043982 -0.172000 -0.139753
v -0.043930 -0.172000 -0.139432
v -0.043843 -0.172000 -0.139119
v -0.043723 -0.172000 -0.138818
v -0.043571 -0.172000 -0.138531
v -0.043388 -0.172000 -0.138262
v -0.043178 -0.172000 -0.138014
v -0.042942 -0.172000 -0.137791
v -0.042684 -0.172000 -0.137594
v -0.042405 -0.172000 -0.137427
v -0.042110 -0.172000 -0.137290
v -0.041803 -0.172000 -0.137187
v -0.041485 -0.172000 -0.137117
v -0.041162 -0.172000 -0.137082
v -0.040838 -0.172000 -0.137082
v -0.040515 -0.172000 -0.137117
v -0.040197 -0.172000 -0.137187
v -0.039890 -0.172000 -0.137290
v -0.039595 -0.172000 -0.137427
v -0.039316 -0.172000 -0.137594
v -0.039058 -0.172000 -0.137791
v -0.038822 -0.172000 -0.138014
v -0.038612 -0.172000 -0.138262
v -0.038429 -0.172000 -0.138531
v -0.038277 -0.172000 -0.138818
v -0.038157 -0.172000 -0.139119
v -0.038070 -0.172000 -0.139432
v -0.038018 -0.172000 -0.139753
v -0.049012 -0.112000 -0.033294
v -0.047023 -0.110000 -0.033510
v -0.049047 -0.112000 -0.033507
v -0.047094 -0.110000 -0.033937
v -0.049105 -0.112000 -0.033716
v -0.047209 -0.110000 -0.034355
v -0.049185 -0.112000 -0.033917
v -0.047370 -0.110000 -0.034757
v -0.049286 -0.112000 -0.034108
v -0.047573 -0.110000 -0.035140
v -0.049408 -0.112000 -0.034288
v -0.047816 -0.110000 -0.035498
v -0.049548 -0.112000 -0.034453
v -0.048096 -0.110000 -0.035828
v -0.049705 -0.112000 -0.034602
v -0.048410 -0.110000 -0.036126
v -0.049878 -0.112000 -0.034733
v -0.048755 -0.110000 -0.036388
v -0.050063 -0.112000 -0.034844
v -0.049126 -0.110000 -0.036611
v -0.050260 -0.112000 -0.034935
v -0.049519 -0.110000 -0.036793
v -0.050465 -0.112000 -0.035004
v -0.049930 -0.110000 -0.036932
v -0.050676 -0.112000 -0.035051
v -0.050353 -0.110000 -0.037025
v -0.050892 -0.112000 -0.035074
v -0.050783 -0.110000 -0.037071
v -0.051108 -0.112000 -0.035074
v -0.051217 -0.110000 -0.037071
v -0.051324 -0.112000 -0.035051
v -0.051647 -0.110000 -0.037025
v -0.051535 -0.112000 -0.035004
v -0.052070 -0.110000 -0.036932
v -0.051740 -0.112000 -0.034935
v -0.052481 -0.110000 -0.036793
v -0.051937 -0.112000 -0.034844
v -0.052874 -0.110000 -0.036611
v -0.052122 -0.112000 -0.034733
v -0.053245 -0.110000 -0.036388
v -0.052295 -0.112000 -0.034602
v -0.053590 -0.110000 -0.036126
v -0.052452 -0.112000 -0.034453
v -0.053904 -0.110000 -0.035828
v -0.052592 -0.112000 -0.034288
v -0.054184 -0.110000 -0.035498
v -0.052714 -0.112000 -0.034108
v -0.054427 -0.110000 -0.035140
v -0.052815 -0.112000 -0.033917
v -0.054630 -0.110000 -0.034757
v -0.052895 -0.112000 -0.033716
v -0.054791 -0.110000 -0.034355
v -0.052953 -0.112000 -0.033507
v -0.054906 -0.110000 -0.033937
v -0.052988 -0.112000 -0.033294
v -0.054977 -0.110000 -0.033510
v -0.053000 -0.112000 -0.033077
v -0.055000 -0.110000 -0.033077
v -0.052988 -0.112000 -0.032861
v -0.054977 -0.110000 -0.032645
v -0.052953 -0.112000 -0.032647
v -0.054906 -0.110000 -0.032217
v -0.052895 -0.112000 -0.032439
v -0.054791 -0.110000 -0.031800
v -0.052815 -0.112000 -0.032238
v -0.054630 -0.110000 -0.031398
v -0.052714 -0.112000 -0.032046
v -0.054427 -0.110000 -0.031015
v -0.052592 -0.112000 -0.031867
v -0.054184 -0.110000 -0.030657
v -0.052452 -0.112000 -0.031702
v -0.053904 -0.110000 -0.030327
v -0.052295 -0.112000 -0.031553
v -0.053590 -0.110000 -0.030029
v -0.052122 -0.112000 -0.031422
v -0.053245 -0.110000 -0.029767
v -0.051937 -0.112000 -0.031310
v -0.052874 -0.110000 -0.029543
v -0.051740 -0.112000 -0.031219
v -0.052481 -0.110000 -0.029361
v -0.051535 -0.112000 -0.031150
v -0.052070 -0.110000 -0.029223
v -0.051324 -0.112000 -0.031104
v -0.051647 -0.110000 -0.029130
v -0.051108 -0.112000 -0.031080
v -0.051217 -0.110000 -0.029083
v -0.050892 -0.112000 -0.031080
v -0.050783 -0.110000 -0.029083
v -0.050676 -0.112000 -0.031104
v -0.050353 -0.110000 -0.029130
v -0.050465 -0.112000 -0.031150
v -0.049930 -0.110000 -0.029223
v -0.050260 -0.112000 -0.031219
v -0.049519 -0.110000 -0.029361
v -0.050063 -0.112000 -0.031310
v -0.049126 -0.110000 -0.029543
v -0.049878 -0.112000 -0.031422
v -0.048755 -0.110000 -0.029767
v -0.049705 -0.112000 -0.031553
v -0.048410 -0.110000 -0.030029
v -0.049548 -0.112000 -0.031702
v -0.048096 -0.110000 -0.030327
v -0.049408 -0.112000 -0.031867
v -0.047816 -0.110000 -0.030657
v -0.049286 -0.112000 -0.032046
v -0.047573 -0.110000 -0.031015
v -0.049185 -0.112000 -0.032238
v -0.047370 -0.110000 -0.031398
v -0.049105 -0.112000 -0.032439
v -0.047209 -0.110000 -0.031800
v -0.049047 -0.112000 -0.032647
v -0.047094 -0.110000 -0.032217
v -0.049012 -0.112000 -0.032861
v -0.047023 -0.110000 -0.032645
v -0.049000 -0.112000 -0.033077
v -0.047000 -0.110000 -0.033077
v -0.049012 -0.112000 0.018706
v -0.047023 -0.110000 0.018490
v -0.049047 -0.112000 0.018493
v -0.047094 -0.110000 0.018063
v -0.049105 -0.112000 0.018284
v -0.047209 -0.110000 0.017645
v -0.049185 -0.112000 0.018083
v -0.047370 -0.110000 0.017243
v -0.049286 -0.112000 0.017892
v -0.047573 -0.110000 0.016860
v -0.049408 -0.112000 0.017712
v -0.047816 -0.110000 0.016502
v -0.049548 -0.112000 0.017547
v -0.048096 -0.110000 0.016172
v -0.049705 -0.112000 0.017398
v -0.048410 -0.110000 0.015874
v -0.049878 -0.112000 0.017267
v -0.048755 -0.110000 0.015612
v -0.050063 -0.112000 0.017156
v -0.049126 -0.110000 0.015389
v -0.050260 -0.112000 0.017065
v -0.049519 -0.110000 0.015207
v -0.050465 -0.112000 0.016996
v -0.049930 -0.110000 0.015068
v -0.050676 -0.112000 0.016949
v -0.050353 -0.110000 0.014975
v -0.050892 -0.112000 0.016926
v -0.050783 -0.110000 0.014929
v -0.051108 -0.112000 0.016926
v -0.051217 -0.110000 0.014929
v -0.051324 -0.112000 0.016949
v -0.051647 -0.110000 0.014975
v -0.051535 -0.112000 0.016996
v -0.052070 -0.110000 0.015068
v -0.051740 -0.112000 0.017065
v -0.052481 -0.110000 0.015207
v -0.051937 -0.112000 0.017156
v -0.052874 -0.110000 0.015389
v -0.052122 -0.112000 0.017267
v -0.053245 -0.110000 0.015612
v -0.052295 -0.112000 0.017398
v -0.053590 -0.110000 0.015874
v -0.052452 -0.112000 0.017547
v -0.053904 -0.110000 0.016172
v -0.052592 -0.112000 0.017712
v -0.054184 -0.110000 0.016502
v -0.052714 -0.112000 0.017892
v -0.054427 -0.110000 0.016860
v -0.052815 -0.112000 0.018083
v -0.054630 -0.110000 0.017243
v -0.052895 -0.112000 0.018284
v -0.054791 -0.110000 0.017645
v -0.052953 -0.112000 0.018493
v -0.054906 -0.110000 0.018063
v -0.052988 -0.112000 0.018706
v -0.054977 -0.110000 0.018490
v -0.053000 -0.112000 0.018923
v -0.055000 -0.110000 0.018923
v -0.052988 -0.112000 0.019139
v -0.054977 -0.110000 0.019355
v -0.052953 -0.112000 0.019353
v -0.054906 -0.110000 0.019783
v -0.052895 -0.112000 0.019561
v -0.054791 -0.110000 0.020200
v -0.052815 -0.112000 0.019762
v -0.054630 -0.110000 0.020602
v -0.052714 -0.112000 0.019954
v -0.054427 -0.110000 0.020985
v -0.052592 -0.112000 0.020133
v -0.054184 -0.110000 0.021343
v -0.052452 -0.112000 0.020298
v -0.053904 -0.110000 0.021673
v -0.052295 -0.112000 0.020447
v -0.053590 -0.110000 0.021971
v -0.052122 -0.112000 0.020578
v -0.053245 -0.110000 0.022233
v -0.051937 -0.112000 0.020690
v -0.052874 -0.110000 0.022457
v -0.051740 -0.112000 0.020781
v -0.052481 -0.110000 0.022639
v -0.051535 -0.112000 0.020850
v -0.052070 -0.110000 0.022777
v -0.051324 -0.112000 0.020896
v -0.051647 -0.110000 0.022870
v -0.051108 -0.112000 0.020920
v -0.051217 -0.110000 0.022917
v -0.050892 -0.112000 0.020920
v -0.050783 -0.110000 0.022917
v -0.050676 -0.112000 0.020896
v -0.050353 -0.110000 0.022870
v -0.050465 -0.112000 0.020850
v -0.049930 -0.110000 0.022777
v -0.050260 -0.112000 0.020781
v -0.049519 -0.110000 0.022639
v -0.050063 -0.112000 0.020690
v -0.049126 -0.110000 0.022457
v -0.049878 -0.112000 0.020578
v -0.048755 -0.110000 0.022233
v -0.049705 -0.112000 0.020447
v -0.048410 -0.110000 0.021971
v -0.049548 -0.112000 0.020298
v -0.048096 -0.110000 0.021673
v -0.049408 -0.112000 0.020133
v -0.047816 -0.110000 0.021343
v -0.049286 -0.112000 0.019954
v -0.047573 -0.110000 0.020985
v -0.049185 -0.112000 0.019762
v -0.047370 -0.110000 0.020602
v -0.049105 -0.112000 0.019561
v -0.047209 -0.110000 0.020200
v -0.049047 -0.112000 0.019353
v -0.047094 -0.110000 0.019783
v -0.049012 -0.112000 0.019139
v -0.047023 -0.110000 0.019355
v -0.049000 -0.112000 0.018923
v -0.047000 -0.110000 0.018923
v -0.049012 -0.112000 -0.085294
v -0.047023 -0.110000 -0.085510
v -0.049047 -0.112000 -0.085507
v -0.047094 -0.110000 -0.085937
v -0.049105 -0.112000 -0.085716
v -0.047209 -0.110000 -0.086355
v -0.049185 -0.112000 -0.085917
v -0.047370 -0.110000 -0.086757
v -0.049286 -0.112000 -0.086108
v -0.047573 -0.110000 -0.087140
v -0.049408 -0.112000 -0.086288
v -0.047816 -0.110000 -0.087498
v -0.049548 -0.112000 -0.086453
v -0.048096 -0.110000 -0.087828
v -0.049705 -0.112000 -0.086602
v -0.048410 -0.110000 -0.088126
v -0.049878 -0.112000 -0.086733
v -0.048755 -0.110000 -0.088388
v -0.050063 -0.112000 -0.086844
v -0.049126 -0.110000 -0.088611
v -0.050260 -0.112000 -0.086935
v -0.049519 -0.110000 -0.088793
v -0.050465 -0.112000 -0.087004
v -0.049930 -0.110000 -0.088932
v -0.050676 -0.112000 -0.087051
v -0.050353 -0.110000 -0.089025
v -0.050892 -0.112000 -0.087074
v -0.050783 -0.110000 -0.089071
v -0.051108 -0.112000 -0.087074
v -0.051217 -0.110000 -0.089071
v -0.051324 -0.112000 -0.087051
v -0.051647 -0.110000 -0.089025
v -0.051535 -0.112000 -0.087004
v -0.052070 -0.110000 -0.088932
v -0.051740 -0.112000 -0.086935
v -0.052481 -0.110000 -0.088793
v -0.051937 -0.112000 -0.086844
v -0.052874 -0.110000 -0.088611
v -0.052122 -0.112000 -0.086733
v -0.053245 -0.110000 -0.088388
v -0.052295 -0.112000 -0.086602
v -0.053590 -0.110000 -0.088126
v -0.052452 -0.112000 -0.086453
v -0.053904 -0.110000 -0.087828
v -0.052592 -0.112000 -0.086288
v -0.054184 -0.110000 -0.087498
v -0.052714 -0.112000 -0.086108
v -0.054427 -0.110000 -0.087140
v -0.052815 -0.112000 -0.085917
v -0.054630 -0.110000 -0.086757
v -0.052895 -0.112000 -0.085716
v -0.054791 -0.110000 -0.086355
v -0.052953 -0.112000 -0.085507
v -0.054906 -0.110000 -0.085937
v -0.052988 -0.112000 -0.085294
v -0.054977 -0.110000 -0.085510
v -0.053000 -0.112000 -0.085077
v -0.055000 -0.110000 -0.085077
v -0.052988 -0.112000 -0.084861
v -0.054977 -0.110000 -0.084645
v -0.052953 -0.112000 -0.084647
v -0.054906 -0.110000 -0.084217
v -0.052895 -0.112000 -0.084439
v -0.054791 -0.110000 -0.083800
v -0.052815 -0.112000 -0.084238
v -0.054630 -0.110000 -0.083398
v -0.052714 -0.112000 -0.084046
v -0.054427 -0.110000 -0.083015
v -0.052592 -0.112000 -0.083867
v -0.054184 -0.110000 -0.082657
v -0.052452 -0.112000 -0.083702
v -0.053904 -0.110000 -0.082327
v -0.052295 -0.112000 -0.083553
v -0.053590 -0.110000 -0.082029
v -0.052122 -0.112000 -0.083422
v -0.053245 -0.110000 -0.081767
v -0.051937 -0.112000 -0.083310
v -0.052874 -0.110000 -0.081543
v -0.051740 -0.112000 -0.083219
v -0.052481 -0.110000 -0.081361
v -0.051535 -0.112000 -0.083150
v -0.052070 -0.110000 -0.081223
v -0.051324 -0.112000 -0.083104
v -0.051647 -0.110000 -0.081130
v -0.051108 -0.112000 -0.083080
v -0.051217 -0.110000 -0.081083
v -0.050892 -0.112000 -0.083080
v -0.050783 -0.110000 -0.081083
v -0.050676 -0.112000 -0.083104
v -0.050353 -0.110000 -0.081130
v -0.050465 -0.112000 -0.083150
v -0.049930 -0.110000 -0.081223
v -0.050260 -0.112000 -0.083219
v -0.049519 -0.110000 -0.081361
v -0.050063 -0.112000 -0.083310
v -0.049126 -0.110000 -0.081543
v -0.049878 -0.112000 -0.083422
v -0.048755 -0.110000 -0.081767
v -0.049705 -0.112000 -0.083553
v -0.048410 -0.110000 -0.082029
v -0.049548 -0.112000 -0.083702
v -0.048096 -0.110000 -0.082327
v -0.049408 -0.112000 -0.083867
v -0.047816 -0.110000 -0.082657
v -0.049286 -0.112000 -0.084046
v -0.047573 -0.110000 -0.083015
v -0.049185 -0.112000 -0.084238
v -0.047370 -0.110000 -0.083398
v -0.049105 -0.112000 -0.084439
v -0.047209 -0.110000 -0.083800
v -0.049047 -0.112000 -0.084647
v -0.047094 -0.110000 -0.084217
v -0.049012 -0.112000 -0.084861
v -0.047023 -0.110000 -0.084645
v -0.049000 -0.112000 -0.085077
v -0.047000 -0.110000 -0.085077
v -0.049012 -0.112000 -0.137294
v -0.047023 -0.110000 -0.137510
v -0.049047 -0.112000 -0.137507
v -0.047094 -0.110000 -0.137937
v -0.049105 -0.112000 -0.137716
v -0.047209 -0.110000 -0.138355
v -0.049185 -0.112000 -0.137917
v -0.047370 -0.110000 -0.138757
v -0.049286 -0.112000 -0.138108
v -0.047573 -0.110000 -0.139140
v -0.049408 -0.112000 -0.138288
v -0.047816 -0.110000 -0.139498
v -0.049548 -0.112000 -0.138453
v -0.048096 -0.110000 -0.139828
v -0.049705 -0.112000 -0.138602
v -0.048410 -0.110000 -0.140126
v -0.049878 -0.112000 -0.138733
v -0.048755 -0.110000 -0.140388
v -0.050063 -0.112000 -0.138844
v -0.049126 -0.110000 -0.140611
v -0.050260 -0.112000 -0.138935
v -0.049519 -0.110000 -0.140793
v -0.050465 -0.112000 -0.139004
v -0.049930 -0.110000 -0.140932
v -0.050676 -0.112000 -0.139051
v -0.050353 -0.110000 -0.141025
v -0.050892 -0.112000 -0.139074
v -0.050783 -0.110000 -0.141071
v -0.051108 -0.112000 -0.139074
v -0.051217 -0.110000 -0.141071
v -0.051324 -0.112000 -0.139051
v -0.051647 -0.110000 -0.141025
v -0.051535 -0.112000 -0.139004
v -0.052070 -0.110000 -0.140932
v -0.051740 -0.112000 -0.138935
v -0.052481 -0.110000 -0.140793
v -0.051937 -0.112000 -0.138844
v -0.052874 -0.110000 -0.140611
v -0.052122 -0.112000 -0.138733
v -0.053245 -0.110000 -0.140388
v -0.052295 -0.112000 -0.138602
v -0.053590 -0.110000 -0.140126
v -0.052452 -0.112000 -0.138453
v -0.053904 -0.110000 -0.139828
v -0.052592 -0.112000 -0.138288
v -0.054184 -0.110000 -0.139498
v -0.052714 -0.112000 -0.138108
v -0.054427 -0.110000 -0.139140
v -0.052815 -0.112000 -0.137917
v -0.054630 -0.110000 -0.138757
v -0.052895 -0.112000 -0.137716
v -0.054791 -0.110000 -0.138355
v -0.052953 -0.112000 -0.137507
v -0.054906 -0.110000 -0.137937
v -0.052988 -0.112000 -0.137294
v -0.054977 -0.110000 -0.137510
v -0.053000 -0.112000 -0.137077
v -0.055000 -0.110000 -0.137077
v -0.052988 -0.112000 -0.136861
v -0.054977 -0.110000 -0.136645
v -0.052953 -0.112000 -0.136647
v -0.054906 -0.110000 -0.136217
v -0.052895 -0.112000 -0.136439
v -0.054791 -0.110000 -0.135800
v -0.052815 -0.112000 -0.136238
v -0.054630 -0.110000 -0.135398
v -0.052714 -0.112000 -0.136046
v -0.054427 -0.110000 -0.135015
v -0.052592 -0.112000 -0.135867
v -0.054184 -0.110000 -0.134657
v -0.052452 -0.112000 -0.135702
v -0.053904 -0.110000 -0.134327
v -0.052295 -0.112000 -0.135553
v -0.053590 -0.110000 -0.134029
v -0.052122 -0.112000 -0.135422
v -0.053245 -0.110000 -0.133767
v -0.051937 -0.112000 -0.135310
v -0.052874 -0.110000 -0.133543
v -0.051740 -0.112000 -0.135219
v -0.052481 -0.110000 -0.133361
v -0.051535 -0.112000 -0.135150
v -0.052070 -0.110000 -0.133223
v -0.051324 -0.112000 -0.135104
v -0.051647 -0.110000 -0.133130
v -0.051108 -0.112000 -0.135080
v -0.051217 -0.110000 -0.133083
v -0.050892 -0.112000 -0.135080
v -0.050783 -0.110000 -0.133083
v -0.050676 -0.112000 -0.135104
v -0.050353 -0.110000 -0.133130
v -0.050465 -0.112000 -0.135150
v -0.049930 -0.110000 -0.133223
v -0.050260 -0.112000 -0.135219
v -0.049519 -0.110000 -0.133361
v -0.050063 -0.112000 -0.135310
v -0.049126 -0.110000 -0.133543
v -0.049878 -0.112000 -0.135422
v -0.048755 -0.110000 -0.133767
v -0.049705 -0.112000 -0.135553
v -0.048410 -0.110000 -0.134029
v -0.049548 -0.112000 -0.135702
v -0.048096 -0.110000 -0.134327
v -0.049408 -0.112000 -0.135867
v -0.047816 -0.110000 -0.134657
v -0.049286 -0.112000 -0.136046
v -0.047573 -0.110000 -0.135015
v -0.049185 -0.112000 -0.136238
v -0.047370 -0.110000 -0.135398
v -0.049105 -0.112000 -0.136439
v -0.047209 -0.110000 -0.135800
v -0.049047 -0.112000 -0.136647
v -0.047094 -0.110000 -0.136217
v -0.049012 -0.112000 -0.136861
v -0.047023 -0.110000 -0.136645
v -0.049000 -0.112000 -0.137077
v -0.047000 -0.110000 -0.137077
v -0.049012 -0.112000 -0.189294
v -0.047023 -0.110000 -0.189510
v -0.049047 -0.112000 -0.189507
v -0.047094 -0.110000 -0.189937
v -0.049105 -0.112000 -0.189716
v -0.047209 -0.110000 -0.190355
v -0.049185 -0.112000 -0.189917
v -0.047370 -0.110000 -0.190757
v -0.049286 -0.112000 -0.190108
v -0.047573 -0.110000 -0.191140
v -0.049408 -0.112000 -0.190288
v -0.047816 -0.110000 -0.191498
v -0.049548 -0.112000 -0.190453
v -0.048096 -0.110000 -0.191828
v -0.049705 -0.112000 -0.190602
v -0.048410 -0.110000 -0.192126
v -0.049878 -0.112000 -0.190733
v -0.048755 -0.110000 -0.192388
v -0.050063 -0.112000 -0.190844
v -0.049126 -0.110000 -0.192611
v -0.050260 -0.112000 -0.190935
v -0.049519 -0.110000 -0.192793
v -0.050465 -0.112000 -0.191004
v -0.049930 -0.110000 -0.192932
v -0.050676 -0.112000 -0.191051
v -0.050353 -0.110000 -0.193025
v -0.050892 -0.112000 -0.191074
v -0.050783 -0.110000 -0.193071
v -0.051108 -0.112000 -0.191074
v -0.051217 -0.110000 -0.193071
v -0.051324 -0.112000 -0.191051
v -0.051647 -0.110000 -0.193025
v -0.051535 -0.112000 -0.191004
v -0.052070 -0.110000 -0.192932
v -0.051740 -0.112000 -0.190935
v -0.052481 -0.110000 -0.192793
v -0.051937 -0.112000 -0.190844
v -0.052874 -0.110000 -0.192611
v -0.052122 -0.112000 -0.190733
v -0.053245 -0.110000 -0.192388
v -0.052295 -0.112000 -0.190602
v -0.053590 -0.110000 -0.192126
v -0.052452 -0.112000 -0.190453
v -0.053904 -0.110000 -0.191828
v -0.052592 -0.112000 -0.190288
v -0.054184 -0.110000 -0.191498
v -0.052714 -0.112000 -0.190108
v -0.054427 -0.110000 -0.191140
v -0.052815 -0.112000 -0.189917
v -0.054630 -0.110000 -0.190757
v -0.052895 -0.112000 -0.189716
v -0.054791 -0.110000 -0.190355
v -0.052953 -0.112000 -0.189507
v -0.054906 -0.110000 -0.189937
v -0.052988 -0.112000 -0.189294
v -0.054977 -0.110000 -0.189510
v -0.053000 -0.112000 -0.189077
v -0.055000 -0.110000 -0.189077
v -0.052988 -0.112000 -0.188861
v -0.054977 -0.110000 -0.188645
v -0.052953 -0.112000 -0.188647
v -0.054906 -0.110000 -0.188217
v -0.052895 -0.112000 -0.188439
v -0.054791 -0.110000 -0.187800
v -0.052815 -0.112000 -0.188238
v -0.054630 -0.110000 -0.187398
v -0.052714 -0.112000 -0.188046
v -0.054427 -0.110000 -0.187015
v -0.052592 -0.112000 -0.187867
v -0.054184 -0.110000 -0.186657
v -0.052452 -0.112000 -0.187702
v -0.053904 -0.110000 -0.186327
v -0.052295 -0.112000 -0.187553
v -0.053590 -0.110000 -0.186029
v -0.052122 -0.112000 -0.187422
v -0.053245 -0.110000 -0.185767
v -0.051937 -0.112000 -0.187310
v -0.052874 -0.110000 -0.185543
v -0.051740 -0.112000 -0.187219
v -0.052481 -0.110000 -0.185361
v -0.051535 -0.112000 -0.187150
v -0.052070 -0.110000 -0.185223
v -0.051324 -0.112000 -0.187104
v -0.051647 -0.110000 -0.185130
v -0.051108 -0.112000 -0.187080
v -0.051217 -0.110000 -0.185083
v -0.050892 -0.112000 -0.187080
v -0.050783 -0.110000 -0.185083
v -0.050676 -0.112000 -0.187104
v -0.050353 -0.110000 -0.185130
v -0.050465 -0.112000 -0.187150
v -0.049930 -0.110000 -0.185223
v -0.050260 -0.112000 -0.187219
v -0.049519 -0.110000 -0.185361
v -0.050063 -0.112000 -0.187310
v -0.049126 -0.110000 -0.185543
v -0.049878 -0.112000 -0.187422
v -0.048755 -0.110000 -0.185767
v -0.049705 -0.112000 -0.187553
v -0.048410 -0.110000 -0.186029
v -0.049548 -0.112000 -0.187702
v -0.048096 -0.110000 -0.186327
v -0.049408 -0.112000 -0.187867
v -0.047816 -0.110000 -0.186657
v -0.049286 -0.112000 -0.188046
v -0.047573 -0.110000 -0.187015
v -0.049185 -0.112000 -0.188238
v -0.047370 -0.110000 -0.187398
v -0.049105 -0.112000 -0.188439
v -0.047209 -0.110000 -0.187800
v -0.049047 -0.112000 -0.188647
v -0.047094 -0.110000 -0.188217
v -0.049012 -0.112000 -0.188861
v -0.047023 -0.110000 -0.188645
v -0.049000 -0.112000 -0.189077
v -0.047000 -0.110000 -0.189077
v -0.049012 -0.112000 -0.241294
v -0.047023 -0.110000 -0.241510
v -0.049047 -0.112000 -0.241507
v -0.047094 -0.110000 -0.241937
v -0.049105 -0.112000 -0.241716
v -0.047209 -0.110000 -0.242355
v -0.049185 -0.112000 -0.241917
v -0.047370 -0.110000 -0.242757
v -0.049286 -0.112000 -0.242108
v -0.047573 -0.110000 -0.243140
v -0.049408 -0.112000 -0.242288
v -0.047816 -0.110000 -0.243498
v -0.049548 -0.112000 -0.242453
v -0.048096 -0.110000 -0.243828
v -0.049705 -0.112000 -0.242602
v -0.048410 -0.110000 -0.244126
v -0.049878 -0.112000 -0.242733
v -0.048755 -0.110000 -0.244388
v -0.050063 -0.112000 -0.242844
v -0.049126 -0.110000 -0.244611
v -0.050260 -0.112000 -0.242935
v -0.049519 -0.110000 -0.244793
v -0.050465 -0.112000 -0.243004
v -0.049930 -0.110000 -0.244932
v -0.050676 -0.112000 -0.243051
v -0.050353 -0.110000 -0.245025
v -0.050892 -0.112000 -0.243074
v -0.050783 -0.110000 -0.245071
v -0.051108 -0.112000 -0.243074
v -0.051217 -0.110000 -0.245071
v -0.051324 -0.112000 -0.243051
v -0.051647 -0.110000 -0.245025
v -0.051535 -0.112000 -0.243004
v -0.052070 -0.110000 -0.244932
v -0.051740 -0.112000 -0.242935
v -0.052481 -0.110000 -0.244793
v -0.051937 -0.112000 -0.242844
v -0.052874 -0.110000 -0.244611
v -0.052122 -0.112000 -0.242733
v -0.053245 -0.110000 -0.244388
v -0.052295 -0.112000 -0.242602
v -0.053590 -0.110000 -0.244126
v -0.052452 -0.112000 -0.242453
v -0.053904 -0.110000 -0.243828
v -0.052592 -0.112000 -0.242288
v -0.054184 -0.110000 -0.243498
v -0.052714 -0.112000 -0.242108
v -0.054427 -0.110000 -0.243140
v -0.052815 -0.112000 -0.241917
v -0.054630 -0.110000 -0.242757
v -0.052895 -0.112000 -0.241716
v -0.054791 -0.110000 -0.242355
v -0.052953 -0.112000 -0.241507
v -0.054906 -0.110000 -0.241937
v -0.052988 -0.112000 -0.241294
v -0.054977 -0.110000 -0.241510
v -0.053000 -0.112000 -0.241077
v -0.055000 -0.110000 -0.241077
v -0.052988 -0.112000 -0.240861
v -0.054977 -0.110000 -0.240645
v -0.052953 -0.112000 -0.240647
v -0.054906 -0.110000 -0.240217
v -0.052895 -0.112000 -0.240439
v -0.054791 -0.110000 -0.239800
v -0.052815 -0.112000 -0.240238
v -0.054630 -0.110000 -0.239398
v -0.052714 -0.112000 -0.240046
v -0.054427 -0.110000 -0.239015
v -0.052592 -0.112000 -0.239867
v -0.054184 -0.110000 -0.238657
v -0.052452 -0.112000 -0.239702
v -0.053904 -0.110000 -0.238327
v -0.052295 -0.112000 -0.239553
v -0.053590 -0.110000 -0.238029
v -0.052122 -0.112000 -0.239422
v -0.053245 -0.110000 -0.237767
v -0.051937 -0.112000 -0.239310
v -0.052874 -0.110000 -0.237543
v -0.051740 -0.112000 -0.239219
v -0.052481 -0.110000 -0.237361
v -0.051535 -0.112000 -0.239150
v -0.052070 -0.110000 -0.237223
v -0.051324 -0.112000 -0.239104
v -0.051647 -0.110000 -0.237130
v -0.051108 -0.112000 -0.239080
v -0.051217 -0.110000 -0.237083
v -0.050892 -0.112000 -0.239080
v -0.050783 -0.110000 -0.237083
v -0.050676 -0.112000 -0.239104
v -0.050353 -0.110000 -0.237130
v -0.050465 -0.112000 -0.239150
v -0.049930 -0.110000 -0.237223
v -0.050260 -0.112000 -0.239219
v -0.049519 -0.110000 -0.237361
v -0.050063 -0.112000 -0.239310
v -0.049126 -0.110000 -0.237543
v -0.049878 -0.112000 -0.239422
v -0.048755 -0.110000 -0.237767
v -0.049705 -0.112000 -0.239553
v -0.048410 -0.110000 -0.238029
v -0.049548 -0.112000 -0.239702
v -0.048096 -0.110000 -0.238327
v -0.049408 -0.112000 -0.239867
v -0.047816 -0.110000 -0.238657
v -0.049286 -0.112000 -0.240046
v -0.047573 -0.110000 -0.239015
v -0.049185 -0.112000 -0.240238
v -0.047370 -0.110000 -0.239398
v -0.049105 -0.112000 -0.240439
v -0.047209 -0.110000 -0.239800
v -0.049047 -0.112000 -0.240647
v -0.047094 -0.110000 -0.240217
v -0.049012 -0.112000 -0.240861
v -0.047023 -0.110000 -0.240645
v -0.049000 -0.112000 -0.241077
v -0.047000 -0.110000 -0.241077
v 0.052988 -0.112000 -0.241294
v 0.054977 -0.110000 -0.241510
v 0.052953 -0.112000 -0.241507
v 0.054906 -0.110000 -0.241937
v 0.052895 -0.112000 -0.241716
v 0.054791 -0.110000 -0.242355
v 0.052815 -0.112000 -0.241917
v 0.054630 -0.110000 -0.242757
v 0.052714 -0.112000 -0.242108
v 0.054427 -0.110000 -0.243140
v 0.052592 -0.112000 -0.242288
v 0.054184 -0.110000 -0.243498
v 0.052452 -0.112000 -0.242453
v 0.053904 -0.110000 -0.243828
v 0.052295 -0.112000 -0.242602
v 0.053590 -0.110000 -0.244126
v 0.052122 -0.112000 -0.242733
v 0.053245 -0.110000 -0.244388
v 0.051937 -0.112000 -0.242844
v 0.052874 -0.110000 -0.244611
v 0.051740 -0.112000 -0.242935
v 0.052481 -0.110000 -0.244793
v 0.051535 -0.112000 -0.243004
v 0.052070 -0.110000 -0.244932
v 0.051324 -0.112000 -0.243051
v 0.051647 -0.110000 -0.245025
v 0.051108 -0.112000 -0.243074
v 0.051217 -0.110000 -0.245071
v 0.050892 -0.112000 -0.243074
v 0.050783 -0.110000 -0.245071
v 0.050676 -0.112000 -0.243051
v 0.050353 -0.110000 -0.245025
v 0.050465 -0.112000 -0.243004
v 0.049930 -0.110000 -0.244932
v 0.050260 -0.112000 -0.242935
v 0.049519 -0.110000 -0.244793
v 0.050063 -0.112000 -0.242844
v 0.049126 -0.110000 -0.244611
v 0.049878 -0.112000 -0.242733
v 0.048755 -0.110000 -0.244388
v 0.049705 -0.112000 -0.242602
v 0.048410 -0.110000 -0.244126
v 0.049548 -0.112000 -0.242453
v 0.048096 -0.110000 -0.243828
v 0.049408 -0.112000 -0.242288
v 0.047816 -0.110000 -0.243498
v 0.049286 -0.112000 -0.242108
v 0.047573 -0.110000 -0.243140
v 0.049185 -0.112000 -0.241917
v 0.047370 -0.110000 -0.242757
v 0.049105 -0.112000 -0.241716
v 0.047209 -0.110000 -0.242355
v 0.049047 -0.112000 -0.241507
v 0.047094 -0.110000 -0.241937
v 0.049012 -0.112000 -0.241294
v 0.047023 -0.110000 -0.241510
v 0.049000 -0.112000 -0.241077
v 0.047000 -0.110000 -0.241077
v 0.049012 -0.112000 -0.240861
v 0.047023 -0.110000 -0.240645
v 0.049047 -0.112000 -0.240647
v 0.047094 -0.110000 -0.240217
v 0.049105 -0.112000 -0.240439
v 0.047209 -0.110000 -0.239800
v 0.049185 -0.112000 -0.240238
v 0.047370 -0.110000 -0.239398
v 0.049286 -0.112000 -0.240046
v 0.047573 -0.110000 -0.239015
v 0.049408 -0.112000 -0.239867
v 0.047816 -0.110000 -0.238657
v 0.049548 -0.112000 -0.239702
v 0.048096 -0.110000 -0.238327
v 0.049705 -0.112000 -0.239553
v 0.048410 -0.110000 -0.238029
v 0.049878 -0.112000 -0.239422
v 0.048755 -0.110000 -0.237767
v 0.050063 -0.112000 -0.239310
v 0.049126 -0.110000 -0.237543
v 0.050260 -0.112000 -0.239219
v 0.049519 -0.110000 -0.237361
v 0.050465 -0.112000 -0.239150
v 0.049930 -0.110000 -0.237223
v 0.050676 -0.112000 -0.239104
v 0.050353 -0.110000 -0.237130
v 0.050892 -0.112000 -0.239080
v 0.050783 -0.110000 -0.237083
v 0.051108 -0.112000 -0.239080
v 0.051217 -0.110000 -0.237083
v 0.051324 -0.112000 -0.239104
v 0.051647 -0.110000 -0.237130
v 0.051535 -0.112000 -0.239150
v 0.052070 -0.110000 -0.237223
v 0.051740 -0.112000 -0.239219
v 0.052481 -0.110000 -0.237361
v 0.051937 -0.112000 -0.239310
v 0.052874 -0.110000 -0.237543
v 0.052122 -0.112000 -0.239422
v 0.053245 -0.110000 -0.237767
v 0.052295 -0.112000 -0.239553
v 0.053590 -0.110000 -0.238029
v 0.052452 -0.112000 -0.239702
v 0.053904 -0.110000 -0.238327
v 0.052592 -0.112000 -0.239867
v 0.054184 -0.110000 -0.238657
v 0.052714 -0.112000 -0.240046
v 0.054427 -0.110000 -0.239015
v 0.052815 -0.112000 -0.240238
v 0.054630 -0.110000 -0.239398
v 0.052895 -0.112000 -0.240439
v 0.054791 -0.110000 -0.239800
v 0.052953 -0.112000 -0.240647
v 0.054906 -0.110000 -0.240217
v 0.052988 -0.112000 -0.240861
v 0.054977 -0.110000 -0.240645
v 0.053000 -0.112000 -0.241077
v 0.055000 -0.110000 -0.241077
v 0.052988 -0.112000 -0.189294
v 0.054977 -0.110000 -0.189510
v 0.052953 -0.112000 -0.189507
v 0.054906 -0.110000 -0.189937
v 0.052895 -0.112000 -0.189716
v 0.054791 -0.110000 -0.190355
v 0.052815 -0.112000 -0.189917
v 0.054630 -0.110000 -0.190757
v 0.052714 -0.112000 -0.190108
v 0.054427 -0.110000 -0.191140
v 0.052592 -0.112000 -0.190288
v 0.054184 -0.110000 -0.191498
v 0.052452 -0.112000 -0.190453
v 0.053904 -0.110000 -0.191828
v 0.052295 -0.112000 -0.190602
v 0.053590 -0.110000 -0.192126
v 0.052122 -0.112000 -0.190733
v 0.053245 -0.110000 -0.192388
v 0.051937 -0.112000 -0.190844
v 0.052874 -0.110000 -0.192611
v 0.051740 -0.112000 -0.190935
v 0.052481 -0.110000 -0.192793
v 0.051535 -0.112000 -0.191004
v 0.052070 -0.110000 -0.192932
v 0.051324 -0.112000 -0.191051
v 0.051647 -0.110000 -0.193025
v 0.051108 -0.112000 -0.191074
v 0.051217 -0.110000 -0.193071
v 0.050892 -0.112000 -0.191074
v 0.050783 -0.110000 -0.193071
v 0.050676 -0.112000 -0.191051
v 0.050353 -0.110000 -0.193025
v 0.050465 -0.112000 -0.191004
v 0.049930 -0.110000 -0.192932
v 0.050260 -0.112000 -0.190935
v 0.049519 -0.110000 -0.192793
v 0.050063 -0.112000 -0.190844
v 0.049126 -0.110000 -0.192611
v 0.049878 -0.112000 -0.190733
v 0.048755 -0.110000 -0.192388
v 0.049705 -0.112000 -0.190602
v 0.048410 -0.110000 -0.192126
v 0.049548 -0.112000 -0.190453
v 0.048096 -0.110000 -0.191828
v 0.049408 -0.112000 -0.190288
v 0.047816 -0.110000 -0.191498
v 0.049286 -0.112000 -0.190108
v 0.047573 -0.110000 -0.191140
v 0.049185 -0.112000 -0.189917
v 0.047370 -0.110000 -0.190757
v 0.049105 -0.112000 -0.189716
v 0.047209 -0.110000 -0.190355
v 0.049047 -0.112000 -0.189507
v 0.047094 -0.110000 -0.189937
v 0.049012 -0.112000 -0.189294
v 0.047023 -0.110000 -0.189510
v 0.049000 -0.112000 -0.189077
v 0.047000 -0.110000 -0.189077
v 0.049012 -0.112000 -0.188861
v 0.047023 -0.110000 -0.188645
v 0.049047 -0.112000 -0.188647
v 0.047094 -0.110000 -0.188217
v 0.049105 -0.112000 -0.188439
v 0.047209 -0.110000 -0.187800
v 0.049185 -0.112000 -0.188238
v 0.047370 -0.110000 -0.187398
v 0.049286 -0.112000 -0.188046
v 0.047573 -0.110000 -0.187015
v 0.049408 -0.112000 -0.187867
v 0.047816 -0.110000 -0.186657
v 0.049548 -0.112000 -0.187702
v 0.048096 -0.110000 -0.186327
v 0.049705 -0.112000 -0.187553
v 0.048410 -0.110000 -0.186029
v 0.049878 -0.112000 -0.187422
v 0.048755 -0.110000 -0.185767
v 0.050063 -0.112000 -0.187310
v 0.049126 -0.110000 -0.185543
v 0.050260 -0.112000 -0.187219
v 0.049519 -0.110000 -0.185361
v 0.050465 -0.112000 -0.187150
v 0.049930 -0.110000 -0.185223
v 0.050676 -0.112000 -0.187104
v 0.050353 -0.110000 -0.185130
v 0.050892 -0.112000 -0.187080
v 0.050783 -0.110000 -0.185083
v 0.051108 -0.112000 -0.187080
v 0.051217 -0.110000 -0.185083
v 0.051324 -0.112000 -0.187104
v 0.051647 -0.110000 -0.185130
v 0.051535 -0.112000 -0.187150
v 0.052070 -0.110000 -0.185223
v 0.051740 -0.112000 -0.187219
v 0.052481 -0.110000 -0.185361
v 0.051937 -0.112000 -0.187310
v 0.052874 -0.110000 -0.185543
v 0.052122 -0.112000 -0.187422
v 0.053245 -0.110000 -0.185767
v 0.052295 -0.112000 -0.187553
v 0.053590 -0.110000 -0.186029
v 0.052452 -0.112000 -0.187702
v 0.053904 -0.110000 -0.186327
v 0.052592 -0.112000 -0.187867
v 0.054184 -0.110000 -0.186657
v 0.052714 -0.112000 -0.188046
v 0.054427 -0.110000 -0.187015
v 0.052815 -0.112000 -0.188238
v 0.054630 -0.110000 -0.187398
v 0.052895 -0.112000 -0.188439
v 0.054791 -0.110000 -0.187800
v 0.052953 -0.112000 -0.188647
v 0.054906 -0.110000 -0.188217
v 0.052988 -0.112000 -0.188861
v 0.054977 -0.110000 -0.188645
v 0.053000 -0.112000 -0.189077
v 0.055000 -0.110000 -0.189077
v 0.052988 -0.112000 -0.137294
v 0.054977 -0.110000 -0.137510
v 0.052953 -0.112000 -0.137507
v 0.054906 -0.110000 -0.137937
v 0.052895 -0.112000 -0.137716
v 0.054791 -0.110000 -0.138355
v 0.052815 -0.112000 -0.137917
v 0.054630 -0.110000 -0.138757
v 0.052714 -0.112000 -0.138108
v 0.054427 -0.110000 -0.139140
v 0.052592 -0.112000 -0.138288
v 0.054184 -0.110000 -0.139498
v 0.052452 -0.112000 -0.138453
v 0.053904 -0.110000 -0.139828
v 0.052295 -0.112000 -0.138602
v 0.053590 -0.110000 -0.140126
v 0.052122 -0.112000 -0.138733
v 0.053245 -0.110000 -0.140388
v 0.051937 -0.112000 -0.138844
v 0.052874 -0.110000 -0.140611
v 0.051740 -0.112000 -0.138935
v 0.052481 -0.110000 -0.140793
v 0.051535 -0.112000 -0.139004
v 0.052070 -0.110000 -0.140932
v 0.051324 -0.112000 -0.139051
v 0.051647 -0.110000 -0.141025
v 0.051108 -0.112000 -0.139074
v 0.051217 -0.110000 -0.141071
v 0.050892 -0.112000 -0.139074
v 0.050783 -0.110000 -0.141071
v 0.050676 -0.112000 -0.139051
v 0.050353 -0.110000 -0.141025
v 0.050465 -0.112000 -0.139004
v 0.049930 -0.110000 -0.140932
v 0.050260 -0.112000 -0.138935
v 0.049519 -0.110000 -0.140793
v 0.050063 -0.112000 -0.138844
v 0.049126 -0.110000 -0.140611
v 0.049878 -0.112000 -0.138733
v 0.048755 -0.110000 -0.140388
v 0.049705 -0.112000 -0.138602
v 0.048410 -0.110000 -0.140126
v 0.049548 -0.112000 -0.138453
v 0.048096 -0.110000 -0.139828
v 0.049408 -0.112000 -0.138288
v 0.047816 -0.110000 -0.139498
v 0.049286 -0.112000 -0.138108
v 0.047573 -0.110000 -0.139140
v 0.049185 -0.112000 -0.137917
v 0.047370 -0.110000 -0.138757
v 0.049105 -0.112000 -0.137716
v 0.047209 -0.110000 -0.138355
v 0.049047 -0.112000 -0.137507
v 0.047094 -0.110000 -0.137937
v 0.049012 -0.112000 -0.137294
v 0.047023 -0.110000 -0.137510
v 0.049000 -0.112000 -0.137077
v 0.047000 -0.110000 -0.137077
v 0.049012 -0.112000 -0.136861
v 0.047023 -0.110000 -0.136645
v 0.049047 -0.112000 -0.136647
v 0.047094 -0.110000 -0.136217
v 0.049105 -0.112000 -0.136439
v 0.047209 -0.110000 -0.135800
v 0.049185 -0.112000 -0.136238
v 0.047370 -0.110000 -0.135398
v 0.049286 -0.112000 -0.136046
v 0.047573 -0.110000 -0.135015
v 0.049408 -0.112000 -0.135867
v 0.047816 -0.110000 -0.134657
v 0.049548 -0.112000 -0.135702
v 0.048096 -0.110000 -0.134327
v 0.049705 -0.112000 -0.135553
v 0.048410 -0.110000 -0.134029
v 0.049878 -0.112000 -0.135422
v 0.048755 -0.110000 -0.133767
v 0.050063 -0.112000 -0.135310
v 0.049126 -0.110000 -0.133543
v 0.050260 -0.112000 -0.135219
v 0.049519 -0.110000 -0.133361
v 0.050465 -0.112000 -0.135150
v 0.049930 -0.110000 -0.133223
v 0.050676 -0.112000 -0.135104
v 0.050353 -0.110000 -0.133130
v 0.050892 -0.112000 -0.135080
v 0.050783 -0.110000 -0.133083
v 0.051108 -0.112000 -0.135080
v 0.051217 -0.110000 -0.133083
v 0.051324 -0.112000 -0.135104
v 0.051647 -0.110000 -0.133130
v 0.051535 -0.112000 -0.135150
v 0.052070 -0.110000 -0.133223
v 0.051740 -0.112000 -0.135219
v 0.052481 -0.110000 -0.133361
v 0.051937 -0.112000 -0.135310
v 0.052874 -0.110000 -0.133543
v 0.052122 -0.112000 -0.135422
v 0.053245 -0.110000 -0.133767
v 0.052295 -0.112000 -0.135553
v 0.053590 -0.110000 -0.134029
v 0.052452 -0.112000 -0.135702
v 0.053904 -0.110000 -0.134327
v 0.052592 -0.112000 -0.135867
v 0.054184 -0.110000 -0.134657
v 0.052714 -0.112000 -0.136046
v 0.054427 -0.110000 -0.135015
v 0.052815 -0.112000 -0.136238
v 0.054630 -0.110000 -0.135398
v 0.052895 -0.112000 -0.136439
v 0.054791 -0.110000 -0.135800
v 0.052953 -0.112000 -0.136647
v 0.054906 -0.110000 -0.136217
v 0.052988 -0.112000 -0.136861
v 0.054977 -0.110000 -0.136645
v 0.053000 -0.112000 -0.137077
v 0.055000 -0.110000 -0.137077
v 0.052988 -0.112000 -0.085294
v 0.054977 -0.110000 -0.085510
v 0.052953 -0.112000 -0.085507
v 0.054906 -0.110000 -0.085937
v 0.052895 -0.112000 -0.085716
v 0.054791 -0.110000 -0.086355
v 0.052815 -0.112000 -0.085917
v 0.054630 -0.110000 -0.086757
v 0.052714 -0.112000 -0.086108
v 0.054427 -0.110000 -0.087140
v 0.052592 -0.112000 -0.086288
v 0.054184 -0.110000 -0.087498
v 0.052452 -0.112000 -0.086453
v 0.053904 -0.110000 -0.087828
v 0.052295 -0.112000 -0.086602
v 0.053590 -0.110000 -0.088126
v 0.052122 -0.112000 -0.086733
v 0.053245 -0.110000 -0.088388
v 0.051937 -0.112000 -0.086844
v 0.052874 -0.110000 -0.088611
v 0.051740 -0.112000 -0.086935
v 0.052481 -0.110000 -0.088793
v 0.051535 -0.112000 -0.087004
v 0.052070 -0.110000 -0.088932
v 0.051324 -0.112000 -0.087051
v 0.051647 -0.110000 -0.089025
v 0.051108 -0.112000 -0.087074
v 0.051217 -0.110000 -0.089071
v 0.050892 -0.112000 -0.087074
v 0.050783 -0.110000 -0.089071
v 0.050676 -0.112000 -0.087051
v 0.050353 -0.110000 -0.089025
v 0.050465 -0.112000 -0.087004
v 0.049930 -0.110000 -0.088932
v 0.050260 -0.112000 -0.086935
v 0.049519 -0.110000 -0.088793
v 0.050063 -0.112000 -0.086844
v 0.049126 -0.110000 -0.088611
v 0.049878 -0.112000 -0.086733
v 0.048755 -0.110000 -0.088388
v 0.049705 -0.112000 -0.086602
v 0.048410 -0.110000 -0.088126
v 0.049548 -0.112000 -0.086453
v 0.048096 -0.110000 -0.087828
v 0.049408 -0.112000 -0.086288
v 0.047816 -0.110000 -0.087498
v 0.049286 -0.112000 -0.086108
v 0.047573 -0.110000 -0.087140
v 0.049185 -0.112000 -0.085917
v 0.047370 -0.110000 -0.086757
v 0.049105 -0.112000 -0.085716
v 0.047209 -0.110000 -0.086355
v 0.049047 -0.112000 -0.085507
v 0.047094 -0.110000 -0.085937
v 0.049012 -0.112000 -0.085294
v 0.047023 -0.110000 -0.085510
v 0.049000 -0.112000 -0.085077
v 0.047000 -0.110000 -0.085077
v 0.049012 -0.112000 -0.084861
v 0.047023 -0.110000 -0.084645
v 0.049047 -0.112000 -0.084647
v 0.047094 -0.110000 -0.084217
v 0.049105 -0.112000 -0.084439
v 0.047209 -0.110000 -0.083800
v 0.049185 -0.112000 -0.084238
v 0.047370 -0.110000 -0.083398
v 0.049286 -0.112000 -0.084046
v 0.047573 -0.110000 -0.083015
v 0.049408 -0.112000 -0.083867
v 0.047816 -0.110000 -0.082657
v 0.049548 -0.112000 -0.083702
v 0.048096 -0.110000 -0.082327
v 0.049705 -0.112000 -0.083553
v 0.048410 -0.110000 -0.082029
v 0.049878 -0.112000 -0.083422
v 0.048755 -0.110000 -0.081767
v 0.050063 -0.112000 -0.083310
v 0.049126 -0.110000 -0.081543
v 0.050260 -0.112000 -0.083219
v 0.049519 -0.110000 -0.081361
v 0.050465 -0.112000 -0.083150
v 0.049930 -0.110000 -0.081223
v 0.050676 -0.112000 -0.083104
v 0.050353 -0.110000 -0.081130
v 0.050892 -0.112000 -0.083080
v 0.050783 -0.110000 -0.081083
v 0.051108 -0.112000 -0.083080
v 0.051217 -0.110000 -0.081083
v 0.051324 -0.112000 -0.083104
v 0.051647 -0.110000 -0.081130
v 0.051535 -0.112000 -0.083150
v 0.052070 -0.110000 -0.081223
v 0.051740 -0.112000 -0.083219
v 0.052481 -0.110000 -0.081361
v 0.051937 -0.112000 -0.083310
v 0.052874 -0.110000 -0.081543
v 0.052122 -0.112000 -0.083422
v 0.053245 -0.110000 -0.081767
v 0.052295 -0.112000 -0.083553
v 0.053590 -0.110000 -0.082029
v 0.052452 -0.112000 -0.083702
v 0.053904 -0.110000 -0.082327
v 0.052592 -0.112000 -0.083867
v 0.054184 -0.110000 -0.082657
v 0.052714 -0.112000 -0.084046
v 0.054427 -0.110000 -0.083015
v 0.052815 -0.112000 -0.084238
v 0.054630 -0.110000 -0.083398
v 0.052895 -0.112000 -0.084439
v 0.054791 -0.110000 -0.083800
v 0.052953 -0.112000 -0.084647
v 0.054906 -0.110000 -0.084217
v 0.052988 -0.112000 -0.084861
v 0.054977 -0.110000 -0.084645
v 0.053000 -0.112000 -0.085077
v 0.055000 -0.110000 -0.085077
v 0.052988 -0.112000 -0.033294
v 0.054977 -0.110000 -0.033510
v 0.052953 -0.112000 -0.033507
v 0.054906 -0.110000 -0.033937
v 0.052895 -0.112000 -0.033716
v 0.054791 -0.110000 -0.034355
v 0.052815 -0.112000 -0.033917
v 0.054630 -0.110000 -0.034757
v 0.052714 -0.112000 -0.034108
v 0.054427 -0.110000 -0.035140
v 0.052592 -0.112000 -0.034288
v 0.054184 -0.110000 -0.035498
v 0.052452 -0.112000 -0.034453
v 0.053904 -0.110000 -0.035828
v 0.052295 -0.112000 -0.034602
v 0.053590 -0.110000 -0.036126
v 0.052122 -0.112000 -0.034733
v 0.053245 -0.110000 -0.036388
v 0.051937 -0.112000 -0.034844
v 0.052874 -0.110000 -0.036611
v 0.051740 -0.112000 -0.034935
v 0.052481 -0.110000 -0.036793
v 0.051535 -0.112000 -0.035004
v 0.052070 -0.110000 -0.036932
v 0.051324 -0.112000 -0.035051
v 0.051647 -0.110000 -0.037025
v 0.051108 -0.112000 -0.035074
v 0.051217 -0.110000 -0.037071
v 0.050892 -0.112000 -0.035074
v 0.050783 -0.110000 -0.037071
v 0.050676 -0.112000 -0.035051
v 0.050353 -0.110000 -0.037025
v 0.050465 -0.112000 -0.035004
v 0.049930 -0.110000 -0.036932
v 0.050260 -0.112000 -0.034935
v 0.049519 -0.110000 -0.036793
v 0.050063 -0.112000 -0.034844
v 0.049126 -0.110000 -0.036611
v 0.049878 -0.112000 -0.034733
v 0.048755 -0.110000 -0.036388
v 0.049705 -0.112000 -0.034602
v 0.048410 -0.110000 -0.036126
v 0.049548 -0.112000 -0.034453
v 0.048096 -0.110000 -0.035828
v 0.049408 -0.112000 -0.034288
v 0.047816 -0.110000 -0.035498
v 0.049286 -0.112000 -0.034108
v 0.047573 -0.110000 -0.035140
v 0.049185 -0.112000 -0.033917
v 0.047370 -0.110000 -0.034757
v 0.049105 -0.112000 -0.033716
v 0.047209 -0.110000 -0.034355
v 0.049047 -0.112000 -0.033507
v 0.047094 -0.110000 -0.033937
v 0.049012 -0.112000 -0.033294
v 0.047023 -0.110000 -0.033510
v 0.049000 -0.112000 -0.033077
v 0.047000 -0.110000 -0.033077
v 0.049012 -0.112000 -0.032861
v 0.047023 -0.110000 -0.032645
v 0.049047 -0.112000 -0.032647
v 0.047094 -0.110000 -0.032217
v 0.049105 -0.112000 -0.032439
v 0.047209 -0.110000 -0.031800
v 0.049185 -0.112000 -0.032238
v 0.047370 -0.110000 -0.031398
v 0.049286 -0.112000 -0.032046
v 0.047573 -0.110000 -0.031015
v 0.049408 -0.112000 -0.031867
v 0.047816 -0.110000 -0.030657
v 0.049548 -0.112000 -0.031702
v 0.048096 -0.110000 -0.030327
v 0.049705 -0.112000 -0.031553
v 0.048410 -0.110000 -0.030029
v 0.049878 -0.112000 -0.031422
v 0.048755 -0.110000 -0.029767
v 0.050063 -0.112000 -0.031310
v 0.049126 -0.110000 -0.029543
v 0.050260 -0.112000 -0.031219
v 0.049519 -0.110000 -0.029361
v 0.050465 -0.112000 -0.031150
v 0.049930 -0.110000 -0.029223
v 0.050676 -0.112000 -0.031104
v 0.050353 -0.110000 -0.029130
v 0.050892 -0.112000 -0.031080
v 0.050783 -0.110000 -0.029083
v 0.051108 -0.112000 -0.031080
v 0.051217 -0.110000 -0.029083
v 0.051324 -0.112000 -0.031104
v 0.051647 -0.110000 -0.029130
v 0.051535 -0.112000 -0.031150
v 0.052070 -0.110000 -0.029223
v 0.051740 -0.112000 -0.031219
v 0.052481 -0.110000 -0.029361
v 0.051937 -0.112000 -0.031310
v 0.052874 -0.110000 -0.029543
v 0.052122 -0.112000 -0.031422
v 0.053245 -0.110000 -0.029767
v 0.052295 -0.112000 -0.031553
v 0.053590 -0.110000 -0.030029
v 0.052452 -0.112000 -0.031702
v 0.053904 -0.110000 -0.030327
v 0.052592 -0.112000 -0.031867
v 0.054184 -0.110000 -0.030657
v 0.052714 -0.112000 -0.032046
v 0.054427 -0.110000 -0.031015
v 0.052815 -0.112000 -0.032238
v 0.054630 -0.110000 -0.031398
v 0.052895 -0.112000 -0.032439
v 0.054791 -0.110000 -0.031800
v 0.052953 -0.112000 -0.032647
v 0.054906 -0.110000 -0.032217
v 0.052988 -0.112000 -0.032861
v 0.054977 -0.110000 -0.032645
v 0.053000 -0.112000 -0.033077
v 0.055000 -0.110000 -0.033077
v 0.052988 -0.112000 0.018706
v 0.054977 -0.110000 0.018490
v 0.052953 -0.112000 0.018493
v 0.054906 -0.110000 0.018063
v 0.052895 -0.112000 0.018284
v 0.054791 -0.110000 0.017645
v 0.052815 -0.112000 0.018083
v 0.054630 -0.110000 0.017243
v 0.052714 -0.112000 0.017892
v 0.054427 -0.110000 0.016860
v 0.052592 -0.112000 0.017712
v 0.054184 -0.110000 0.016502
v 0.052452 -0.112000 0.017547
v 0.053904 -0.110000 0.016172
v 0.052295 -0.112000 0.017398
v 0.053590 -0.110000 0.015874
v 0.052122 -0.112000 0.017267
v 0.053245 -0.110000 0.015612
v 0.051937 -0.112000 0.017156
v 0.052874 -0.110000 0.015389
v 0.051740 -0.112000 0.017065
v 0.052481 -0.110000 0.015207
v 0.051535 -0.112000 0.016996
v 0.052070 -0.110000 0.015068
v 0.051324 -0.112000 0.016949
v 0.051647 -0.110000 0.014975
v 0.051108 -0.112000 0.016926
v 0.051217 -0.110000 0.014929
v 0.050892 -0.112000 0.016926
v 0.050783 -0.110000 0.014929
v 0.050676 -0.112000 0.016949
v 0.050353 -0.110000 0.014975
v 0.050465 -0.112000 0.016996
v 0.049930 -0.110000 0.015068
v 0.050260 -0.112000 0.017065
v 0.049519 -0.110000 0.015207
v 0.050063 -0.112000 0.017156
v 0.049126 -0.110000 0.015389
v 0.049878 -0.112000 0.017267
v 0.048755 -0.110000 0.015612
v 0.049705 -0.112000 0.017398
v 0.048410 -0.110000 0.015874
v 0.049548 -0.112000 0.017547
v 0.048096 -0.110000 0.016172
v 0.049408 -0.112000 0.017712
v 0.047816 -0.110000 0.016502
v 0.049286 -0.112000 0.017892
v 0.047573 -0.110000 0.016860
v 0.049185 -0.112000 0.018083
v 0.047370 -0.110000 0.017243
v 0.049105 -0.112000 0.018284
v 0.047209 -0.110000 0.017645
v 0.049047 -0.112000 0.018493
v 0.047094 -0.110000 0.018063
v 0.049012 -0.112000 0.018706
v 0.047023 -0.110000 0.018490
v 0.049000 -0.112000 0.018923
v 0.047000 -0.110000 0.018923
v 0.049012 -0.112000 0.019139
v 0.047023 -0.110000 0.019355
v 0.049047 -0.112000 0.019353
v 0.047094 -0.110000 0.019783
v 0.049105 -0.112000 0.019561
v 0.047209 -0.110000 0.020200
v 0.049185 -0.112000 0.019762
v 0.047370 -0.110000 0.020602
v 0.049286 -0.112000 0.019954
v 0.047573 -0.110000 0.020985
v 0.049408 -0.112000 0.020133
v 0.047816 -0.110000 0.021343
v 0.049548 -0.112000 0.020298
v 0.048096 -0.110000 0.021673
v 0.049705 -0.112000 0.020447
v 0.048410 -0.110000 0.021971
v 0.049878 -0.112000 0.020578
v 0.048755 -0.110000 0.022233
v 0.050063 -0.112000 0.020690
v 0.049126 -0.110000 0.022457
v 0.050260 -0.112000 0.020781
v 0.049519 -0.110000 0.022639
v 0.050465 -0.112000 0.020850
v 0.049930 -0.110000 0.022777
v 0.050676 -0.112000 0.020896
v 0.050353 -0.110000 0.022870
v 0.050892 -0.112000 0.020920
v 0.050783 -0.110000 0.022917
v 0.051108 -0.112000 0.020920
v 0.051217 -0.110000 0.022917
v 0.051324 -0.112000 0.020896
v 0.051647 -0.110000 0.022870
v 0.051535 -0.112000 0.020850
v 0.052070 -0.110000 0.022777
v 0.051740 -0.112000 0.020781
v 0.052481 -0.110000 0.022639
v 0.051937 -0.112000 0.020690
v 0.052874 -0.110000 0.022457
v 0.052122 -0.112000 0.020578
v 0.053245 -0.110000 0.022233
v 0.052295 -0.112000 0.020447
v 0.053590 -0.110000 0.021971
v 0.052452 -0.112000 0.020298
v 0.053904 -0.110000 0.021673
v 0.052592 -0.112000 0.020133
v 0.054184 -0.110000 0.021343
v 0.052714 -0.112000 0.019954
v 0.054427 -0.110000 0.020985
v 0.052815 -0.112000 0.019762
v 0.054630 -0.110000 0.020602
v 0.052895 -0.112000 0.019561
v 0.054791 -0.110000 0.020200
v 0.052953 -0.112000 0.019353
v 0.054906 -0.110000 0.019783
v 0.052988 -0.112000 0.019139
v 0.054977 -0.110000 0.019355
v 0.053000 -0.112000 0.018923
v 0.055000 -0.110000 0.018923
v 0.053000 -0.115000 -0.137077
v 0.052988 -0.115000 -0.137294
v 0.052953 -0.115000 -0.137507
v 0.052895 -0.115000 -0.137716
v 0.052815 -0.115000 -0.137917
v 0.052714 -0.115000 -0.138108
v 0.052592 -0.115000 -0.138288
v 0.052452 -0.115000 -0.138453
v 0.052295 -0.115000 -0.138602
v 0.052122 -0.115000 -0.138733
v 0.051937 -0.115000 -0.138844
v 0.051740 -0.115000 -0.138935
v 0.051535 -0.115000 -0.139004
v 0.051324 -0.115000 -0.139051
v 0.051108 -0.115000 -0.139074
v 0.050892 -0.115000 -0.139074
v 0.050676 -0.115000 -0.139051
v 0.050465 -0.115000 -0.139004
v 0.050260 -0.115000 -0.138935
v 0.050063 -0.115000 -0.138844
v 0.049878 -0.115000 -0.138733
v 0.049705 -0.115000 -0.138602
v 0.049548 -0.115000 -0.138453
v 0.049408 -0.115000 -0.138288
v 0.049286 -0.115000 -0.138108
v 0.049185 -0.115000 -0.137917
v 0.049105 -0.115000 -0.137716
v 0.049047 -0.115000 -0.137507
v 0.049012 -0.115000 -0.137294
v 0.049000 -0.115000 -0.137077
v 0.049012 -0.115000 -0.136861
v 0.049047 -0.115000 -0.136647
v 0.049105 -0.115000 -0.136439
v 0.049185 -0.115000 -0.136238
v 0.049286 -0.115000 -0.136046
v 0.049408 -0.115000 -0.135867
v 0.049548 -0.115000 -0.135702
v 0.049705 -0.115000 -0.135553
v 0.049878 -0.115000 -0.135422
v 0.050063 -0.115000 -0.135310
v 0.050260 -0.115000 -0.135219
v 0.050465 -0.115000 -0.135150
v 0.050676 -0.115000 -0.135104
v 0.050892 -0.115000 -0.135080
v 0.051108 -0.115000 -0.135080
v 0.051324 -0.115000 -0.135104
v 0.051535 -0.115000 -0.135150
v 0.051740 -0.115000 -0.135219
v 0.051937 -0.115000 -0.135310
v 0.052122 -0.115000 -0.135422
v 0.052295 -0.115000 -0.135553
v 0.052452 -0.115000 -0.135702
v 0.052592 -0.115000 -0.135867
v 0.052714 -0.115000 -0.136046
v 0.052815 -0.115000 -0.136238
v 0.052895 -0.115000 -0.136439
v 0.052953 -0.115000 -0.136647
v 0.052988 -0.115000 -0.136861
v 0.053000 -0.115000 -0.189077
v 0.052988 -0.115000 -0.189294
v 0.052953 -0.115000 -0.189507
v 0.052895 -0.115000 -0.189716
v 0.052815 -0.115000 -0.189917
v 0.052714 -0.115000 -0.190108
v 0.052592 -0.115000 -0.190288
v 0.052452 -0.115000 -0.190453
v 0.052295 -0.115000 -0.190602
v 0.052122 -0.115000 -0.190733
v 0.051937 -0.115000 -0.190844
v 0.051740 -0.115000 -0.190935
v 0.051535 -0.115000 -0.191004
v 0.051324 -0.115000 -0.191051
v 0.051108 -0.115000 -0.191074
v 0.050892 -0.115000 -0.191074
v 0.050676 -0.115000 -0.191051
v 0.050465 -0.115000 -0.191004
v 0.050260 -0.115000 -0.190935
v 0.050063 -0.115000 -0.190844
v 0.049878 -0.115000 -0.190733
v 0.049705 -0.115000 -0.190602
v 0.049548 -0.115000 -0.190453
v 0.049408 -0.115000 -0.190288
v 0.049286 -0.115000 -0.190108
v 0.049185 -0.115000 -0.189917
v 0.049105 -0.115000 -0.189716
v 0.049047 -0.115000 -0.189507
v 0.049012 -0.115000 -0.189294
v 0.049000 -0.115000 -0.189077
v 0.049012 -0.115000 -0.188861
v 0.049047 -0.115000 -0.188647
v 0.049105 -0.115000 -0.188439
v 0.049185 -0.115000 -0.188238
v 0.049286 -0.115000 -0.188046
v 0.049408 -0.115000 -0.187867
v 0.049548 -0.115000 -0.187702
v 0.049705 -0.115000 -0.187553
v 0.049878 -0.115000 -0.187422
v 0.050063 -0.115000 -0.187310
v 0.050260 -0.115000 -0.187219
v 0.050465 -0.115000 -0.187150
v 0.050676 -0.115000 -0.187104
v 0.050892 -0.115000 -0.187080
v 0.051108 -0.115000 -0.187080
v 0.051324 -0.115000 -0.187104
v 0.051535 -0.115000 -0.187150
v 0.051740 -0.115000 -0.187219
v 0.051937 -0.115000 -0.187310
v 0.052122 -0.115000 -0.187422
v 0.052295 -0.115000 -0.187553
v 0.052452 -0.115000 -0.187702
v 0.052592 -0.115000 -0.187867
v 0.052714 -0.115000 -0.188046
v 0.052815 -0.115000 -0.188238
v 0.052895 -0.115000 -0.188439
v 0.052953 -0.115000 -0.188647
v 0.052988 -0.115000 -0.188861
v 0.053000 -0.115000 -0.241077
v 0.052988 -0.115000 -0.241294
v 0.052953 -0.115000 -0.241507
v 0.052895 -0.115000 -0.241716
v 0.052815 -0.115000 -0.241917
v 0.052714 -0.115000 -0.242108
v 0.052592 -0.115000 -0.242288
v 0.052452 -0.115000 -0.242453
v 0.052295 -0.115000 -0.242602
v 0.052122 -0.115000 -0.242733
v 0.051937 -0.115000 -0.242844
v 0.051740 -0.115000 -0.242935
v 0.051535 -0.115000 -0.243004
v 0.051324 -0.115000 -0.243051
v 0.051108 -0.115000 -0.243074
v 0.050892 -0.115000 -0.243074
v 0.050676 -0.115000 -0.243051
v 0.050465 -0.115000 -0.243004
v 0.050260 -0.115000 -0.242935
v 0.050063 -0.115000 -0.242844
v 0.049878 -0.115000 -0.242733
v 0.049705 -0.115000 -0.242602
v 0.049548 -0.115000 -0.242453
v 0.049408 -0.115000 -0.242288
v 0.049286 -0.115000 -0.242108
v 0.049185 -0.115000 -0.241917
v 0.049105 -0.115000 -0.241716
v 0.049047 -0.115000 -0.241507
v 0.049012 -0.115000 -0.241294
v 0.049000 -0.115000 -0.241077
v 0.049012 -0.115000 -0.240861
v 0.049047 -0.115000 -0.240647
v 0.049105 -0.115000 -0.240439
v 0.049185 -0.115000 -0.240238
v 0.049286 -0.115000 -0.240046
v 0.049408 -0.115000 -0.239867
v 0.049548 -0.115000 -0.239702
v 0.049705 -0.115000 -0.239553
v 0.049878 -0.115000 -0.239422
v 0.050063 -0.115000 -0.239310
v 0.050260 -0.115000 -0.239219
v 0.050465 -0.115000 -0.239150
v 0.050676 -0.115000 -0.239104
v 0.050892 -0.115000 -0.239080
v 0.051108 -0.115000 -0.239080
v 0.051324 -0.115000 -0.239104
v 0.051535 -0.115000 -0.239150
v 0.051740 -0.115000 -0.239219
v 0.051937 -0.115000 -0.239310
v 0.052122 -0.115000 -0.239422
v 0.052295 -0.115000 -0.239553
v 0.052452 -0.115000 -0.239702
v 0.052592 -0.115000 -0.239867
v 0.052714 -0.115000 -0.240046
v 0.052815 -0.115000 -0.240238
v 0.052895 -0.115000 -0.240439
v 0.052953 -0.115000 -0.240647
v 0.052988 -0.115000 -0.240861
v -0.049000 -0.115000 -0.241077
v -0.049012 -0.115000 -0.241294
v -0.049047 -0.115000 -0.241507
v -0.049105 -0.115000 -0.241716
v -0.049185 -0.115000 -0.241917
v -0.049286 -0.115000 -0.242108
v -0.049408 -0.115000 -0.242288
v -0.049548 -0.115000 -0.242453
v -0.049705 -0.115000 -0.242602
v -0.049878 -0.115000 -0.242733
v -0.050063 -0.115000 -0.242844
v -0.050260 -0.115000 -0.242935
v -0.050465 -0.115000 -0.243004
v -0.050676 -0.115000 -0.243051
v -0.050892 -0.115000 -0.243074
v -0.051108 -0.115000 -0.243074
v -0.051324 -0.115000 -0.243051
v -0.051535 -0.115000 -0.243004
v -0.051740 -0.115000 -0.242935
v -0.051937 -0.115000 -0.242844
v -0.052122 -0.115000 -0.242733
v -0.052295 -0.115000 -0.242602
v -0.052452 -0.115000 -0.242453
v -0.052592 -0.115000 -0.242288
v -0.052714 -0.115000 -0.242108
v -0.052815 -0.115000 -0.241917
v -0.052895 -0.115000 -0.241716
v -0.052953 -0.115000 -0.241507
v -0.052988 -0.115000 -0.241294
v -0.053000 -0.115000 -0.241077
v -0.052988 -0.115000 -0.240861
v -0.052953 -0.115000 -0.240647
v -0.052895 -0.115000 -0.240439
v -0.052815 -0.115000 -0.240238
v -0.052714 -0.115000 -0.240046
v -0.052592 -0.115000 -0.239867
v -0.052452 -0.115000 -0.239702
v -0.052295 -0.115000 -0.239553
v -0.052122 -0.115000 -0.239422
v -0.051937 -0.115000 -0.239310
v -0.051740 -0.115000 -0.239219
v -0.051535 -0.115000 -0.239150
v -0.051324 -0.115000 -0.239104
v -0.051108 -0.115000 -0.239080
v -0.050892 -0.115000 -0.239080
v -0.050676 -0.115000 -0.239104
v -0.050465 -0.115000 -0.239150
v -0.050260 -0.115000 -0.239219
v -0.050063 -0.115000 -0.239310
v -0.049878 -0.115000 -0.239422
v -0.049705 -0.115000 -0.239553
v -0.049548 -0.115000 -0.239702
v -0.049408 -0.115000 -0.239867
v -0.049286 -0.115000 -0.240046
v -0.049185 -0.115000 -0.240238
v -0.049105 -0.115000 -0.240439
v -0.049047 -0.115000 -0.240647
v -0.049012 -0.115000 -0.240861
v -0.049000 -0.115000 -0.189077
v -0.049012 -0.115000 -0.189294
v -0.049047 -0.115000 -0.189507
v -0.049105 -0.115000 -0.189716
v -0.049185 -0.115000 -0.189917
v -0.049286 -0.115000 -0.190108
v -0.049408 -0.115000 -0.190288
v -0.049548 -0.115000 -0.190453
v -0.049705 -0.115000 -0.190602
v -0.049878 -0.115000 -0.190733
v -0.050063 -0.115000 -0.190844
v -0.050260 -0.115000 -0.190935
v -0.050465 -0.115000 -0.191004
v -0.050676 -0.115000 -0.191051
v -0.050892 -0.115000 -0.191074
v -0.051108 -0.115000 -0.191074
v -0.051324 -0.115000 -0.191051
v -0.051535 -0.115000 -0.191004
v -0.051740 -0.115000 -0.190935
v -0.051937 -0.115000 -0.190844
v -0.052122 -0.115000 -0.190733
v -0.052295 -0.115000 -0.190602
v -0.052452 -0.115000 -0.190453
v -0.052592 -0.115000 -0.190288
v -0.052714 -0.115000 -0.190108
v -0.052815 -0.115000 -0.189917
v -0.052895 -0.115000 -0.189716
v -0.052953 -0.115000 -0.189507
v -0.052988 -0.115000 -0.189294
v -0.053000 -0.115000 -0.189077
v -0.052988 -0.115000 -0.188861
v -0.052953 -0.115000 -0.188647
v -0.052895 -0.115000 -0.188439
v -0.052815 -0.115000 -0.188238
v -0.052714 -0.115000 -0.188046
v -0.052592 -0.115000 -0.187867
v -0.052452 -0.115000 -0.187702
v -0.052295 -0.115000 -0.187553
v -0.052122 -0.115000 -0.187422
v -0.051937 -0.115000 -0.187310
v -0.051740 -0.115000 -0.187219
v -0.051535 -0.115000 -0.187150
v -0.051324 -0.115000 -0.187104
v -0.051108 -0.115000 -0.187080
v -0.050892 -0.115000 -0.187080
v -0.050676 -0.115000 -0.187104
v -0.050465 -0.115000 -0.187150
v -0.050260 -0.115000 -0.187219
v -0.050063 -0.115000 -0.187310
v -0.049878 -0.115000 -0.187422
v -0.049705 -0.115000 -0.187553
v -0.049548 -0.115000 -0.187702
v -0.049408 -0.115000 -0.187867
v -0.049286 -0.115000 -0.188046
v -0.049185 -0.115000 -0.188238
v -0.049105 -0.115000 -0.188439
v -0.049047 -0.115000 -0.188647
v -0.049012 -0.115000 -0.188861
v -0.049000 -0.115000 -0.137077
v -0.049012 -0.115000 -0.137294
v -0.049047 -0.115000 -0.137507
v -0.049105 -0.115000 -0.137716
v -0.049185 -0.115000 -0.137917
v -0.049286 -0.115000 -0.138108
v -0.049408 -0.115000 -0.138288
v -0.049548 -0.115000 -0.138453
v -0.049705 -0.115000 -0.138602
v -0.049878 -0.115000 -0.138733
v -0.050063 -0.115000 -0.138844
v -0.050260 -0.115000 -0.138935
v -0.050465 -0.115000 -0.139004
v -0.050676 -0.115000 -0.139051
v -0.050892 -0.115000 -0.139074
v -0.051108 -0.115000 -0.139074
v -0.051324 -0.115000 -0.139051
v -0.051535 -0.115000 -0.139004
v -0.051740 -0.115000 -0.138935
v -0.051937 -0.115000 -0.138844
v -0.052122 -0.115000 -0.138733
v -0.052295 -0.115000 -0.138602
v -0.052452 -0.115000 -0.138453
v -0.052592 -0.115000 -0.138288
v -0.052714 -0.115000 -0.138108
v -0.052815 -0.115000 -0.137917
v -0.052895 -0.115000 -0.137716
v -0.052953 -0.115000 -0.137507
v -0.052988 -0.115000 -0.137294
v -0.053000 -0.115000 -0.137077
v -0.052988 -0.115000 -0.136861
v -0.052953 -0.115000 -0.136647
v -0.052895 -0.115000 -0.136439
v -0.052815 -0.115000 -0.136238
v -0.052714 -0.115000 -0.136046
v -0.052592 -0.115000 -0.135867
v -0.052452 -0.115000 -0.135702
v -0.052295 -0.115000 -0.135553
v -0.052122 -0.115000 -0.135422
v -0.051937 -0.115000 -0.135310
v -0.051740 -0.115000 -0.135219
v -0.051535 -0.115000 -0.135150
v -0.051324 -0.115000 -0.135104
v -0.051108 -0.115000 -0.135080
v -0.050892 -0.115000 -0.135080
v -0.050676 -0.115000 -0.135104
v -0.050465 -0.115000 -0.135150
v -0.050260 -0.115000 -0.135219
v -0.050063 -0.115000 -0.135310
v -0.049878 -0.115000 -0.135422
v -0.049705 -0.115000 -0.135553
v -0.049548 -0.115000 -0.135702
v -0.049408 -0.115000 -0.135867
v -0.049286 -0.115000 -0.136046
v -0.049185 -0.115000 -0.136238
v -0.049105 -0.115000 -0.136439
v -0.049047 -0.115000 -0.136647
v -0.049012 -0.115000 -0.136861
v -0.049000 -0.115000 -0.085077
v -0.049012 -0.115000 -0.085294
v -0.049047 -0.115000 -0.085507
v -0.049105 -0.115000 -0.085716
v -0.049185 -0.115000 -0.085917
v -0.049286 -0.115000 -0.086108
v -0.049408 -0.115000 -0.086288
v -0.049548 -0.115000 -0.086453
v -0.049705 -0.115000 -0.086602
v -0.049878 -0.115000 -0.086733
v -0.050063 -0.115000 -0.086844
v -0.050260 -0.115000 -0.086935
v -0.050465 -0.115000 -0.087004
v -0.050676 -0.115000 -0.087051
v -0.050892 -0.115000 -0.087074
v -0.051108 -0.115000 -0.087074
v -0.051324 -0.115000 -0.087051
v -0.051535 -0.115000 -0.087004
v -0.051740 -0.115000 -0.086935
v -0.051937 -0.115000 -0.086844
v -0.052122 -0.115000 -0.086733
v -0.052295 -0.115000 -0.086602
v -0.052452 -0.115000 -0.086453
v -0.052592 -0.115000 -0.086288
v -0.052714 -0.115000 -0.086108
v -0.052815 -0.115000 -0.085917
v -0.052895 -0.115000 -0.085716
v -0.052953 -0.115000 -0.085507
v -0.052988 -0.115000 -0.085294
v -0.053000 -0.115000 -0.085077
v -0.052988 -0.115000 -0.084861
v -0.052953 -0.115000 -0.084647
v -0.052895 -0.115000 -0.084439
v -0.052815 -0.115000 -0.084238
v -0.052714 -0.115000 -0.084046
v -0.052592 -0.115000 -0.083867
v -0.052452 -0.115000 -0.083702
v -0.052295 -0.115000 -0.083553
v -0.052122 -0.115000 -0.083422
v -0.051937 -0.115000 -0.083310
v -0.051740 -0.115000 -0.083219
v -0.051535 -0.115000 -0.083150
v -0.051324 -0.115000 -0.083104
v -0.051108 -0.115000 -0.083080
v -0.050892 -0.115000 -0.083080
v -0.050676 -0.115000 -0.083104
v -0.050465 -0.115000 -0.083150
v -0.050260 -0.115000 -0.083219
v -0.050063 -0.115000 -0.083310
v -0.049878 -0.115000 -0.083422
v -0.049705 -0.115000 -0.083553
v -0.049548 -0.115000 -0.083702
v -0.049408 -0.115000 -0.083867
v -0.049286 -0.115000 -0.084046
v -0.049185 -0.115000 -0.084238
v -0.049105 -0.115000 -0.084439
v -0.049047 -0.115000 -0.084647
v -0.049012 -0.115000 -0.084861
v -0.049000 -0.115000 -0.033077
v -0.049012 -0.115000 -0.033294
v -0.049047 -0.115000 -0.033507
v -0.049105 -0.115000 -0.033716
v -0.049185 -0.115000 -0.033917
v -0.049286 -0.115000 -0.034108
v -0.049408 -0.115000 -0.034288
v -0.049548 -0.115000 -0.034453
v -0.049705 -0.115000 -0.034602
v -0.049878 -0.115000 -0.034733
v -0.050063 -0.115000 -0.034844
v -0.050260 -0.115000 -0.034935
v -0.050465 -0.115000 -0.035004
v -0.050676 -0.115000 -0.035051
v -0.050892 -0.115000 -0.035074
v -0.051108 -0.115000 -0.035074
v -0.051324 -0.115000 -0.035051
v -0.051535 -0.115000 -0.035004
v -0.051740 -0.115000 -0.034935
v -0.051937 -0.115000 -0.034844
v -0.052122 -0.115000 -0.034733
v -0.052295 -0.115000 -0.034602
v -0.052452 -0.115000 -0.034453
v -0.052592 -0.115000 -0.034288
v -0.052714 -0.115000 -0.034108
v -0.052815 -0.115000 -0.033917
v -0.052895 -0.115000 -0.033716
v -0.052953 -0.115000 -0.033507
v -0.052988 -0.115000 -0.033294
v -0.053000 -0.115000 -0.033077
v -0.052988 -0.115000 -0.032861
v -0.052953 -0.115000 -0.032647
v -0.052895 -0.115000 -0.032439
v -0.052815 -0.115000 -0.032238
v -0.052714 -0.115000 -0.032046
v -0.052592 -0.115000 -0.031867
v -0.052452 -0.115000 -0.031702
v -0.052295 -0.115000 -0.031553
v -0.052122 -0.115000 -0.031422
v -0.051937 -0.115000 -0.031310
v -0.051740 -0.115000 -0.031219
v -0.051535 -0.115000 -0.031150
v -0.051324 -0.115000 -0.031104
v -0.051108 -0.115000 -0.031080
v -0.050892 -0.115000 -0.031080
v -0.050676 -0.115000 -0.031104
v -0.050465 -0.115000 -0.031150
v -0.050260 -0.115000 -0.031219
v -0.050063 -0.115000 -0.031310
v -0.049878 -0.115000 -0.031422
v -0.049705 -0.115000 -0.031553
v -0.049548 -0.115000 -0.031702
v -0.049408 -0.115000 -0.031867
v -0.049286 -0.115000 -0.032046
v -0.049185 -0.115000 -0.032238
v -0.049105 -0.115000 -0.032439
v -0.049047 -0.115000 -0.032647
v -0.049012 -0.115000 -0.032861
v 0.053000 -0.115000 -0.085077
v 0.052988 -0.115000 -0.085294
v 0.052953 -0.115000 -0.085507
v 0.052895 -0.115000 -0.085716
v 0.052815 -0.115000 -0.085917
v 0.052714 -0.115000 -0.086108
v 0.052592 -0.115000 -0.086288
v 0.052452 -0.115000 -0.086453
v 0.052295 -0.115000 -0.086602
v 0.052122 -0.115000 -0.086733
v 0.051937 -0.115000 -0.086844
v 0.051740 -0.115000 -0.086935
v 0.051535 -0.115000 -0.087004
v 0.051324 -0.115000 -0.087051
v 0.051108 -0.115000 -0.087074
v 0.050892 -0.115000 -0.087074
v 0.050676 -0.115000 -0.087051
v 0.050465 -0.115000 -0.087004
v 0.050260 -0.115000 -0.086935
v 0.050063 -0.115000 -0.086844
v 0.049878 -0.115000 -0.086733
v 0.049705 -0.115000 -0.086602
v 0.049548 -0.115000 -0.086453
v 0.049408 -0.115000 -0.086288
v 0.049286 -0.115000 -0.086108
v 0.049185 -0.115000 -0.085917
v 0.049105 -0.115000 -0.085716
v 0.049047 -0.115000 -0.085507
v 0.049012 -0.115000 -0.085294
v 0.049000 -0.115000 -0.085077
v 0.049012 -0.115000 -0.084861
v 0.049047 -0.115000 -0.084647
v 0.049105 -0.115000 -0.084439
v 0.049185 -0.115000 -0.084238
v 0.049286 -0.115000 -0.084046
v 0.049408 -0.115000 -0.083867
v 0.049548 -0.115000 -0.083702
v 0.049705 -0.115000 -0.083553
v 0.049878 -0.115000 -0.083422
v 0.050063 -0.115000 -0.083310
v 0.050260 -0.115000 -0.083219
v 0.050465 -0.115000 -0.083150
v 0.050676 -0.115000 -0.083104
v 0.050892 -0.115000 -0.083080
v 0.051108 -0.115000 -0.083080
v 0.051324 -0.115000 -0.083104
v 0.051535 -0.115000 -0.083150
v 0.051740 -0.115000 -0.083219
v 0.051937 -0.115000 -0.083310
v 0.052122 -0.115000 -0.083422
v 0.052295 -0.115000 -0.083553
v 0.052452 -0.115000 -0.083702
v 0.052592 -0.115000 -0.083867
v 0.052714 -0.115000 -0.084046
v 0.052815 -0.115000 -0.084238
v 0.052895 -0.115000 -0.084439
v 0.052953 -0.115000 -0.084647
v 0.052988 -0.115000 -0.084861
v 0.053000 -0.115000 -0.033077
v 0.052988 -0.115000 -0.033294
v 0.052953 -0.115000 -0.033507
v 0.052895 -0.115000 -0.033716
v 0.052815 -0.115000 -0.033917
v 0.052714 -0.115000 -0.034108
v 0.052592 -0.115000 -0.034288
v 0.052452 -0.115000 -0.034453
v 0.052295 -0.115000 -0.034602
v 0.052122 -0.115000 -0.034733
v 0.051937 -0.115000 -0.034844
v 0.051740 -0.115000 -0.034935
v 0.051535 -0.115000 -0.035004
v 0.051324 -0.115000 -0.035051
v 0.051108 -0.115000 -0.035074
v 0.050892 -0.115000 -0.035074
v 0.050676 -0.115000 -0.035051
v 0.050465 -0.115000 -0.035004
v 0.050260 -0.115000 -0.034935
v 0.050063 -0.115000 -0.034844
v 0.049878 -0.115000 -0.034733
v 0.049705 -0.115000 -0.034602
v 0.049548 -0.115000 -0.034453
v 0.049408 -0.115000 -0.034288
v 0.049286 -0.115000 -0.034108
v 0.049185 -0.115000 -0.033917
v 0.049105 -0.115000 -0.033716
v 0.049047 -0.115000 -0.033507
v 0.049012 -0.115000 -0.033294
v 0.049000 -0.115000 -0.033077
v 0.049012 -0.115000 -0.032861
v 0.049047 -0.115000 -0.032647
v 0.049105 -0.115000 -0.032439
v 0.049185 -0.115000 -0.032238
v 0.049286 -0.115000 -0.032046
v 0.049408 -0.115000 -0.031867
v 0.049548 -0.115000 -0.031702
v 0.049705 -0.115000 -0.031553
v 0.049878 -0.115000 -0.031422
v 0.050063 -0.115000 -0.031310
v 0.050260 -0.115000 -0.031219
v 0.050465 -0.115000 -0.031150
v 0.050676 -0.115000 -0.031104
v 0.050892 -0.115000 -0.031080
v 0.051108 -0.115000 -0.031080
v 0.051324 -0.115000 -0.031104
v 0.051535 -0.115000 -0.031150
v 0.051740 -0.115000 -0.031219
v 0.051937 -0.115000 -0.031310
v 0.052122 -0.115000 -0.031422
v 0.052295 -0.115000 -0.031553
v 0.052452 -0.115000 -0.031702
v 0.052592 -0.115000 -0.031867
v 0.052714 -0.115000 -0.032046
v 0.052815 -0.115000 -0.032238
v 0.052895 -0.115000 -0.032439
v 0.052953 -0.115000 -0.032647
v 0.052988 -0.115000 -0.032861
v 0.053000 -0.115000 0.018923
v 0.052988 -0.115000 0.018706
v 0.052953 -0.115000 0.018493
v 0.052895 -0.115000 0.018284
v 0.052815 -0.115000 0.018083
v 0.052714 -0.115000 0.017892
v 0.052592 -0.115000 0.017712
v 0.052452 -0.115000 0.017547
v 0.052295 -0.115000 0.017398
v 0.052122 -0.115000 0.017267
v 0.051937 -0.115000 0.017156
v 0.051740 -0.115000 0.017065
v 0.051535 -0.115000 0.016996
v 0.051324 -0.115000 0.016949
v 0.051108 -0.115000 0.016926
v 0.050892 -0.115000 0.016926
v 0.050676 -0.115000 0.016949
v 0.050465 -0.115000 0.016996
v 0.050260 -0.115000 0.017065
v 0.050063 -0.115000 0.017156
v 0.049878 -0.115000 0.017267
v 0.049705 -0.115000 0.017398
v 0.049548 -0.115000 0.017547
v 0.049408 -0.115000 0.017712
v 0.049286 -0.115000 0.017892
v 0.049185 -0.115000 0.018083
v 0.049105 -0.115000 0.018284
v 0.049047 -0.115000 0.018493
v 0.049012 -0.115000 0.018706
v 0.049000 -0.115000 0.018923
v 0.049012 -0.115000 0.019139
v 0.049047 -0.115000 0.019353
v 0.049105 -0.115000 0.019561
v 0.049185 -0.115000 0.019762
v 0.049286 -0.115000 0.019954
v 0.049408 -0.115000 0.020133
v 0.049548 -0.115000 0.020298
v 0.049705 -0.115000 0.020447
v 0.049878 -0.115000 0.020578
v 0.050063 -0.115000 0.020690
v 0.050260 -0.115000 0.020781
v 0.050465 -0.115000 0.020850
v 0.050676 -0.115000 0.020896
v 0.050892 -0.115000 0.020920
v 0.051108 -0.115000 0.020920
v 0.051324 -0.115000 0.020896
v 0.051535 -0.115000 0.020850
v 0.051740 -0.115000 0.020781
v 0.051937 -0.115000 0.020690
v 0.052122 -0.115000 0.020578
v 0.052295 -0.115000 0.020447
v 0.052452 -0.115000 0.020298
v 0.052592 -0.115000 0.020133
v 0.052714 -0.115000 0.019954
v 0.052815 -0.115000 0.019762
v 0.052895 -0.115000 0.019561
v 0.052953 -0.115000 0.019353
v 0.052988 -0.115000 0.019139
v -0.049000 -0.115000 0.018923
v -0.049012 -0.115000 0.018706
v -0.049047 -0.115000 0.018493
v -0.049105 -0.115000 0.018284
v -0.049185 -0.115000 0.018083
v -0.049286 -0.115000 0.017892
v -0.049408 -0.115000 0.017712
v -0.049548 -0.115000 0.017547
v -0.049705 -0.115000 0.017398
v -0.049878 -0.115000 0.017267
v -0.050063 -0.115000 0.017156
v -0.050260 -0.115000 0.017065
v -0.050465 -0.115000 0.016996
v -0.050676 -0.115000 0.016949
v -0.050892 -0.115000 0.016926
v -0.051108 -0.115000 0.016926
v -0.051324 -0.115000 0.016949
v -0.051535 -0.115000 0.016996
v -0.051740 -0.115000 0.017065
v -0.051937 -0.115000 0.017156
v -0.052122 -0.115000 0.017267
v -0.052295 -0.115000 0.017398
v -0.052452 -0.115000 0.017547
v -0.052592 -0.115000 0.017712
v -0.052714 -0.115000 0.017892
v -0.052815 -0.115000 0.018083
v -0.052895 -0.115000 0.018284
v -0.052953 -0.115000 0.018493
v -0.052988 -0.115000 0.018706
v -0.053000 -0.115000 0.018923
v -0.052988 -0.115000 0.019139
v -0.052953 -0.115000 0.019353
v -0.052895 -0.115000 0.019561
v -0.052815 -0.115000 0.019762
v -0.052714 -0.115000 0.019954
v -0.052592 -0.115000 0.020133
v -0.052452 -0.115000 0.020298
v -0.052295 -0.115000 0.020447
v -0.052122 -0.115000 0.020578
v -0.051937 -0.115000 0.020690
v -0.051740 -0.115000 0.020781
v -0.051535 -0.115000 0.020850
v -0.051324 -0.115000 0.020896
v -0.051108 -0.115000 0.020920
v -0.050892 -0.115000 0.020920
v -0.050676 -0.115000 0.020896
v -0.050465 -0.115000 0.020850
v -0.050260 -0.115000 0.020781
v -0.050063 -0.115000 0.020690
v -0.049878 -0.115000 0.020578
v -0.049705 -0.115000 0.020447
v -0.049548 -0.115000 0.020298
v -0.049408 -0.115000 0.020133
v -0.049286 -0.115000 0.019954
v -0.049185 -0.115000 0.019762
v -0.049105 -0.115000 0.019561
v -0.049047 -0.115000 0.019353
v -0.049012 -0.115000 0.019139
v -0.209907 -0.153942 -0.321740
v -0.209907 -0.153942 -0.334809
v -0.224301 -0.159000 -0.334809
v -0.084871 -0.110000 -0.263507
v -0.084871 -0.110000 -0.273385
v -0.118924 -0.121967 -0.273385
v -0.208425 -0.153421 -0.318129
v -0.208425 -0.153421 -0.321740
v -0.209907 -0.153942 -0.254300
v -0.208425 -0.153421 -0.250995
v -0.161491 -0.136927 -0.245254
v -0.118924 -0.121967 -0.293078
v -0.159121 -0.136094 -0.310684
v -0.143308 -0.130537 -0.310684
v -0.159121 -0.136094 -0.293078
v -0.119164 -0.122052 -0.296539
v -0.107540 -0.117967 -0.289730
v -0.113255 -0.119975 -0.293078
v -0.118924 -0.121967 -0.296399
v -0.155024 -0.134654 -0.317548
v -0.155916 -0.134967 -0.318070
v -0.159121 -0.136094 -0.319948
v -0.208425 -0.153421 -0.281277
v -0.208425 -0.153421 -0.288951
v -0.209907 -0.153942 -0.293078
v -0.161491 -0.136927 -0.275089
v -0.161491 -0.136927 -0.281440
v -0.208425 -0.153421 -0.297409
v -0.161491 -0.136927 -0.291414
v -0.159121 -0.136094 -0.281277
v -0.159121 -0.136094 -0.273385
v -0.161491 -0.136927 -0.273385
v -0.159121 -0.136094 -0.263507
v -0.209907 -0.153942 -0.273385
v -0.209907 -0.153942 -0.263507
v -0.208425 -0.153421 -0.263507
v -0.208425 -0.153421 -0.269657
v -0.161491 -0.136927 -0.260039
v -0.161491 -0.136927 -0.266623
v -0.159121 -0.136094 -0.254300
v -0.161491 -0.136927 -0.254300
v -0.159121 -0.136094 -0.250670
v -0.161491 -0.136927 -0.252209
v -0.208425 -0.153421 -0.250670
v -0.209907 -0.153942 -0.250670
v -0.208425 -0.153421 -0.242076
v -0.209907 -0.153942 -0.242076
v -0.208425 -0.153421 -0.240449
v -0.209907 -0.153942 -0.235388
v -0.161491 -0.136927 -0.237808
v -0.159121 -0.136094 -0.235388
v -0.161491 -0.136927 -0.242076
v -0.159121 -0.136094 -0.242076
v -0.161491 -0.136927 -0.307599
v -0.161491 -0.136927 -0.297976
v -0.161223 -0.136833 -0.321179
v -0.161491 -0.136927 -0.321336
v -0.161491 -0.136927 -0.315591
v -0.159665 -0.136285 -0.320267
v -0.161058 -0.136775 -0.321083
v -0.208425 -0.153421 -0.331600
v -0.208592 -0.153480 -0.340954
v -0.189144 -0.146645 -0.321740
v -0.172910 -0.140940 -0.321740
v -0.118924 -0.121967 -0.281277
v -0.084871 -0.110000 -0.276449
v -0.091582 -0.112358 -0.280381
v -0.093111 -0.112896 -0.281277
v -0.159121 -0.136094 -0.220869
v -0.131419 -0.126358 -0.021680
v -0.131889 -0.126524 -0.021923
v -0.134079 -0.127293 -0.022882
v -0.132324 -0.126677 -0.022209
v -0.118924 -0.121967 -0.220869
v -0.133728 -0.127170 -0.023954
v -0.133820 -0.127202 -0.024185
v -0.133899 -0.127230 -0.024420
v -0.133964 -0.127253 -0.024660
v -0.134014 -0.127270 -0.024905
v -0.159121 -0.136094 -0.013501
v -0.118924 -0.121967 -0.185448
v -0.131597 -0.126421 -0.179121
v -0.084871 -0.110000 -0.000526
v -0.118924 -0.121967 0.009707
v -0.084871 -0.110000 0.029367
v -0.133371 -0.127044 -0.023301
v -0.133503 -0.127091 -0.023512
v -0.133622 -0.127133 -0.023730
v -0.134079 -0.127293 -0.025656
v -0.134079 -0.127293 -0.175229
v -0.134005 -0.127267 -0.176032
v -0.134046 -0.127282 -0.175768
v -0.134071 -0.127290 -0.175500
v -0.133947 -0.127247 -0.176293
v -0.133873 -0.127221 -0.176548
v -0.133783 -0.127189 -0.176798
v -0.133678 -0.127152 -0.177042
v -0.132899 -0.126879 -0.022715
v -0.133068 -0.126938 -0.022902
v -0.133226 -0.126993 -0.023097
v -0.133557 -0.127110 -0.177279
v -0.133421 -0.127062 -0.177508
v -0.133271 -0.127009 -0.177728
v -0.134050 -0.127283 -0.025153
v -0.134072 -0.127291 -0.025403
v -0.132526 -0.126748 -0.022368
v -0.132718 -0.126815 -0.022537
v -0.133106 -0.126951 -0.177940
v -0.132927 -0.126889 -0.178141
v -0.132735 -0.126821 -0.178333
v -0.132531 -0.126749 -0.178514
v -0.132314 -0.126673 -0.178684
v -0.132086 -0.126593 -0.178842
v -0.131847 -0.126509 -0.178988
v -0.209907 -0.153942 -0.220869
v -0.209907 -0.153942 -0.042823
v -0.224301 -0.159000 -0.220869
v -0.224301 -0.159000 -0.051132
v -0.224301 -0.159000 -0.358132
v -0.209907 -0.153942 -0.349700
v -0.214210 -0.155454 -0.352221
v -0.210461 -0.154136 -0.350024
v -0.210134 -0.154021 -0.349833
v -0.209272 -0.153719 -0.349328
v -0.208592 -0.153480 -0.348930
v -0.084871 -0.110000 -0.202449
v -0.084871 -0.110000 -0.220869
v -0.118924 -0.121967 -0.235388
v -0.084871 -0.110000 -0.235388
v -0.118924 -0.121967 -0.242076
v -0.084871 -0.110000 -0.242076
v -0.118924 -0.121967 -0.250670
v -0.084871 -0.110000 -0.250670
v -0.118924 -0.121967 -0.254300
v -0.084871 -0.110000 -0.254300
v -0.118924 -0.121967 -0.263507
v -0.208425 -0.153421 -0.258983
v -0.161491 -0.136927 -0.222162
v -0.161491 -0.136927 -0.231776
v -0.208425 -0.153421 -0.232967
v -0.208425 -0.153421 -0.222162
v -0.224301 -0.159000 -0.254300
v -0.224301 -0.159000 -0.263507
v -0.224301 -0.159000 -0.235388
v -0.224301 -0.159000 -0.242076
v -0.224301 -0.159000 -0.250670
v -0.224301 -0.159000 -0.273385
v -0.224301 -0.159000 -0.281277
v -0.209907 -0.153942 -0.281277
v -0.224301 -0.159000 -0.293078
v -0.209907 -0.153942 -0.310684
v -0.208425 -0.153421 -0.309487
v -0.208425 -0.153421 -0.277938
v -0.224301 -0.159000 -0.310684
v -0.224301 -0.159000 -0.321740
v 0.219732 -0.157395 -0.263507
v 0.159121 -0.136094 -0.263507
v 0.084871 -0.110000 -0.263507
v 0.084871 -0.110000 -0.251602
v 0.159121 -0.136094 -0.319948
v 0.119164 -0.122052 -0.296539
v 0.113255 -0.119975 -0.293078
v 0.159121 -0.136094 -0.293078
v 0.219732 -0.157395 -0.297590
v 0.219732 -0.157395 -0.321740
v 0.209907 -0.153942 -0.321740
v 0.209907 -0.153942 -0.297590
v 0.219732 -0.157395 -0.293078
v 0.209907 -0.153942 -0.293078
v 0.159121 -0.136094 -0.297590
v 0.161491 -0.136927 -0.297976
v 0.161491 -0.136927 -0.307599
v 0.161491 -0.136927 -0.321336
v 0.161223 -0.136833 -0.321179
v 0.161491 -0.136927 -0.315591
v 0.161058 -0.136775 -0.321083
v 0.159665 -0.136285 -0.320267
v 0.208425 -0.153421 -0.321740
v 0.208425 -0.153421 -0.318129
v 0.208425 -0.153421 -0.309487
v 0.177530 -0.142563 -0.297590
v 0.209907 -0.153942 -0.281277
v 0.208425 -0.153421 -0.288951
v 0.161491 -0.136927 -0.275089
v 0.161491 -0.136927 -0.281440
v 0.208425 -0.153421 -0.297409
v 0.208425 -0.153421 -0.297590
v 0.209907 -0.153942 -0.251602
v 0.208425 -0.153421 -0.250995
v 0.209907 -0.153942 -0.242076
v 0.208425 -0.153421 -0.242076
v 0.208425 -0.153421 -0.240449
v 0.161491 -0.136927 -0.245254
v 0.159121 -0.136094 -0.251602
v 0.161491 -0.136927 -0.242076
v 0.159121 -0.136094 -0.242076
v 0.161491 -0.136927 -0.237808
v 0.159121 -0.136094 -0.235388
v 0.209907 -0.153942 -0.235388
v 0.208425 -0.153421 -0.258983
v 0.209907 -0.153942 -0.263507
v 0.161491 -0.136927 -0.252209
v 0.209907 -0.153942 -0.273385
v 0.208425 -0.153421 -0.269657
v 0.208425 -0.153421 -0.263507
v 0.208425 -0.153421 -0.331600
v 0.208592 -0.153480 -0.340954
v 0.189144 -0.146645 -0.321740
v 0.172910 -0.140940 -0.321740
v 0.209907 -0.153942 -0.349700
v 0.209272 -0.153719 -0.349328
v 0.208592 -0.153480 -0.348930
v 0.224301 -0.159000 -0.051132
v 0.219732 -0.157395 -0.093104
v 0.219732 -0.157395 -0.048495
v 0.209907 -0.153942 -0.093104
v 0.209907 -0.153942 -0.042823
v 0.159121 -0.136094 -0.093104
v 0.159121 -0.136094 -0.013501
v 0.131889 -0.126524 -0.021923
v 0.131419 -0.126358 -0.021680
v 0.134079 -0.127293 -0.022882
v 0.084871 -0.110000 -0.000526
v 0.084871 -0.110000 0.029367
v 0.134072 -0.127291 -0.025403
v 0.134050 -0.127283 -0.025153
v 0.134014 -0.127270 -0.024905
v 0.133964 -0.127253 -0.024660
v 0.133899 -0.127230 -0.024420
v 0.133820 -0.127202 -0.024185
v 0.133728 -0.127170 -0.023954
v 0.133622 -0.127133 -0.023730
v 0.133503 -0.127091 -0.023512
v 0.133371 -0.127044 -0.023301
v 0.133226 -0.126993 -0.023097
v 0.133068 -0.126938 -0.022902
v 0.132899 -0.126879 -0.022715
v 0.132718 -0.126815 -0.022537
v 0.132526 -0.126748 -0.022368
v 0.132324 -0.126677 -0.022209
v 0.084871 -0.110000 -0.202449
v 0.084871 -0.110000 -0.220869
v 0.159121 -0.136094 -0.220869
v 0.134079 -0.127293 -0.093104
v 0.134079 -0.127293 -0.025656
v 0.134079 -0.127293 -0.175229
v 0.134071 -0.127290 -0.175500
v 0.131597 -0.126421 -0.179121
v 0.133873 -0.127221 -0.176548
v 0.133947 -0.127247 -0.176293
v 0.134005 -0.127267 -0.176032
v 0.134046 -0.127282 -0.175768
v 0.133557 -0.127110 -0.177279
v 0.133678 -0.127152 -0.177042
v 0.133783 -0.127189 -0.176798
v 0.133106 -0.126951 -0.177940
v 0.133271 -0.127009 -0.177728
v 0.133421 -0.127062 -0.177508
v 0.132531 -0.126749 -0.178514
v 0.132735 -0.126821 -0.178333
v 0.132927 -0.126889 -0.178141
v 0.131847 -0.126509 -0.178988
v 0.132086 -0.126593 -0.178842
v 0.132314 -0.126673 -0.178684
v 0.159121 -0.136094 -0.273385
v 0.084871 -0.110000 -0.273385
v 0.091582 -0.112358 -0.280381
v 0.084871 -0.110000 -0.276449
v 0.093111 -0.112896 -0.281277
v 0.159121 -0.136094 -0.281277
v 0.107540 -0.117967 -0.289730
v 0.120957 -0.122682 -0.297590
v 0.155024 -0.134654 -0.317548
v 0.141623 -0.129945 -0.309697
v 0.155916 -0.134967 -0.318070
v 0.219732 -0.157395 -0.355456
v 0.214210 -0.155454 -0.352221
v 0.210461 -0.154136 -0.350024
v 0.210134 -0.154021 -0.349833
v 0.224301 -0.159000 -0.321740
v 0.224301 -0.159000 -0.358132
v 0.161491 -0.136927 -0.266623
v 0.161491 -0.136927 -0.273385
v 0.161491 -0.136927 -0.291414
v 0.208425 -0.153421 -0.281277
v 0.208425 -0.153421 -0.277938
v 0.161491 -0.136927 -0.260039
v 0.084871 -0.110000 -0.242076
v 0.084871 -0.110000 -0.235388
v 0.161491 -0.136927 -0.231776
v 0.161491 -0.136927 -0.222162
v 0.208425 -0.153421 -0.222162
v 0.209907 -0.153942 -0.220869
v 0.208425 -0.153421 -0.232967
v 0.219732 -0.157395 -0.251602
v 0.219732 -0.157395 -0.281277
v 0.219732 -0.157395 -0.273385
v 0.219732 -0.157395 -0.220869
v 0.219732 -0.157395 -0.242076
v 0.219732 -0.157395 -0.235388
v 0.224301 -0.159000 -0.093104
v 0.224301 -0.159000 -0.220869
v 0.224301 -0.159000 -0.235388
v 0.224301 -0.159000 -0.242076
v 0.224301 -0.159000 -0.251602
v 0.224301 -0.159000 -0.263507
v 0.224301 -0.159000 -0.273385
v 0.224301 -0.159000 -0.281277
v 0.224301 -0.159000 -0.293078
v 0.224301 -0.159000 -0.297590
v -0.018898 -0.136285 -0.401539
v -0.007362 -0.136285 -0.408199
v -0.008147 -0.136833 -0.409558
v -0.099048 -0.134967 -0.350903
v -0.098498 -0.134967 -0.351220
v -0.100387 -0.136285 -0.354491
v -0.021041 -0.110000 -0.313302
v -0.011838 -0.110000 -0.318615
v -0.047172 -0.134654 -0.379816
v -0.114689 -0.137043 -0.348741
v -0.119719 -0.137043 -0.345838
v -0.119417 -0.136833 -0.345316
v -0.139563 -0.136285 -0.331872
v -0.131456 -0.134654 -0.331154
v -0.080961 -0.110000 -0.278707
v -0.161267 -0.155454 -0.382787
v -0.003002 -0.155454 -0.474162
v -0.070895 -0.134967 -0.367157
v -0.137225 -0.134654 -0.327823
v -0.137675 -0.134967 -0.328602
v 0.000000 -0.131148 -0.395447
v 0.000000 -0.123100 -0.368807
v 0.000000 -0.134654 -0.407050
v -0.005024 -0.134654 -0.404150
v 0.000000 -0.136285 -0.412449
v 0.000000 -0.134967 -0.408088
v -0.017009 -0.134967 -0.398268
v -0.016560 -0.134654 -0.397490
v -0.033209 -0.136285 -0.393276
v -0.038581 -0.134967 -0.385813
v -0.040470 -0.136285 -0.389084
v -0.031320 -0.134967 -0.390005
v -0.033993 -0.136833 -0.394635
v -0.041254 -0.136833 -0.390443
v -0.056824 -0.134967 -0.375281
v -0.056375 -0.134654 -0.374502
v -0.070445 -0.134654 -0.366379
v -0.072783 -0.136285 -0.370428
v -0.058713 -0.136285 -0.378551
v -0.084133 -0.154021 -0.422580
v -0.074496 -0.153719 -0.427141
v -0.083698 -0.153719 -0.421828
v -0.074930 -0.154021 -0.427893
v -0.076983 -0.155454 -0.431449
v -0.084297 -0.154136 -0.422865
v -0.075094 -0.154136 -0.428178
v -0.086185 -0.155454 -0.426136
v -0.046370 -0.155454 -0.449123
v -0.050216 -0.154136 -0.442542
v -0.044482 -0.154136 -0.445852
v -0.052104 -0.155454 -0.445813
v -0.051453 -0.159000 -0.457926
v -0.057187 -0.159000 -0.454616
v -0.001114 -0.154136 -0.470891
v -0.013798 -0.154136 -0.463567
v -0.015687 -0.155454 -0.466838
v -0.020769 -0.159000 -0.475641
v -0.008085 -0.159000 -0.482965
v -0.091855 -0.136285 -0.359417
v -0.089967 -0.134967 -0.356146
v -0.101171 -0.136833 -0.355850
v -0.092640 -0.136833 -0.360776
v -0.118633 -0.136285 -0.343957
v -0.116744 -0.134967 -0.340686
v -0.123985 -0.134967 -0.336505
v -0.125874 -0.136285 -0.339776
v -0.126658 -0.136833 -0.341135
v -0.165148 -0.154136 -0.376186
v -0.159378 -0.154136 -0.379517
v -0.167036 -0.155454 -0.379457
v -0.172118 -0.159000 -0.388260
v -0.166349 -0.159000 -0.391591
v -0.146105 -0.155454 -0.391541
v -0.128409 -0.155454 -0.401758
v -0.144217 -0.154136 -0.388270
v -0.126521 -0.154136 -0.398487
v -0.126357 -0.154021 -0.398202
v -0.144053 -0.154021 -0.387985
v -0.187829 -0.155454 -0.367452
v -0.185941 -0.154136 -0.364181
v -0.185776 -0.154021 -0.363896
v -0.041556 -0.137043 -0.390965
v -0.046313 -0.137043 -0.388218
v -0.074133 -0.153466 -0.426513
v -0.067738 -0.153466 -0.430205
v -0.077410 -0.153466 -0.424621
v -0.059404 -0.137043 -0.380660
v -0.059497 -0.136833 -0.379910
v -0.052046 -0.137043 -0.384909
v -0.050295 -0.136833 -0.385224
v -0.065456 -0.153719 -0.432361
v -0.150552 -0.137043 -0.328036
v -0.166591 -0.140635 -0.330666
v -0.156326 -0.136927 -0.324318
v -0.161276 -0.136927 -0.321460
v -0.161141 -0.136833 -0.321226
v -0.140348 -0.136833 -0.333231
v -0.141548 -0.137043 -0.333234
v -0.193925 -0.153466 -0.357351
v -0.184979 -0.153466 -0.362516
v -0.185342 -0.153719 -0.363144
v -0.183020 -0.153466 -0.363647
v -0.174634 -0.153466 -0.368489
v -0.135463 -0.137043 -0.336747
v -0.202142 -0.153480 -0.352654
v -0.192912 -0.159000 -0.376255
v -0.000000 -0.159000 -0.487632
v 0.000000 -0.155454 -0.475895
v 0.000000 -0.154136 -0.471534
v 0.000000 -0.153719 -0.470152
v -0.000515 -0.153719 -0.469854
v 0.000000 -0.153359 -0.468962
v -0.013200 -0.153719 -0.462531
v 0.000000 -0.144509 -0.439668
v 0.000000 -0.136833 -0.414261
v 0.000000 -0.137602 -0.416809
v -0.012537 -0.146350 -0.438523
v -0.013973 -0.153466 -0.461247
v -0.022736 -0.153466 -0.456188
v -0.023098 -0.153719 -0.456816
v -0.025202 -0.153466 -0.454763
v 0.000000 -0.119099 -0.355565
v -0.022294 -0.134654 -0.394179
v -0.123536 -0.134654 -0.335727
v -0.010659 -0.137043 -0.408803
v -0.019142 -0.137043 -0.403906
v -0.019682 -0.136833 -0.402898
v -0.043362 -0.153466 -0.444279
v -0.032472 -0.153466 -0.450566
v -0.032348 -0.153719 -0.451476
v -0.164719 -0.153466 -0.374214
v -0.164549 -0.153719 -0.375149
v -0.147474 -0.145830 -0.358898
v -0.158780 -0.153719 -0.378480
v -0.134579 -0.136833 -0.336562
v -0.134880 -0.137043 -0.337084
v -0.043883 -0.153719 -0.444816
v -0.049617 -0.153719 -0.441505
v -0.038841 -0.146199 -0.422839
v -0.025717 -0.137043 -0.400109
v -0.033143 -0.137043 -0.395822
v -0.039321 -0.137043 -0.392256
v -0.125373 -0.153719 -0.397768
v -0.125923 -0.153719 -0.397450
v -0.150859 -0.153719 -0.383053
v -0.148263 -0.153466 -0.383714
v -0.143618 -0.153719 -0.387233
v -0.101654 -0.137043 -0.356267
v -0.102023 -0.137043 -0.356054
v -0.101721 -0.136833 -0.355532
v -0.108780 -0.137043 -0.352153
v -0.121627 -0.137043 -0.344736
v -0.127628 -0.137043 -0.341271
v -0.157011 -0.153466 -0.378664
v -0.150497 -0.153466 -0.382425
v -0.115125 -0.153466 -0.402847
v -0.089261 -0.137043 -0.363423
v -0.086952 -0.136833 -0.364060
v -0.092941 -0.137043 -0.361298
v -0.095849 -0.137043 -0.359619
v -0.124828 -0.153466 -0.397245
v -0.116841 -0.153719 -0.402693
v -0.035111 -0.110000 -0.305178
v -0.048495 -0.110000 -0.297451
v -0.083829 -0.134654 -0.358652
v -0.054183 -0.110000 -0.294167
v -0.089518 -0.134654 -0.355368
v -0.062715 -0.110000 -0.289241
v -0.098049 -0.134654 -0.350442
v -0.063265 -0.110000 -0.288924
v -0.098599 -0.134654 -0.350124
v -0.116295 -0.134654 -0.339908
v -0.131906 -0.134967 -0.331932
v -0.084279 -0.134967 -0.359430
v -0.038132 -0.134654 -0.385035
v 0.000000 -0.113114 -0.335757
v -0.030871 -0.134654 -0.389227
v -0.022743 -0.134967 -0.394958
v -0.133794 -0.136285 -0.335203
v -0.100937 -0.136285 -0.354173
v -0.086167 -0.136285 -0.362701
v -0.047622 -0.134967 -0.380594
v -0.049510 -0.136285 -0.383865
v -0.140147 -0.153466 -0.388400
v -0.130927 -0.153466 -0.393723
v -0.073568 -0.136833 -0.371787
v -0.050682 -0.153466 -0.440053
v -0.057832 -0.153466 -0.435925
v -0.058195 -0.153719 -0.436553
v -0.060627 -0.153466 -0.434311
v -0.002798 -0.110000 -0.323834
v -0.025625 -0.137043 -0.400163
v -0.025416 -0.136833 -0.399587
v -0.024631 -0.136285 -0.398228
v -0.000000 -0.110000 -0.325449
v -0.083972 -0.137043 -0.366476
v -0.108783 -0.153466 -0.406508
v -0.111153 -0.153719 -0.405977
v -0.099723 -0.153466 -0.411739
v -0.097769 -0.153719 -0.413705
v -0.076899 -0.137043 -0.370560
v -0.116478 -0.153466 -0.402065
v -0.064414 -0.137043 -0.377768
v -0.083730 -0.153466 -0.420972
v -0.092931 -0.153466 -0.415661
v -0.071552 -0.137043 -0.373647
v -0.098203 -0.154021 -0.414457
v -0.111587 -0.154021 -0.406729
v -0.117275 -0.154021 -0.403445
v -0.125807 -0.154021 -0.398520
v -0.151293 -0.154021 -0.383805
v -0.159214 -0.154021 -0.379232
v -0.164983 -0.154021 -0.375901
v 0.000000 -0.154021 -0.471154
v -0.000949 -0.154021 -0.470606
v -0.013634 -0.154021 -0.463282
v -0.023532 -0.154021 -0.457568
v -0.032782 -0.154021 -0.452227
v -0.044317 -0.154021 -0.445567
v -0.050051 -0.154021 -0.442257
v -0.058629 -0.154021 -0.437305
v -0.065890 -0.154021 -0.433113
v -0.151458 -0.154136 -0.384090
v -0.098367 -0.154136 -0.414741
v -0.111751 -0.154136 -0.407014
v -0.117440 -0.154136 -0.403730
v -0.125971 -0.154136 -0.398804
v -0.023697 -0.154136 -0.457853
v -0.032946 -0.154136 -0.452512
v -0.058793 -0.154136 -0.437590
v -0.066054 -0.154136 -0.433397
v -0.153346 -0.155454 -0.387360
v -0.100256 -0.155454 -0.418012
v -0.113640 -0.155454 -0.410285
v -0.119328 -0.155454 -0.407001
v -0.127859 -0.155454 -0.402075
v -0.060681 -0.155454 -0.440860
v -0.067943 -0.155454 -0.436668
v -0.025585 -0.155454 -0.461123
v -0.034835 -0.155454 -0.455783
v -0.065764 -0.159000 -0.449664
v -0.073025 -0.159000 -0.445471
v -0.082065 -0.159000 -0.440252
v -0.091268 -0.159000 -0.434939
v -0.105338 -0.159000 -0.426815
v -0.118722 -0.159000 -0.419088
v -0.124411 -0.159000 -0.415804
v -0.132942 -0.159000 -0.410878
v -0.133492 -0.159000 -0.410561
v -0.151188 -0.159000 -0.400344
v -0.158429 -0.159000 -0.396164
v -0.030668 -0.159000 -0.469926
v -0.039917 -0.159000 -0.464586
v 0.131456 -0.134654 -0.331154
v 0.137225 -0.134654 -0.327823
v 0.137675 -0.134967 -0.328602
v 0.216117 -0.159000 -0.362857
v 0.125971 -0.154136 -0.398804
v 0.052104 -0.155454 -0.445813
v 0.040470 -0.136285 -0.389084
v 0.148373 -0.134654 -0.321387
v 0.139563 -0.136285 -0.331872
v 0.150710 -0.136285 -0.325436
v 0.016560 -0.134654 -0.397490
v 0.017009 -0.134967 -0.398268
v 0.018898 -0.136285 -0.401539
v 0.038581 -0.134967 -0.385813
v 0.033209 -0.136285 -0.393276
v 0.031320 -0.134967 -0.390005
v 0.033993 -0.136833 -0.394635
v 0.041254 -0.136833 -0.390443
v 0.064718 -0.134654 -0.369685
v 0.056375 -0.134654 -0.374502
v 0.067056 -0.136285 -0.373734
v 0.058713 -0.136285 -0.378551
v 0.065168 -0.134967 -0.370464
v 0.056824 -0.134967 -0.375281
v 0.083207 -0.154021 -0.423114
v 0.066054 -0.154136 -0.433397
v 0.067943 -0.155454 -0.436668
v 0.083372 -0.154136 -0.423399
v 0.085260 -0.155454 -0.426670
v 0.065890 -0.154021 -0.433113
v 0.082773 -0.153719 -0.422363
v 0.065456 -0.153719 -0.432361
v 0.050216 -0.154136 -0.442542
v 0.046370 -0.155454 -0.449123
v 0.044482 -0.154136 -0.445852
v 0.051453 -0.159000 -0.457926
v 0.057187 -0.159000 -0.454616
v 0.023697 -0.154136 -0.457853
v 0.025585 -0.155454 -0.461123
v 0.030668 -0.159000 -0.469926
v 0.098498 -0.134967 -0.351220
v 0.086167 -0.136285 -0.362701
v 0.100387 -0.136285 -0.354491
v 0.084279 -0.134967 -0.359430
v 0.086952 -0.136833 -0.364060
v 0.101171 -0.136833 -0.355850
v 0.118633 -0.136285 -0.343957
v 0.123985 -0.134967 -0.336505
v 0.116744 -0.134967 -0.340686
v 0.125874 -0.136285 -0.339776
v 0.126658 -0.136833 -0.341135
v 0.119417 -0.136833 -0.345316
v 0.165148 -0.154136 -0.376186
v 0.159378 -0.154136 -0.379517
v 0.161267 -0.155454 -0.382787
v 0.167036 -0.155454 -0.379457
v 0.166349 -0.159000 -0.391591
v 0.172118 -0.159000 -0.388260
v 0.127859 -0.155454 -0.402075
v 0.136659 -0.155454 -0.396995
v 0.134771 -0.154136 -0.393724
v 0.134606 -0.154021 -0.393439
v 0.125807 -0.154021 -0.398520
v 0.196192 -0.154136 -0.358262
v 0.209146 -0.154136 -0.350783
v 0.211035 -0.155454 -0.354054
v 0.198081 -0.155454 -0.361533
v 0.208982 -0.154021 -0.350498
v 0.196028 -0.154021 -0.357977
v 0.150552 -0.137043 -0.328036
v 0.141548 -0.137043 -0.333234
v 0.140348 -0.136833 -0.333231
v 0.164719 -0.153466 -0.374214
v 0.174634 -0.153466 -0.368489
v 0.175696 -0.153719 -0.368713
v 0.164549 -0.153719 -0.375149
v 0.158780 -0.153719 -0.378480
v 0.147474 -0.145830 -0.358898
v 0.134880 -0.137043 -0.337084
v 0.127628 -0.137043 -0.341271
v 0.193925 -0.153466 -0.357351
v 0.195594 -0.153719 -0.357225
v 0.184979 -0.153466 -0.362516
v 0.185342 -0.153719 -0.363144
v 0.183020 -0.153466 -0.363647
v 0.151495 -0.136833 -0.326795
v 0.161141 -0.136833 -0.321226
v 0.156326 -0.136927 -0.324318
v 0.161276 -0.136927 -0.321460
v 0.119719 -0.137043 -0.345838
v 0.114689 -0.137043 -0.348741
v 0.140147 -0.153466 -0.388400
v 0.108780 -0.137043 -0.352153
v 0.109971 -0.136833 -0.350770
v 0.143618 -0.153719 -0.387233
v 0.134172 -0.153719 -0.392687
v 0.133809 -0.153466 -0.392059
v 0.130927 -0.153466 -0.393723
v 0.125373 -0.153719 -0.397768
v 0.101654 -0.137043 -0.356267
v 0.121627 -0.137043 -0.344736
v 0.019682 -0.136833 -0.402898
v 0.019142 -0.137043 -0.403906
v 0.010659 -0.137043 -0.408803
v 0.013973 -0.153466 -0.461247
v 0.038841 -0.146199 -0.422839
v 0.033143 -0.137043 -0.395822
v 0.058195 -0.153719 -0.436553
v 0.049617 -0.153719 -0.441505
v 0.050682 -0.153466 -0.440053
v 0.039321 -0.137043 -0.392256
v 0.058572 -0.136833 -0.380445
v 0.046313 -0.137043 -0.388218
v 0.041556 -0.137043 -0.390965
v 0.059404 -0.137043 -0.380660
v 0.058873 -0.137043 -0.380967
v 0.052046 -0.137043 -0.384909
v 0.060627 -0.153466 -0.434311
v 0.057832 -0.153466 -0.435925
v 0.025416 -0.136833 -0.399587
v 0.025717 -0.137043 -0.400109
v 0.025625 -0.137043 -0.400163
v 0.032472 -0.153466 -0.450566
v 0.043362 -0.153466 -0.444279
v 0.043883 -0.153719 -0.444816
v 0.067841 -0.136833 -0.375093
v 0.073568 -0.136833 -0.371787
v 0.071552 -0.137043 -0.373647
v 0.092042 -0.153719 -0.417011
v 0.091679 -0.153466 -0.416383
v 0.092931 -0.153466 -0.415661
v 0.097769 -0.153719 -0.413705
v 0.083730 -0.153466 -0.420972
v 0.083698 -0.153719 -0.421828
v 0.064414 -0.137043 -0.377768
v 0.068142 -0.137043 -0.375616
v 0.059497 -0.136833 -0.379910
v 0.077410 -0.153466 -0.424621
v 0.067738 -0.153466 -0.430205
v 0.023098 -0.153719 -0.456816
v 0.023532 -0.154021 -0.457568
v 0.208205 -0.153480 -0.349153
v 0.208548 -0.153719 -0.349747
v 0.202142 -0.153480 -0.352654
v 0.166591 -0.140635 -0.330666
v 0.080961 -0.110000 -0.278707
v 0.062715 -0.110000 -0.289241
v 0.098049 -0.134654 -0.350442
v 0.048495 -0.110000 -0.297451
v 0.083829 -0.134654 -0.358652
v 0.035111 -0.110000 -0.305178
v 0.070445 -0.134654 -0.366379
v 0.029384 -0.110000 -0.308484
v 0.021041 -0.110000 -0.313302
v 0.020115 -0.110000 -0.313836
v 0.055449 -0.134654 -0.375037
v 0.002798 -0.110000 -0.323834
v 0.038132 -0.134654 -0.385035
v 0.030871 -0.134654 -0.389227
v 0.055899 -0.134967 -0.375815
v 0.070895 -0.134967 -0.367157
v 0.116295 -0.134654 -0.339908
v 0.123536 -0.134654 -0.335727
v 0.131906 -0.134967 -0.331932
v 0.057787 -0.136285 -0.379086
v 0.072783 -0.136285 -0.370428
v 0.022736 -0.153466 -0.456188
v 0.025202 -0.153466 -0.454763
v 0.024631 -0.136285 -0.398228
v 0.022743 -0.134967 -0.394958
v 0.022294 -0.134654 -0.394179
v 0.109186 -0.136285 -0.349411
v 0.107298 -0.134967 -0.346140
v 0.106849 -0.134654 -0.345361
v 0.071514 -0.110000 -0.284161
v 0.157011 -0.153466 -0.378664
v 0.150497 -0.153466 -0.382425
v 0.150859 -0.153719 -0.383053
v 0.148263 -0.153466 -0.383714
v 0.135463 -0.137043 -0.336747
v 0.134579 -0.136833 -0.336562
v 0.133794 -0.136285 -0.335203
v 0.076899 -0.137043 -0.370560
v 0.083972 -0.137043 -0.366476
v 0.108783 -0.153466 -0.406508
v 0.111153 -0.153719 -0.405977
v 0.099723 -0.153466 -0.411739
v 0.115125 -0.153466 -0.402847
v 0.089261 -0.137043 -0.363423
v 0.095849 -0.137043 -0.359619
v 0.124828 -0.153466 -0.397245
v 0.058629 -0.154021 -0.437305
v 0.050051 -0.154021 -0.442257
v 0.044317 -0.154021 -0.445567
v 0.185776 -0.154021 -0.363896
v 0.176130 -0.154021 -0.369465
v 0.164983 -0.154021 -0.375901
v 0.159214 -0.154021 -0.379232
v 0.151293 -0.154021 -0.383805
v 0.144053 -0.154021 -0.387985
v 0.111587 -0.154021 -0.406729
v 0.098203 -0.154021 -0.414457
v 0.092476 -0.154021 -0.417763
v 0.084133 -0.154021 -0.422580
v 0.058793 -0.154136 -0.437590
v 0.111751 -0.154136 -0.407014
v 0.098367 -0.154136 -0.414741
v 0.092640 -0.154136 -0.418048
v 0.084297 -0.154136 -0.422865
v 0.185941 -0.154136 -0.364181
v 0.176295 -0.154136 -0.369750
v 0.151458 -0.154136 -0.384090
v 0.144217 -0.154136 -0.388270
v 0.060681 -0.155454 -0.440860
v 0.113640 -0.155454 -0.410285
v 0.100256 -0.155454 -0.418012
v 0.094529 -0.155454 -0.421319
v 0.086185 -0.155454 -0.426136
v 0.153346 -0.155454 -0.387360
v 0.146105 -0.155454 -0.391541
v 0.187829 -0.155454 -0.367452
v 0.178183 -0.155454 -0.373021
v 0.158429 -0.159000 -0.396164
v 0.151188 -0.159000 -0.400344
v 0.141742 -0.159000 -0.405798
v 0.132942 -0.159000 -0.410878
v 0.118722 -0.159000 -0.419088
v 0.105338 -0.159000 -0.426815
v 0.099611 -0.159000 -0.430122
v 0.091268 -0.159000 -0.434939
v 0.090343 -0.159000 -0.435473
v 0.073025 -0.159000 -0.445471
v 0.065764 -0.159000 -0.449664
v 0.203163 -0.159000 -0.370336
v 0.192912 -0.159000 -0.376255
v 0.183266 -0.159000 -0.381824
v -0.162289 -0.199000 -0.348445
v -0.159251 -0.199000 -0.348445
v -0.159251 -0.199000 -0.346216
v -0.151785 -0.199000 -0.340742
v 0.208425 -0.199000 -0.277938
v 0.201175 -0.199000 -0.275549
v 0.198514 -0.199000 -0.275549
v -0.159251 -0.199000 -0.013576
v -0.159251 -0.199000 -0.071897
v -0.140848 -0.199000 -0.071897
v 0.095849 -0.199000 -0.359619
v 0.097293 -0.199000 -0.361493
v 0.097293 -0.199000 -0.348445
v 0.052046 -0.199000 -0.384909
v 0.059404 -0.199000 -0.380660
v 0.062521 -0.199000 -0.370061
v 0.111736 -0.199000 -0.369167
v 0.111736 -0.199000 -0.370061
v 0.112435 -0.199000 -0.370061
v 0.135463 -0.199000 -0.336747
v 0.140392 -0.199000 -0.340742
v 0.140848 -0.199000 -0.340742
v -0.083730 -0.199000 -0.420972
v -0.077410 -0.199000 -0.424621
v -0.064414 -0.199000 -0.377768
v -0.059404 -0.199000 -0.380660
v -0.047704 -0.199000 -0.370061
v -0.062521 -0.199000 -0.370061
v -0.046313 -0.199000 -0.388218
v -0.052046 -0.199000 -0.384909
v -0.060627 -0.199000 -0.434311
v -0.067738 -0.199000 -0.430205
v -0.070656 -0.199000 -0.370061
v -0.071552 -0.199000 -0.373647
v -0.050682 -0.199000 -0.440053
v -0.062521 -0.199000 -0.451536
v -0.070656 -0.199000 -0.446839
v -0.083335 -0.199000 -0.439519
v -0.159251 -0.199000 -0.259416
v -0.161491 -0.199000 -0.259416
v -0.161491 -0.199000 -0.260039
v -0.161491 -0.199000 -0.266623
v -0.208425 -0.199000 -0.269657
v -0.208425 -0.199000 -0.277938
v -0.161491 -0.199000 -0.281440
v -0.159251 -0.199000 -0.275549
v -0.161491 -0.199000 -0.275089
v -0.208425 -0.199000 -0.297409
v -0.224301 -0.199000 -0.275549
v -0.224301 -0.199000 -0.293464
v -0.208425 -0.199000 -0.288951
v -0.208425 -0.199000 -0.250995
v -0.208425 -0.199000 -0.240449
v -0.224301 -0.199000 -0.235388
v -0.159251 -0.199000 -0.235388
v -0.161491 -0.199000 -0.237808
v -0.161491 -0.199000 -0.245254
v -0.224301 -0.199000 -0.259416
v -0.208425 -0.199000 -0.259416
v -0.208425 -0.199000 -0.258983
v -0.161491 -0.199000 -0.252209
v -0.208425 -0.199000 -0.309487
v -0.224301 -0.199000 -0.312539
v -0.161491 -0.199000 -0.321336
v -0.156326 -0.199000 -0.324318
v -0.161491 -0.199000 -0.315591
v -0.159251 -0.199000 -0.312539
v -0.161491 -0.199000 -0.307599
v -0.208425 -0.199000 -0.331600
v -0.208592 -0.199000 -0.340954
v -0.159251 -0.199000 -0.333915
v -0.150552 -0.199000 -0.328036
v -0.141548 -0.199000 -0.333234
v -0.159251 -0.199000 -0.293464
v -0.161491 -0.199000 -0.291414
v -0.161491 -0.199000 -0.297976
v -0.208425 -0.199000 -0.318129
v -0.224301 -0.199000 -0.340742
v -0.224301 -0.199000 -0.348445
v -0.208592 -0.199000 -0.348445
v -0.183020 -0.199000 -0.363647
v -0.193925 -0.199000 -0.357351
v -0.224301 -0.199000 -0.358132
v -0.208592 -0.199000 -0.348930
v -0.202142 -0.199000 -0.352654
v -0.195336 -0.199000 -0.348445
v -0.159251 -0.199000 -0.326127
v -0.182881 -0.199000 -0.340742
v -0.169351 -0.199000 -0.340742
v -0.180747 -0.199000 -0.348445
v 0.148040 -0.199000 -0.370061
v 0.154414 -0.199000 -0.365062
v 0.142825 -0.199000 -0.365062
v 0.140848 -0.199000 -0.353013
v 0.140848 -0.199000 -0.363166
v 0.135704 -0.199000 -0.348445
v 0.126228 -0.199000 -0.349148
v 0.126228 -0.199000 -0.348445
v 0.125495 -0.199000 -0.348445
v 0.121627 -0.199000 -0.344736
v 0.157011 -0.199000 -0.378664
v 0.164719 -0.199000 -0.374214
v 0.160044 -0.199000 -0.370061
v 0.174634 -0.199000 -0.368489
v 0.201175 -0.199000 -0.371484
v 0.140848 -0.199000 -0.406314
v 0.148263 -0.199000 -0.383714
v 0.140848 -0.199000 -0.375989
v 0.193925 -0.199000 -0.357351
v 0.183020 -0.199000 -0.363647
v 0.201175 -0.199000 -0.365062
v 0.140848 -0.199000 -0.341111
v 0.149898 -0.199000 -0.348445
v 0.170404 -0.199000 -0.365062
v 0.201175 -0.199000 -0.370061
v 0.141548 -0.199000 -0.333234
v 0.140848 -0.199000 -0.312539
v 0.126228 -0.199000 -0.312539
v 0.127628 -0.199000 -0.341271
v 0.202142 -0.199000 -0.352654
v 0.201175 -0.199000 -0.352056
v 0.195336 -0.199000 -0.348445
v 0.182881 -0.199000 -0.340742
v 0.150552 -0.199000 -0.328036
v 0.156326 -0.199000 -0.324318
v 0.161491 -0.199000 -0.321336
v 0.161491 -0.199000 -0.315591
v 0.111736 -0.199000 -0.423122
v 0.126228 -0.199000 -0.414755
v 0.124828 -0.199000 -0.397245
v 0.126228 -0.199000 -0.387711
v 0.111736 -0.199000 -0.348445
v 0.101654 -0.199000 -0.356267
v 0.108528 -0.199000 -0.365062
v 0.100041 -0.199000 -0.365062
v 0.103892 -0.199000 -0.370061
v 0.111736 -0.199000 -0.380246
v 0.130927 -0.199000 -0.393723
v 0.140147 -0.199000 -0.388400
v 0.126228 -0.199000 -0.372316
v 0.126228 -0.199000 -0.370061
v 0.124277 -0.199000 -0.370061
v 0.126228 -0.199000 -0.365062
v 0.119950 -0.199000 -0.365062
v 0.108780 -0.199000 -0.352153
v 0.111736 -0.199000 -0.355570
v 0.114689 -0.199000 -0.348741
v 0.126228 -0.199000 -0.360761
v 0.126228 -0.199000 -0.340742
v 0.111736 -0.199000 -0.340742
v 0.135157 -0.199000 -0.370061
v 0.130357 -0.199000 -0.365062
v 0.140848 -0.199000 -0.293464
v 0.161491 -0.199000 -0.291414
v 0.161491 -0.199000 -0.281440
v 0.196829 -0.199000 -0.293464
v 0.208425 -0.199000 -0.288951
v 0.161491 -0.199000 -0.297976
v 0.161491 -0.199000 -0.307599
v 0.208425 -0.199000 -0.331600
v 0.201175 -0.199000 -0.312539
v 0.208425 -0.199000 -0.309487
v 0.216446 -0.199000 -0.312539
v 0.208425 -0.199000 -0.297409
v 0.216446 -0.199000 -0.293464
v 0.201175 -0.199000 -0.293464
v 0.019142 -0.199000 -0.403906
v 0.032472 -0.199000 -0.450566
v 0.025625 -0.199000 -0.400163
v 0.025202 -0.199000 -0.454763
v 0.013973 -0.199000 -0.461247
v -0.000000 -0.199000 -0.487632
v 0.010659 -0.199000 -0.408803
v -0.000000 -0.199000 -0.370061
v 0.046313 -0.199000 -0.388218
v 0.047704 -0.199000 -0.392696
v 0.047704 -0.199000 -0.370061
v 0.039321 -0.199000 -0.392256
v 0.043362 -0.199000 -0.444279
v 0.047704 -0.199000 -0.460091
v 0.060627 -0.199000 -0.434311
v 0.067738 -0.199000 -0.430205
v 0.033143 -0.199000 -0.395822
v 0.050682 -0.199000 -0.440053
v 0.062521 -0.199000 -0.451536
v 0.077410 -0.199000 -0.424621
v 0.083730 -0.199000 -0.420972
v 0.083335 -0.199000 -0.439519
v 0.092931 -0.199000 -0.415661
v 0.097293 -0.199000 -0.431461
v 0.064414 -0.199000 -0.377768
v 0.071552 -0.199000 -0.373647
v 0.076899 -0.199000 -0.370560
v 0.099723 -0.199000 -0.411739
v 0.108783 -0.199000 -0.406508
v 0.093616 -0.199000 -0.370061
v 0.083972 -0.199000 -0.366476
v 0.097293 -0.199000 -0.375665
v 0.111736 -0.199000 -0.397681
v 0.115125 -0.199000 -0.402847
v 0.083335 -0.199000 -0.365062
v 0.090336 -0.199000 -0.365062
v 0.089261 -0.199000 -0.363423
v -0.025202 -0.199000 -0.454763
v -0.025414 -0.199000 -0.472960
v -0.013973 -0.199000 -0.461247
v -0.010659 -0.199000 -0.408803
v -0.019142 -0.199000 -0.403906
v -0.025414 -0.199000 -0.370061
v -0.033143 -0.199000 -0.395822
v -0.025625 -0.199000 -0.400163
v -0.032473 -0.199000 -0.370061
v -0.039321 -0.199000 -0.392256
v -0.043362 -0.199000 -0.444279
v -0.047704 -0.199000 -0.460091
v -0.032472 -0.199000 -0.450566
v -0.032473 -0.199000 -0.468884
v -0.097293 -0.199000 -0.431461
v -0.092931 -0.199000 -0.415661
v -0.115125 -0.199000 -0.402847
v -0.124828 -0.199000 -0.397245
v -0.126228 -0.199000 -0.414755
v -0.108783 -0.199000 -0.406508
v -0.099723 -0.199000 -0.411739
v -0.076899 -0.199000 -0.370560
v -0.140147 -0.199000 -0.388400
v -0.140848 -0.199000 -0.406314
v -0.130927 -0.199000 -0.393723
v -0.126228 -0.199000 -0.387711
v -0.112435 -0.199000 -0.370061
v -0.103892 -0.199000 -0.370061
v -0.100041 -0.199000 -0.365062
v -0.154414 -0.199000 -0.365062
v -0.159251 -0.199000 -0.369357
v -0.159251 -0.199000 -0.370061
v -0.160044 -0.199000 -0.370061
v -0.159251 -0.199000 -0.395689
v -0.164719 -0.199000 -0.374214
v -0.203639 -0.199000 -0.370061
v -0.174634 -0.199000 -0.368489
v -0.170404 -0.199000 -0.365062
v -0.212299 -0.199000 -0.365062
v -0.140848 -0.199000 -0.002951
v -0.126228 -0.199000 -0.071897
v -0.126228 -0.199000 0.005490
v -0.097293 -0.199000 -0.071897
v -0.097293 -0.199000 0.022196
v -0.083335 -0.199000 -0.071897
v -0.083335 -0.199000 0.030254
v -0.070656 -0.199000 -0.071897
v -0.070656 -0.199000 0.037574
v -0.062521 -0.199000 -0.071897
v -0.062521 -0.199000 0.042271
v -0.047704 -0.199000 -0.071897
v -0.047704 -0.199000 0.050826
v -0.032473 -0.199000 -0.071897
v -0.032473 -0.199000 0.059619
v -0.025414 -0.199000 -0.071897
v -0.025414 -0.199000 0.063695
v -0.000000 -0.199000 -0.071897
v 0.000000 -0.199000 0.078368
v 0.047704 -0.199000 -0.071897
v 0.047704 -0.199000 0.050826
v 0.062521 -0.199000 -0.071897
v 0.062521 -0.199000 0.042271
v 0.083335 -0.199000 -0.071897
v 0.083335 -0.199000 0.030254
v 0.097293 -0.199000 -0.071897
v 0.097293 -0.199000 0.022196
v 0.111736 -0.199000 -0.071897
v 0.111736 -0.199000 0.013857
v 0.126228 -0.199000 -0.071897
v 0.126228 -0.199000 0.005490
v 0.140848 -0.199000 -0.071897
v 0.140848 -0.199000 -0.002951
v 0.201175 -0.199000 -0.071897
v 0.201175 -0.199000 -0.037781
v 0.216446 -0.199000 -0.071897
v 0.216446 -0.199000 -0.046598
v 0.212299 -0.199000 -0.365062
v 0.216446 -0.199000 -0.362667
v 0.208592 -0.199000 -0.348930
v 0.208592 -0.199000 -0.348445
v 0.203639 -0.199000 -0.370061
v 0.161491 -0.199000 -0.259416
v 0.161491 -0.199000 -0.252209
v 0.140848 -0.199000 -0.235388
v 0.208425 -0.199000 -0.240449
v 0.208425 -0.199000 -0.250995
v 0.216446 -0.199000 -0.259416
v 0.161491 -0.199000 -0.275089
v 0.161491 -0.199000 -0.266623
v 0.140848 -0.199000 -0.259416
v 0.161491 -0.199000 -0.260039
v 0.208425 -0.199000 -0.269657
v 0.216446 -0.199000 -0.235388
v 0.201175 -0.199000 -0.235388
v 0.161491 -0.199000 -0.237808
v 0.161491 -0.199000 -0.245254
v 0.208425 -0.199000 -0.258983
v 0.208425 -0.199000 -0.259416
v 0.216446 -0.199000 -0.275549
v 0.208425 -0.199000 -0.318129
v 0.216446 -0.199000 -0.340742
v 0.201175 -0.199000 -0.336960
v 0.208592 -0.199000 -0.340954
v 0.216446 -0.199000 -0.348445
v -0.126228 -0.199000 -0.372316
v -0.135157 -0.199000 -0.370061
v -0.140848 -0.199000 -0.375989
v -0.148263 -0.199000 -0.383714
v -0.157011 -0.199000 -0.378664
v -0.148040 -0.199000 -0.370061
v -0.135704 -0.199000 -0.348445
v -0.140848 -0.199000 -0.353013
v -0.140848 -0.199000 -0.363166
v -0.142825 -0.199000 -0.365062
v -0.126228 -0.199000 -0.348445
v -0.126228 -0.199000 -0.340742
v -0.127628 -0.199000 -0.341271
v -0.149898 -0.199000 -0.348445
v -0.140848 -0.199000 -0.341111
v -0.140848 -0.199000 -0.340742
v -0.140392 -0.199000 -0.340742
v -0.140848 -0.199000 -0.312539
v -0.135463 -0.199000 -0.336747
v -0.126228 -0.199000 -0.312539
v -0.159251 -0.199000 -0.356024
v -0.126228 -0.199000 -0.360761
v -0.119950 -0.199000 -0.365062
v -0.108780 -0.199000 -0.352153
v -0.101654 -0.199000 -0.356267
v -0.097293 -0.199000 -0.348445
v -0.114689 -0.199000 -0.348741
v -0.126228 -0.199000 -0.365062
v -0.126228 -0.199000 -0.370061
v -0.124277 -0.199000 -0.370061
v -0.126228 -0.199000 -0.349148
v -0.125495 -0.199000 -0.348445
v -0.121627 -0.199000 -0.344736
v -0.097293 -0.199000 -0.340742
v -0.130357 -0.199000 -0.365062
v -0.090336 -0.199000 -0.365062
v -0.083972 -0.199000 -0.366476
v -0.083335 -0.199000 -0.365062
v -0.070656 -0.199000 -0.365062
v -0.093616 -0.199000 -0.370061
v -0.097293 -0.199000 -0.375665
v -0.089261 -0.199000 -0.363423
v -0.083335 -0.199000 -0.348445
v -0.095849 -0.199000 -0.359619
v -0.097293 -0.199000 -0.361493
v -0.108528 -0.199000 -0.365062
v 0.062521 -0.199000 -0.365062
v 0.047704 -0.199000 -0.365062
v -0.000000 -0.199000 -0.365062
v -0.025414 -0.199000 -0.365062
v -0.032473 -0.199000 -0.365062
v -0.047704 -0.199000 -0.365062
v -0.062521 -0.199000 -0.365062
v 0.083335 -0.199000 -0.348445
v 0.062521 -0.199000 -0.348445
v 0.047704 -0.199000 -0.348445
v -0.000000 -0.199000 -0.348445
v -0.025414 -0.199000 -0.348445
v -0.032473 -0.199000 -0.348445
v -0.047704 -0.199000 -0.348445
v -0.062521 -0.199000 -0.348445
v -0.070656 -0.199000 -0.348445
v 0.097293 -0.199000 -0.340742
v 0.083335 -0.199000 -0.340742
v 0.062521 -0.199000 -0.340742
v 0.047704 -0.199000 -0.340742
v -0.000000 -0.199000 -0.340742
v -0.025414 -0.199000 -0.340742
v -0.032473 -0.199000 -0.340742
v -0.047704 -0.199000 -0.340742
v -0.062521 -0.199000 -0.340742
v -0.070656 -0.199000 -0.340742
v -0.083335 -0.199000 -0.340742
v 0.111736 -0.199000 -0.312539
v 0.097293 -0.199000 -0.312539
v 0.083335 -0.199000 -0.312539
v 0.062521 -0.199000 -0.312539
v 0.047704 -0.199000 -0.312539
v -0.000000 -0.199000 -0.312539
v -0.025414 -0.199000 -0.312539
v -0.032473 -0.199000 -0.312539
v -0.047704 -0.199000 -0.312539
v -0.062521 -0.199000 -0.312539
v -0.070656 -0.199000 -0.312539
v -0.083335 -0.199000 -0.312539
v -0.097293 -0.199000 -0.312539
v 0.195406 -0.199000 -0.312539
v 0.126228 -0.199000 -0.293464
v 0.111736 -0.199000 -0.293464
v 0.097293 -0.199000 -0.293464
v 0.083335 -0.199000 -0.293464
v 0.062521 -0.199000 -0.293464
v 0.047704 -0.199000 -0.293464
v -0.000000 -0.199000 -0.293464
v -0.025414 -0.199000 -0.293464
v -0.032473 -0.199000 -0.293464
v -0.047704 -0.199000 -0.293464
v -0.062521 -0.199000 -0.293464
v -0.070656 -0.199000 -0.293464
v -0.083335 -0.199000 -0.293464
v -0.097293 -0.199000 -0.293464
v -0.126228 -0.199000 -0.293464
v -0.140848 -0.199000 -0.293464
v 0.140848 -0.199000 -0.275549
v 0.126228 -0.199000 -0.275549
v 0.111736 -0.199000 -0.275549
v 0.097293 -0.199000 -0.275549
v 0.083335 -0.199000 -0.275549
v 0.062521 -0.199000 -0.275549
v 0.047704 -0.199000 -0.275549
v -0.000000 -0.199000 -0.275549
v -0.025414 -0.199000 -0.275549
v -0.032473 -0.199000 -0.275549
v -0.047704 -0.199000 -0.275549
v -0.062521 -0.199000 -0.275549
v -0.070656 -0.199000 -0.275549
v -0.083335 -0.199000 -0.275549
v -0.097293 -0.199000 -0.275549
v -0.126228 -0.199000 -0.275549
v -0.140848 -0.199000 -0.275549
v 0.126228 -0.199000 -0.259416
v 0.111736 -0.199000 -0.259416
v 0.097293 -0.199000 -0.259416
v 0.083335 -0.199000 -0.259416
v 0.062521 -0.199000 -0.259416
v 0.047704 -0.199000 -0.259416
v -0.000000 -0.199000 -0.259416
v -0.025414 -0.199000 -0.259416
v -0.032473 -0.199000 -0.259416
v -0.047704 -0.199000 -0.259416
v -0.062521 -0.199000 -0.259416
v -0.070656 -0.199000 -0.259416
v -0.083335 -0.199000 -0.259416
v -0.097293 -0.199000 -0.259416
v -0.126228 -0.199000 -0.259416
v -0.140848 -0.199000 -0.259416
v 0.126228 -0.199000 -0.235388
v 0.111736 -0.199000 -0.235388
v 0.097293 -0.199000 -0.235388
v 0.083335 -0.199000 -0.235388
v 0.062521 -0.199000 -0.235388
v 0.047704 -0.199000 -0.235388
v -0.000000 -0.199000 -0.235388
v -0.025414 -0.199000 -0.235388
v -0.032473 -0.199000 -0.235388
v -0.047704 -0.199000 -0.235388
v -0.062521 -0.199000 -0.235388
v -0.070656 -0.199000 -0.235388
v -0.083335 -0.199000 -0.235388
v -0.097293 -0.199000 -0.235388
v -0.126228 -0.199000 -0.235388
v -0.140848 -0.199000 -0.235388
v -0.208425 -0.199000 -0.222162
v -0.161491 -0.199000 -0.222162
v -0.224301 -0.199000 -0.051132
v -0.224301 -0.199000 -0.071897
v -0.208425 -0.199000 -0.232967
v -0.161491 -0.199000 -0.231776
v 0.161491 -0.199000 -0.222162
v 0.161491 -0.199000 -0.231776
v 0.208425 -0.199000 -0.232967
v 0.208425 -0.199000 -0.222162
v 0.201175 -0.199000 -0.222162
v 0.224301 -0.199000 -0.358132
v 0.224301 -0.199000 -0.348445
v 0.224301 -0.199000 -0.340742
v 0.224301 -0.199000 -0.312539
v 0.224301 -0.199000 -0.293464
v 0.224301 -0.199000 -0.275549
v 0.224301 -0.199000 -0.259416
v 0.224301 -0.199000 -0.235388
v 0.224301 -0.199000 -0.071897
v 0.224301 -0.199000 -0.051132
v 0.129079 -0.110000 -0.171955
v 0.129079 -0.110000 -0.028930
v 0.047000 -0.110000 -0.257314
v -0.129053 -0.110000 -0.028425
v -0.128975 -0.110000 -0.027927
v -0.114870 -0.110000 -0.035953
v 0.084871 -0.110000 -0.202449
v 0.084870 -0.110000 -0.184632
v 0.126849 -0.110000 -0.176013
v 0.114870 -0.110000 -0.167312
v -0.084870 -0.110000 -0.184632
v -0.084871 -0.110000 -0.202449
v -0.114870 -0.110000 -0.167312
v -0.126849 -0.110000 -0.176013
v -0.127073 -0.110000 -0.175863
v 0.127493 -0.110000 -0.175528
v 0.127288 -0.110000 -0.175701
v 0.127073 -0.110000 -0.175863
v 0.000000 -0.110000 -0.284449
v 0.114870 -0.110000 -0.035953
v 0.129053 -0.110000 -0.028425
v -0.047000 -0.110000 -0.257314
v -0.084935 -0.110000 -0.000670
v -0.084870 -0.110000 -0.018632
v -0.126689 -0.110000 -0.024776
v -0.127112 -0.110000 -0.025051
v -0.127502 -0.110000 -0.025366
v -0.129049 -0.110000 -0.172496
v -0.129071 -0.110000 -0.172227
v -0.129079 -0.110000 -0.171955
v -0.129079 -0.110000 -0.028930
v 0.129071 -0.110000 -0.172227
v 0.129049 -0.110000 -0.172496
v 0.129012 -0.110000 -0.172764
v 0.128669 -0.110000 -0.026973
v 0.128847 -0.110000 -0.027441
v 0.128975 -0.110000 -0.027927
v 0.126689 -0.110000 -0.024776
v 0.084935 -0.110000 -0.000670
v 0.084870 -0.110000 -0.018632
v 0.047000 -0.110000 0.032757
v 0.000000 -0.110000 0.078368
v 0.000000 -0.110000 0.059892
v -0.047000 -0.110000 0.032757
v -0.127288 -0.110000 -0.175701
v -0.127493 -0.110000 -0.175528
v -0.127688 -0.110000 -0.175343
v 0.128044 -0.110000 -0.174944
v 0.127872 -0.110000 -0.175149
v 0.127688 -0.110000 -0.175343
v -0.128894 -0.110000 -0.173288
v -0.128960 -0.110000 -0.173028
v -0.129012 -0.110000 -0.172764
v 0.128960 -0.110000 -0.173028
v 0.128894 -0.110000 -0.173288
v 0.128813 -0.110000 -0.173544
v 0.127112 -0.110000 -0.025051
v 0.127502 -0.110000 -0.025366
v 0.127856 -0.110000 -0.025720
v -0.128847 -0.110000 -0.027441
v -0.128669 -0.110000 -0.026973
v -0.128443 -0.110000 -0.026527
v -0.128610 -0.110000 -0.174040
v -0.128719 -0.110000 -0.173795
v -0.128813 -0.110000 -0.173544
v 0.128171 -0.110000 -0.026108
v 0.128443 -0.110000 -0.026527
v -0.128171 -0.110000 -0.026108
v -0.127856 -0.110000 -0.025720
v 0.128719 -0.110000 -0.173795
v 0.128610 -0.110000 -0.174040
v 0.128488 -0.110000 -0.174277
v -0.127872 -0.110000 -0.175149
v -0.128044 -0.110000 -0.174944
v -0.128205 -0.110000 -0.174730
v 0.128353 -0.110000 -0.174508
v 0.128205 -0.110000 -0.174730
v -0.128353 -0.110000 -0.174508
v -0.128488 -0.110000 -0.174277
v -0.114870 -0.159000 -0.035953
v -0.114870 -0.159000 -0.167312
v -0.084870 -0.159000 -0.018632
v -0.084870 -0.159000 -0.184632
v 0.114870 -0.159000 -0.167312
v 0.114870 -0.159000 -0.035953
v 0.084870 -0.159000 -0.018632
v 0.084870 -0.159000 -0.184632
v -0.084828 -0.110026 -0.000599
v 0.084828 -0.110026 -0.000599
v 0.000000 -0.167000 0.059892
v -0.047000 -0.167000 0.032757
v -0.047000 -0.167000 -0.257314
v 0.000000 -0.167000 -0.284449
v 0.047000 -0.167000 -0.257314
v 0.047000 -0.167000 0.032757
v -0.051000 -0.115000 0.018923
v 0.051000 -0.115000 0.018923
v 0.051000 -0.115000 -0.033077
v 0.051000 -0.115000 -0.085077
v -0.051000 -0.115000 -0.033077
v -0.051000 -0.115000 -0.085077
v -0.051000 -0.115000 -0.137077
v -0.051000 -0.115000 -0.189077
v -0.051000 -0.115000 -0.241077
v 0.051000 -0.115000 -0.241077
v 0.051000 -0.115000 -0.189077
v 0.051000 -0.115000 -0.137077
v -0.041000 -0.172000 -0.140077
v -0.041000 -0.172000 -0.183077
v -0.041000 -0.172000 -0.226077
v 0.041000 -0.172000 -0.226077
v 0.041000 -0.172000 -0.183077
v 0.041000 -0.172000 -0.140077
v -0.153206 -0.139315 -0.217576
v -0.211619 -0.159843 -0.340019
v -0.211619 -0.159843 -0.299204
v -0.211619 -0.159843 -0.258390
v 0.153206 -0.139315 -0.248344
v 0.153206 -0.139315 -0.279113
v 0.153206 -0.139315 -0.309881
v 0.211619 -0.159843 -0.217576
v 0.199292 -0.159475 -0.356615
v 0.128649 -0.159451 -0.397322
v 0.162696 -0.159557 -0.378017
v 0.121839 -0.140440 -0.338331
v 0.095983 -0.140684 -0.354067
v 0.011330 -0.159711 -0.465915
v 0.006158 -0.139872 -0.403238
v 0.147694 -0.140196 -0.322595
v 0.034535 -0.140494 -0.388914
v 0.060013 -0.140254 -0.373411
v 0.080994 -0.159351 -0.424506
v 0.047291 -0.159596 -0.444774
v 0.211619 -0.159843 -0.258390
v 0.211619 -0.159843 -0.299204
v 0.211619 -0.159843 -0.340019
v 0.153206 -0.139315 -0.217576
v -0.147694 -0.140196 -0.322595
v -0.006158 -0.139872 -0.403238
v -0.034535 -0.140494 -0.388914
v -0.060013 -0.140254 -0.373411
v -0.080994 -0.159351 -0.424506
v -0.047291 -0.159596 -0.444774
v -0.011330 -0.159711 -0.465915
v -0.095983 -0.140684 -0.354067
v -0.121839 -0.140440 -0.338331
v -0.162696 -0.159557 -0.378017
v -0.128649 -0.159451 -0.397322
v -0.199292 -0.159475 -0.356615
v -0.211619 -0.159843 -0.217576
v -0.153206 -0.139315 -0.309881
v -0.153206 -0.139315 -0.279113
v -0.153206 -0.139315 -0.248344
vn -0.0534 -0.2803 -0.9584
vn -0.1596 -0.2599 -0.9524
vn -0.1595 -0.2600 -0.9524
vn -0.2638 -0.2365 -0.9351
vn -0.2640 -0.2365 -0.9351
vn -0.3651 -0.2104 -0.9069
vn -0.3650 -0.2103 -0.9069
vn -0.4621 -0.1817 -0.8680
vn -0.4619 -0.1816 -0.8681
vn -0.5536 -0.1509 -0.8190
vn -0.5535 -0.1510 -0.8190
vn -0.6384 -0.1183 -0.7605
vn -0.6386 -0.1184 -0.7603
vn -0.7161 -0.0844 -0.6929
vn -0.7161 -0.0845 -0.6928
vn -0.7852 -0.0495 -0.6173
vn -0.7853 -0.0495 -0.6172
vn -0.8452 -0.0140 -0.5343
vn -0.8952 0.0216 -0.4452
vn -0.8952 0.0217 -0.4452
vn -0.9347 0.0571 -0.3507
vn -0.9347 0.0570 -0.3507
vn -0.9633 0.0918 -0.2524
vn -0.9633 0.0918 -0.2523
vn -0.9806 0.1255 -0.1508
vn -0.9863 0.1577 -0.0476
vn -0.9806 0.1880 0.0561
vn -0.9806 0.1880 0.0562
vn -0.9633 0.2162 0.1592
vn -0.9633 0.2161 0.1594
vn -0.9347 0.2418 0.2604
vn -0.9347 0.2418 0.2605
vn -0.8952 0.2645 0.3587
vn -0.8952 0.2646 0.3587
vn -0.8452 0.2841 0.4527
vn -0.8451 0.2842 0.4527
vn -0.7852 0.3006 0.5413
vn -0.7852 0.3005 0.5414
vn -0.7160 0.3133 0.6238
vn -0.7161 0.3134 0.6237
vn -0.6386 0.3225 0.6987
vn -0.6385 0.3225 0.6988
vn -0.5535 0.3279 0.7656
vn -0.5536 0.3278 0.7656
vn -0.4620 0.3294 0.8234
vn -0.3651 0.3270 0.8717
vn -0.3651 0.3271 0.8716
vn -0.2639 0.3209 0.9096
vn -0.2638 0.3208 0.9097
vn -0.1596 0.3110 0.9369
vn -0.1596 0.3109 0.9370
vn -0.0534 0.2973 0.9533
vn -0.0535 0.2974 0.9533
vn 0.0534 0.2802 0.9584
vn 0.0534 0.2803 0.9584
vn 0.1596 0.2599 0.9524
vn 0.2638 0.2365 0.9351
vn 0.2640 0.2365 0.9351
vn 0.3650 0.2103 0.9069
vn 0.3651 0.2103 0.9069
vn 0.4621 0.1817 0.8680
vn 0.4620 0.1817 0.8681
vn 0.5536 0.1509 0.8190
vn 0.6384 0.1184 0.7605
vn 0.6386 0.1184 0.7604
vn 0.7161 0.0845 0.6928
vn 0.7161 0.0844 0.6929
vn 0.7852 0.0495 0.6172
vn 0.7853 0.0495 0.6172
vn 0.8451 0.0140 0.5344
vn 0.8452 0.0140 0.5343
vn 0.8951 -0.0217 0.4452
vn 0.8952 -0.0217 0.4451
vn 0.9347 -0.0570 0.3508
vn 0.9347 -0.0571 0.3508
vn 0.9633 -0.0918 0.2521
vn 0.9632 -0.0918 0.2524
vn 0.9806 -0.1254 0.1508
vn 0.9805 -0.1255 0.1511
vn 0.9863 -0.1577 0.0476
vn 0.9805 -0.1880 -0.0563
vn 0.9806 -0.1880 -0.0561
vn 0.9633 -0.2162 -0.1592
vn 0.9633 -0.2161 -0.1593
vn 0.9347 -0.2417 -0.2605
vn 0.9347 -0.2418 -0.2605
vn 0.8952 -0.2645 -0.3587
vn 0.8952 -0.2646 -0.3587
vn 0.8452 -0.2842 -0.4527
vn 0.7852 -0.3006 -0.5414
vn 0.7853 -0.3005 -0.5413
vn 0.7161 -0.3134 -0.6237
vn 0.7160 -0.3133 -0.6238
vn 0.6385 -0.3224 -0.6988
vn 0.5535 -0.3279 -0.7656
vn 0.5536 -0.3278 -0.7656
vn 0.4620 -0.3293 -0.8235
vn 0.4620 -0.3294 -0.8234
vn 0.3651 -0.3270 -0.8716
vn 0.3651 -0.3270 -0.8717
vn 0.2639 -0.3209 -0.9096
vn 0.2638 -0.3209 -0.9096
vn 0.1596 -0.3109 -0.9370
vn 0.1596 -0.3109 -0.9369
vn 0.0534 -0.2974 -0.9533
vn 0.0534 -0.2973 -0.9533
vn -0.0534 -0.2802 -0.9584
vn -0.3651 -0.2103 -0.9069
vn -0.4620 -0.1818 -0.8681
vn -0.4620 -0.1817 -0.8681
vn -0.5536 -0.1508 -0.8190
vn -0.6385 -0.1183 -0.7605
vn -0.6386 -0.1184 -0.7604
vn -0.7161 -0.0845 -0.6929
vn -0.7160 -0.0845 -0.6930
vn -0.7852 -0.0495 -0.6172
vn -0.8451 -0.0140 -0.5344
vn -0.9347 0.0570 -0.3508
vn -0.9347 0.0571 -0.3508
vn -0.9633 0.2161 0.1593
vn -0.9633 0.2162 0.1593
vn -0.9347 0.2417 0.2605
vn -0.8452 0.2842 0.4527
vn -0.7852 0.3006 0.5414
vn -0.6386 0.3224 0.6988
vn -0.5535 0.3278 0.7656
vn -0.1595 0.3109 0.9370
vn -0.0535 0.2973 0.9533
vn -0.0534 0.2974 0.9533
vn 0.1595 0.2599 0.9524
vn 0.2639 0.2364 0.9351
vn 0.3652 0.2102 0.9069
vn 0.4620 0.1818 0.8681
vn 0.5535 0.1510 0.8190
vn 0.5535 0.1508 0.8191
vn 0.6385 0.1184 0.7604
vn 0.7160 0.0845 0.6929
vn 0.7853 0.0496 0.6172
vn 0.8952 -0.0216 0.4452
vn 0.8952 -0.0217 0.4452
vn 0.9633 -0.0918 0.2523
vn 0.9806 -0.1254 0.1509
vn 0.9806 -0.1255 0.1508
vn 0.9863 -0.1576 0.0476
vn 0.9633 -0.2162 -0.1593
vn 0.7852 -0.3005 -0.5414
vn 0.6385 -0.3225 -0.6988
vn 0.6386 -0.3224 -0.6988
vn 0.3652 -0.3270 -0.8716
vn 0.2638 -0.3208 -0.9097
vn -0.1595 -0.2599 -0.9524
vn -0.2639 -0.2364 -0.9351
vn -0.4620 -0.1816 -0.8681
vn -0.5535 -0.1509 -0.8191
vn -0.5535 -0.1509 -0.8190
vn -0.8451 -0.0141 -0.5344
vn -0.9806 0.1255 -0.1509
vn -0.9863 0.1577 -0.0477
vn -0.9863 0.1576 -0.0476
vn -0.9633 0.2161 0.1592
vn -0.7161 0.3133 0.6237
vn -0.6385 0.3225 0.6987
vn -0.4620 0.3294 0.8235
vn -0.1595 0.3110 0.9369
vn 0.2639 0.2365 0.9351
vn 0.4620 0.1816 0.8681
vn 0.5535 0.1509 0.8191
vn 0.6385 0.1184 0.7605
vn 0.7161 0.0845 0.6929
vn 0.7852 0.0495 0.6173
vn 0.8452 0.0139 0.5343
vn 0.8952 -0.0216 0.4451
vn 0.9806 -0.1879 -0.0562
vn 0.9806 -0.1881 -0.0561
vn 0.9633 -0.2161 -0.1592
vn 0.5536 -0.3278 -0.7655
vn 0.3650 -0.3271 -0.8717
vn 0.2638 -0.3208 -0.9096
vn 0.1596 -0.3110 -0.9369
vn -0.0533 -0.2803 -0.9584
vn -0.2639 -0.2365 -0.9351
vn -0.4621 -0.1816 -0.8681
vn -0.7160 -0.0845 -0.6929
vn -0.8952 0.0217 -0.4451
vn -0.9806 0.1254 -0.1509
vn -0.7852 0.3005 0.5415
vn -0.4620 0.3293 0.8235
vn -0.3652 0.3270 0.8716
vn -0.2638 0.3208 0.9096
vn -0.1596 0.3109 0.9369
vn 0.1596 0.2599 0.9523
vn 0.4621 0.1816 0.8680
vn 0.6386 0.1183 0.7604
vn 0.9806 -0.1255 0.1509
vn 0.9806 -0.1880 -0.0562
vn 0.8952 -0.2645 -0.3588
vn 0.8952 -0.2645 -0.3586
vn 0.8451 -0.2842 -0.4528
vn 0.7853 -0.3005 -0.5414
vn 0.6385 -0.3225 -0.6987
vn 0.5535 -0.3278 -0.7656
vn 0.3651 -0.3271 -0.8716
vn -0.1596 -0.2599 -0.9523
vn -0.4621 -0.1816 -0.8680
vn -0.5535 -0.1508 -0.8191
vn -0.5535 -0.1510 -0.8191
vn -0.6385 -0.1184 -0.7605
vn -0.9806 0.1254 -0.1508
vn -0.9347 0.2418 0.2606
vn -0.8951 0.2645 0.3588
vn -0.7161 0.3133 0.6238
vn 0.7161 0.0844 0.6928
vn 0.7852 0.0496 0.6172
vn 0.8452 0.0141 0.5343
vn 0.9347 -0.0570 0.3509
vn 0.9347 -0.0571 0.3507
vn 0.9633 -0.0918 0.2524
vn 0.9863 -0.1577 0.0477
vn 0.9347 -0.2418 -0.2606
vn 0.8452 -0.2842 -0.4526
vn 0.8451 -0.2842 -0.4527
vn 0.7161 -0.3133 -0.6237
vn 0.6386 -0.3225 -0.6987
vn 0.0535 -0.2974 -0.9533
vn -0.6386 -0.1183 -0.7604
vn -0.8451 0.2842 0.4528
vn -0.2639 0.3208 0.9096
vn -0.2638 0.3209 0.9096
vn 0.3652 0.2103 0.9069
vn 0.9347 -0.2418 -0.2604
vn 0.8451 -0.2843 -0.4527
vn 0.4620 -0.3294 -0.8235
vn -0.3652 -0.2103 -0.9069
vn -0.6385 -0.1184 -0.7604
vn -0.9806 0.1879 0.0561
vn 0.1595 0.2600 0.9524
vn 0.1596 0.2598 0.9524
vn 0.2639 -0.3208 -0.9096
vn 0.1595 -0.3109 -0.9370
vn -0.0533 -0.2802 -0.9585
vn -0.1596 -0.2598 -0.9524
vn -0.9347 0.0570 -0.3509
vn -0.9863 0.1576 -0.0477
vn -0.6385 0.3224 0.6988
vn -0.4620 0.3293 0.8234
vn -0.3652 0.3271 0.8716
vn 0.3651 0.2104 0.9069
vn 0.4621 0.1816 0.8681
vn 0.5535 0.1509 0.8190
vn 0.8451 0.0141 0.5344
vn 0.9863 -0.1576 0.0477
vn 0.8952 -0.2646 -0.3586
vn 0.3650 -0.3270 -0.8717
vn -0.9632 0.0918 -0.2524
vn -0.9806 0.1255 -0.1507
vn -0.9806 0.1880 0.0560
vn -0.9348 0.2417 0.2604
vn -0.7161 0.3134 0.6236
vn -0.3650 0.3270 0.8717
vn 0.0534 0.2802 0.9585
vn 0.9347 -0.0570 0.3507
vn 0.9633 -0.0919 0.2522
vn 0.9864 -0.1576 0.0476
vn 0.9633 -0.2161 -0.1594
vn 0.8951 -0.2645 -0.3588
vn 0.6386 -0.3225 -0.6988
vn 0.3652 -0.3271 -0.8716
vn -0.4619 -0.1817 -0.8681
vn -0.7852 -0.0496 -0.6173
vn -0.8951 0.0217 -0.4452
vn -0.8951 0.0216 -0.4453
vn -0.9348 0.0570 -0.3507
vn -0.9633 0.0918 -0.2522
vn -0.9806 0.1880 0.0559
vn -0.9806 0.1880 0.0563
vn -0.8952 0.2646 0.3586
vn -0.7851 0.3005 0.5415
vn -0.5536 0.3279 0.7655
vn 0.2638 0.2364 0.9351
vn 0.3650 0.2104 0.9069
vn 0.6385 0.1183 0.7605
vn 0.9348 -0.0571 0.3506
vn 0.9633 -0.0919 0.2523
vn 0.1596 -0.3108 -0.9370
vn -0.7160 -0.0844 -0.6930
vn -0.8951 0.0216 -0.4452
vn -0.9806 0.1255 -0.1506
vn -0.9805 0.1255 -0.1509
vn -0.9863 0.1577 -0.0475
vn -0.9633 0.2162 0.1591
vn -0.8952 0.2645 0.3588
vn -0.8452 0.2842 0.4526
vn -0.7853 0.3005 0.5414
vn -0.4621 0.3294 0.8234
vn -0.2640 0.3209 0.9096
vn -0.1594 0.3109 0.9370
vn 0.4619 0.1817 0.8681
vn 0.7160 0.0844 0.6930
vn 0.8951 -0.0217 0.4453
vn 0.9633 -0.0918 0.2522
vn 0.9805 -0.1254 0.1510
vn 0.9806 -0.1256 0.1507
vn 0.9806 -0.1879 -0.0561
vn 0.9633 -0.2161 -0.1591
vn 0.9347 -0.2417 -0.2606
vn 0.7161 -0.3133 -0.6238
vn 0.5535 -0.3279 -0.7655
vn 0.5535 -0.3278 -0.7657
vn 0.4621 -0.3293 -0.8234
vn -0.2638 -0.2364 -0.9351
vn -0.7853 -0.0495 -0.6171
vn -0.9806 0.1254 -0.1506
vn -0.9805 0.1255 -0.1510
vn -0.9864 0.1576 -0.0476
vn -0.9805 0.1880 0.0563
vn -0.9632 0.2162 0.1595
vn -0.9633 0.2161 0.1591
vn -0.8952 0.2645 0.3586
vn -0.1595 0.3108 0.9370
vn 0.2638 0.2364 0.9352
vn 0.9348 -0.2417 -0.2604
vn 0.7160 -0.3134 -0.6238
vn -0.9421 0.3311 0.0540
vn -0.9421 0.3310 0.0542
vn -0.9310 0.3272 0.1615
vn -0.9310 0.3272 0.1619
vn -0.9091 0.3195 0.2675
vn -0.9091 0.3194 0.2675
vn -0.8765 0.3080 0.3701
vn -0.8765 0.3080 0.3699
vn -0.8335 0.2930 0.4685
vn -0.8336 0.2929 0.4684
vn -0.7808 0.2744 0.5612
vn -0.7807 0.2744 0.5614
vn -0.7190 0.2526 0.6474
vn -0.7191 0.2528 0.6473
vn -0.6488 0.2280 0.7260
vn -0.6487 0.2280 0.7261
vn -0.5710 0.2006 0.7961
vn -0.5710 0.2007 0.7961
vn -0.4864 0.1709 0.8569
vn -0.3962 0.1393 0.9075
vn -0.3962 0.1392 0.9075
vn -0.3012 0.1059 0.9477
vn -0.2028 0.0713 0.9766
vn -0.1020 0.0359 0.9941
vn -0.1020 0.0358 0.9941
vn -0.0000 -0.0000 1.0000
vn 0.1020 -0.0359 0.9941
vn 0.2028 -0.0713 0.9766
vn 0.2028 -0.0712 0.9766
vn 0.3013 -0.1059 0.9476
vn 0.3012 -0.1059 0.9477
vn 0.3962 -0.1392 0.9076
vn 0.3962 -0.1393 0.9076
vn 0.4864 -0.1709 0.8568
vn 0.4864 -0.1709 0.8569
vn 0.5710 -0.2007 0.7961
vn 0.5710 -0.2006 0.7961
vn 0.6488 -0.2280 0.7260
vn 0.7189 -0.2527 0.6475
vn 0.7190 -0.2526 0.6474
vn 0.7809 -0.2745 0.5611
vn 0.7808 -0.2744 0.5614
vn 0.8337 -0.2930 0.4682
vn 0.8335 -0.2930 0.4685
vn 0.8765 -0.3080 0.3701
vn 0.9091 -0.3194 0.2675
vn 0.9090 -0.3195 0.2677
vn 0.9310 -0.3272 0.1619
vn 0.9310 -0.3272 0.1615
vn 0.9420 -0.3311 0.0542
vn 0.9421 -0.3310 -0.0542
vn 0.9420 -0.3311 -0.0542
vn 0.9310 -0.3272 -0.1617
vn 0.9090 -0.3194 -0.2677
vn 0.9091 -0.3195 -0.2675
vn 0.8764 -0.3080 -0.3701
vn 0.8765 -0.3080 -0.3701
vn 0.8335 -0.2930 -0.4685
vn 0.8337 -0.2929 -0.4682
vn 0.7808 -0.2744 -0.5614
vn 0.7810 -0.2745 -0.5611
vn 0.7189 -0.2526 -0.6476
vn 0.7190 -0.2527 -0.6474
vn 0.6488 -0.2280 -0.7260
vn 0.5710 -0.2006 -0.7961
vn 0.4864 -0.1710 -0.8568
vn 0.4865 -0.1709 -0.8568
vn 0.3961 -0.1392 -0.9076
vn 0.3013 -0.1059 -0.9476
vn 0.3012 -0.1059 -0.9477
vn 0.2028 -0.0713 -0.9766
vn 0.2028 -0.0712 -0.9766
vn 0.1021 -0.0359 -0.9941
vn 0.1020 -0.0358 -0.9941
vn -0.0000 -0.0000 -1.0000
vn -0.0000 -0.0001 -1.0000
vn -0.1021 0.0359 -0.9941
vn -0.2028 0.0713 -0.9766
vn -0.3012 0.1058 -0.9477
vn -0.3012 0.1059 -0.9477
vn -0.3962 0.1392 -0.9076
vn -0.4864 0.1709 -0.8569
vn -0.4864 0.1710 -0.8568
vn -0.5711 0.2007 -0.7960
vn -0.5709 0.2006 -0.7961
vn -0.6487 0.2280 -0.7261
vn -0.6488 0.2280 -0.7260
vn -0.7190 0.2527 -0.6474
vn -0.7191 0.2527 -0.6473
vn -0.7809 0.2744 -0.5612
vn -0.7808 0.2744 -0.5614
vn -0.8336 0.2930 -0.4683
vn -0.8335 0.2929 -0.4685
vn -0.8765 0.3080 -0.3701
vn -0.8765 0.3081 -0.3699
vn -0.9091 0.3195 -0.2675
vn -0.9310 0.3272 -0.1619
vn -0.9311 0.3272 -0.1615
vn -0.9420 0.3311 -0.0542
vn -0.9421 0.3311 -0.0540
vn -0.9420 0.3311 0.0543
vn -0.9421 0.3310 0.0540
vn -0.9310 0.3273 0.1616
vn -0.8764 0.3079 0.3703
vn -0.8764 0.3080 0.3702
vn -0.8336 0.2930 0.4683
vn -0.7809 0.2744 0.5611
vn -0.7808 0.2743 0.5613
vn -0.7191 0.2527 0.6474
vn -0.7190 0.2528 0.6474
vn -0.6488 0.2279 0.7260
vn -0.5709 0.2007 0.7961
vn -0.5709 0.2005 0.7962
vn -0.4864 0.1710 0.8568
vn -0.4865 0.1709 0.8568
vn -0.3962 0.1391 0.9076
vn -0.3961 0.1393 0.9076
vn -0.3012 0.1058 0.9477
vn -0.1021 0.0359 0.9941
vn 0.1021 -0.0359 0.9941
vn 0.1020 -0.0358 0.9941
vn 0.3012 -0.1058 0.9477
vn 0.3961 -0.1393 0.9076
vn 0.3961 -0.1391 0.9076
vn 0.4865 -0.1709 0.8568
vn 0.4865 -0.1710 0.8568
vn 0.5709 -0.2006 0.7961
vn 0.6488 -0.2282 0.7259
vn 0.6488 -0.2278 0.7261
vn 0.7190 -0.2528 0.6474
vn 0.7809 -0.2743 0.5613
vn 0.7810 -0.2744 0.5610
vn 0.8336 -0.2930 0.4683
vn 0.8764 -0.3080 0.3703
vn 0.8764 -0.3079 0.3702
vn 0.9091 -0.3195 0.2675
vn 0.9310 -0.3273 0.1616
vn 0.9310 -0.3272 0.1618
vn 0.9421 -0.3310 0.0540
vn 0.9421 -0.3310 0.0543
vn 0.9421 -0.3310 -0.0541
vn 0.9310 -0.3272 -0.1618
vn 0.9310 -0.3272 -0.1616
vn 0.9091 -0.3194 -0.2675
vn 0.9090 -0.3195 -0.2675
vn 0.8764 -0.3080 -0.3702
vn 0.8764 -0.3079 -0.3703
vn 0.8336 -0.2929 -0.4683
vn 0.8335 -0.2929 -0.4685
vn 0.7808 -0.2744 -0.5612
vn 0.7809 -0.2744 -0.5612
vn 0.7191 -0.2527 -0.6473
vn 0.7191 -0.2528 -0.6473
vn 0.6489 -0.2281 -0.7259
vn 0.5709 -0.2007 -0.7961
vn 0.5709 -0.2006 -0.7961
vn 0.4864 -0.1709 -0.8569
vn 0.3961 -0.1393 -0.9076
vn 0.3014 -0.1059 -0.9476
vn 0.1019 -0.0357 -0.9942
vn 0.1019 -0.0359 -0.9941
vn -0.1019 0.0359 -0.9941
vn -0.1019 0.0358 -0.9941
vn -0.3014 0.1059 -0.9476
vn -0.3013 0.1059 -0.9476
vn -0.3961 0.1392 -0.9076
vn -0.3962 0.1394 -0.9075
vn -0.4863 0.1709 -0.8569
vn -0.6488 0.2281 -0.7260
vn -0.6488 0.2279 -0.7260
vn -0.7808 0.2744 -0.5612
vn -0.7808 0.2745 -0.5612
vn -0.8764 0.3079 -0.3703
vn -0.8764 0.3080 -0.3702
vn -0.9090 0.3195 -0.2675
vn -0.9091 0.3194 -0.2675
vn -0.9310 0.3272 -0.1616
vn -0.9421 0.3310 -0.0541
vn -0.9421 0.3310 -0.0542
vn -0.9421 0.3310 0.0543
vn -0.9310 0.3271 0.1619
vn -0.9090 0.3195 0.2675
vn -0.8764 0.3079 0.3702
vn -0.8764 0.3080 0.3701
vn -0.8335 0.2929 0.4685
vn -0.7809 0.2744 0.5612
vn -0.7808 0.2744 0.5613
vn -0.5710 0.2006 0.7960
vn -0.4863 0.1709 0.8569
vn -0.3962 0.1393 0.9076
vn -0.3961 0.1392 0.9076
vn -0.2028 0.0712 0.9766
vn -0.0000 0.0001 1.0000
vn 0.1021 -0.0358 0.9941
vn 0.3961 -0.1392 0.9076
vn 0.4864 -0.1708 0.8569
vn 0.4864 -0.1710 0.8568
vn 0.6489 -0.2281 0.7259
vn 0.7191 -0.2527 0.6474
vn 0.7808 -0.2744 0.5613
vn 0.8335 -0.2929 0.4685
vn 0.8764 -0.3080 0.3702
vn 0.8764 -0.3080 0.3701
vn 0.9090 -0.3195 0.2675
vn 0.9310 -0.3271 0.1618
vn 0.9421 -0.3311 0.0540
vn 0.9420 -0.3311 0.0543
vn 0.9421 -0.3311 -0.0541
vn 0.9310 -0.3273 -0.1618
vn 0.8764 -0.3080 -0.3703
vn 0.7809 -0.2745 -0.5612
vn 0.7191 -0.2527 -0.6474
vn 0.6489 -0.2280 -0.7259
vn 0.5709 -0.2006 -0.7962
vn 0.3012 -0.1058 -0.9477
vn 0.2029 -0.0713 -0.9766
vn -0.0000 0.0001 -1.0000
vn -0.2029 0.0713 -0.9766
vn -0.3962 0.1393 -0.9075
vn -0.5709 0.2007 -0.7961
vn -0.7191 0.2527 -0.6474
vn -0.8335 0.2930 -0.4685
vn -0.8336 0.2929 -0.4683
vn -0.8764 0.3080 -0.3703
vn -0.9420 0.3311 -0.0541
vn -0.9310 0.3272 0.1616
vn -0.8764 0.3080 0.3703
vn -0.3962 0.1392 0.9076
vn 0.5709 -0.2007 0.7961
vn 0.6489 -0.2280 0.7259
vn 0.7810 -0.2745 0.5611
vn 0.9310 -0.3272 0.1616
vn 0.9420 -0.3310 0.0543
vn 0.8336 -0.2930 -0.4683
vn 0.8335 -0.2928 -0.4686
vn 0.7808 -0.2745 -0.5612
vn 0.7809 -0.2744 -0.5611
vn 0.6488 -0.2281 -0.7260
vn 0.3013 -0.1058 -0.9477
vn 0.3013 -0.1060 -0.9476
vn 0.1020 -0.0359 -0.9941
vn -0.1020 0.0358 -0.9941
vn -0.1020 0.0359 -0.9941
vn -0.2028 0.0712 -0.9766
vn -0.3013 0.1060 -0.9476
vn -0.3962 0.1393 -0.9076
vn -0.5710 0.2007 -0.7961
vn -0.8335 0.2929 -0.4686
vn -0.9421 0.3311 -0.0541
vn -0.9420 0.3311 0.0542
vn -0.9311 0.3272 0.1615
vn -0.8765 0.3081 0.3699
vn -0.8334 0.2929 0.4686
vn -0.7190 0.2527 0.6474
vn -0.7191 0.2527 0.6473
vn -0.5709 0.2006 0.7961
vn -0.0000 -0.0001 1.0000
vn 0.7189 -0.2526 0.6476
vn 0.7190 -0.2527 0.6474
vn 0.7810 -0.2745 0.5610
vn 0.7808 -0.2743 0.5613
vn 0.8336 -0.2929 0.4682
vn 0.8334 -0.2929 0.4686
vn 0.8765 -0.3081 0.3700
vn 0.9090 -0.3194 0.2677
vn 0.9311 -0.3272 0.1615
vn 0.9421 -0.3310 0.0542
vn 0.8336 -0.2930 -0.4682
vn 0.7809 -0.2745 -0.5611
vn 0.7190 -0.2526 -0.6475
vn 0.4864 -0.1709 -0.8568
vn 0.3961 -0.1391 -0.9076
vn 0.3014 -0.1060 -0.9476
vn 0.1019 -0.0358 -0.9941
vn -0.5710 0.2006 -0.7960
vn -0.5708 0.2007 -0.7962
vn -0.6487 0.2281 -0.7261
vn -0.7192 0.2527 -0.6473
vn -0.7807 0.2744 -0.5614
vn -0.8336 0.2929 -0.4684
vn -0.8765 0.3080 -0.3699
vn -0.9310 0.3271 -0.1619
vn -0.9310 0.3272 -0.1615
vn -0.9420 0.3311 -0.0540
vn -0.7808 0.2745 0.5612
vn -0.7807 0.2745 0.5614
vn -0.6489 0.2281 0.7259
vn -0.3013 0.1060 0.9476
vn -0.3013 0.1059 0.9476
vn -0.1019 0.0359 0.9941
vn 0.1019 -0.0359 0.9941
vn 0.1019 -0.0358 0.9941
vn 0.3014 -0.1059 0.9476
vn 0.5709 -0.2005 0.7961
vn 0.8336 -0.2930 0.4682
vn 0.9310 -0.3271 0.1619
vn 0.9090 -0.3196 -0.2675
vn 0.8764 -0.3081 -0.3700
vn 0.8335 -0.2929 -0.4686
vn 0.8336 -0.2929 -0.4682
vn 0.7808 -0.2743 -0.5613
vn 0.7810 -0.2745 -0.5610
vn 0.7189 -0.2527 -0.6476
vn 0.6488 -0.2279 -0.7260
vn 0.5710 -0.2007 -0.7960
vn 0.5710 -0.2006 -0.7960
vn -0.3962 0.1391 -0.9076
vn -0.4863 0.1710 -0.8569
vn -0.7191 0.2528 -0.6473
vn -0.7808 0.2744 -0.5613
vn -0.8765 0.3081 -0.3700
vn -0.8766 0.3079 -0.3699
vn -0.9090 0.3196 -0.2675
vn -0.9421 0.3310 -0.0540
vn -0.9090 0.3196 0.2675
vn -0.8765 0.3080 0.3700
vn -0.7808 0.2744 0.5614
vn -0.6487 0.2279 0.7261
vn -0.5710 0.2007 0.7960
vn -0.1021 0.0358 0.9941
vn 0.5710 -0.2007 0.7960
vn 0.5710 -0.2006 0.7960
vn 0.6488 -0.2279 0.7260
vn 0.6488 -0.2282 0.7260
vn 0.7189 -0.2525 0.6476
vn 0.7809 -0.2744 0.5611
vn 0.8337 -0.2929 0.4682
vn 0.8765 -0.3080 0.3700
vn 0.9310 -0.3273 -0.1617
vn 0.9090 -0.3195 -0.2677
vn 0.7190 -0.2528 -0.6474
vn 0.3013 -0.1058 -0.9476
vn 0.2029 -0.0714 -0.9766
vn -0.4864 0.1708 -0.8569
vn -0.5710 0.2007 -0.7960
vn -0.5708 0.2006 -0.7962
vn -0.6489 0.2280 -0.7259
vn -0.7190 0.2528 -0.6474
vn -0.7191 0.2526 -0.6473
vn -0.8764 0.3080 -0.3701
vn 0.3962 -0.1393 0.9075
vn 0.7191 -0.2528 0.6473
vn 0.9421 -0.3311 -0.0542
vn 0.9420 -0.3311 -0.0541
vn -0.5710 0.2006 -0.7961
vn -0.0534 -0.2973 -0.9533
vn -0.0534 -0.2974 -0.9533
vn -0.1596 -0.3109 -0.9369
vn -0.1596 -0.3109 -0.9370
vn -0.2640 -0.3208 -0.9096
vn -0.2638 -0.3209 -0.9096
vn -0.3651 -0.3270 -0.8717
vn -0.3651 -0.3271 -0.8716
vn -0.4621 -0.3293 -0.8234
vn -0.4620 -0.3294 -0.8234
vn -0.5535 -0.3278 -0.7656
vn -0.5535 -0.3280 -0.7655
vn -0.6385 -0.3224 -0.6989
vn -0.6386 -0.3224 -0.6988
vn -0.7161 -0.3134 -0.6236
vn -0.7160 -0.3134 -0.6238
vn -0.7852 -0.3006 -0.5413
vn -0.7852 -0.3006 -0.5414
vn -0.8451 -0.2841 -0.4528
vn -0.8452 -0.2842 -0.4526
vn -0.8952 -0.2645 -0.3588
vn -0.8952 -0.2645 -0.3586
vn -0.9347 -0.2418 -0.2605
vn -0.9347 -0.2417 -0.2605
vn -0.9633 -0.2162 -0.1591
vn -0.9633 -0.2161 -0.1594
vn -0.9806 -0.1880 -0.0561
vn -0.9805 -0.1880 -0.0563
vn -0.9863 -0.1577 0.0477
vn -0.9863 -0.1577 0.0475
vn -0.9805 -0.1254 0.1511
vn -0.9806 -0.1255 0.1508
vn -0.9633 -0.0918 0.2523
vn -0.9633 -0.0918 0.2522
vn -0.9347 -0.0571 0.3508
vn -0.9347 -0.0570 0.3508
vn -0.8952 -0.0217 0.4452
vn -0.8452 0.0140 0.5343
vn -0.8451 0.0140 0.5345
vn -0.7852 0.0495 0.6172
vn -0.7853 0.0495 0.6172
vn -0.7161 0.0844 0.6929
vn -0.6385 0.1184 0.7605
vn -0.5536 0.1509 0.8190
vn -0.4621 0.1817 0.8680
vn -0.4620 0.1817 0.8681
vn -0.3650 0.2103 0.9069
vn -0.3651 0.2103 0.9069
vn -0.2638 0.2365 0.9351
vn -0.2640 0.2365 0.9351
vn -0.1596 0.2599 0.9524
vn -0.0534 0.2803 0.9584
vn -0.0534 0.2802 0.9585
vn 0.0534 0.2973 0.9533
vn 0.0535 0.2973 0.9533
vn 0.1596 0.3109 0.9369
vn 0.2639 0.3208 0.9096
vn 0.2638 0.3209 0.9096
vn 0.3651 0.3270 0.8716
vn 0.3651 0.3270 0.8717
vn 0.4620 0.3294 0.8234
vn 0.4620 0.3294 0.8235
vn 0.5536 0.3279 0.7656
vn 0.5535 0.3279 0.7656
vn 0.6385 0.3225 0.6988
vn 0.6386 0.3225 0.6987
vn 0.7161 0.3133 0.6237
vn 0.7160 0.3133 0.6238
vn 0.7852 0.3005 0.5414
vn 0.7852 0.3006 0.5413
vn 0.8451 0.2842 0.4528
vn 0.8452 0.2842 0.4526
vn 0.8952 0.2646 0.3586
vn 0.8952 0.2645 0.3588
vn 0.9347 0.2418 0.2604
vn 0.9347 0.2418 0.2605
vn 0.9633 0.2161 0.1593
vn 0.9633 0.2162 0.1593
vn 0.9806 0.1880 0.0562
vn 0.9806 0.1880 0.0561
vn 0.9863 0.1577 -0.0476
vn 0.9806 0.1255 -0.1508
vn 0.9633 0.0918 -0.2523
vn 0.9632 0.0918 -0.2524
vn 0.9348 0.0570 -0.3507
vn 0.9347 0.0571 -0.3507
vn 0.8951 0.0216 -0.4452
vn 0.8952 0.0216 -0.4451
vn 0.8452 -0.0139 -0.5343
vn 0.8451 -0.0140 -0.5344
vn 0.7853 -0.0495 -0.6172
vn 0.7852 -0.0495 -0.6172
vn 0.7161 -0.0844 -0.6929
vn 0.7161 -0.0845 -0.6929
vn 0.6385 -0.1184 -0.7605
vn 0.6386 -0.1183 -0.7604
vn 0.5536 -0.1509 -0.8190
vn 0.5535 -0.1510 -0.8190
vn 0.4620 -0.1816 -0.8681
vn 0.4620 -0.1817 -0.8681
vn 0.3651 -0.2103 -0.9069
vn 0.3650 -0.2103 -0.9069
vn 0.2639 -0.2364 -0.9351
vn 0.2639 -0.2365 -0.9351
vn 0.1596 -0.2599 -0.9524
vn 0.1595 -0.2599 -0.9524
vn 0.0534 -0.2803 -0.9584
vn 0.0534 -0.2802 -0.9584
vn -0.2638 -0.3208 -0.9097
vn -0.3652 -0.3270 -0.8716
vn -0.5535 -0.3279 -0.7656
vn -0.6385 -0.3225 -0.6988
vn -0.6386 -0.3225 -0.6988
vn -0.7161 -0.3134 -0.6237
vn -0.7161 -0.3133 -0.6237
vn -0.8452 -0.2842 -0.4527
vn -0.8952 -0.2646 -0.3587
vn -0.8952 -0.2645 -0.3587
vn -0.9633 -0.2162 -0.1593
vn -0.9633 -0.2161 -0.1593
vn -0.9863 -0.1577 0.0476
vn -0.9863 -0.1576 0.0476
vn -0.9806 -0.1255 0.1509
vn -0.8952 -0.0216 0.4452
vn -0.8451 0.0140 0.5344
vn -0.7161 0.0845 0.6929
vn -0.7160 0.0844 0.6930
vn -0.6385 0.1184 0.7604
vn -0.6386 0.1184 0.7604
vn -0.5535 0.1509 0.8191
vn -0.3652 0.2103 0.9069
vn -0.1596 0.2599 0.9523
vn -0.1595 0.2599 0.9524
vn -0.0534 0.2802 0.9584
vn 0.0535 0.2974 0.9533
vn 0.1595 0.3109 0.9370
vn 0.2638 0.3208 0.9096
vn 0.3651 0.3271 0.8716
vn 0.7161 0.3134 0.6237
vn 0.7852 0.3006 0.5414
vn 0.8452 0.2842 0.4527
vn 0.8952 0.2645 0.3587
vn 0.8952 0.2646 0.3587
vn 0.9347 0.2417 0.2605
vn 0.9347 0.0570 -0.3508
vn 0.9347 0.0571 -0.3508
vn 0.8952 0.0217 -0.4452
vn 0.8451 -0.0141 -0.5344
vn 0.7160 -0.0845 -0.6929
vn 0.6385 -0.1184 -0.7604
vn 0.5535 -0.1509 -0.8191
vn 0.2638 -0.2365 -0.9351
vn 0.2640 -0.2365 -0.9351
vn 0.1595 -0.2600 -0.9524
vn -0.1596 -0.3110 -0.9369
vn -0.2638 -0.3208 -0.9096
vn -0.4620 -0.3294 -0.8235
vn -0.5536 -0.3278 -0.7655
vn -0.6385 -0.3225 -0.6987
vn -0.9806 -0.1880 -0.0562
vn -0.8952 -0.0217 0.4451
vn -0.7852 0.0495 0.6173
vn -0.5535 0.1510 0.8190
vn -0.3651 0.2104 0.9069
vn -0.2639 0.2365 0.9351
vn 0.4620 0.3293 0.8234
vn 0.6385 0.3226 0.6987
vn 0.6386 0.3224 0.6988
vn 0.9633 0.2161 0.1592
vn 0.9863 0.1576 -0.0476
vn 0.9806 0.1255 -0.1509
vn 0.8452 -0.0140 -0.5343
vn 0.7160 -0.0845 -0.6930
vn 0.6386 -0.1184 -0.7604
vn 0.5535 -0.1509 -0.8190
vn 0.3651 -0.2104 -0.9069
vn 0.2638 -0.2364 -0.9351
vn -0.2639 -0.3208 -0.9096
vn -0.4620 -0.3293 -0.8235
vn -0.6386 -0.3225 -0.6987
vn -0.7853 -0.3005 -0.5414
vn -0.8451 -0.2842 -0.4527
vn -0.8451 -0.2842 -0.4528
vn -0.9347 -0.2418 -0.2606
vn -0.9633 -0.2162 -0.1592
vn -0.8451 0.0141 0.5344
vn -0.6386 0.1183 0.7604
vn -0.5535 0.1509 0.8190
vn -0.5535 0.1508 0.8191
vn -0.4620 0.1817 0.8680
vn 0.1596 0.3109 0.9370
vn 0.3652 0.3270 0.8716
vn 0.4620 0.3293 0.8235
vn 0.5535 0.3278 0.7656
vn 0.6385 0.3225 0.6987
vn 0.9863 0.1577 -0.0477
vn 0.9806 0.1254 -0.1508
vn 0.9633 0.0919 -0.2523
vn 0.4621 -0.1816 -0.8680
vn 0.0533 -0.2803 -0.9584
vn -0.0535 -0.2973 -0.9533
vn -0.3650 -0.3270 -0.8717
vn -0.7852 -0.3005 -0.5414
vn -0.8951 -0.2645 -0.3588
vn -0.8952 -0.2646 -0.3586
vn -0.9806 -0.1255 0.1507
vn -0.9633 -0.0918 0.2524
vn -0.9633 -0.0917 0.2524
vn -0.9347 -0.0571 0.3507
vn -0.8952 -0.0216 0.4451
vn -0.8951 -0.0217 0.4453
vn -0.7161 0.0844 0.6928
vn -0.2639 0.2364 0.9351
vn -0.1596 0.2598 0.9524
vn 0.0534 0.2974 0.9533
vn 0.2638 0.3208 0.9097
vn 0.3652 0.3271 0.8716
vn 0.6386 0.3226 0.6987
vn 0.8451 0.2842 0.4527
vn 0.9633 0.2162 0.1592
vn 0.9805 0.1881 0.0561
vn 0.9864 0.1576 -0.0476
vn 0.8952 0.0217 -0.4451
vn 0.7852 -0.0495 -0.6173
vn 0.2640 -0.2364 -0.9351
vn 0.1596 -0.2599 -0.9523
vn -0.4620 -0.3293 -0.8234
vn -0.7160 -0.3133 -0.6238
vn -0.9805 -0.1881 -0.0561
vn -0.9864 -0.1576 0.0476
vn -0.7160 0.0845 0.6929
vn -0.6385 0.1183 0.7605
vn -0.4620 0.1818 0.8681
vn 0.2639 0.3209 0.9096
vn 0.9806 0.1254 -0.1509
vn 0.7852 -0.0496 -0.6172
vn 0.5535 -0.1508 -0.8191
vn -0.1595 -0.3109 -0.9370
vn -0.2639 -0.3209 -0.9096
vn -0.9806 -0.1881 -0.0561
vn -0.7852 0.0496 0.6172
vn -0.6385 0.1183 0.7604
vn -0.5536 0.1508 0.8190
vn 0.1596 0.3110 0.9369
vn 0.1596 0.3108 0.9370
vn 0.7160 -0.0844 -0.6930
vn 0.3652 -0.2102 -0.9069
vn -0.3650 -0.3271 -0.8717
vn -0.7853 -0.3005 -0.5413
vn -0.4621 0.1816 0.8680
vn 0.4621 0.3294 0.8234
vn 0.6385 0.3224 0.6988
vn 0.7853 0.3006 0.5413
vn 0.9347 0.2417 0.2606
vn 0.9348 0.2417 0.2604
vn 0.9806 0.1879 0.0561
vn 0.9633 0.0918 -0.2524
vn 0.7161 -0.0845 -0.6928
vn 0.4621 -0.1817 -0.8680
vn 0.2638 -0.2366 -0.9351
vn 0.1596 -0.2598 -0.9524
vn 0.0534 -0.2802 -0.9585
vn -0.5536 -0.3279 -0.7656
vn -0.9633 -0.2161 -0.1592
vn -0.9806 -0.1254 0.1509
vn -0.9633 -0.0919 0.2523
vn -0.9347 -0.0570 0.3507
vn -0.8951 -0.0217 0.4452
vn 0.7852 0.3005 0.5415
vn 0.9633 0.2161 0.1595
vn 0.9806 0.1880 0.0560
vn 0.9806 0.1255 -0.1507
vn 0.9632 0.0918 -0.2525
vn 0.8951 0.0217 -0.4452
vn 0.5536 -0.1510 -0.8190
vn 0.1596 -0.2600 -0.9523
vn -0.0533 -0.2973 -0.9533
vn -0.3651 -0.3269 -0.8717
vn -0.4621 -0.3294 -0.8234
vn -0.7161 -0.3133 -0.6238
vn -0.9348 -0.2417 -0.2604
vn -0.9805 -0.1255 0.1509
vn -0.9348 -0.0571 0.3506
vn -0.8951 -0.0216 0.4453
vn -0.7853 0.0496 0.6172
vn -0.7162 0.0845 0.6928
vn -0.4620 0.1816 0.8681
vn 0.9347 0.2418 0.2606
vn 0.9633 0.2161 0.1594
vn 0.9633 0.2161 0.1591
vn 0.9863 0.1577 -0.0475
vn 0.9806 0.1255 -0.1506
vn 0.9805 0.1254 -0.1510
vn 0.9633 0.0918 -0.2522
vn 0.7162 -0.0844 -0.6928
vn 0.4619 -0.1816 -0.8681
vn -0.3652 -0.3271 -0.8716
vn -0.5536 -0.3278 -0.7656
vn -0.5534 -0.3279 -0.7656
vn -0.9347 -0.2418 -0.2604
vn -0.9347 -0.2417 -0.2606
vn -0.9806 -0.1880 -0.0560
vn -0.9633 -0.0918 0.2521
vn -0.7160 0.0845 0.6930
vn -0.4619 0.1817 0.8681
vn -0.3652 0.2102 0.9069
vn -0.2638 0.2366 0.9351
vn -0.1595 0.2600 0.9524
vn 0.1595 0.3110 0.9370
vn 0.2640 0.3209 0.9096
vn 0.3650 0.3270 0.8717
vn 0.7853 0.3005 0.5414
vn 0.8952 0.0216 -0.4452
vn 0.7853 -0.0495 -0.6171
vn 0.6384 -0.1184 -0.7605
vn -0.2640 -0.3209 -0.9096
vn -0.9806 -0.1881 -0.0560
vn -0.9806 -0.1254 0.1508
vn -0.8951 -0.0216 0.4452
vn 0.5535 0.3279 0.7655
vn 0.7161 0.3134 0.6236
vn 0.7851 0.3005 0.5415
vn 0.9806 0.1880 0.0563
vn 0.9348 0.0571 -0.3507
vn 0.9347 0.0570 -0.3509
vn 0.6385 -0.1183 -0.7605
vn 0.5536 -0.1508 -0.8190
vn -0.9420 -0.3311 0.0542
vn -0.9310 -0.3272 0.1617
vn -0.9090 -0.3195 0.2677
vn -0.9091 -0.3194 0.2675
vn -0.8764 -0.3081 0.3701
vn -0.8765 -0.3079 0.3701
vn -0.8335 -0.2929 0.4685
vn -0.8336 -0.2930 0.4682
vn -0.7807 -0.2744 0.5614
vn -0.7809 -0.2744 0.5611
vn -0.7189 -0.2526 0.6475
vn -0.7190 -0.2527 0.6474
vn -0.6488 -0.2280 0.7260
vn -0.5710 -0.2007 0.7961
vn -0.5710 -0.2006 0.7961
vn -0.4864 -0.1709 0.8569
vn -0.4864 -0.1709 0.8568
vn -0.3962 -0.1393 0.9076
vn -0.3962 -0.1392 0.9076
vn -0.3013 -0.1059 0.9476
vn -0.3012 -0.1059 0.9477
vn -0.2028 -0.0713 0.9766
vn -0.1020 -0.0358 0.9941
vn -0.1020 -0.0359 0.9941
vn 0.1020 0.0359 0.9941
vn 0.1020 0.0358 0.9941
vn 0.2028 0.0712 0.9766
vn 0.3012 0.1059 0.9477
vn 0.3962 0.1392 0.9075
vn 0.3962 0.1393 0.9075
vn 0.4864 0.1709 0.8569
vn 0.5711 0.2007 0.7960
vn 0.5709 0.2006 0.7961
vn 0.6487 0.2280 0.7261
vn 0.6488 0.2280 0.7260
vn 0.7190 0.2527 0.6474
vn 0.7191 0.2527 0.6473
vn 0.7808 0.2744 0.5612
vn 0.7807 0.2744 0.5614
vn 0.8336 0.2929 0.4684
vn 0.8335 0.2930 0.4685
vn 0.8765 0.3079 0.3701
vn 0.8765 0.3081 0.3699
vn 0.9091 0.3194 0.2675
vn 0.9091 0.3195 0.2675
vn 0.9310 0.3272 0.1619
vn 0.9310 0.3272 0.1615
vn 0.9420 0.3311 0.0542
vn 0.9421 0.3310 0.0540
vn 0.9421 0.3311 -0.0540
vn 0.9420 0.3311 -0.0542
vn 0.9311 0.3271 -0.1615
vn 0.9310 0.3272 -0.1619
vn 0.9091 0.3195 -0.2675
vn 0.8764 0.3080 -0.3701
vn 0.8765 0.3080 -0.3699
vn 0.8335 0.2929 -0.4685
vn 0.8336 0.2929 -0.4684
vn 0.7808 0.2745 -0.5612
vn 0.7808 0.2743 -0.5614
vn 0.7190 0.2527 -0.6474
vn 0.7191 0.2527 -0.6473
vn 0.6488 0.2280 -0.7260
vn 0.6487 0.2280 -0.7261
vn 0.5710 0.2007 -0.7961
vn 0.5710 0.2006 -0.7961
vn 0.4864 0.1709 -0.8569
vn 0.3962 0.1393 -0.9076
vn 0.3962 0.1392 -0.9076
vn 0.3012 0.1059 -0.9477
vn 0.2028 0.0713 -0.9766
vn 0.1021 0.0359 -0.9941
vn 0.1020 0.0359 -0.9941
vn -0.1020 -0.0359 -0.9941
vn -0.1021 -0.0359 -0.9941
vn -0.2028 -0.0712 -0.9766
vn -0.2028 -0.0713 -0.9766
vn -0.3013 -0.1059 -0.9476
vn -0.3012 -0.1059 -0.9477
vn -0.3961 -0.1392 -0.9076
vn -0.4865 -0.1710 -0.8568
vn -0.4864 -0.1709 -0.8569
vn -0.5710 -0.2006 -0.7961
vn -0.6488 -0.2280 -0.7260
vn -0.7189 -0.2526 -0.6476
vn -0.7190 -0.2527 -0.6474
vn -0.7810 -0.2744 -0.5611
vn -0.7808 -0.2744 -0.5613
vn -0.8337 -0.2930 -0.4682
vn -0.8335 -0.2930 -0.4685
vn -0.8765 -0.3080 -0.3701
vn -0.8764 -0.3080 -0.3701
vn -0.9091 -0.3195 -0.2675
vn -0.9090 -0.3194 -0.2677
vn -0.9310 -0.3272 -0.1619
vn -0.9311 -0.3271 -0.1615
vn -0.9420 -0.3311 -0.0542
vn -0.9421 -0.3310 -0.0542
vn -0.9421 -0.3310 0.0542
vn -0.9421 -0.3310 0.0541
vn -0.9310 -0.3272 0.1618
vn -0.9310 -0.3273 0.1616
vn -0.9090 -0.3196 0.2675
vn -0.8764 -0.3080 0.3702
vn -0.8764 -0.3079 0.3703
vn -0.8336 -0.2930 0.4683
vn -0.8335 -0.2930 0.4685
vn -0.7809 -0.2744 0.5612
vn -0.7809 -0.2745 0.5611
vn -0.7191 -0.2527 0.6474
vn -0.7190 -0.2528 0.6474
vn -0.6488 -0.2279 0.7260
vn -0.6489 -0.2281 0.7259
vn -0.5709 -0.2006 0.7961
vn -0.4864 -0.1710 0.8568
vn -0.4865 -0.1708 0.8568
vn -0.3961 -0.1392 0.9076
vn -0.3012 -0.1058 0.9477
vn -0.1021 -0.0359 0.9941
vn 0.1021 0.0359 0.9941
vn 0.1021 0.0358 0.9941
vn 0.2028 0.0713 0.9766
vn 0.3013 0.1059 0.9476
vn 0.3012 0.1058 0.9477
vn 0.3961 0.1392 0.9076
vn 0.3962 0.1393 0.9076
vn 0.4865 0.1711 0.8568
vn 0.5709 0.2007 0.7961
vn 0.6488 0.2279 0.7260
vn 0.7191 0.2527 0.6474
vn 0.7190 0.2528 0.6474
vn 0.7809 0.2744 0.5612
vn 0.8336 0.2930 0.4683
vn 0.8764 0.3079 0.3703
vn 0.8764 0.3080 0.3702
vn 0.9090 0.3196 0.2675
vn 0.9310 0.3273 0.1616
vn 0.9421 0.3310 0.0541
vn 0.9421 0.3310 -0.0543
vn 0.9421 0.3310 -0.0540
vn 0.9310 0.3272 -0.1616
vn 0.9091 0.3194 -0.2675
vn 0.9090 0.3195 -0.2675
vn 0.8764 0.3080 -0.3703
vn 0.8764 0.3079 -0.3702
vn 0.8336 0.2930 -0.4683
vn 0.7809 0.2745 -0.5612
vn 0.7808 0.2744 -0.5613
vn 0.7191 0.2526 -0.6473
vn 0.7191 0.2528 -0.6473
vn 0.6487 0.2281 -0.7260
vn 0.5709 0.2006 -0.7961
vn 0.4863 0.1709 -0.8569
vn 0.4864 0.1708 -0.8569
vn 0.3962 0.1394 -0.9075
vn 0.3961 0.1391 -0.9076
vn 0.3013 0.1060 -0.9476
vn 0.3013 0.1059 -0.9476
vn 0.1019 0.0358 -0.9941
vn -0.1019 -0.0358 -0.9941
vn -0.3961 -0.1391 -0.9076
vn -0.3961 -0.1393 -0.9076
vn -0.4864 -0.1708 -0.8569
vn -0.4864 -0.1710 -0.8568
vn -0.5709 -0.2006 -0.7961
vn -0.6488 -0.2282 -0.7259
vn -0.7191 -0.2528 -0.6473
vn -0.7191 -0.2526 -0.6473
vn -0.7809 -0.2745 -0.5611
vn -0.8335 -0.2929 -0.4685
vn -0.8336 -0.2930 -0.4683
vn -0.8764 -0.3079 -0.3703
vn -0.8764 -0.3080 -0.3702
vn -0.9090 -0.3195 -0.2675
vn -0.9091 -0.3194 -0.2675
vn -0.9310 -0.3272 -0.1616
vn -0.9310 -0.3272 -0.1618
vn -0.9421 -0.3310 -0.0540
vn -0.9420 -0.3311 -0.0543
vn -0.9421 -0.3311 0.0541
vn -0.9310 -0.3272 0.1616
vn -0.8764 -0.3080 0.3701
vn -0.8336 -0.2929 0.4683
vn -0.7808 -0.2744 0.5612
vn -0.7809 -0.2745 0.5612
vn -0.3961 -0.1391 0.9076
vn -0.3961 -0.1393 0.9076
vn -0.2028 -0.0712 0.9766
vn 0.3962 0.1391 0.9076
vn 0.4863 0.1709 0.8569
vn 0.4864 0.1710 0.8568
vn 0.5710 0.2006 0.7960
vn 0.5710 0.2007 0.7961
vn 0.8335 0.2929 0.4685
vn 0.8336 0.2929 0.4683
vn 0.8764 0.3080 0.3701
vn 0.9310 0.3272 0.1616
vn 0.9421 0.3311 0.0541
vn 0.9421 0.3310 0.0542
vn 0.9420 0.3311 -0.0543
vn 0.8764 0.3080 -0.3702
vn 0.7809 0.2744 -0.5612
vn 0.7191 0.2527 -0.6474
vn 0.5709 0.2006 -0.7962
vn 0.3961 0.1392 -0.9076
vn 0.3012 0.1058 -0.9477
vn 0.2029 0.0713 -0.9766
vn 0.2029 0.0714 -0.9766
vn 0.1019 0.0359 -0.9941
vn -0.1019 -0.0359 -0.9941
vn -0.2030 -0.0714 -0.9766
vn -0.2029 -0.0712 -0.9766
vn -0.5709 -0.2007 -0.7961
vn -0.6489 -0.2280 -0.7259
vn -0.7191 -0.2527 -0.6474
vn -0.7808 -0.2745 -0.5613
vn -0.7809 -0.2744 -0.5611
vn -0.8764 -0.3080 -0.3703
vn -0.9310 -0.3273 -0.1618
vn -0.9421 -0.3311 -0.0540
vn -0.9421 -0.3310 -0.0543
vn -0.9420 -0.3311 0.0541
vn -0.9091 -0.3195 0.2675
vn -0.8764 -0.3080 0.3703
vn -0.6489 -0.2280 0.7259
vn -0.5709 -0.2007 0.7961
vn 0.3962 0.1392 0.9076
vn 0.5710 0.2006 0.7961
vn 0.8764 0.3080 0.3703
vn 0.9420 0.3311 0.0541
vn 0.9421 0.3311 0.0542
vn 0.9311 0.3271 -0.1616
vn 0.8335 0.2928 -0.4686
vn 0.7809 0.2745 -0.5611
vn 0.2028 0.0712 -0.9766
vn -0.1020 -0.0358 -0.9941
vn -0.3013 -0.1058 -0.9476
vn -0.6488 -0.2281 -0.7260
vn -0.7809 -0.2745 -0.5610
vn -0.8335 -0.2928 -0.4686
vn -0.9311 -0.3271 -0.1616
vn -0.9310 -0.3271 0.1617
vn -0.9090 -0.3194 0.2677
vn -0.8765 -0.3080 0.3701
vn -0.8765 -0.3081 0.3700
vn -0.8334 -0.2929 0.4686
vn -0.8336 -0.2929 0.4682
vn -0.7808 -0.2743 0.5613
vn -0.7810 -0.2745 0.5610
vn -0.7189 -0.2527 0.6476
vn -0.4865 -0.1710 0.8568
vn 0.4865 0.1709 0.8568
vn 0.5708 0.2007 0.7962
vn 0.7809 0.2745 0.5612
vn 0.7808 0.2743 0.5613
vn 0.8334 0.2929 0.4686
vn 0.8765 0.3081 0.3700
vn 0.8766 0.3080 0.3699
vn 0.9311 0.3272 0.1615
vn 0.9421 0.3311 0.0540
vn 0.9311 0.3272 -0.1615
vn 0.8765 0.3080 -0.3701
vn 0.7808 0.2744 -0.5612
vn 0.7807 0.2744 -0.5614
vn 0.7191 0.2526 -0.6474
vn 0.7192 0.2528 -0.6472
vn 0.6488 0.2279 -0.7260
vn 0.5709 0.2007 -0.7961
vn 0.3962 0.1393 -0.9075
vn 0.3013 0.1058 -0.9476
vn -0.3014 -0.1059 -0.9476
vn -0.3013 -0.1060 -0.9476
vn -0.4864 -0.1709 -0.8568
vn -0.7190 -0.2527 -0.6475
vn -0.7191 -0.2526 -0.6474
vn -0.7808 -0.2744 -0.5614
vn -0.8336 -0.2930 -0.4682
vn -0.9090 -0.3195 -0.2677
vn -0.9311 -0.3272 -0.1615
vn -0.9090 -0.3195 0.2675
vn -0.8337 -0.2929 0.4682
vn -0.7808 -0.2744 0.5614
vn -0.7189 -0.2526 0.6476
vn -0.5709 -0.2005 0.7961
vn -0.3014 -0.1059 0.9476
vn -0.1019 -0.0358 0.9941
vn -0.1019 -0.0359 0.9941
vn 0.1019 0.0359 0.9941
vn 0.1019 0.0358 0.9941
vn 0.3013 0.1060 0.9476
vn 0.6489 0.2280 0.7259
vn 0.7807 0.2745 0.5614
vn 0.8765 0.3080 0.3701
vn 0.8765 0.3080 0.3699
vn 0.9090 0.3195 0.2675
vn 0.9310 0.3271 0.1619
vn 0.9090 0.3196 -0.2675
vn 0.8765 0.3079 -0.3701
vn 0.8765 0.3081 -0.3698
vn 0.8334 0.2930 -0.4686
vn 0.8336 0.2928 -0.4684
vn 0.5710 0.2007 -0.7960
vn 0.5710 0.2006 -0.7960
vn 0.3962 0.1391 -0.9076
vn -0.5710 -0.2006 -0.7960
vn -0.5710 -0.2007 -0.7960
vn -0.6488 -0.2279 -0.7260
vn -0.7810 -0.2745 -0.5610
vn -0.7808 -0.2743 -0.5613
vn -0.8337 -0.2928 -0.4683
vn -0.8334 -0.2930 -0.4686
vn -0.8764 -0.3081 -0.3700
vn -0.8765 -0.3079 -0.3701
vn -0.9090 -0.3196 -0.2675
vn -0.9310 -0.3273 0.1617
vn -0.9311 -0.3271 0.1617
vn -0.8765 -0.3080 0.3700
vn -0.5710 -0.2006 0.7960
vn -0.5710 -0.2007 0.7960
vn -0.4864 -0.1708 0.8569
vn -0.3013 -0.1058 0.9476
vn -0.1021 -0.0358 0.9941
vn 0.6487 0.2279 0.7261
vn 0.7191 0.2528 0.6473
vn 0.8765 0.3080 0.3700
vn 0.9310 0.3273 0.1615
vn 0.9420 0.3311 0.0540
vn 0.9420 0.3312 -0.0540
vn 0.9421 0.3310 -0.0542
vn 0.7807 0.2745 -0.5614
vn 0.6489 0.2280 -0.7259
vn 0.2030 0.0714 -0.9766
vn 0.2029 0.0712 -0.9766
vn -0.2029 -0.0713 -0.9766
vn -0.2029 -0.0714 -0.9766
vn -0.4864 -0.1711 -0.8568
vn -0.5709 -0.2005 -0.7961
vn -0.7189 -0.2527 -0.6476
vn -0.8337 -0.2929 -0.4682
vn -0.9420 -0.3312 -0.0542
vn -0.8764 -0.3081 0.3702
vn -0.7191 -0.2528 0.6473
vn -0.3962 -0.1393 0.9075
vn 0.8764 0.3081 0.3702
vn 0.9420 0.3311 -0.0540
vn 0.9310 0.3271 -0.1619
vn 0.8336 0.2929 -0.4683
vn 0.4864 0.1710 -0.8569
vn -0.6489 -0.2281 -0.7259
vn -0.9310 -0.3271 -0.1618
vn -0.9420 -0.3311 -0.0540
vn -0.9420 -0.3310 -0.0543
vn -0.6983 0.7066 0.1145
vn -0.6818 0.7066 0.1893
vn -0.6574 0.7066 0.2619
vn -0.6252 0.7066 0.3315
vn -0.5857 0.7066 0.3971
vn -0.5393 0.7066 0.4581
vn -0.4866 0.7066 0.5137
vn -0.4282 0.7066 0.5633
vn -0.3648 0.7066 0.6063
vn -0.2971 0.7066 0.6423
vn -0.2971 0.7066 0.6422
vn -0.2259 0.7066 0.6706
vn -0.1521 0.7066 0.6911
vn -0.0765 0.7066 0.7035
vn -0.0000 0.7066 0.7076
vn 0.0765 0.7066 0.7035
vn 0.1521 0.7066 0.6911
vn 0.2259 0.7066 0.6706
vn 0.2971 0.7066 0.6422
vn 0.3648 0.7066 0.6063
vn 0.4282 0.7066 0.5634
vn 0.4282 0.7066 0.5633
vn 0.4866 0.7066 0.5137
vn 0.5393 0.7066 0.4581
vn 0.5857 0.7066 0.3971
vn 0.6252 0.7066 0.3315
vn 0.6252 0.7066 0.3314
vn 0.6574 0.7066 0.2619
vn 0.6819 0.7066 0.1893
vn 0.6818 0.7066 0.1893
vn 0.6983 0.7066 0.1145
vn 0.7066 0.7066 0.0383
vn 0.7066 0.7066 -0.0383
vn 0.6983 0.7066 -0.1145
vn 0.6818 0.7066 -0.1893
vn 0.6574 0.7066 -0.2619
vn 0.6252 0.7066 -0.3315
vn 0.5857 0.7066 -0.3971
vn 0.5393 0.7066 -0.4581
vn 0.4866 0.7066 -0.5137
vn 0.4283 0.7066 -0.5633
vn 0.4282 0.7066 -0.5633
vn 0.3648 0.7065 -0.6064
vn 0.3648 0.7066 -0.6063
vn 0.2972 0.7066 -0.6422
vn 0.2971 0.7066 -0.6422
vn 0.2259 0.7066 -0.6706
vn 0.1521 0.7066 -0.6911
vn 0.0765 0.7066 -0.7035
vn -0.0000 0.7066 -0.7076
vn -0.0765 0.7066 -0.7035
vn -0.1521 0.7066 -0.6911
vn -0.2259 0.7066 -0.6706
vn -0.2260 0.7066 -0.6706
vn -0.2971 0.7066 -0.6422
vn -0.3648 0.7066 -0.6063
vn -0.4283 0.7066 -0.5633
vn -0.4282 0.7066 -0.5633
vn -0.4866 0.7066 -0.5137
vn -0.5393 0.7066 -0.4581
vn -0.5857 0.7066 -0.3971
vn -0.6252 0.7066 -0.3314
vn -0.6252 0.7066 -0.3315
vn -0.6574 0.7066 -0.2619
vn -0.6819 0.7066 -0.1893
vn -0.6818 0.7066 -0.1893
vn -0.6983 0.7066 -0.1145
vn -0.7066 0.7066 -0.0383
vn -0.7066 0.7066 0.0383
vn -0.6819 0.7066 0.1893
vn -0.6252 0.7066 0.3314
vn -0.4283 0.7066 0.5633
vn 0.2972 0.7066 0.6422
vn 0.3648 0.7066 0.6064
vn 0.4283 0.7066 0.5633
vn 0.6819 0.7066 -0.1893
vn 0.6252 0.7066 -0.3314
vn 0.5393 0.7065 -0.4581
vn -0.2972 0.7066 -0.6422
vn -0.3648 0.7066 -0.6064
vn -0.7065 0.7066 -0.0383
vn -0.3648 0.7065 0.6064
vn -0.2972 0.7066 0.6422
vn -0.2260 0.7066 0.6706
vn 0.4866 0.7066 0.5138
vn 0.4867 0.7066 -0.5137
vn 0.3648 0.7066 -0.6064
vn -0.5394 0.7066 -0.4581
vn -0.3648 0.7066 0.6064
vn -0.4282 0.7066 -0.5634
vn -0.4866 0.7066 0.5138
vn 0.6573 0.7066 0.2619
vn 0.5394 0.7066 -0.4581
vn 0.2260 0.7066 0.6706
vn 0.5394 0.7066 0.4581
vn 0.6573 0.7066 -0.2619
vn 0.5393 0.7067 -0.4581
vn 0.2260 0.7066 -0.6706
vn -0.9985 -0.0000 0.0541
vn -0.9868 -0.0000 0.1618
vn -0.9635 -0.0000 0.2675
vn -0.9636 -0.0000 0.2675
vn -0.9290 -0.0000 0.3701
vn -0.9290 -0.0000 0.3702
vn -0.8835 -0.0000 0.4684
vn -0.8277 -0.0000 0.5612
vn -0.7621 -0.0000 0.6474
vn -0.6877 -0.0000 0.7260
vn -0.6052 -0.0000 0.7961
vn -0.5155 -0.0000 0.8569
vn -0.4199 -0.0000 0.9076
vn -0.3193 -0.0000 0.9477
vn -0.2150 -0.0000 0.9766
vn -0.1081 -0.0000 0.9941
vn 0.1081 -0.0000 0.9941
vn 0.2150 -0.0000 0.9766
vn 0.3193 -0.0000 0.9477
vn 0.4199 -0.0000 0.9076
vn 0.5155 -0.0000 0.8569
vn 0.6052 -0.0000 0.7961
vn 0.6877 -0.0000 0.7260
vn 0.7621 -0.0000 0.6474
vn 0.7622 -0.0000 0.6474
vn 0.8277 -0.0000 0.5612
vn 0.8835 -0.0000 0.4684
vn 0.9290 -0.0000 0.3701
vn 0.9635 -0.0000 0.2675
vn 0.9868 -0.0000 0.1618
vn 0.9985 -0.0000 0.0541
vn 0.9985 -0.0000 0.0542
vn 0.9985 -0.0000 -0.0542
vn 0.9985 -0.0000 -0.0541
vn 0.9868 -0.0000 -0.1618
vn 0.9635 -0.0000 -0.2675
vn 0.9290 -0.0000 -0.3701
vn 0.8835 -0.0000 -0.4684
vn 0.8277 -0.0000 -0.5612
vn 0.7622 -0.0000 -0.6474
vn 0.7621 -0.0000 -0.6474
vn 0.6877 -0.0000 -0.7260
vn 0.6052 -0.0000 -0.7961
vn 0.5156 -0.0000 -0.8569
vn 0.5156 -0.0000 -0.8568
vn 0.4199 -0.0000 -0.9076
vn 0.3193 -0.0000 -0.9477
vn 0.2150 -0.0000 -0.9766
vn 0.1081 -0.0000 -0.9941
vn -0.1081 -0.0000 -0.9941
vn -0.2150 -0.0000 -0.9766
vn -0.3193 -0.0000 -0.9477
vn -0.4199 -0.0000 -0.9076
vn -0.5156 -0.0000 -0.8569
vn -0.5156 -0.0000 -0.8568
vn -0.6052 -0.0000 -0.7961
vn -0.6877 -0.0000 -0.7260
vn -0.7621 -0.0000 -0.6474
vn -0.8277 -0.0000 -0.5612
vn -0.8835 -0.0000 -0.4684
vn -0.9290 -0.0000 -0.3702
vn -0.9290 -0.0000 -0.3701
vn -0.9636 -0.0000 -0.2675
vn -0.9635 -0.0000 -0.2675
vn -0.9868 -0.0000 -0.1618
vn -0.9985 -0.0000 -0.0541
vn 0.5155 -0.0000 -0.8569
vn -0.5155 -0.0000 -0.8569
vn -0.5156 -0.0000 0.8568
vn -0.5156 -0.0000 0.8569
vn 0.5156 -0.0000 0.8568
vn 0.5156 -0.0000 0.8569
vn -0.9985 -0.0000 0.0542
vn -0.7622 -0.0000 0.6474
vn 0.9290 -0.0000 0.3702
vn 0.9636 -0.0000 0.2675
vn 0.9636 -0.0000 -0.2675
vn 0.9290 -0.0000 -0.3702
vn -0.7622 -0.0000 -0.6474
vn -0.9985 -0.0000 -0.0542
vn -0.4282 0.7066 0.5634
vn -0.6573 0.7066 0.2619
vn -0.4867 0.7065 0.5138
vn 0.2971 0.7066 0.6423
vn 0.6819 0.7065 0.1893
vn 0.6574 0.7066 -0.2620
vn 0.5857 0.7065 -0.3971
vn 0.4283 0.7066 -0.5634
vn -0.6573 0.7066 -0.2619
vn -0.6819 0.7065 -0.1893
vn -0.7065 0.7067 -0.0383
vn -0.6574 0.7065 0.2619
vn -0.4867 0.7066 0.5137
vn 0.7065 0.7067 -0.0383
vn -0.5393 0.7065 -0.4582
vn -0.6574 0.7066 -0.2620
vn -0.1521 0.7066 0.6910
vn 0.2971 0.7065 0.6423
vn 0.7065 0.7066 0.0383
vn 0.4282 0.7066 -0.5634
vn 0.1522 0.7066 -0.6911
vn -0.1522 0.7066 -0.6911
vn -0.2971 0.7066 -0.6423
vn -0.4867 0.7066 -0.5137
vn -0.6984 0.7065 -0.1145
vn -0.2260 0.7066 0.6705
vn 0.4867 0.7065 0.5138
vn 0.2971 0.7065 -0.6423
vn 0.1522 0.7066 -0.6910
vn -0.5857 0.7065 -0.3971
vn -0.5394 0.7065 0.4581
vn 0.5394 0.7065 0.4581
vn 0.6819 0.7065 -0.1893
vn 0.4283 0.7065 -0.5634
vn -0.6252 0.7065 0.3315
vn 0.4867 0.7066 0.5137
vn 0.6984 0.7065 0.1145
vn 0.2971 0.7066 -0.6423
vn -0.3193 -0.0000 0.9476
vn 0.3193 -0.0000 0.9476
vn 0.1082 -0.0000 -0.9941
vn -0.1082 -0.0000 -0.9941
vn 0.6051 -0.0000 -0.7961
vn -0.6051 -0.0000 -0.7961
vn -0.3316 0.9434 -0.0000
vn -0.3315 0.9435 0.0001
vn -0.3315 0.9434 -0.0001
vn -0.3316 0.9434 0.0001
vn -0.3315 0.9435 -0.0000
vn -0.3315 0.9434 -0.0000
vn -0.3317 0.9434 0.0001
vn -0.3314 0.9435 -0.0000
vn -0.3317 0.9434 -0.0000
vn -0.3315 0.9435 -0.0001
vn -0.3316 0.9434 -0.0001
vn -0.3315 0.9434 0.0001
vn -0.3315 0.9434 -0.0002
vn -0.3315 0.9434 0.0002
vn -0.3318 0.9434 -0.0000
vn -0.3316 0.9434 0.0002
vn -0.3317 0.9434 -0.0001
vn -0.3317 0.9434 0.0003
vn -0.3318 0.9434 -0.0003
vn -0.3313 0.9435 0.0002
vn -0.3313 0.9435 0.0003
vn -0.3318 0.9433 -0.0007
vn -0.3318 0.9434 -0.0001
vn -0.3314 0.9435 0.0002
vn -0.3321 0.9432 0.0001
vn -0.3313 0.9435 -0.0000
vn -0.3319 0.9433 -0.0000
vn -0.3312 0.9435 0.0002
vn -0.3314 0.9435 -0.0001
vn -0.3314 0.9435 0.0001
vn -0.3314 0.9435 -0.0007
vn 0.3315 0.9434 0.0001
vn 0.3316 0.9434 -0.0000
vn 0.3314 0.9435 -0.0000
vn 0.3315 0.9434 -0.0001
vn 0.3315 0.9434 -0.0000
vn 0.3315 0.9435 -0.0000
vn 0.3316 0.9434 0.0001
vn 0.3315 0.9435 0.0001
vn 0.3316 0.9434 -0.0001
vn 0.3315 0.9435 -0.0001
vn 0.3317 0.9434 -0.0000
vn 0.3315 0.9434 -0.0003
vn 0.3316 0.9434 0.0002
vn 0.3319 0.9433 -0.0003
vn 0.3314 0.9435 -0.0001
vn 0.3321 0.9432 -0.0003
vn 0.3323 0.9432 -0.0000
vn 0.3312 0.9435 0.0002
vn 0.3319 0.9433 -0.0000
vn 0.3317 0.9434 0.0001
vn 0.3313 0.9435 -0.0000
vn 0.3308 0.9437 -0.0004
vn 0.3317 0.9434 -0.0001
vn 0.3314 0.9435 0.0001
vn 0.3316 0.9434 -0.0002
vn -0.1647 0.9442 -0.2853
vn -0.1647 0.9442 -0.2852
vn -0.1645 0.9443 -0.2850
vn -0.1644 0.9444 -0.2848
vn -0.1641 0.9445 -0.2844
vn -0.1648 0.9441 -0.2855
vn -0.1646 0.9443 -0.2851
vn -0.1648 0.9441 -0.2854
vn -0.1648 0.9442 -0.2854
vn -0.1646 0.9442 -0.2852
vn -0.1648 0.9442 -0.2853
vn -0.1647 0.9442 -0.2854
vn -0.1646 0.9442 -0.2851
vn -0.1650 0.9440 -0.2859
vn -0.1645 0.9443 -0.2849
vn -0.1647 0.9441 -0.2854
vn -0.1649 0.9441 -0.2856
vn -0.1643 0.9445 -0.2846
vn -0.1644 0.9443 -0.2851
vn -0.1649 0.9441 -0.2855
vn -0.1650 0.9440 -0.2857
vn -0.1649 0.9440 -0.2856
vn -0.1644 0.9443 -0.2849
vn -0.1647 0.9442 -0.2851
vn -0.1655 0.9438 -0.2862
vn -0.1648 0.9441 -0.2853
vn -0.1646 0.9442 -0.2853
vn -0.1645 0.9443 -0.2851
vn -0.1647 0.9441 -0.2855
vn -0.1645 0.9441 -0.2856
vn -0.1645 0.9442 -0.2854
vn -0.1650 0.9441 -0.2855
vn -0.1652 0.9440 -0.2857
vn -0.1650 0.9441 -0.2853
vn -0.1652 0.9438 -0.2863
vn -0.1647 0.9439 -0.2861
vn -0.1641 0.9446 -0.2843
vn -0.1652 0.9439 -0.2860
vn -0.1646 0.9443 -0.2850
vn -0.1645 0.9445 -0.2845
vn -0.1648 0.9442 -0.2852
vn 0.1647 0.9442 -0.2853
vn 0.1647 0.9442 -0.2854
vn 0.1648 0.9441 -0.2854
vn 0.1646 0.9442 -0.2852
vn 0.1645 0.9444 -0.2849
vn 0.1647 0.9442 -0.2852
vn 0.1648 0.9442 -0.2854
vn 0.1648 0.9441 -0.2856
vn 0.1648 0.9442 -0.2853
vn 0.1646 0.9443 -0.2850
vn 0.1646 0.9442 -0.2851
vn 0.1648 0.9441 -0.2855
vn 0.1646 0.9443 -0.2851
vn 0.1645 0.9444 -0.2848
vn 0.1646 0.9442 -0.2853
vn 0.1644 0.9444 -0.2848
vn 0.1647 0.9441 -0.2854
vn 0.1645 0.9443 -0.2849
vn 0.1650 0.9440 -0.2859
vn 0.1649 0.9440 -0.2857
vn 0.1645 0.9443 -0.2851
vn 0.1647 0.9441 -0.2855
vn 0.1645 0.9443 -0.2850
vn 0.1646 0.9443 -0.2849
vn 0.1649 0.9442 -0.2852
vn 0.1650 0.9440 -0.2857
vn 0.1649 0.9441 -0.2855
vn 0.1645 0.9443 -0.2852
vn 0.1649 0.9441 -0.2856
vn 0.1648 0.9442 -0.2852
vn 0.1650 0.9440 -0.2856
vn 0.1640 0.9445 -0.2847
vn 0.1647 0.9441 -0.2856
vn 0.1643 0.9444 -0.2846
vn 0.1650 0.9440 -0.2858
vn 0.1647 0.9442 -0.2851
vn 0.1653 0.9438 -0.2861
vn 0.1670 0.9430 -0.2878
vn -0.0000 -1.0000 -0.0000
vn 0.9607 0.2778 -0.0000
vn -0.0000 1.0000 -0.0000
vn -0.9607 0.2778 -0.0000
vn 1.0000 -0.0000 -0.0000
vn 0.5000 -0.0000 -0.8660
vn -1.0000 -0.0000 -0.0000
vn -0.5000 -0.0000 0.8660
vn 0.5000 -0.0000 0.8660
vn -0.5000 -0.0000 -0.8660
vn -0.5084 0.2998 -0.8073
vn -0.0981 0.9655 0.2414
vn -0.1422 0.6999 0.6999
vn -0.3241 -0.9347 0.1459
vn -0.1361 0.9058 -0.4012
vn -0.4771 0.2936 0.8283
vn -0.4778 0.2948 0.8275
vn 0.5084 0.2998 -0.8073
vn 0.0995 0.7960 0.5970
vn 0.3241 -0.9347 0.1459
vn 0.1361 0.9058 -0.4012
vn 0.4778 0.2948 0.8275
vn 0.4771 0.2936 0.8283
vn -0.5189 0.3015 0.7999
vn -0.5971 0.3125 0.7388
vn -0.6519 0.3188 0.6880
vn -0.6693 0.3208 0.6702
vn -0.6864 0.3219 0.6521
vn -0.7192 0.3243 0.6144
vn -0.7348 0.3255 0.5950
vn -0.7503 0.3259 0.5752
vn -0.7794 0.3266 0.5347
vn -0.7931 0.3270 0.5139
vn -0.8065 0.3265 0.4928
vn -0.8318 0.3256 0.4496
vn -0.8434 0.3252 0.4277
vn -0.8548 0.3239 0.4055
vn -0.8758 0.3214 0.3601
vn -0.8854 0.3202 0.3371
vn -0.8946 0.3181 0.3140
vn -0.9111 0.3140 0.2670
vn -0.9184 0.3120 0.2433
vn -0.9254 0.3091 0.2194
vn -0.9374 0.3034 0.1712
vn -0.9424 0.3006 0.1469
vn -0.9470 0.2970 0.1225
vn -0.9542 0.2898 0.0737
vn -0.9569 0.2863 0.0491
vn -0.9591 0.2820 0.0246
vn -0.5300 0.3032 -0.7919
vn -0.5300 0.3031 -0.7919
vn -0.5721 0.3092 -0.7596
vn -0.5722 0.3092 -0.7596
vn -0.6127 0.3144 -0.7251
vn -0.6514 0.3187 -0.6886
vn -0.6514 0.3187 -0.6885
vn -0.6883 0.3220 -0.6501
vn -0.6884 0.3221 -0.6499
vn -0.7232 0.3245 -0.6096
vn -0.7232 0.3245 -0.6097
vn -0.7561 0.3260 -0.5675
vn -0.7868 0.3267 -0.5236
vn -0.7867 0.3266 -0.5238
vn -0.8152 0.3263 -0.4785
vn -0.8153 0.3263 -0.4784
vn -0.8414 0.3250 -0.4318
vn -0.8414 0.3250 -0.4319
vn -0.8650 0.3228 -0.3840
vn -0.8651 0.3228 -0.3839
vn -0.8863 0.3197 -0.3351
vn -0.8863 0.3197 -0.3350
vn -0.9050 0.3156 -0.2851
vn -0.9050 0.3157 -0.2852
vn -0.9211 0.3107 -0.2345
vn -0.9211 0.3107 -0.2344
vn -0.9347 0.3049 -0.1829
vn -0.9346 0.3049 -0.1832
vn -0.9455 0.2981 -0.1310
vn -0.9455 0.2982 -0.1311
vn -0.9536 0.2906 -0.0787
vn -0.9536 0.2906 -0.0789
vn -0.9590 0.2823 -0.0264
vn -0.9590 0.2822 -0.0262
vn 0.9591 0.2820 0.0246
vn 0.9569 0.2863 0.0491
vn 0.9542 0.2898 0.0737
vn 0.9470 0.2970 0.1225
vn 0.9424 0.3006 0.1469
vn 0.9374 0.3034 0.1712
vn 0.9254 0.3091 0.2194
vn 0.9184 0.3120 0.2433
vn 0.9111 0.3140 0.2670
vn 0.8946 0.3181 0.3140
vn 0.8854 0.3202 0.3371
vn 0.8758 0.3214 0.3601
vn 0.8548 0.3239 0.4055
vn 0.8434 0.3252 0.4277
vn 0.8318 0.3256 0.4496
vn 0.8065 0.3265 0.4928
vn 0.7931 0.3270 0.5139
vn 0.7794 0.3266 0.5347
vn 0.7503 0.3259 0.5752
vn 0.7348 0.3255 0.5950
vn 0.7192 0.3243 0.6144
vn 0.6864 0.3219 0.6521
vn 0.6693 0.3208 0.6702
vn 0.6519 0.3188 0.6880
vn 0.5971 0.3125 0.7388
vn 0.5189 0.3015 0.7999
vn 0.9590 0.2822 -0.0262
vn 0.9590 0.2823 -0.0264
vn 0.9536 0.2906 -0.0789
vn 0.9536 0.2906 -0.0787
vn 0.9455 0.2982 -0.1311
vn 0.9455 0.2981 -0.1310
vn 0.9346 0.3049 -0.1832
vn 0.9347 0.3049 -0.1829
vn 0.9211 0.3107 -0.2344
vn 0.9211 0.3107 -0.2345
vn 0.9050 0.3157 -0.2852
vn 0.9050 0.3156 -0.2851
vn 0.8863 0.3197 -0.3350
vn 0.8863 0.3197 -0.3351
vn 0.8651 0.3228 -0.3839
vn 0.8650 0.3228 -0.3840
vn 0.8414 0.3250 -0.4319
vn 0.8414 0.3250 -0.4318
vn 0.8153 0.3263 -0.4784
vn 0.8152 0.3263 -0.4785
vn 0.7867 0.3266 -0.5238
vn 0.7868 0.3267 -0.5236
vn 0.7561 0.3260 -0.5675
vn 0.7232 0.3245 -0.6097
vn 0.7232 0.3245 -0.6096
vn 0.6884 0.3221 -0.6499
vn 0.6883 0.3220 -0.6501
vn 0.6514 0.3187 -0.6885
vn 0.6514 0.3187 -0.6886
vn 0.6127 0.3144 -0.7251
vn 0.5722 0.3092 -0.7596
vn 0.5721 0.3092 -0.7596
vn 0.5300 0.3031 -0.7919
vn 0.5300 0.3032 -0.7919
vn -0.0023 1.0000 -0.0000
vn 0.0001 1.0000 -0.0000
vn -0.0001 1.0000 -0.0000
vn 0.0015 1.0000 -0.0000
vn -0.0002 1.0000 -0.0000
vn -0.0003 1.0000 -0.0000
vn -0.0015 1.0000 -0.0000
vn 0.0009 1.0000 -0.0000
vn 0.0003 1.0000 -0.0000
vn -0.0254 -0.0000 0.9997
vn 0.0254 -0.0000 0.9997
vn -0.0562 -0.0000 -0.9984
vn 0.1214 -0.0000 0.9926
vn -0.1428 -0.0000 -0.9897
vn 0.2008 -0.0000 0.9796
vn -0.8913 -0.0000 -0.4535
vn 0.9129 -0.0000 0.4082
vn -0.9254 -0.0000 -0.3790
vn 0.9449 -0.0000 0.3273
vn -0.7923 -0.0000 -0.6102
vn 0.8361 -0.0000 0.5485
vn -0.8500 -0.0000 -0.5268
vn 0.8746 -0.0000 0.4848
vn -0.9785 -0.0000 -0.2063
vn 0.9909 -0.0000 0.1346
vn -0.9550 -0.0000 -0.2966
vn 0.9729 -0.0000 0.2313
vn 0.9550 -0.0000 -0.2966
vn -0.9729 -0.0000 0.2313
vn 0.7562 -0.0000 -0.6544
vn -0.7879 -0.0000 0.6158
vn -0.7214 -0.0000 0.6925
vn 0.6921 -0.0000 -0.7218
vn 0.8500 -0.0000 -0.5268
vn -0.8746 -0.0000 0.4848
vn 0.7923 -0.0000 -0.6102
vn -0.8361 -0.0000 0.5485
vn -0.9909 -0.0000 0.1346
vn 0.9785 -0.0000 -0.2063
vn -0.9129 -0.0000 0.4082
vn 0.8913 -0.0000 -0.4535
vn -0.9449 -0.0000 0.3273
vn 0.9254 -0.0000 -0.3790
vn -0.2833 -0.0000 0.9590
vn 0.2344 -0.0000 -0.9722
vn -0.3594 -0.0000 0.9332
vn 0.3221 -0.0000 -0.9467
vn -0.2008 -0.0000 0.9796
vn 0.1428 -0.0000 -0.9897
vn -0.1214 -0.0000 0.9926
vn 0.0562 -0.0000 -0.9984
vn -0.5914 -0.0000 0.8064
vn 0.5600 -0.0000 -0.8285
vn -0.6641 -0.0000 0.7477
vn -0.6640 -0.0000 0.7477
vn 0.6296 -0.0000 -0.7769
vn -0.4553 -0.0000 0.8903
vn 0.3946 -0.0000 -0.9189
vn 0.4741 -0.0000 -0.8805
vn -0.5260 -0.0000 0.8505
vn 0.6641 -0.0000 0.7477
vn -0.6296 -0.0000 -0.7769
vn 0.5914 -0.0000 0.8064
vn -0.5600 -0.0000 -0.8285
vn 0.7879 -0.0000 0.6158
vn -0.7562 -0.0000 -0.6544
vn 0.7214 -0.0000 0.6925
vn -0.6921 -0.0000 -0.7218
vn 0.3594 -0.0000 0.9332
vn -0.3221 -0.0000 -0.9467
vn 0.2833 -0.0000 0.9590
vn -0.2344 -0.0000 -0.9722
vn 0.5260 -0.0000 0.8505
vn 0.5001 -0.0000 -0.8660
vn -0.4741 -0.0000 -0.8805
vn 0.4553 -0.0000 0.8903
vn -0.3946 -0.0000 -0.9189
vn -0.9980 -0.0000 0.0631
vn 0.9930 -0.0000 -0.1183
vn 0.9980 -0.0000 0.0631
vn -0.9930 -0.0000 -0.1183
usemtl screw
f 1//1 2//1 3//1
f 2//2 4//2 3//2
f 3//2 4//2 5//2
f 4//3 6//3 5//3
f 5//4 6//4 7//4
f 6//5 8//5 7//5
f 7//5 8//5 9//5
f 8//6 10//6 9//6
f 9//6 10//6 11//6
f 10//7 12//7 11//7
f 11//7 12//7 13//7
f 12//8 14//8 13//8
f 13//8 14//8 15//8
f 14//9 16//9 15//9
f 15//9 16//9 17//9
f 16//10 18//10 17//10
f 17//10 18//10 19//10
f 18//11 20//11 19//11
f 19//11 20//11 21//11
f 20//12 22//12 21//12
f 21//12 22//12 23//12
f 22//13 24//13 23//13
f 23//13 24//13 25//13
f 24//14 26//14 25//14
f 25//14 26//14 27//14
f 26//15 28//15 27//15
f 27//15 28//15 29//15
f 28//16 30//16 29//16
f 29//16 30//16 31//16
f 30//17 32//17 31//17
f 31//17 32//17 33//17
f 32//18 34//18 33//18
f 33//18 34//18 35//18
f 34//19 36//19 35//19
f 35//19 36//19 37//19
f 36//20 38//20 37//20
f 37//20 38//20 39//20
f 38//21 40//21 39//21
f 39//21 40//21 41//21
f 40//22 42//22 41//22
f 41//22 42//22 43//22
f 42//23 44//23 43//23
f 43//23 44//23 45//23
f 44//24 46//24 45//24
f 45//24 46//24 47//24
f 46//25 48//25 47//25
f 47//25 48//25 49//25
f 48//26 50//26 49//26
f 49//26 50//26 51//26
f 50//27 52//27 51//27
f 51//27 52//27 53//27
f 52//28 54//28 53//28
f 53//28 54//28 55//28
f 54//29 56//29 55//29
f 55//29 56//29 57//29
f 56//30 58//30 57//30
f 57//30 58//30 59//30
f 58//31 60//31 59//31
f 59//31 60//31 61//31
f 60//32 62//32 61//32
f 61//32 62//32 63//32
f 62//33 64//33 63//33
f 63//33 64//33 65//33
f 64//34 66//34 65//34
f 65//34 66//34 67//34
f 66//35 68//35 67//35
f 67//35 68//35 69//35
f 68//36 70//36 69//36
f 69//36 70//36 71//36
f 70//37 72//37 71//37
f 71//37 72//37 73//37
f 72//38 74//38 73//38
f 73//38 74//38 75//38
f 74//39 76//39 75//39
f 75//39 76//39 77//39
f 76//40 78//40 77//40
f 77//40 78//40 79//40
f 78//41 80//41 79//41
f 79//41 80//41 81//41
f 80//42 82//42 81//42
f 81//42 82//42 83//42
f 82//43 84//43 83//43
f 83//43 84//43 85//43
f 84//44 86//44 85//44
f 85//44 86//44 87//44
f 86//45 88//45 87//45
f 87//45 88//45 89//45
f 88//46 90//46 89//46
f 89//46 90//46 91//46
f 90//47 92//47 91//47
f 91//47 92//47 93//47
f 92//48 94//48 93//48
f 93//48 94//48 95//48
f 94//49 96//49 95//49
f 95//49 96//49 97//49
f 96//50 98//50 97//50
f 97//50 98//50 99//50
f 98//51 100//51 99//51
f 99//51 100//51 101//51
f 100//52 102//52 101//52
f 101//52 102//52 103//52
f 102//53 104//53 103//53
f 103//53 104//53 105//53
f 104//54 106//54 105//54
f 105//54 106//54 107//54
f 106//55 108//55 107//55
f 107//55 108//55 109//55
f 108//56 110//56 109//56
f 109//56 110//56 111//56
f 110//57 112//57 111//57
f 111//58 112//58 113//58
f 112//59 114//59 113//59
f 113//59 114//59 115//59
f 114//60 116//60 115//60
f 115//60 116//60 1//60
f 116//1 2//1 1//1
f 1//61 3//61 117//61
f 111//61 113//61 117//61
f 113//61 115//61 117//61
f 117//61 115//61 1//61
f 105//61 107//61 117//61
f 107//61 109//61 117//61
f 117//61 109//61 111//61
f 99//61 101//61 117//61
f 101//61 103//61 117//61
f 117//61 103//61 105//61
f 93//61 95//61 117//61
f 95//61 97//61 117//61
f 117//61 97//61 99//61
f 87//61 89//61 117//61
f 89//61 91//61 117//61
f 117//61 91//61 93//61
f 81//61 83//61 117//61
f 83//61 85//61 117//61
f 117//61 85//61 87//61
f 75//61 77//61 117//61
f 77//61 79//61 117//61
f 117//61 79//61 81//61
f 69//61 71//61 117//61
f 71//61 73//61 117//61
f 117//61 73//61 75//61
f 63//61 65//61 117//61
f 65//61 67//61 117//61
f 117//61 67//61 69//61
f 57//61 59//61 117//61
f 59//61 61//61 117//61
f 117//61 61//61 63//61
f 51//61 53//61 117//61
f 53//61 55//61 117//61
f 117//61 55//61 57//61
f 45//61 47//61 117//61
f 47//61 49//61 117//61
f 117//61 49//61 51//61
f 39//61 41//61 117//61
f 41//61 43//61 117//61
f 117//61 43//61 45//61
f 33//61 35//61 117//61
f 35//61 37//61 117//61
f 117//61 37//61 39//61
f 27//61 29//61 117//61
f 29//61 31//61 117//61
f 117//61 31//61 33//61
f 21//61 23//61 117//61
f 23//61 25//61 117//61
f 117//61 25//61 27//61
f 15//61 17//61 117//61
f 17//61 19//61 117//61
f 117//61 19//61 21//61
f 9//61 11//61 117//61
f 11//61 13//61 117//61
f 117//61 13//61 15//61
f 3//61 5//61 117//61
f 5//61 7//61 117//61
f 117//61 7//61 9//61
f 116//62 114//62 118//62
f 6//62 4//62 118//62
f 4//62 2//62 118//62
f 118//62 2//62 116//62
f 12//62 10//62 118//62
f 10//62 8//62 118//62
f 118//62 8//62 6//62
f 18//62 16//62 118//62
f 16//62 14//62 118//62
f 118//62 14//62 12//62
f 24//62 22//62 118//62
f 22//62 20//62 118//62
f 118//62 20//62 18//62
f 30//62 28//62 118//62
f 28//62 26//62 118//62
f 118//62 26//62 24//62
f 36//62 34//62 118//62
f 34//62 32//62 118//62
f 118//62 32//62 30//62
f 42//62 40//62 118//62
f 40//62 38//62 118//62
f 118//62 38//62 36//62
f 48//62 46//62 118//62
f 46//62 44//62 118//62
f 118//62 44//62 42//62
f 54//62 52//62 118//62
f 52//62 50//62 118//62
f 118//62 50//62 48//62
f 60//62 58//62 118//62
f 58//62 56//62 118//62
f 118//62 56//62 54//62
f 66//62 64//62 118//62
f 64//62 62//62 118//62
f 118//62 62//62 60//62
f 72//62 70//62 118//62
f 70//62 68//62 118//62
f 118//62 68//62 66//62
f 78//62 76//62 118//62
f 76//62 74//62 118//62
f 118//62 74//62 72//62
f 84//62 82//62 118//62
f 82//62 80//62 118//62
f 118//62 80//62 78//62
f 90//62 88//62 118//62
f 88//62 86//62 118//62
f 118//62 86//62 84//62
f 96//62 94//62 118//62
f 94//62 92//62 118//62
f 118//62 92//62 90//62
f 102//62 100//62 118//62
f 100//62 98//62 118//62
f 118//62 98//62 96//62
f 108//62 106//62 118//62
f 106//62 104//62 118//62
f 118//62 104//62 102//62
f 114//62 112//62 118//62
f 112//62 110//62 118//62
f 118//62 110//62 108//62
f 119//63 120//63 121//63
f 120//64 122//64 121//64
f 121//64 122//64 123//64
f 122//65 124//65 123//65
f 123//65 124//65 125//65
f 124//66 126//66 125//66
f 125//66 126//66 127//66
f 126//67 128//67 127//67
f 127//67 128//67 129//67
f 128//68 130//68 129//68
f 129//68 130//68 131//68
f 130//69 132//69 131//69
f 131//69 132//69 133//69
f 132//70 134//70 133//70
f 133//70 134//70 135//70
f 134//71 136//71 135//71
f 135//71 136//71 137//71
f 136//72 138//72 137//72
f 137//72 138//72 139//72
f 138//73 140//73 139//73
f 139//73 140//73 141//73
f 140//74 142//74 141//74
f 141//74 142//74 143//74
f 142//75 144//75 143//75
f 143//75 144//75 145//75
f 144//76 146//76 145//76
f 145//76 146//76 147//76
f 146//77 148//77 147//77
f 147//77 148//77 149//77
f 148//78 150//78 149//78
f 149//78 150//78 151//78
f 150//79 152//79 151//79
f 151//79 152//79 153//79
f 152//80 154//80 153//80
f 153//80 154//80 155//80
f 154//81 156//81 155//81
f 155//81 156//81 157//81
f 156//82 158//82 157//82
f 157//82 158//82 159//82
f 158//83 160//83 159//83
f 159//83 160//83 161//83
f 160//84 162//84 161//84
f 161//84 162//84 163//84
f 162//85 164//85 163//85
f 163//85 164//85 165//85
f 164//86 166//86 165//86
f 165//86 166//86 167//86
f 166//87 168//87 167//87
f 167//87 168//87 169//87
f 168//88 170//88 169//88
f 169//89 170//89 171//89
f 170//90 172//90 171//90
f 171//91 172//91 173//91
f 172//92 174//92 173//92
f 173//92 174//92 175//92
f 174//93 176//93 175//93
f 175//93 176//93 177//93
f 176//94 178//94 177//94
f 177//94 178//94 179//94
f 178//95 180//95 179//95
f 179//95 180//95 181//95
f 180//96 182//96 181//96
f 181//97 182//97 183//97
f 182//98 184//98 183//98
f 183//99 184//99 185//99
f 184//100 186//100 185//100
f 185//100 186//100 187//100
f 186//101 188//101 187//101
f 187//101 188//101 189//101
f 188//102 190//102 189//102
f 189//102 190//102 191//102
f 190//103 192//103 191//103
f 191//103 192//103 193//103
f 192//104 194//104 193//104
f 193//104 194//104 195//104
f 194//105 196//105 195//105
f 195//105 196//105 197//105
f 196//106 198//106 197//106
f 197//106 198//106 199//106
f 198//107 200//107 199//107
f 199//107 200//107 201//107
f 200//108 202//108 201//108
f 201//108 202//108 203//108
f 202//109 204//109 203//109
f 203//109 204//109 205//109
f 204//110 206//110 205//110
f 205//110 206//110 207//110
f 206//111 208//111 207//111
f 207//111 208//111 209//111
f 208//112 210//112 209//112
f 209//112 210//112 211//112
f 210//113 212//113 211//113
f 211//113 212//113 213//113
f 212//114 214//114 213//114
f 213//114 214//114 215//114
f 214//115 216//115 215//115
f 215//115 216//115 217//115
f 216//116 218//116 217//116
f 217//116 218//116 219//116
f 218//117 220//117 219//117
f 219//117 220//117 221//117
f 220//118 222//118 221//118
f 221//118 222//118 223//118
f 222//119 224//119 223//119
f 223//119 224//119 225//119
f 224//120 226//120 225//120
f 225//120 226//120 227//120
f 226//121 228//121 227//121
f 227//121 228//121 229//121
f 228//122 230//122 229//122
f 229//122 230//122 231//122
f 230//123 232//123 231//123
f 231//123 232//123 233//123
f 232//124 234//124 233//124
f 233//125 234//125 119//125
f 234//126 120//126 119//126
f 119//127 121//127 235//127
f 229//127 231//127 235//127
f 231//127 233//127 235//127
f 235//127 233//127 119//127
f 223//127 225//127 235//127
f 225//127 227//127 235//127
f 235//127 227//127 229//127
f 217//127 219//127 235//127
f 219//127 221//127 235//127
f 235//127 221//127 223//127
f 211//127 213//127 235//127
f 213//127 215//127 235//127
f 235//127 215//127 217//127
f 205//127 207//127 235//127
f 207//127 209//127 235//127
f 235//127 209//127 211//127
f 199//127 201//127 235//127
f 201//127 203//127 235//127
f 235//127 203//127 205//127
f 193//127 195//127 235//127
f 195//127 197//127 235//127
f 235//127 197//127 199//127
f 187//127 189//127 235//127
f 189//127 191//127 235//127
f 235//127 191//127 193//127
f 181//127 183//127 235//127
f 183//127 185//127 235//127
f 235//127 185//127 187//127
f 175//127 177//127 235//127
f 177//127 179//127 235//127
f 235//127 179//127 181//127
f 169//127 171//127 235//127
f 171//127 173//127 235//127
f 235//127 173//127 175//127
f 163//127 165//127 235//127
f 165//127 167//127 235//127
f 235//127 167//127 169//127
f 157//127 159//127 235//127
f 159//127 161//127 235//127
f 235//127 161//127 163//127
f 151//127 153//127 235//127
f 153//127 155//127 235//127
f 235//127 155//127 157//127
f 145//127 147//127 235//127
f 147//127 149//127 235//127
f 235//127 149//127 151//127
f 139//127 141//127 235//127
f 141//127 143//127 235//127
f 235//127 143//127 145//127
f 133//127 135//127 235//127
f 135//127 137//127 235//127
f 235//127 137//127 139//127
f 127//127 129//127 235//127
f 129//127 131//127 235//127
f 235//127 131//127 133//127
f 121//127 123//127 235//127
f 123//127 125//127 235//127
f 235//127 125//127 127//127
f 234//128 232//128 236//128
f 124//128 122//128 236//128
f 122//128 120//128 236//128
f 236//128 120//128 234//128
f 130//128 128//128 236//128
f 128//128 126//128 236//128
f 236//128 126//128 124//128
f 136//128 134//128 236//128
f 134//128 132//128 236//128
f 236//128 132//128 130//128
f 142//128 140//128 236//128
f 140//128 138//128 236//128
f 236//128 138//128 136//128
f 148//128 146//128 236//128
f 146//128 144//128 236//128
f 236//128 144//128 142//128
f 154//128 152//128 236//128
f 152//128 150//128 236//128
f 236//128 150//128 148//128
f 160//128 158//128 236//128
f 158//128 156//128 236//128
f 236//128 156//128 154//128
f 166//128 164//128 236//128
f 164//128 162//128 236//128
f 236//128 162//128 160//128
f 172//128 170//128 236//128
f 170//128 168//128 236//128
f 236//128 168//128 166//128
f 178//128 176//128 236//128
f 176//128 174//128 236//128
f 236//128 174//128 172//128
f 184//128 182//128 236//128
f 182//128 180//128 236//128
f 236//128 180//128 178//128
f 190//128 188//128 236//128
f 188//128 186//128 236//128
f 236//128 186//128 184//128
f 196//128 194//128 236//128
f 194//128 192//128 236//128
f 236//128 192//128 190//128
f 202//128 200//128 236//128
f 200//128 198//128 236//128
f 236//128 198//128 196//128
f 208//128 206//128 236//128
f 206//128 204//128 236//128
f 236//128 204//128 202//128
f 214//128 212//128 236//128
f 212//128 210//128 236//128
f 236//128 210//128 208//128
f 220//128 218//128 236//128
f 218//128 216//128 236//128
f 236//128 216//128 214//128
f 226//128 224//128 236//128
f 224//128 222//128 236//128
f 236//128 222//128 220//128
f 232//128 230//128 236//128
f 230//128 228//128 236//128
f 236//128 228//128 226//128
f 237//129 238//129 239//129
f 238//130 240//130 239//130
f 239//130 240//130 241//130
f 240//131 242//131 241//131
f 241//132 242//132 243//132
f 242//133 244//133 243//133
f 243//133 244//133 245//133
f 244//134 246//134 245//134
f 245//134 246//134 247//134
f 246//135 248//135 247//135
f 247//135 248//135 249//135
f 248//136 250//136 249//136
f 249//136 250//136 251//136
f 250//137 252//137 251//137
f 251//137 252//137 253//137
f 252//138 254//138 253//138
f 253//138 254//138 255//138
f 254//139 256//139 255//139
f 255//139 256//139 257//139
f 256//140 258//140 257//140
f 257//140 258//140 259//140
f 258//141 260//141 259//141
f 259//141 260//141 261//141
f 260//142 262//142 261//142
f 261//142 262//142 263//142
f 262//143 264//143 263//143
f 263//143 264//143 265//143
f 264//144 266//144 265//144
f 265//144 266//144 267//144
f 266//145 268//145 267//145
f 267//145 268//145 269//145
f 268//146 270//146 269//146
f 269//146 270//146 271//146
f 270//147 272//147 271//147
f 271//147 272//147 273//147
f 272//148 274//148 273//148
f 273//148 274//148 275//148
f 274//149 276//149 275//149
f 275//149 276//149 277//149
f 276//150 278//150 277//150
f 277//150 278//150 279//150
f 278//151 280//151 279//151
f 279//151 280//151 281//151
f 280//152 282//152 281//152
f 281//152 282//152 283//152
f 282//153 284//153 283//153
f 283//153 284//153 285//153
f 284//154 286//154 285//154
f 285//154 286//154 287//154
f 286//155 288//155 287//155
f 287//155 288//155 289//155
f 288//156 290//156 289//156
f 289//156 290//156 291//156
f 290//157 292//157 291//157
f 291//157 292//157 293//157
f 292//158 294//158 293//158
f 293//158 294//158 295//158
f 294//159 296//159 295//159
f 295//159 296//159 297//159
f 296//160 298//160 297//160
f 297//160 298//160 299//160
f 298//161 300//161 299//161
f 299//161 300//161 301//161
f 300//162 302//162 301//162
f 301//162 302//162 303//162
f 302//163 304//163 303//163
f 303//163 304//163 305//163
f 304//164 306//164 305//164
f 305//164 306//164 307//164
f 306//165 308//165 307//165
f 307//165 308//165 309//165
f 308//166 310//166 309//166
f 309//166 310//166 311//166
f 310//167 312//167 311//167
f 311//167 312//167 313//167
f 312//168 314//168 313//168
f 313//168 314//168 315//168
f 314//169 316//169 315//169
f 315//169 316//169 317//169
f 316//170 318//170 317//170
f 317//170 318//170 319//170
f 318//171 320//171 319//171
f 319//171 320//171 321//171
f 320//172 322//172 321//172
f 321//172 322//172 323//172
f 322//173 324//173 323//173
f 323//173 324//173 325//173
f 324//174 326//174 325//174
f 325//174 326//174 327//174
f 326//175 328//175 327//175
f 327//175 328//175 329//175
f 328//176 330//176 329//176
f 329//176 330//176 331//176
f 330//177 332//177 331//177
f 331//177 332//177 333//177
f 332//178 334//178 333//178
f 333//178 334//178 335//178
f 334//179 336//179 335//179
f 335//179 336//179 337//179
f 336//180 338//180 337//180
f 337//180 338//180 339//180
f 338//181 340//181 339//181
f 339//181 340//181 341//181
f 340//182 342//182 341//182
f 341//182 342//182 343//182
f 342//183 344//183 343//183
f 343//183 344//183 345//183
f 344//184 346//184 345//184
f 345//184 346//184 347//184
f 346//185 348//185 347//185
f 347//186 348//186 349//186
f 348//187 350//187 349//187
f 349//187 350//187 351//187
f 350//188 352//188 351//188
f 351//188 352//188 237//188
f 352//129 238//129 237//129
f 237//189 239//189 353//189
f 347//189 349//189 353//189
f 349//189 351//189 353//189
f 353//189 351//189 237//189
f 341//189 343//189 353//189
f 343//189 345//189 353//189
f 353//189 345//189 347//189
f 335//189 337//189 353//189
f 337//189 339//189 353//189
f 353//189 339//189 341//189
f 329//189 331//189 353//189
f 331//189 333//189 353//189
f 353//189 333//189 335//189
f 323//189 325//189 353//189
f 325//189 327//189 353//189
f 353//189 327//189 329//189
f 317//189 319//189 353//189
f 319//189 321//189 353//189
f 353//189 321//189 323//189
f 311//189 313//189 353//189
f 313//189 315//189 353//189
f 353//189 315//189 317//189
f 305//189 307//189 353//189
f 307//189 309//189 353//189
f 353//189 309//189 311//189
f 299//189 301//189 353//189
f 301//189 303//189 353//189
f 353//189 303//189 305//189
f 293//189 295//189 353//189
f 295//189 297//189 353//189
f 353//189 297//189 299//189
f 287//189 289//189 353//189
f 289//189 291//189 353//189
f 353//189 291//189 293//189
f 281//189 283//189 353//189
f 283//189 285//189 353//189
f 353//189 285//189 287//189
f 275//189 277//189 353//189
f 277//189 279//189 353//189
f 353//189 279//189 281//189
f 269//189 271//189 353//189
f 271//189 273//189 353//189
f 353//189 273//189 275//189
f 263//189 265//189 353//189
f 265//189 267//189 353//189
f 353//189 267//189 269//189
f 257//189 259//189 353//189
f 259//189 261//189 353//189
f 353//189 261//189 263//189
f 251//189 253//189 353//189
f 253//189 255//189 353//189
f 353//189 255//189 257//189
f 245//189 247//189 353//189
f 247//189 249//189 353//189
f 353//189 249//189 251//189
f 239//189 241//189 353//189
f 241//189 243//189 353//189
f 353//189 243//189 245//189
f 352//190 350//190 354//190
f 242//190 240//190 354//190
f 240//190 238//190 354//190
f 354//190 238//190 352//190
f 248//190 246//190 354//190
f 246//190 244//190 354//190
f 354//190 244//190 242//190
f 254//190 252//190 354//190
f 252//190 250//190 354//190
f 354//190 250//190 248//190
f 260//190 258//190 354//190
f 258//190 256//190 354//190
f 354//190 256//190 254//190
f 266//190 264//190 354//190
f 264//190 262//190 354//190
f 354//190 262//190 260//190
f 272//190 270//190 354//190
f 270//190 268//190 354//190
f 354//190 268//190 266//190
f 278//190 276//190 354//190
f 276//190 274//190 354//190
f 354//190 274//190 272//190
f 284//190 282//190 354//190
f 282//190 280//190 354//190
f 354//190 280//190 278//190
f 290//190 288//190 354//190
f 288//190 286//190 354//190
f 354//190 286//190 284//190
f 296//190 294//190 354//190
f 294//190 292//190 354//190
f 354//190 292//190 290//190
f 302//190 300//190 354//190
f 300//190 298//190 354//190
f 354//190 298//190 296//190
f 308//190 306//190 354//190
f 306//190 304//190 354//190
f 354//190 304//190 302//190
f 314//190 312//190 354//190
f 312//190 310//190 354//190
f 354//190 310//190 308//190
f 320//190 318//190 354//190
f 318//190 316//190 354//190
f 354//190 316//190 314//190
f 326//190 324//190 354//190
f 324//190 322//190 354//190
f 354//190 322//190 320//190
f 332//190 330//190 354//190
f 330//190 328//190 354//190
f 354//190 328//190 326//190
f 338//190 336//190 354//190
f 336//190 334//190 354//190
f 354//190 334//190 332//190
f 344//190 342//190 354//190
f 342//190 340//190 354//190
f 354//190 340//190 338//190
f 350//190 348//190 354//190
f 348//190 346//190 354//190
f 354//190 346//190 344//190
f 355//191 356//191 357//191
f 356//192 358//192 357//192
f 357//192 358//192 359//192
f 358//193 360//193 359//193
f 359//194 360//194 361//194
f 360//195 362//195 361//195
f 361//196 362//196 363//196
f 362//197 364//197 363//197
f 363//197 364//197 365//197
f 364//198 366//198 365//198
f 365//198 366//198 367//198
f 366//199 368//199 367//199
f 367//199 368//199 369//199
f 368//200 370//200 369//200
f 369//200 370//200 371//200
f 370//201 372//201 371//201
f 371//201 372//201 373//201
f 372//202 374//202 373//202
f 373//202 374//202 375//202
f 374//203 376//203 375//203
f 375//203 376//203 377//203
f 376//204 378//204 377//204
f 377//204 378//204 379//204
f 378//205 380//205 379//205
f 379//205 380//205 381//205
f 380//206 382//206 381//206
f 381//206 382//206 383//206
f 382//207 384//207 383//207
f 383//207 384//207 385//207
f 384//208 386//208 385//208
f 385//208 386//208 387//208
f 386//209 388//209 387//209
f 387//209 388//209 389//209
f 388//210 390//210 389//210
f 389//210 390//210 391//210
f 390//211 392//211 391//211
f 391//211 392//211 393//211
f 392//212 394//212 393//212
f 393//212 394//212 395//212
f 394//213 396//213 395//213
f 395//213 396//213 397//213
f 396//214 398//214 397//214
f 397//214 398//214 399//214
f 398//215 400//215 399//215
f 399//215 400//215 401//215
f 400//216 402//216 401//216
f 401//216 402//216 403//216
f 402//217 404//217 403//217
f 403//217 404//217 405//217
f 404//218 406//218 405//218
f 405//218 406//218 407//218
f 406//219 408//219 407//219
f 407//219 408//219 409//219
f 408//220 410//220 409//220
f 409//220 410//220 411//220
f 410//221 412//221 411//221
f 411//222 412//222 413//222
f 412//223 414//223 413//223
f 413//224 414//224 415//224
f 414//225 416//225 415//225
f 415//225 416//225 417//225
f 416//226 418//226 417//226
f 417//226 418//226 419//226
f 418//227 420//227 419//227
f 419//227 420//227 421//227
f 420//228 422//228 421//228
f 421//228 422//228 423//228
f 422//229 424//229 423//229
f 423//229 424//229 425//229
f 424//230 426//230 425//230
f 425//230 426//230 427//230
f 426//231 428//231 427//231
f 427//231 428//231 429//231
f 428//232 430//232 429//232
f 429//232 430//232 431//232
f 430//233 432//233 431//233
f 431//233 432//233 433//233
f 432//234 434//234 433//234
f 433//234 434//234 435//234
f 434//235 436//235 435//235
f 435//235 436//235 437//235
f 436//236 438//236 437//236
f 437//236 438//236 439//236
f 438//237 440//237 439//237
f 439//237 440//237 441//237
f 440//238 442//238 441//238
f 441//238 442//238 443//238
f 442//239 444//239 443//239
f 443//239 444//239 445//239
f 444//240 446//240 445//240
f 445//240 446//240 447//240
f 446//241 448//241 447//241
f 447//241 448//241 449//241
f 448//242 450//242 449//242
f 449//242 450//242 451//242
f 450//243 452//243 451//243
f 451//243 452//243 453//243
f 452//244 454//244 453//244
f 453//244 454//244 455//244
f 454//245 456//245 455//245
f 455//245 456//245 457//245
f 456//246 458//246 457//246
f 457//246 458//246 459//246
f 458//247 460//247 459//247
f 459//247 460//247 461//247
f 460//248 462//248 461//248
f 461//248 462//248 463//248
f 462//249 464//249 463//249
f 463//250 464//250 465//250
f 464//251 466//251 465//251
f 465//252 466//252 467//252
f 466//253 468//253 467//253
f 467//253 468//253 469//253
f 468//254 470//254 469//254
f 469//254 470//254 355//254
f 470//191 356//191 355//191
f 355//255 357//255 471//255
f 465//255 467//255 471//255
f 467//255 469//255 471//255
f 471//255 469//255 355//255
f 459//255 461//255 471//255
f 461//255 463//255 471//255
f 471//255 463//255 465//255
f 453//255 455//255 471//255
f 455//255 457//255 471//255
f 471//255 457//255 459//255
f 447//255 449//255 471//255
f 449//255 451//255 471//255
f 471//255 451//255 453//255
f 441//255 443//255 471//255
f 443//255 445//255 471//255
f 471//255 445//255 447//255
f 435//255 437//255 471//255
f 437//255 439//255 471//255
f 471//255 439//255 441//255
f 429//255 431//255 471//255
f 431//255 433//255 471//255
f 471//255 433//255 435//255
f 423//255 425//255 471//255
f 425//255 427//255 471//255
f 471//255 427//255 429//255
f 417//255 419//255 471//255
f 419//255 421//255 471//255
f 471//255 421//255 423//255
f 411//255 413//255 471//255
f 413//255 415//255 471//255
f 471//255 415//255 417//255
f 405//255 407//255 471//255
f 407//255 409//255 471//255
f 471//255 409//255 411//255
f 399//255 401//255 471//255
f 401//255 403//255 471//255
f 471//255 403//255 405//255
f 393//255 395//255 471//255
f 395//255 397//255 471//255
f 471//255 397//255 399//255
f 387//255 389//255 471//255
f 389//255 391//255 471//255
f 471//255 391//255 393//255
f 381//255 383//255 471//255
f 383//255 385//255 471//255
f 471//255 385//255 387//255
f 375//255 377//255 471//255
f 377//255 379//255 471//255
f 471//255 379//255 381//255
f 369//255 371//255 471//255
f 371//255 373//255 471//255
f 471//255 373//255 375//255
f 363//255 365//255 471//255
f 365//255 367//255 471//255
f 471//255 367//255 369//255
f 357//255 359//255 471//255
f 359//255 361//255 471//255
f 471//255 361//255 363//255
f 470//256 468//256 472//256
f 360//256 358//256 472//256
f 358//256 356//256 472//256
f 472//256 356//256 470//256
f 366//256 364//256 472//256
f 364//256 362//256 472//256
f 472//256 362//256 360//256
f 372//256 370//256 472//256
f 370//256 368//256 472//256
f 472//256 368//256 366//256
f 378//256 376//256 472//256
f 376//256 374//256 472//256
f 472//256 374//256 372//256
f 384//256 382//256 472//256
f 382//256 380//256 472//256
f 472//256 380//256 378//256
f 390//256 388//256 472//256
f 388//256 386//256 472//256
f 472//256 386//256 384//256
f 396//256 394//256 472//256
f 394//256 392//256 472//256
f 472//256 392//256 390//256
f 402//256 400//256 472//256
f 400//256 398//256 472//256
f 472//256 398//256 396//256
f 408//256 406//256 472//256
f 406//256 404//256 472//256
f 472//256 404//256 402//256
f 414//256 412//256 472//256
f 412//256 410//256 472//256
f 472//256 410//256 408//256
f 420//256 418//256 472//256
f 418//256 416//256 472//256
f 472//256 416//256 414//256
f 426//256 424//256 472//256
f 424//256 422//256 472//256
f 472//256 422//256 420//256
f 432//256 430//256 472//256
f 430//256 428//256 472//256
f 472//256 428//256 426//256
f 438//256 436//256 472//256
f 436//256 434//256 472//256
f 472//256 434//256 432//256
f 444//256 442//256 472//256
f 442//256 440//256 472//256
f 472//256 440//256 438//256
f 450//256 448//256 472//256
f 448//256 446//256 472//256
f 472//256 446//256 444//256
f 456//256 454//256 472//256
f 454//256 452//256 472//256
f 472//256 452//256 450//256
f 462//256 460//256 472//256
f 460//256 458//256 472//256
f 472//256 458//256 456//256
f 468//256 466//256 472//256
f 466//256 464//256 472//256
f 472//256 464//256 462//256
