# Split from exchange.obj  category=column  mtl=back_shell
mtllib exchange.mtl
v 0.001750 -0.098000 0.019750
v 0.001740 -0.110000 0.019561
v 0.001740 -0.098000 0.019561
v 0.001709 -0.110000 0.019374
v 0.001709 -0.098000 0.019374
v 0.001658 -0.110000 0.019191
v 0.001658 -0.098000 0.019191
v 0.001588 -0.110000 0.019015
v 0.001588 -0.098000 0.019015
v 0.001500 -0.110000 0.018848
v 0.001500 -0.098000 0.018848
v 0.001393 -0.110000 0.018691
v 0.001393 -0.098000 0.018691
v 0.001270 -0.110000 0.018547
v 0.001270 -0.098000 0.018547
v 0.001133 -0.110000 0.018416
v 0.001133 -0.098000 0.018416
v 0.000982 -0.110000 0.018302
v 0.000982 -0.098000 0.018302
v 0.000820 -0.110000 0.018204
v 0.000820 -0.098000 0.018204
v 0.000648 -0.110000 0.018124
v 0.000648 -0.098000 0.018124
v 0.000468 -0.110000 0.018064
v 0.000468 -0.098000 0.018064
v 0.000283 -0.110000 0.018023
v 0.000283 -0.098000 0.018023
v 0.000095 -0.110000 0.018003
v 0.000095 -0.098000 0.018003
v -0.000095 -0.110000 0.018003
v -0.000095 -0.098000 0.018003
v -0.000283 -0.110000 0.018023
v -0.000283 -0.098000 0.018023
v -0.000468 -0.110000 0.018064
v -0.000468 -0.098000 0.018064
v -0.000648 -0.110000 0.018124
v -0.000648 -0.098000 0.018124
v -0.000820 -0.110000 0.018204
v -0.000820 -0.098000 0.018204
v -0.000982 -0.110000 0.018302
v -0.000982 -0.098000 0.018302
v -0.001133 -0.110000 0.018416
v -0.001133 -0.098000 0.018416
v -0.001270 -0.110000 0.018547
v -0.001270 -0.098000 0.018547
v -0.001393 -0.110000 0.018691
v -0.001393 -0.098000 0.018691
v -0.001500 -0.110000 0.018848
v -0.001500 -0.098000 0.018848
v -0.001588 -0.110000 0.019015
v -0.001588 -0.098000 0.019015
v -0.001658 -0.110000 0.019191
v -0.001658 -0.098000 0.019191
v -0.001709 -0.110000 0.019374
v -0.001709 -0.098000 0.019374
v -0.001740 -0.110000 0.019561
v -0.001740 -0.098000 0.019561
v -0.001750 -0.110000 0.019750
v -0.001750 -0.098000 0.019750
v -0.001740 -0.110000 0.019939
v -0.001740 -0.098000 0.019939
v -0.001709 -0.110000 0.020126
v -0.001709 -0.098000 0.020126
v -0.001658 -0.110000 0.020309
v -0.001658 -0.098000 0.020309
v -0.001588 -0.110000 0.020485
v -0.001588 -0.098000 0.020485
v -0.001500 -0.110000 0.020652
v -0.001500 -0.098000 0.020652
v -0.001393 -0.110000 0.020809
v -0.001393 -0.098000 0.020809
v -0.001270 -0.110000 0.020953
v -0.001270 -0.098000 0.020953
v -0.001133 -0.110000 0.021084
v -0.001133 -0.098000 0.021084
v -0.000982 -0.110000 0.021198
v -0.000982 -0.098000 0.021198
v -0.000820 -0.110000 0.021296
v -0.000820 -0.098000 0.021296
v -0.000648 -0.110000 0.021376
v -0.000648 -0.098000 0.021376
v -0.000468 -0.110000 0.021436
v -0.000468 -0.098000 0.021436
v -0.000283 -0.110000 0.021477
v -0.000283 -0.098000 0.021477
v -0.000095 -0.110000 0.021497
v -0.000095 -0.098000 0.021497
v 0.000095 -0.110000 0.021497
v 0.000095 -0.098000 0.021497
v 0.000283 -0.110000 0.021477
v 0.000283 -0.098000 0.021477
v 0.000468 -0.110000 0.021436
v 0.000468 -0.098000 0.021436
v 0.000648 -0.110000 0.021376
v 0.000648 -0.098000 0.021376
v 0.000820 -0.110000 0.021296
v 0.000820 -0.098000 0.021296
v 0.000982 -0.110000 0.021198
v 0.000982 -0.098000 0.021198
v 0.001133 -0.110000 0.021084
v 0.001133 -0.098000 0.021084
v 0.001270 -0.110000 0.020953
v 0.001270 -0.098000 0.020953
v 0.001393 -0.110000 0.020809
v 0.001393 -0.098000 0.020809
v 0.001500 -0.110000 0.020652
v 0.001500 -0.098000 0.020652
v 0.001588 -0.110000 0.020485
v 0.001588 -0.098000 0.020485
v 0.001658 -0.110000 0.020309
v 0.001658 -0.098000 0.020309
v 0.001709 -0.110000 0.020126
v 0.001709 -0.098000 0.020126
v 0.001740 -0.110000 0.019939
v 0.001740 -0.098000 0.019939
v 0.001750 -0.110000 0.019750
v -0.000000 -0.098000 0.019750
v -0.000000 -0.110000 0.019750
vn 0.9985 -0.0000 -0.0541
vn 0.9868 -0.0000 -0.1618
vn 0.9635 -0.0000 -0.2675
vn 0.9636 -0.0000 -0.2675
vn 0.9290 -0.0000 -0.3701
vn 0.8835 -0.0000 -0.4684
vn 0.8277 -0.0000 -0.5612
vn 0.7622 -0.0000 -0.6474
vn 0.6877 -0.0000 -0.7260
vn 0.6052 -0.0000 -0.7961
vn 0.5156 -0.0000 -0.8569
vn 0.4199 -0.0000 -0.9076
vn 0.3193 -0.0000 -0.9477
vn 0.2150 -0.0000 -0.9766
vn 0.1081 -0.0000 -0.9941
vn -0.0000 -0.0000 -1.0000
vn -0.1081 -0.0000 -0.9941
vn -0.2150 -0.0000 -0.9766
vn -0.3193 -0.0000 -0.9477
vn -0.4199 -0.0000 -0.9076
vn -0.5156 -0.0000 -0.8569
vn -0.6052 -0.0000 -0.7961
vn -0.6877 -0.0000 -0.7260
vn -0.7622 -0.0000 -0.6474
vn -0.8277 -0.0000 -0.5612
vn -0.8835 -0.0000 -0.4684
vn -0.9290 -0.0000 -0.3701
vn -0.9636 -0.0000 -0.2675
vn -0.9868 -0.0000 -0.1618
vn -0.9985 -0.0000 -0.0541
vn -0.9985 -0.0000 0.0541
vn -0.9868 -0.0000 0.1618
vn -0.9636 -0.0000 0.2675
vn -0.9290 -0.0000 0.3701
vn -0.8835 -0.0000 0.4684
vn -0.8277 -0.0000 0.5612
vn -0.7622 -0.0000 0.6474
vn -0.6877 -0.0000 0.7260
vn -0.6052 -0.0000 0.7961
vn -0.5156 -0.0000 0.8569
vn -0.4199 -0.0000 0.9076
vn -0.3193 -0.0000 0.9477
vn -0.2150 -0.0000 0.9766
vn -0.1081 -0.0000 0.9941
vn -0.0000 -0.0000 1.0000
vn 0.1081 -0.0000 0.9941
vn 0.2150 -0.0000 0.9766
vn 0.3193 -0.0000 0.9477
vn 0.4199 -0.0000 0.9076
vn 0.5156 -0.0000 0.8569
vn 0.6052 -0.0000 0.7961
vn 0.6877 -0.0000 0.7260
vn 0.7622 -0.0000 0.6474
vn 0.8277 -0.0000 0.5612
vn 0.8835 -0.0000 0.4684
vn 0.9290 -0.0000 0.3701
vn 0.9636 -0.0000 0.2675
vn 0.9635 -0.0000 0.2675
vn 0.9868 -0.0000 0.1618
vn 0.9985 -0.0000 0.0541
vn -0.0000 1.0000 -0.0000
vn -0.0000 -1.0000 -0.0000
v -0.018000 -0.098000 -0.000000
v -0.018010 -0.110000 -0.000189
v -0.018010 -0.098000 -0.000189
v -0.018041 -0.110000 -0.000376
v -0.018041 -0.098000 -0.000376
v -0.018092 -0.110000 -0.000559
v -0.018092 -0.098000 -0.000559
v -0.018162 -0.110000 -0.000735
v -0.018162 -0.098000 -0.000735
v -0.018251 -0.110000 -0.000902
v -0.018251 -0.098000 -0.000902
v -0.018357 -0.110000 -0.001059
v -0.018357 -0.098000 -0.001059
v -0.018480 -0.110000 -0.001203
v -0.018480 -0.098000 -0.001203
v -0.018617 -0.110000 -0.001334
v -0.018617 -0.098000 -0.001334
v -0.018768 -0.110000 -0.001448
v -0.018768 -0.098000 -0.001448
v -0.018930 -0.110000 -0.001546
v -0.018930 -0.098000 -0.001546
v -0.019102 -0.110000 -0.001626
v -0.019102 -0.098000 -0.001626
v -0.019282 -0.110000 -0.001686
v -0.019282 -0.098000 -0.001686
v -0.019467 -0.110000 -0.001727
v -0.019467 -0.098000 -0.001727
v -0.019655 -0.110000 -0.001747
v -0.019655 -0.098000 -0.001747
v -0.019845 -0.110000 -0.001747
v -0.019845 -0.098000 -0.001747
v -0.020033 -0.110000 -0.001727
v -0.020033 -0.098000 -0.001727
v -0.020218 -0.110000 -0.001686
v -0.020218 -0.098000 -0.001686
v -0.020398 -0.110000 -0.001626
v -0.020398 -0.098000 -0.001626
v -0.020570 -0.110000 -0.001546
v -0.020570 -0.098000 -0.001546
v -0.020732 -0.110000 -0.001448
v -0.020732 -0.098000 -0.001448
v -0.020883 -0.110000 -0.001334
v -0.020883 -0.098000 -0.001334
v -0.021020 -0.110000 -0.001203
v -0.021020 -0.098000 -0.001203
v -0.021143 -0.110000 -0.001059
v -0.021143 -0.098000 -0.001059
v -0.021249 -0.110000 -0.000902
v -0.021249 -0.098000 -0.000902
v -0.021338 -0.110000 -0.000735
v -0.021338 -0.098000 -0.000735
v -0.021408 -0.110000 -0.000559
v -0.021408 -0.098000 -0.000559
v -0.021459 -0.110000 -0.000376
v -0.021459 -0.098000 -0.000376
v -0.021490 -0.110000 -0.000189
v -0.021490 -0.098000 -0.000189
v -0.021500 -0.110000 -0.000000
v -0.021500 -0.098000 -0.000000
v -0.021490 -0.110000 0.000189
v -0.021490 -0.098000 0.000189
v -0.021459 -0.110000 0.000376
v -0.021459 -0.098000 0.000376
v -0.021408 -0.110000 0.000559
v -0.021408 -0.098000 0.000559
v -0.021338 -0.110000 0.000735
v -0.021338 -0.098000 0.000735
v -0.021249 -0.110000 0.000902
v -0.021249 -0.098000 0.000902
v -0.021143 -0.110000 0.001059
v -0.021143 -0.098000 0.001059
v -0.021020 -0.110000 0.001203
v -0.021020 -0.098000 0.001203
v -0.020883 -0.110000 0.001334
v -0.020883 -0.098000 0.001334
v -0.020732 -0.110000 0.001448
v -0.020732 -0.098000 0.001448
v -0.020570 -0.110000 0.001546
v -0.020570 -0.098000 0.001546
v -0.020398 -0.110000 0.001626
v -0.020398 -0.098000 0.001626
v -0.020218 -0.110000 0.001686
v -0.020218 -0.098000 0.001686
v -0.020033 -0.110000 0.001727
v -0.020033 -0.098000 0.001727
v -0.019845 -0.110000 0.001747
v -0.019845 -0.098000 0.001747
v -0.019655 -0.110000 0.001747
v -0.019655 -0.098000 0.001747
v -0.019467 -0.110000 0.001727
v -0.019467 -0.098000 0.001727
v -0.019282 -0.110000 0.001686
v -0.019282 -0.098000 0.001686
v -0.019102 -0.110000 0.001626
v -0.019102 -0.098000 0.001626
v -0.018930 -0.110000 0.001546
v -0.018930 -0.098000 0.001546
v -0.018768 -0.110000 0.001448
v -0.018768 -0.098000 0.001448
v -0.018617 -0.110000 0.001334
v -0.018617 -0.098000 0.001334
v -0.018480 -0.110000 0.001203
v -0.018480 -0.098000 0.001203
v -0.018357 -0.110000 0.001059
v -0.018357 -0.098000 0.001059
v -0.018251 -0.110000 0.000902
v -0.018251 -0.098000 0.000902
v -0.018162 -0.110000 0.000735
v -0.018162 -0.098000 0.000735
v -0.018092 -0.110000 0.000559
v -0.018092 -0.098000 0.000559
v -0.018041 -0.110000 0.000376
v -0.018041 -0.098000 0.000376
v -0.018010 -0.110000 0.000189
v -0.018010 -0.098000 0.000189
v -0.018000 -0.110000 -0.000000
v -0.019750 -0.098000 -0.000000
v -0.019750 -0.110000 -0.000000
vn 0.9985 -0.0000 -0.0541
vn 0.9868 -0.0000 -0.1618
vn 0.9635 -0.0000 -0.2675
vn 0.9290 -0.0000 -0.3701
vn 0.8835 -0.0000 -0.4684
vn 0.8277 -0.0000 -0.5612
vn 0.7622 -0.0000 -0.6474
vn 0.6877 -0.0000 -0.7260
vn 0.6052 -0.0000 -0.7961
vn 0.5156 -0.0000 -0.8569
vn 0.4199 -0.0000 -0.9076
vn 0.3193 -0.0000 -0.9477
vn 0.2150 -0.0000 -0.9766
vn 0.1081 -0.0000 -0.9941
vn -0.0000 -0.0000 -1.0000
vn -0.1081 -0.0000 -0.9941
vn -0.2150 -0.0000 -0.9766
vn -0.3193 -0.0000 -0.9477
vn -0.4199 -0.0000 -0.9076
vn -0.5156 -0.0000 -0.8569
vn -0.6052 -0.0000 -0.7961
vn -0.6877 -0.0000 -0.7260
vn -0.7622 -0.0000 -0.6474
vn -0.8277 -0.0000 -0.5612
vn -0.8835 -0.0000 -0.4684
vn -0.9290 -0.0000 -0.3701
vn -0.9290 -0.0000 -0.3702
vn -0.9635 -0.0000 -0.2675
vn -0.9636 -0.0000 -0.2675
vn -0.9868 -0.0000 -0.1618
vn -0.9985 -0.0000 -0.0541
vn -0.9985 -0.0000 0.0541
vn -0.9868 -0.0000 0.1618
vn -0.9636 -0.0000 0.2675
vn -0.9635 -0.0000 0.2675
vn -0.9290 -0.0000 0.3702
vn -0.9290 -0.0000 0.3701
vn -0.8835 -0.0000 0.4684
vn -0.8277 -0.0000 0.5612
vn -0.7622 -0.0000 0.6474
vn -0.6877 -0.0000 0.7260
vn -0.6052 -0.0000 0.7961
vn -0.5156 -0.0000 0.8569
vn -0.4199 -0.0000 0.9076
vn -0.3193 -0.0000 0.9477
vn -0.2150 -0.0000 0.9766
vn -0.1081 -0.0000 0.9941
vn -0.0000 -0.0000 1.0000
vn 0.1081 -0.0000 0.9941
vn 0.2150 -0.0000 0.9766
vn 0.3193 -0.0000 0.9477
vn 0.4199 -0.0000 0.9076
vn 0.5156 -0.0000 0.8569
vn 0.6052 -0.0000 0.7961
vn 0.6877 -0.0000 0.7260
vn 0.7622 -0.0000 0.6474
vn 0.8277 -0.0000 0.5612
vn 0.8835 -0.0000 0.4684
vn 0.9290 -0.0000 0.3701
vn 0.9635 -0.0000 0.2675
vn 0.9868 -0.0000 0.1618
vn 0.9985 -0.0000 0.0541
vn 0.9985 -0.0000 0.0542
vn 0.9985 -0.0000 -0.0542
vn -0.0000 1.0000 -0.0000
vn -0.0000 -1.0000 -0.0000
v 0.001750 -0.098000 -0.019750
v 0.001740 -0.110000 -0.019939
v 0.001740 -0.098000 -0.019939
v 0.001709 -0.110000 -0.020126
v 0.001709 -0.098000 -0.020126
v 0.001658 -0.110000 -0.020309
v 0.001658 -0.098000 -0.020309
v 0.001588 -0.110000 -0.020485
v 0.001588 -0.098000 -0.020485
v 0.001500 -0.110000 -0.020652
v 0.001500 -0.098000 -0.020652
v 0.001393 -0.110000 -0.020809
v 0.001393 -0.098000 -0.020809
v 0.001270 -0.110000 -0.020953
v 0.001270 -0.098000 -0.020953
v 0.001133 -0.110000 -0.021084
v 0.001133 -0.098000 -0.021084
v 0.000982 -0.110000 -0.021198
v 0.000982 -0.098000 -0.021198
v 0.000820 -0.110000 -0.021296
v 0.000820 -0.098000 -0.021296
v 0.000648 -0.110000 -0.021376
v 0.000648 -0.098000 -0.021376
v 0.000468 -0.110000 -0.021436
v 0.000468 -0.098000 -0.021436
v 0.000283 -0.110000 -0.021477
v 0.000283 -0.098000 -0.021477
v 0.000095 -0.110000 -0.021497
v 0.000095 -0.098000 -0.021497
v -0.000095 -0.110000 -0.021497
v -0.000095 -0.098000 -0.021497
v -0.000283 -0.110000 -0.021477
v -0.000283 -0.098000 -0.021477
v -0.000468 -0.110000 -0.021436
v -0.000468 -0.098000 -0.021436
v -0.000648 -0.110000 -0.021376
v -0.000648 -0.098000 -0.021376
v -0.000820 -0.110000 -0.021296
v -0.000820 -0.098000 -0.021296
v -0.000982 -0.110000 -0.021198
v -0.000982 -0.098000 -0.021198
v -0.001133 -0.110000 -0.021084
v -0.001133 -0.098000 -0.021084
v -0.001270 -0.110000 -0.020953
v -0.001270 -0.098000 -0.020953
v -0.001393 -0.110000 -0.020809
v -0.001393 -0.098000 -0.020809
v -0.001500 -0.110000 -0.020652
v -0.001500 -0.098000 -0.020652
v -0.001588 -0.110000 -0.020485
v -0.001588 -0.098000 -0.020485
v -0.001658 -0.110000 -0.020309
v -0.001658 -0.098000 -0.020309
v -0.001709 -0.110000 -0.020126
v -0.001709 -0.098000 -0.020126
v -0.001740 -0.110000 -0.019939
v -0.001740 -0.098000 -0.019939
v -0.001750 -0.110000 -0.019750
v -0.001750 -0.098000 -0.019750
v -0.001740 -0.110000 -0.019561
v -0.001740 -0.098000 -0.019561
v -0.001709 -0.110000 -0.019374
v -0.001709 -0.098000 -0.019374
v -0.001658 -0.110000 -0.019191
v -0.001658 -0.098000 -0.019191
v -0.001588 -0.110000 -0.019015
v -0.001588 -0.098000 -0.019015
v -0.001500 -0.110000 -0.018848
v -0.001500 -0.098000 -0.018848
v -0.001393 -0.110000 -0.018691
v -0.001393 -0.098000 -0.018691
v -0.001270 -0.110000 -0.018547
v -0.001270 -0.098000 -0.018547
v -0.001133 -0.110000 -0.018416
v -0.001133 -0.098000 -0.018416
v -0.000982 -0.110000 -0.018302
v -0.000982 -0.098000 -0.018302
v -0.000820 -0.110000 -0.018204
v -0.000820 -0.098000 -0.018204
v -0.000648 -0.110000 -0.018124
v -0.000648 -0.098000 -0.018124
v -0.000468 -0.110000 -0.018064
v -0.000468 -0.098000 -0.018064
v -0.000283 -0.110000 -0.018023
v -0.000283 -0.098000 -0.018023
v -0.000095 -0.110000 -0.018003
v -0.000095 -0.098000 -0.018003
v 0.000095 -0.110000 -0.018003
v 0.000095 -0.098000 -0.018003
v 0.000283 -0.110000 -0.018023
v 0.000283 -0.098000 -0.018023
v 0.000468 -0.110000 -0.018064
v 0.000468 -0.098000 -0.018064
v 0.000648 -0.110000 -0.018124
v 0.000648 -0.098000 -0.018124
v 0.000820 -0.110000 -0.018204
v 0.000820 -0.098000 -0.018204
v 0.000982 -0.110000 -0.018302
v 0.000982 -0.098000 -0.018302
v 0.001133 -0.110000 -0.018416
v 0.001133 -0.098000 -0.018416
v 0.001270 -0.110000 -0.018547
v 0.001270 -0.098000 -0.018547
v 0.001393 -0.110000 -0.018691
v 0.001393 -0.098000 -0.018691
v 0.001500 -0.110000 -0.018848
v 0.001500 -0.098000 -0.018848
v 0.001588 -0.110000 -0.019015
v 0.001588 -0.098000 -0.019015
v 0.001658 -0.110000 -0.019191
v 0.001658 -0.098000 -0.019191
v 0.001709 -0.110000 -0.019374
v 0.001709 -0.098000 -0.019374
v 0.001740 -0.110000 -0.019561
v 0.001740 -0.098000 -0.019561
v 0.001750 -0.110000 -0.019750
v 0.000000 -0.098000 -0.019750
v 0.000000 -0.110000 -0.019750
vn 0.9985 -0.0000 -0.0541
vn 0.9868 -0.0000 -0.1618
vn 0.9635 -0.0000 -0.2675
vn 0.9636 -0.0000 -0.2675
vn 0.9290 -0.0000 -0.3701
vn 0.8835 -0.0000 -0.4684
vn 0.8277 -0.0000 -0.5612
vn 0.7622 -0.0000 -0.6474
vn 0.6877 -0.0000 -0.7260
vn 0.6052 -0.0000 -0.7961
vn 0.5156 -0.0000 -0.8569
vn 0.4199 -0.0000 -0.9076
vn 0.3193 -0.0000 -0.9477
vn 0.2150 -0.0000 -0.9766
vn 0.1081 -0.0000 -0.9941
vn -0.0000 -0.0000 -1.0000
vn -0.1081 -0.0000 -0.9941
vn -0.2150 -0.0000 -0.9766
vn -0.3193 -0.0000 -0.9477
vn -0.4199 -0.0000 -0.9076
vn -0.5156 -0.0000 -0.8569
vn -0.6052 -0.0000 -0.7961
vn -0.6877 -0.0000 -0.7260
vn -0.7622 -0.0000 -0.6474
vn -0.8277 -0.0000 -0.5612
vn -0.8835 -0.0000 -0.4684
vn -0.9290 -0.0000 -0.3701
vn -0.9636 -0.0000 -0.2675
vn -0.9868 -0.0000 -0.1618
vn -0.9985 -0.0000 -0.0541
vn -0.9985 -0.0000 0.0541
vn -0.9868 -0.0000 0.1618
vn -0.9636 -0.0000 0.2675
vn -0.9290 -0.0000 0.3701
vn -0.8835 -0.0000 0.4684
vn -0.8277 -0.0000 0.5612
vn -0.7622 -0.0000 0.6474
vn -0.6877 -0.0000 0.7260
vn -0.6052 -0.0000 0.7961
vn -0.5156 -0.0000 0.8569
vn -0.4199 -0.0000 0.9076
vn -0.3193 -0.0000 0.9477
vn -0.2150 -0.0000 0.9766
vn -0.1081 -0.0000 0.9941
vn -0.0000 -0.0000 1.0000
vn 0.1081 -0.0000 0.9941
vn 0.2150 -0.0000 0.9766
vn 0.3193 -0.0000 0.9477
vn 0.4199 -0.0000 0.9076
vn 0.5156 -0.0000 0.8569
vn 0.6052 -0.0000 0.7961
vn 0.6877 -0.0000 0.7260
vn 0.7622 -0.0000 0.6474
vn 0.8277 -0.0000 0.5612
vn 0.8835 -0.0000 0.4684
vn 0.9290 -0.0000 0.3701
vn 0.9636 -0.0000 0.2675
vn 0.9635 -0.0000 0.2675
vn 0.9868 -0.0000 0.1618
vn 0.9985 -0.0000 0.0541
vn -0.0000 1.0000 -0.0000
vn -0.0000 -1.0000 -0.0000
v 0.021500 -0.098000 0.000000
v 0.021490 -0.110000 -0.000189
v 0.021490 -0.098000 -0.000189
v 0.021459 -0.110000 -0.000376
v 0.021459 -0.098000 -0.000376
v 0.021408 -0.110000 -0.000559
v 0.021408 -0.098000 -0.000559
v 0.021338 -0.110000 -0.000735
v 0.021338 -0.098000 -0.000735
v 0.021249 -0.110000 -0.000902
v 0.021249 -0.098000 -0.000902
v 0.021143 -0.110000 -0.001059
v 0.021143 -0.098000 -0.001059
v 0.021020 -0.110000 -0.001203
v 0.021020 -0.098000 -0.001203
v 0.020883 -0.110000 -0.001334
v 0.020883 -0.098000 -0.001334
v 0.020732 -0.110000 -0.001448
v 0.020732 -0.098000 -0.001448
v 0.020570 -0.110000 -0.001546
v 0.020570 -0.098000 -0.001546
v 0.020398 -0.110000 -0.001626
v 0.020398 -0.098000 -0.001626
v 0.020218 -0.110000 -0.001686
v 0.020218 -0.098000 -0.001686
v 0.020033 -0.110000 -0.001727
v 0.020033 -0.098000 -0.001727
v 0.019845 -0.110000 -0.001747
v 0.019845 -0.098000 -0.001747
v 0.019655 -0.110000 -0.001747
v 0.019655 -0.098000 -0.001747
v 0.019467 -0.110000 -0.001727
v 0.019467 -0.098000 -0.001727
v 0.019282 -0.110000 -0.001686
v 0.019282 -0.098000 -0.001686
v 0.019102 -0.110000 -0.001626
v 0.019102 -0.098000 -0.001626
v 0.018930 -0.110000 -0.001546
v 0.018930 -0.098000 -0.001546
v 0.018768 -0.110000 -0.001448
v 0.018768 -0.098000 -0.001448
v 0.018617 -0.110000 -0.001334
v 0.018617 -0.098000 -0.001334
v 0.018480 -0.110000 -0.001203
v 0.018480 -0.098000 -0.001203
v 0.018357 -0.110000 -0.001059
v 0.018357 -0.098000 -0.001059
v 0.018251 -0.110000 -0.000902
v 0.018251 -0.098000 -0.000902
v 0.018162 -0.110000 -0.000735
v 0.018162 -0.098000 -0.000735
v 0.018092 -0.110000 -0.000559
v 0.018092 -0.098000 -0.000559
v 0.018041 -0.110000 -0.000376
v 0.018041 -0.098000 -0.000376
v 0.018010 -0.110000 -0.000189
v 0.018010 -0.098000 -0.000189
v 0.018000 -0.110000 0.000000
v 0.018000 -0.098000 0.000000
v 0.018010 -0.110000 0.000189
v 0.018010 -0.098000 0.000189
v 0.018041 -0.110000 0.000376
v 0.018041 -0.098000 0.000376
v 0.018092 -0.110000 0.000559
v 0.018092 -0.098000 0.000559
v 0.018162 -0.110000 0.000735
v 0.018162 -0.098000 0.000735
v 0.018251 -0.110000 0.000902
v 0.018251 -0.098000 0.000902
v 0.018357 -0.110000 0.001059
v 0.018357 -0.098000 0.001059
v 0.018480 -0.110000 0.001203
v 0.018480 -0.098000 0.001203
v 0.018617 -0.110000 0.001334
v 0.018617 -0.098000 0.001334
v 0.018768 -0.110000 0.001448
v 0.018768 -0.098000 0.001448
v 0.018930 -0.110000 0.001546
v 0.018930 -0.098000 0.001546
v 0.019102 -0.110000 0.001626
v 0.019102 -0.098000 0.001626
v 0.019282 -0.110000 0.001686
v 0.019282 -0.098000 0.001686
v 0.019467 -0.110000 0.001727
v 0.019467 -0.098000 0.001727
v 0.019655 -0.110000 0.001747
v 0.019655 -0.098000 0.001747
v 0.019845 -0.110000 0.001747
v 0.019845 -0.098000 0.001747
v 0.020033 -0.110000 0.001727
v 0.020033 -0.098000 0.001727
v 0.020218 -0.110000 0.001686
v 0.020218 -0.098000 0.001686
v 0.020398 -0.110000 0.001626
v 0.020398 -0.098000 0.001626
v 0.020570 -0.110000 0.001546
v 0.020570 -0.098000 0.001546
v 0.020732 -0.110000 0.001448
v 0.020732 -0.098000 0.001448
v 0.020883 -0.110000 0.001334
v 0.020883 -0.098000 0.001334
v 0.021020 -0.110000 0.001203
v 0.021020 -0.098000 0.001203
v 0.021143 -0.110000 0.001059
v 0.021143 -0.098000 0.001059
v 0.021249 -0.110000 0.000902
v 0.021249 -0.098000 0.000902
v 0.021338 -0.110000 0.000735
v 0.021338 -0.098000 0.000735
v 0.021408 -0.110000 0.000559
v 0.021408 -0.098000 0.000559
v 0.021459 -0.110000 0.000376
v 0.021459 -0.098000 0.000376
v 0.021490 -0.110000 0.000189
v 0.021490 -0.098000 0.000189
v 0.021500 -0.110000 0.000000
v 0.019750 -0.098000 0.000000
v 0.019750 -0.110000 0.000000
vn 0.9985 -0.0000 -0.0541
vn 0.9868 -0.0000 -0.1618
vn 0.9636 -0.0000 -0.2675
vn 0.9635 -0.0000 -0.2675
vn 0.9290 -0.0000 -0.3702
vn 0.9290 -0.0000 -0.3701
vn 0.8835 -0.0000 -0.4684
vn 0.8277 -0.0000 -0.5612
vn 0.7622 -0.0000 -0.6474
vn 0.6877 -0.0000 -0.7260
vn 0.6052 -0.0000 -0.7961
vn 0.5156 -0.0000 -0.8569
vn 0.4199 -0.0000 -0.9076
vn 0.3193 -0.0000 -0.9477
vn 0.2150 -0.0000 -0.9766
vn 0.1081 -0.0000 -0.9941
vn -0.0000 -0.0000 -1.0000
vn -0.1081 -0.0000 -0.9941
vn -0.2150 -0.0000 -0.9766
vn -0.3193 -0.0000 -0.9477
vn -0.4199 -0.0000 -0.9076
vn -0.5156 -0.0000 -0.8569
vn -0.6052 -0.0000 -0.7961
vn -0.6877 -0.0000 -0.7260
vn -0.7622 -0.0000 -0.6474
vn -0.8277 -0.0000 -0.5612
vn -0.8835 -0.0000 -0.4684
vn -0.9290 -0.0000 -0.3701
vn -0.9635 -0.0000 -0.2675
vn -0.9868 -0.0000 -0.1618
vn -0.9985 -0.0000 -0.0541
vn -0.9985 -0.0000 -0.0542
vn -0.9985 -0.0000 0.0542
vn -0.9985 -0.0000 0.0541
vn -0.9868 -0.0000 0.1618
vn -0.9635 -0.0000 0.2675
vn -0.9290 -0.0000 0.3701
vn -0.8835 -0.0000 0.4684
vn -0.8277 -0.0000 0.5612
vn -0.7622 -0.0000 0.6474
vn -0.6877 -0.0000 0.7260
vn -0.6052 -0.0000 0.7961
vn -0.5156 -0.0000 0.8569
vn -0.4199 -0.0000 0.9076
vn -0.3193 -0.0000 0.9477
vn -0.2150 -0.0000 0.9766
vn -0.1081 -0.0000 0.9941
vn -0.0000 -0.0000 1.0000
vn 0.1081 -0.0000 0.9941
vn 0.2150 -0.0000 0.9766
vn 0.3193 -0.0000 0.9477
vn 0.4199 -0.0000 0.9076
vn 0.5156 -0.0000 0.8569
vn 0.6052 -0.0000 0.7961
vn 0.6877 -0.0000 0.7260
vn 0.7622 -0.0000 0.6474
vn 0.8277 -0.0000 0.5612
vn 0.8835 -0.0000 0.4684
vn 0.9290 -0.0000 0.3701
vn 0.9290 -0.0000 0.3702
vn 0.9635 -0.0000 0.2675
vn 0.9636 -0.0000 0.2675
vn 0.9868 -0.0000 0.1618
vn 0.9985 -0.0000 0.0541
vn -0.0000 1.0000 -0.0000
vn -0.0000 -1.0000 -0.0000
v 0.010000 -0.098000 0.032000
v 0.032000 -0.098000 0.032000
v 0.010000 -0.110000 0.032000
v 0.032000 -0.110000 0.032000
v 0.032000 -0.098000 0.010000
v 0.032000 -0.110000 0.010000
v 0.010000 -0.098000 0.040000
v 0.040000 -0.098000 0.040000
v 0.040000 -0.098000 0.010000
v 0.040000 -0.110000 0.010000
v 0.040000 -0.110000 0.040000
v 0.010000 -0.110000 0.040000
vn -0.0000 -0.0000 -1.0000
vn -1.0000 -0.0000 -0.0000
vn -0.0000 1.0000 -0.0000
vn -0.0000 -1.0000 -0.0000
vn -0.0000 -0.0000 1.0000
vn 1.0000 -0.0000 -0.0000
v -0.032000 -0.098000 0.010000
v -0.032000 -0.098000 0.032000
v -0.032000 -0.110000 0.010000
v -0.032000 -0.110000 0.032000
v -0.010000 -0.098000 0.032000
v -0.010000 -0.110000 0.032000
v -0.040000 -0.098000 0.010000
v -0.040000 -0.098000 0.040000
v -0.010000 -0.098000 0.040000
v -0.010000 -0.110000 0.040000
v -0.040000 -0.110000 0.040000
v -0.040000 -0.110000 0.010000
vn 1.0000 -0.0000 -0.0000
vn -0.0000 -0.0000 -1.0000
vn -0.0000 1.0000 -0.0000
vn -0.0000 -1.0000 -0.0000
vn -1.0000 -0.0000 -0.0000
vn -0.0000 -0.0000 1.0000
v -0.032000 -0.098000 -0.032000
v -0.032000 -0.098000 -0.010000
v -0.032000 -0.110000 -0.032000
v -0.032000 -0.110000 -0.010000
v -0.040000 -0.098000 -0.010000
v -0.040000 -0.110000 -0.010000
v -0.010000 -0.098000 -0.032000
v -0.010000 -0.098000 -0.040000
v -0.040000 -0.098000 -0.040000
v -0.040000 -0.110000 -0.040000
v -0.010000 -0.110000 -0.032000
v -0.010000 -0.110000 -0.040000
vn 1.0000 -0.0000 -0.0000
vn -0.0000 -0.0000 1.0000
vn -0.0000 1.0000 -0.0000
vn -0.0000 -1.0000 -0.0000
vn -0.0000 -0.0000 -1.0000
vn -1.0000 -0.0000 -0.0000
v 0.010000 -0.098000 -0.040000
v 0.018000 -0.098000 -0.040000
v 0.010000 -0.110000 -0.040000
v 0.018000 -0.110000 -0.040000
v 0.018000 -0.098000 -0.032000
v 0.018000 -0.110000 -0.032000
v 0.010000 -0.098000 -0.032000
v 0.010000 -0.110000 -0.032000
vn -0.0000 -0.0000 -1.0000
vn 1.0000 -0.0000 -0.0000
vn -0.0000 -0.0000 1.0000
vn -1.0000 -0.0000 -0.0000
vn -0.0000 -1.0000 -0.0000
vn -0.0000 1.0000 -0.0000
v 0.026000 -0.098000 -0.032000
v 0.026000 -0.098000 -0.040000
v 0.026000 -0.110000 -0.032000
v 0.026000 -0.110000 -0.040000
v 0.040000 -0.098000 -0.040000
v 0.040000 -0.110000 -0.040000
v 0.032000 -0.098000 -0.026000
v 0.040000 -0.098000 -0.026000
v 0.032000 -0.098000 -0.032000
v 0.032000 -0.110000 -0.032000
v 0.032000 -0.110000 -0.026000
v 0.040000 -0.110000 -0.026000
vn -1.0000 -0.0000 -0.0000
vn -0.0000 -0.0000 -1.0000
vn -0.0000 1.0000 -0.0000
vn -0.0000 -1.0000 -0.0000
vn -0.0000 -0.0000 1.0000
vn 1.0000 -0.0000 -0.0000
v 0.040000 -0.098000 -0.018000
v 0.040000 -0.098000 -0.010000
v 0.040000 -0.110000 -0.018000
v 0.040000 -0.110000 -0.010000
v 0.032000 -0.098000 -0.010000
v 0.032000 -0.110000 -0.010000
v 0.032000 -0.098000 -0.018000
v 0.032000 -0.110000 -0.018000
vn 1.0000 -0.0000 -0.0000
vn -0.0000 -0.0000 1.0000
vn -1.0000 -0.0000 -0.0000
vn -0.0000 -0.0000 -1.0000
vn -0.0000 -1.0000 -0.0000
vn -0.0000 1.0000 -0.0000
v -0.009000 -0.086000 0.015588
v -0.018000 -0.086000 0.000000
v -0.007268 -0.086000 0.014588
v -0.016268 -0.086000 -0.001000
v -0.009000 -0.026000 0.015588
v -0.007268 -0.026000 0.014588
v -0.018000 -0.026000 0.000000
v -0.016268 -0.026000 -0.001000
vn -0.0000 -1.0000 -0.0000
vn 0.5000 -0.0000 0.8660
vn -0.0000 1.0000 -0.0000
vn -0.5000 -0.0000 -0.8660
vn 0.8660 -0.0000 -0.5000
vn -0.8660 -0.0000 0.5000
v 0.018000 -0.086000 -0.000000
v 0.009000 -0.086000 0.015588
v 0.016268 -0.086000 -0.001000
v 0.007268 -0.086000 0.014588
v 0.018000 -0.026000 -0.000000
v 0.016268 -0.026000 -0.001000
v 0.009000 -0.026000 0.015588
v 0.007268 -0.026000 0.014588
vn -0.0000 -1.0000 -0.0000
vn 0.5000 -0.0000 -0.8660
vn -0.0000 1.0000 -0.0000
vn -0.5000 -0.0000 0.8660
vn -0.8660 -0.0000 -0.5000
vn 0.8660 -0.0000 0.5000
v -0.009000 -0.086000 -0.015588
v 0.009000 -0.086000 -0.015588
v -0.009000 -0.086000 -0.013588
v 0.009000 -0.086000 -0.013588
v -0.009000 -0.026000 -0.015588
v -0.009000 -0.026000 -0.013588
v 0.009000 -0.026000 -0.015588
v 0.009000 -0.026000 -0.013588
vn -0.0000 -1.0000 -0.0000
vn -1.0000 -0.0000 -0.0000
vn -0.0000 1.0000 -0.0000
vn 1.0000 -0.0000 -0.0000
vn -0.0000 -0.0000 1.0000
vn -0.0000 -0.0000 -1.0000
v -0.114870 -0.110000 -0.167312
v -0.084870 -0.110000 -0.184632
v -0.114870 -0.159000 -0.167312
v -0.084870 -0.159000 -0.184632
v -0.114870 -0.110000 -0.035953
v -0.114870 -0.159000 -0.035953
v -0.084870 -0.110000 -0.018632
v -0.084870 -0.159000 -0.018632
vn -0.5000 -0.0000 -0.8660
vn -1.0000 -0.0000 -0.0000
vn -0.5000 -0.0000 0.8660
vn 1.0000 -0.0000 -0.0000
vn -0.0000 -1.0000 -0.0000
vn -0.0000 1.0000 -0.0000
v 0.084870 -0.110000 -0.184632
v 0.114870 -0.110000 -0.167312
v 0.084870 -0.159000 -0.184632
v 0.114870 -0.159000 -0.167312
v 0.084870 -0.110000 -0.018632
v 0.084870 -0.159000 -0.018632
v 0.114870 -0.110000 -0.035953
v 0.114870 -0.159000 -0.035953
vn 0.5000 -0.0000 -0.8660
vn -1.0000 -0.0000 -0.0000
vn 0.5000 -0.0000 0.8660
vn 1.0000 -0.0000 -0.0000
vn -0.0000 -1.0000 -0.0000
vn -0.0000 1.0000 -0.0000
v 0.027600 -0.110000 0.000000
v 0.027600 -0.098000 0.000000
v 0.027438 -0.110000 -0.002984
v 0.027438 -0.098000 -0.002984
v 0.026955 -0.110000 -0.005933
v 0.026955 -0.098000 -0.005933
v 0.026155 -0.110000 -0.008813
v 0.026155 -0.098000 -0.008813
v 0.025049 -0.110000 -0.011589
v 0.025049 -0.098000 -0.011589
v 0.023649 -0.110000 -0.014229
v 0.023649 -0.098000 -0.014229
v 0.021972 -0.110000 -0.016703
v 0.021972 -0.098000 -0.016703
v 0.020037 -0.110000 -0.018981
v 0.020037 -0.098000 -0.018981
v 0.017868 -0.110000 -0.021036
v 0.017868 -0.098000 -0.021036
v 0.015489 -0.110000 -0.022844
v 0.015489 -0.098000 -0.022844
v 0.012928 -0.110000 -0.024385
v 0.012928 -0.098000 -0.024385
v 0.010216 -0.110000 -0.025640
v 0.010216 -0.098000 -0.025640
v 0.007384 -0.110000 -0.026594
v 0.007384 -0.098000 -0.026594
v 0.004465 -0.110000 -0.027236
v 0.004465 -0.098000 -0.027236
v 0.001494 -0.110000 -0.027560
v 0.001494 -0.098000 -0.027560
v -0.001494 -0.110000 -0.027560
v -0.001494 -0.098000 -0.027560
v -0.004465 -0.110000 -0.027236
v -0.004465 -0.098000 -0.027236
v -0.007384 -0.110000 -0.026594
v -0.007384 -0.098000 -0.026594
v -0.010216 -0.110000 -0.025640
v -0.010216 -0.098000 -0.025640
v -0.012928 -0.110000 -0.024385
v -0.012928 -0.098000 -0.024385
v -0.015489 -0.110000 -0.022844
v -0.015489 -0.098000 -0.022844
v -0.017868 -0.110000 -0.021036
v -0.017868 -0.098000 -0.021036
v -0.020037 -0.110000 -0.018981
v -0.020037 -0.098000 -0.018981
v -0.021972 -0.110000 -0.016703
v -0.021972 -0.098000 -0.016703
v -0.023649 -0.110000 -0.014229
v -0.023649 -0.098000 -0.014229
v -0.025049 -0.110000 -0.011589
v -0.025049 -0.098000 -0.011589
v -0.026155 -0.110000 -0.008813
v -0.026155 -0.098000 -0.008813
v -0.026955 -0.110000 -0.005933
v -0.026955 -0.098000 -0.005933
v -0.027438 -0.110000 -0.002984
v -0.027438 -0.098000 -0.002984
v -0.027600 -0.110000 -0.000000
v -0.027600 -0.098000 -0.000000
v -0.027438 -0.110000 0.002984
v -0.027438 -0.098000 0.002984
v -0.026955 -0.110000 0.005933
v -0.026955 -0.098000 0.005933
v -0.026155 -0.110000 0.008813
v -0.026155 -0.098000 0.008813
v -0.025049 -0.110000 0.011589
v -0.025049 -0.098000 0.011589
v -0.023649 -0.110000 0.014229
v -0.023649 -0.098000 0.014229
v -0.021972 -0.110000 0.016703
v -0.021972 -0.098000 0.016703
v -0.020037 -0.110000 0.018981
v -0.020037 -0.098000 0.018981
v -0.017868 -0.110000 0.021036
v -0.017868 -0.098000 0.021036
v -0.015489 -0.110000 0.022844
v -0.015489 -0.098000 0.022844
v -0.012928 -0.110000 0.024385
v -0.012928 -0.098000 0.024385
v -0.010216 -0.110000 0.025640
v -0.010216 -0.098000 0.025640
v -0.007384 -0.110000 0.026594
v -0.007384 -0.098000 0.026594
v -0.004465 -0.110000 0.027236
v -0.004465 -0.098000 0.027236
v -0.001494 -0.110000 0.027560
v -0.001494 -0.098000 0.027560
v 0.001494 -0.110000 0.027560
v 0.001494 -0.098000 0.027560
v 0.004465 -0.110000 0.027236
v 0.004465 -0.098000 0.027236
v 0.007384 -0.110000 0.026594
v 0.007384 -0.098000 0.026594
v 0.010216 -0.110000 0.025640
v 0.010216 -0.098000 0.025640
v 0.012928 -0.110000 0.024385
v 0.012928 -0.098000 0.024385
v 0.015489 -0.110000 0.022844
v 0.015489 -0.098000 0.022844
v 0.017868 -0.110000 0.021036
v 0.017868 -0.098000 0.021036
v 0.020037 -0.110000 0.018981
v 0.020037 -0.098000 0.018981
v 0.021972 -0.110000 0.016703
v 0.021972 -0.098000 0.016703
v 0.023649 -0.110000 0.014229
v 0.023649 -0.098000 0.014229
v 0.025049 -0.110000 0.011589
v 0.025049 -0.098000 0.011589
v 0.026155 -0.110000 0.008813
v 0.026155 -0.098000 0.008813
v 0.026955 -0.110000 0.005933
v 0.026955 -0.098000 0.005933
v 0.027438 -0.110000 0.002984
v 0.027438 -0.098000 0.002984
v 0.032000 -0.098000 -0.018000
v 0.032000 -0.098000 -0.010000
v 0.032000 -0.110000 -0.018000
v 0.032000 -0.110000 -0.010000
v 0.040000 -0.098000 -0.018000
v 0.040000 -0.110000 -0.018000
v 0.010000 -0.098000 -0.032000
v 0.018000 -0.098000 -0.032000
v 0.010000 -0.110000 -0.032000
v 0.018000 -0.110000 -0.032000
v 0.010000 -0.098000 -0.040000
v 0.010000 -0.110000 -0.040000
v 0.018000 -0.098000 -0.040000
v 0.018000 -0.110000 -0.040000
v 0.040000 -0.110000 -0.026000
v 0.040000 -0.098000 -0.026000
v 0.040000 -0.110000 -0.029800
v 0.040000 -0.098000 -0.029800
v 0.040000 -0.110000 -0.040000
v 0.040000 -0.098000 -0.040000
v 0.032000 -0.098000 -0.026000
v 0.032000 -0.110000 -0.026000
v 0.032000 -0.110000 -0.032000
v 0.032000 -0.098000 -0.032000
v 0.032000 -0.110000 -0.029800
v 0.032000 -0.098000 -0.029800
v 0.026000 -0.110000 -0.032000
v 0.026000 -0.098000 -0.032000
v 0.029800 -0.110000 -0.032000
v 0.029800 -0.098000 -0.032000
v 0.026000 -0.098000 -0.040000
v 0.026000 -0.110000 -0.040000
v 0.029800 -0.098000 0.047250
v 0.029800 -0.098000 0.040000
v 0.022000 -0.098000 0.040000
v -0.010000 -0.098000 0.032000
v -0.010000 -0.098000 0.033800
v 0.029800 -0.098000 -0.022000
v 0.029800 -0.098000 0.000000
v 0.022000 -0.098000 -0.022000
v 0.000000 -0.098000 -0.029800
v 0.022000 -0.098000 -0.029800
v -0.032000 -0.098000 -0.029800
v -0.032000 -0.098000 -0.022000
v -0.033800 -0.098000 0.000000
v -0.032000 -0.098000 -0.010000
v -0.032000 -0.098000 0.010000
v -0.032000 -0.098000 0.032000
v 0.000000 -0.098000 0.033800
v 0.010000 -0.098000 0.033800
v 0.010000 -0.098000 0.032000
v 0.022000 -0.098000 0.032000
v 0.029800 -0.098000 0.032000
v 0.029800 -0.098000 -0.029800
v 0.045000 -0.098000 -0.022000
v 0.045000 -0.098000 -0.029800
v 0.045000 -0.098000 -0.047250
v 0.029800 -0.098000 -0.040000
v 0.029800 -0.098000 -0.047250
v 0.022000 -0.098000 -0.047250
v -0.032000 -0.098000 -0.032000
v -0.010000 -0.098000 -0.032000
v -0.010000 -0.098000 -0.040000
v 0.000000 -0.098000 -0.047250
v -0.033800 -0.098000 -0.040000
v -0.033800 -0.098000 -0.047250
v -0.040000 -0.098000 -0.040000
v -0.045000 -0.098000 -0.047250
v -0.040000 -0.098000 -0.029800
v -0.045000 -0.098000 -0.029800
v -0.040000 -0.098000 -0.022000
v -0.045000 -0.098000 -0.022000
v -0.040000 -0.098000 -0.010000
v -0.045000 -0.098000 0.000000
v -0.033800 -0.098000 -0.010000
v 0.032000 -0.098000 0.032000
v 0.032000 -0.098000 0.010000
v 0.010000 -0.098000 0.040000
v 0.000000 -0.098000 0.047250
v 0.022000 -0.098000 0.047250
v 0.040000 -0.098000 0.040000
v 0.045000 -0.098000 0.047250
v 0.040000 -0.098000 0.033800
v 0.045000 -0.098000 0.033800
v 0.040000 -0.098000 0.010000
v 0.045000 -0.098000 0.000000
v -0.010000 -0.098000 0.040000
v -0.033800 -0.098000 0.047250
v -0.033800 -0.098000 0.040000
v -0.045000 -0.098000 0.047250
v -0.040000 -0.098000 0.040000
v -0.045000 -0.098000 0.033800
v -0.040000 -0.098000 0.033800
v -0.040000 -0.098000 0.010000
v -0.033800 -0.098000 0.010000
v 0.040000 -0.098000 -0.010000
v -0.045000 -0.110000 -0.047250
v -0.033800 -0.110000 -0.047250
v 0.000000 -0.110000 -0.047250
v 0.022000 -0.110000 -0.047250
v 0.029800 -0.110000 -0.047250
v 0.045000 -0.110000 -0.047250
v -0.045000 -0.110000 0.047250
v -0.045000 -0.110000 0.033800
v -0.045000 -0.110000 0.000000
v -0.045000 -0.110000 -0.022000
v -0.045000 -0.110000 -0.029800
v 0.045000 -0.110000 -0.029800
v 0.045000 -0.110000 -0.022000
v 0.045000 -0.110000 0.000000
v 0.045000 -0.110000 0.033800
v 0.045000 -0.110000 0.047250
v 0.029800 -0.110000 0.047250
v 0.022000 -0.110000 0.047250
v 0.000000 -0.110000 0.047250
v -0.033800 -0.110000 0.047250
v 0.010000 -0.110000 0.032000
v 0.010000 -0.110000 0.033800
v 0.022000 -0.110000 0.032000
v 0.029800 -0.110000 0.032000
v 0.029800 -0.110000 0.000000
v 0.000000 -0.110000 0.033800
v -0.010000 -0.110000 0.033800
v -0.010000 -0.110000 0.032000
v -0.033800 -0.110000 0.000000
v -0.032000 -0.110000 0.032000
v -0.032000 -0.110000 0.010000
v -0.033800 -0.110000 -0.010000
v -0.032000 -0.110000 -0.010000
v -0.032000 -0.110000 -0.022000
v 0.000000 -0.110000 -0.029800
v -0.032000 -0.110000 -0.029800
v 0.022000 -0.110000 -0.029800
v 0.022000 -0.110000 -0.022000
v 0.029800 -0.110000 -0.022000
v 0.029800 -0.110000 -0.029800
v 0.029800 -0.110000 -0.040000
v -0.040000 -0.110000 -0.010000
v -0.040000 -0.110000 -0.022000
v -0.040000 -0.110000 -0.029800
v -0.032000 -0.110000 -0.032000
v -0.010000 -0.110000 -0.032000
v -0.040000 -0.110000 -0.040000
v -0.033800 -0.110000 -0.040000
v -0.010000 -0.110000 -0.040000
v 0.032000 -0.110000 0.032000
v 0.032000 -0.110000 0.010000
v 0.040000 -0.110000 0.010000
v 0.040000 -0.110000 0.033800
v 0.040000 -0.110000 0.040000
v 0.029800 -0.110000 0.040000
v 0.022000 -0.110000 0.040000
v 0.010000 -0.110000 0.040000
v -0.010000 -0.110000 0.040000
v -0.033800 -0.110000 0.040000
v -0.040000 -0.110000 0.040000
v -0.040000 -0.110000 0.033800
v -0.040000 -0.110000 0.010000
v -0.033800 -0.110000 0.010000
v 0.040000 -0.110000 -0.010000
vn -0.9985 -0.0000 0.0541
vn -0.9868 -0.0000 0.1618
vn -0.9635 -0.0000 0.2675
vn -0.9636 -0.0000 0.2675
vn -0.9290 -0.0000 0.3701
vn -0.8835 -0.0000 0.4684
vn -0.8277 -0.0000 0.5612
vn -0.7622 -0.0000 0.6474
vn -0.6877 -0.0000 0.7260
vn -0.6052 -0.0000 0.7961
vn -0.5156 -0.0000 0.8569
vn -0.4199 -0.0000 0.9076
vn -0.3193 -0.0000 0.9477
vn -0.2150 -0.0000 0.9766
vn -0.1081 -0.0000 0.9941
vn -0.0000 -0.0000 1.0000
vn 0.1081 -0.0000 0.9941
vn 0.2150 -0.0000 0.9766
vn 0.3193 -0.0000 0.9477
vn 0.4199 -0.0000 0.9076
vn 0.5156 -0.0000 0.8569
vn 0.6052 -0.0000 0.7961
vn 0.6877 -0.0000 0.7260
vn 0.7622 -0.0000 0.6474
vn 0.8277 -0.0000 0.5612
vn 0.8835 -0.0000 0.4684
vn 0.9290 -0.0000 0.3701
vn 0.9636 -0.0000 0.2675
vn 0.9635 -0.0000 0.2675
vn 0.9868 -0.0000 0.1618
vn 0.9985 -0.0000 0.0541
vn 0.9985 -0.0000 -0.0541
vn 0.9868 -0.0000 -0.1618
vn 0.9635 -0.0000 -0.2675
vn 0.9636 -0.0000 -0.2675
vn 0.9290 -0.0000 -0.3701
vn 0.8835 -0.0000 -0.4684
vn 0.8277 -0.0000 -0.5612
vn 0.7622 -0.0000 -0.6474
vn 0.6877 -0.0000 -0.7260
vn 0.6052 -0.0000 -0.7961
vn 0.5156 -0.0000 -0.8569
vn 0.4199 -0.0000 -0.9076
vn 0.3193 -0.0000 -0.9477
vn 0.2150 -0.0000 -0.9766
vn 0.1081 -0.0000 -0.9941
vn -0.0000 -0.0000 -1.0000
vn -0.1081 -0.0000 -0.9941
vn -0.2150 -0.0000 -0.9766
vn -0.3193 -0.0000 -0.9477
vn -0.4199 -0.0000 -0.9076
vn -0.5156 -0.0000 -0.8569
vn -0.6052 -0.0000 -0.7961
vn -0.6877 -0.0000 -0.7260
vn -0.7622 -0.0000 -0.6474
vn -0.8277 -0.0000 -0.5612
vn -0.8835 -0.0000 -0.4684
vn -0.9290 -0.0000 -0.3701
vn -0.9636 -0.0000 -0.2675
vn -0.9635 -0.0000 -0.2675
vn -0.9868 -0.0000 -0.1618
vn -0.9985 -0.0000 -0.0541
vn 1.0000 -0.0000 -0.0000
vn -1.0000 -0.0000 -0.0000
vn -0.0000 1.0000 -0.0000
vn -0.0000 -1.0000 -0.0000
v -0.050000 -0.098000 0.049500
v -0.050000 -0.110000 0.049500
v -0.044804 -0.098000 0.052500
v -0.030947 -0.110000 0.060500
v -0.030947 -0.102000 0.060500
v 0.030947 -0.102000 0.060500
v 0.030947 -0.110000 0.060500
v 0.044804 -0.098000 0.052500
v 0.050000 -0.110000 0.049500
v 0.050000 -0.098000 0.049500
v 0.050000 -0.098000 -0.047500
v 0.050000 -0.110000 -0.047500
v 0.045000 -0.110000 -0.052500
v -0.045000 -0.110000 -0.052500
v 0.045000 -0.098000 -0.052500
v -0.045000 -0.098000 -0.052500
v -0.050000 -0.110000 -0.047500
v -0.050000 -0.098000 -0.047500
v -0.045100 -0.098000 0.047350
v -0.045100 -0.098000 -0.047350
v 0.045100 -0.098000 -0.047350
v 0.045100 -0.098000 0.047350
v -0.045100 -0.110000 -0.047350
v -0.045100 -0.110000 0.047350
v 0.045100 -0.110000 0.047350
v 0.045100 -0.110000 -0.047350
vn -0.5000 -0.0000 0.8660
vn -0.0000 -0.0000 1.0000
vn 0.5000 -0.0000 0.8660
vn 1.0000 -0.0000 -0.0000
vn -0.0000 -0.0000 -1.0000
vn -1.0000 -0.0000 -0.0000
vn -0.0000 1.0000 -0.0000
vn -0.0000 -1.0000 -0.0000
vn 0.7071 -0.0000 -0.7071
vn -0.0000 0.8944 0.4472
vn -0.7071 -0.0000 -0.7071
v 0.023100 -0.110000 0.000000
v 0.023100 -0.098000 0.000000
v 0.022965 -0.110000 -0.002498
v 0.022965 -0.098000 -0.002498
v 0.022560 -0.110000 -0.004966
v 0.022560 -0.098000 -0.004966
v 0.021891 -0.110000 -0.007376
v 0.021891 -0.098000 -0.007376
v 0.020965 -0.110000 -0.009699
v 0.020965 -0.098000 -0.009699
v 0.019793 -0.110000 -0.011909
v 0.019793 -0.098000 -0.011909
v 0.018390 -0.110000 -0.013980
v 0.018390 -0.098000 -0.013980
v 0.016770 -0.110000 -0.015886
v 0.016770 -0.098000 -0.015886
v 0.014955 -0.110000 -0.017606
v 0.014955 -0.098000 -0.017606
v 0.012963 -0.110000 -0.019120
v 0.012963 -0.098000 -0.019120
v 0.010820 -0.110000 -0.020409
v 0.010820 -0.098000 -0.020409
v 0.008550 -0.110000 -0.021459
v 0.008550 -0.098000 -0.021459
v 0.006180 -0.110000 -0.022258
v 0.006180 -0.098000 -0.022258
v 0.003737 -0.110000 -0.022796
v 0.003737 -0.098000 -0.022796
v 0.001251 -0.110000 -0.023066
v 0.001251 -0.098000 -0.023066
v -0.001251 -0.110000 -0.023066
v -0.001251 -0.098000 -0.023066
v -0.003737 -0.110000 -0.022796
v -0.003737 -0.098000 -0.022796
v -0.006180 -0.110000 -0.022258
v -0.006180 -0.098000 -0.022258
v -0.008550 -0.110000 -0.021459
v -0.008550 -0.098000 -0.021459
v -0.010820 -0.110000 -0.020409
v -0.010820 -0.098000 -0.020409
v -0.012963 -0.110000 -0.019120
v -0.012963 -0.098000 -0.019120
v -0.014955 -0.110000 -0.017606
v -0.014955 -0.098000 -0.017606
v -0.016770 -0.110000 -0.015886
v -0.016770 -0.098000 -0.015886
v -0.018390 -0.110000 -0.013980
v -0.018390 -0.098000 -0.013980
v -0.019793 -0.110000 -0.011909
v -0.019793 -0.098000 -0.011909
v -0.020965 -0.110000 -0.009699
v -0.020965 -0.098000 -0.009699
v -0.021891 -0.110000 -0.007376
v -0.021891 -0.098000 -0.007376
v -0.022560 -0.110000 -0.004966
v -0.022560 -0.098000 -0.004966
v -0.022965 -0.110000 -0.002498
v -0.022965 -0.098000 -0.002498
v -0.023100 -0.110000 -0.000000
v -0.023100 -0.098000 -0.000000
v -0.022965 -0.110000 0.002498
v -0.022965 -0.098000 0.002498
v -0.022560 -0.110000 0.004966
v -0.022560 -0.098000 0.004966
v -0.021891 -0.110000 0.007376
v -0.021891 -0.098000 0.007376
v -0.020965 -0.110000 0.009699
v -0.020965 -0.098000 0.009699
v -0.019793 -0.110000 0.011909
v -0.019793 -0.098000 0.011909
v -0.018390 -0.110000 0.013980
v -0.018390 -0.098000 0.013980
v -0.016770 -0.110000 0.015886
v -0.016770 -0.098000 0.015886
v -0.014955 -0.110000 0.017606
v -0.014955 -0.098000 0.017606
v -0.012963 -0.110000 0.019120
v -0.012963 -0.098000 0.019120
v -0.010820 -0.110000 0.020409
v -0.010820 -0.098000 0.020409
v -0.008550 -0.110000 0.021459
v -0.008550 -0.098000 0.021459
v -0.006180 -0.110000 0.022258
v -0.006180 -0.098000 0.022258
v -0.003737 -0.110000 0.022796
v -0.003737 -0.098000 0.022796
v -0.001251 -0.110000 0.023066
v -0.001251 -0.098000 0.023066
v 0.001251 -0.110000 0.023066
v 0.001251 -0.098000 0.023066
v 0.003737 -0.110000 0.022796
v 0.003737 -0.098000 0.022796
v 0.006180 -0.110000 0.022258
v 0.006180 -0.098000 0.022258
v 0.008550 -0.110000 0.021459
v 0.008550 -0.098000 0.021459
v 0.010820 -0.110000 0.020409
v 0.010820 -0.098000 0.020409
v 0.012963 -0.110000 0.019120
v 0.012963 -0.098000 0.019120
v 0.014955 -0.110000 0.017606
v 0.014955 -0.098000 0.017606
v 0.016770 -0.110000 0.015886
v 0.016770 -0.098000 0.015886
v 0.018390 -0.110000 0.013980
v 0.018390 -0.098000 0.013980
v 0.019793 -0.110000 0.011909
v 0.019793 -0.098000 0.011909
v 0.020965 -0.110000 0.009699
v 0.020965 -0.098000 0.009699
v 0.021891 -0.110000 0.007376
v 0.021891 -0.098000 0.007376
v 0.022560 -0.110000 0.004966
v 0.022560 -0.098000 0.004966
v 0.022965 -0.110000 0.002498
v 0.022965 -0.098000 0.002498
v 0.027500 -0.098000 0.000000
v 0.027339 -0.110000 -0.002973
v 0.027339 -0.098000 -0.002973
v 0.026857 -0.110000 -0.005912
v 0.026857 -0.098000 -0.005912
v 0.026060 -0.110000 -0.008781
v 0.026060 -0.098000 -0.008781
v 0.024958 -0.110000 -0.011547
v 0.024958 -0.098000 -0.011547
v 0.023564 -0.110000 -0.014178
v 0.023564 -0.098000 -0.014178
v 0.021893 -0.110000 -0.016642
v 0.021893 -0.098000 -0.016642
v 0.019965 -0.110000 -0.018912
v 0.019965 -0.098000 -0.018912
v 0.017803 -0.110000 -0.020959
v 0.017803 -0.098000 -0.020959
v 0.015433 -0.110000 -0.022761
v 0.015433 -0.098000 -0.022761
v 0.012881 -0.110000 -0.024297
v 0.012881 -0.098000 -0.024297
v 0.010179 -0.110000 -0.025547
v 0.010179 -0.098000 -0.025547
v 0.007357 -0.110000 -0.026498
v 0.007357 -0.098000 -0.026498
v 0.004449 -0.110000 -0.027138
v 0.004449 -0.098000 -0.027138
v 0.001489 -0.110000 -0.027460
v 0.001489 -0.098000 -0.027460
v -0.001489 -0.110000 -0.027460
v -0.001489 -0.098000 -0.027460
v -0.004449 -0.110000 -0.027138
v -0.004449 -0.098000 -0.027138
v -0.007357 -0.110000 -0.026498
v -0.007357 -0.098000 -0.026498
v -0.010179 -0.110000 -0.025547
v -0.010179 -0.098000 -0.025547
v -0.012881 -0.110000 -0.024297
v -0.012881 -0.098000 -0.024297
v -0.015433 -0.110000 -0.022761
v -0.015433 -0.098000 -0.022761
v -0.017803 -0.110000 -0.020959
v -0.017803 -0.098000 -0.020959
v -0.019965 -0.110000 -0.018912
v -0.019965 -0.098000 -0.018912
v -0.021893 -0.110000 -0.016642
v -0.021893 -0.098000 -0.016642
v -0.023564 -0.110000 -0.014178
v -0.023564 -0.098000 -0.014178
v -0.024958 -0.110000 -0.011547
v -0.024958 -0.098000 -0.011547
v -0.026060 -0.110000 -0.008781
v -0.026060 -0.098000 -0.008781
v -0.026857 -0.110000 -0.005912
v -0.026857 -0.098000 -0.005912
v -0.027339 -0.110000 -0.002973
v -0.027339 -0.098000 -0.002973
v -0.027500 -0.110000 -0.000000
v -0.027500 -0.098000 -0.000000
v -0.027339 -0.110000 0.002973
v -0.027339 -0.098000 0.002973
v -0.026857 -0.110000 0.005912
v -0.026857 -0.098000 0.005912
v -0.026060 -0.110000 0.008781
v -0.026060 -0.098000 0.008781
v -0.024958 -0.110000 0.011547
v -0.024958 -0.098000 0.011547
v -0.023564 -0.110000 0.014178
v -0.023564 -0.098000 0.014178
v -0.021893 -0.110000 0.016642
v -0.021893 -0.098000 0.016642
v -0.019965 -0.110000 0.018912
v -0.019965 -0.098000 0.018912
v -0.017803 -0.110000 0.020959
v -0.017803 -0.098000 0.020959
v -0.015433 -0.110000 0.022761
v -0.015433 -0.098000 0.022761
v -0.012881 -0.110000 0.024297
v -0.012881 -0.098000 0.024297
v -0.010179 -0.110000 0.025547
v -0.010179 -0.098000 0.025547
v -0.007357 -0.110000 0.026498
v -0.007357 -0.098000 0.026498
v -0.004449 -0.110000 0.027138
v -0.004449 -0.098000 0.027138
v -0.001489 -0.110000 0.027460
v -0.001489 -0.098000 0.027460
v 0.001489 -0.110000 0.027460
v 0.001489 -0.098000 0.027460
v 0.004449 -0.110000 0.027138
v 0.004449 -0.098000 0.027138
v 0.007357 -0.110000 0.026498
v 0.007357 -0.098000 0.026498
v 0.010179 -0.110000 0.025547
v 0.010179 -0.098000 0.025547
v 0.012881 -0.110000 0.024297
v 0.012881 -0.098000 0.024297
v 0.015433 -0.110000 0.022761
v 0.015433 -0.098000 0.022761
v 0.017803 -0.110000 0.020959
v 0.017803 -0.098000 0.020959
v 0.019965 -0.110000 0.018912
v 0.019965 -0.098000 0.018912
v 0.021893 -0.110000 0.016642
v 0.021893 -0.098000 0.016642
v 0.023564 -0.110000 0.014178
v 0.023564 -0.098000 0.014178
v 0.024958 -0.110000 0.011547
v 0.024958 -0.098000 0.011547
v 0.026060 -0.110000 0.008781
v 0.026060 -0.098000 0.008781
v 0.026857 -0.110000 0.005912
v 0.026857 -0.098000 0.005912
v 0.027339 -0.110000 0.002973
v 0.027339 -0.098000 0.002973
v 0.027500 -0.110000 0.000000
vn -0.9985 -0.0000 0.0541
vn -0.9868 -0.0000 0.1618
vn -0.9635 -0.0000 0.2675
vn -0.9636 -0.0000 0.2675
vn -0.9290 -0.0000 0.3701
vn -0.8835 -0.0000 0.4684
vn -0.8277 -0.0000 0.5612
vn -0.7622 -0.0000 0.6474
vn -0.6877 -0.0000 0.7260
vn -0.6052 -0.0000 0.7961
vn -0.5156 -0.0000 0.8569
vn -0.4199 -0.0000 0.9076
vn -0.3193 -0.0000 0.9477
vn -0.2150 -0.0000 0.9766
vn -0.1081 -0.0000 0.9941
vn -0.0000 -0.0000 1.0000
vn 0.1081 -0.0000 0.9941
vn 0.2150 -0.0000 0.9766
vn 0.3193 -0.0000 0.9477
vn 0.4199 -0.0000 0.9076
vn 0.5156 -0.0000 0.8569
vn 0.6052 -0.0000 0.7961
vn 0.6877 -0.0000 0.7260
vn 0.7622 -0.0000 0.6474
vn 0.8277 -0.0000 0.5612
vn 0.8835 -0.0000 0.4684
vn 0.9290 -0.0000 0.3701
vn 0.9636 -0.0000 0.2675
vn 0.9635 -0.0000 0.2675
vn 0.9868 -0.0000 0.1618
vn 0.9985 -0.0000 0.0541
vn 0.9985 -0.0000 -0.0541
vn 0.9868 -0.0000 -0.1618
vn 0.9635 -0.0000 -0.2675
vn 0.9636 -0.0000 -0.2675
vn 0.9290 -0.0000 -0.3701
vn 0.8835 -0.0000 -0.4684
vn 0.8277 -0.0000 -0.5612
vn 0.7622 -0.0000 -0.6474
vn 0.6877 -0.0000 -0.7260
vn 0.6052 -0.0000 -0.7961
vn 0.5156 -0.0000 -0.8569
vn 0.4199 -0.0000 -0.9076
vn 0.3193 -0.0000 -0.9477
vn 0.2150 -0.0000 -0.9766
vn 0.1081 -0.0000 -0.9941
vn -0.0000 -0.0000 -1.0000
vn -0.1081 -0.0000 -0.9941
vn -0.2150 -0.0000 -0.9766
vn -0.3193 -0.0000 -0.9477
vn -0.4199 -0.0000 -0.9076
vn -0.5156 -0.0000 -0.8569
vn -0.6052 -0.0000 -0.7961
vn -0.6877 -0.0000 -0.7260
vn -0.7622 -0.0000 -0.6474
vn -0.8277 -0.0000 -0.5612
vn -0.8835 -0.0000 -0.4684
vn -0.9290 -0.0000 -0.3701
vn -0.9636 -0.0000 -0.2675
vn -0.9635 -0.0000 -0.2675
vn -0.9868 -0.0000 -0.1618
vn -0.9985 -0.0000 -0.0541
vn -0.0000 1.0000 -0.0000
vn -0.0000 -1.0000 -0.0000
v 0.001850 -0.110000 0.019750
v 0.001850 -0.098000 0.019750
v 0.001839 -0.110000 0.019550
v 0.001839 -0.098000 0.019550
v 0.001807 -0.110000 0.019352
v 0.001807 -0.098000 0.019352
v 0.001753 -0.110000 0.019159
v 0.001753 -0.098000 0.019159
v 0.001679 -0.110000 0.018973
v 0.001679 -0.098000 0.018973
v 0.001585 -0.110000 0.018796
v 0.001585 -0.098000 0.018796
v 0.001473 -0.110000 0.018630
v 0.001473 -0.098000 0.018630
v 0.001343 -0.110000 0.018478
v 0.001343 -0.098000 0.018478
v 0.001198 -0.110000 0.018340
v 0.001198 -0.098000 0.018340
v 0.001038 -0.110000 0.018219
v 0.001038 -0.098000 0.018219
v 0.000867 -0.110000 0.018116
v 0.000867 -0.098000 0.018116
v 0.000685 -0.110000 0.018031
v 0.000685 -0.098000 0.018031
v 0.000495 -0.110000 0.017967
v 0.000495 -0.098000 0.017967
v 0.000299 -0.110000 0.017924
v 0.000299 -0.098000 0.017924
v 0.000100 -0.110000 0.017903
v 0.000100 -0.098000 0.017903
v -0.000100 -0.110000 0.017903
v -0.000100 -0.098000 0.017903
v -0.000299 -0.110000 0.017924
v -0.000299 -0.098000 0.017924
v -0.000495 -0.110000 0.017967
v -0.000495 -0.098000 0.017967
v -0.000685 -0.110000 0.018031
v -0.000685 -0.098000 0.018031
v -0.000867 -0.110000 0.018116
v -0.000867 -0.098000 0.018116
v -0.001038 -0.110000 0.018219
v -0.001038 -0.098000 0.018219
v -0.001198 -0.110000 0.018340
v -0.001198 -0.098000 0.018340
v -0.001343 -0.110000 0.018478
v -0.001343 -0.098000 0.018478
v -0.001473 -0.110000 0.018630
v -0.001473 -0.098000 0.018630
v -0.001585 -0.110000 0.018796
v -0.001585 -0.098000 0.018796
v -0.001679 -0.110000 0.018973
v -0.001679 -0.098000 0.018973
v -0.001753 -0.110000 0.019159
v -0.001753 -0.098000 0.019159
v -0.001807 -0.110000 0.019352
v -0.001807 -0.098000 0.019352
v -0.001839 -0.110000 0.019550
v -0.001839 -0.098000 0.019550
v -0.001850 -0.110000 0.019750
v -0.001850 -0.098000 0.019750
v -0.001839 -0.110000 0.019950
v -0.001839 -0.098000 0.019950
v -0.001807 -0.110000 0.020148
v -0.001807 -0.098000 0.020148
v -0.001753 -0.110000 0.020341
v -0.001753 -0.098000 0.020341
v -0.001679 -0.110000 0.020527
v -0.001679 -0.098000 0.020527
v -0.001585 -0.110000 0.020704
v -0.001585 -0.098000 0.020704
v -0.001473 -0.110000 0.020870
v -0.001473 -0.098000 0.020870
v -0.001343 -0.110000 0.021022
v -0.001343 -0.098000 0.021022
v -0.001198 -0.110000 0.021160
v -0.001198 -0.098000 0.021160
v -0.001038 -0.110000 0.021281
v -0.001038 -0.098000 0.021281
v -0.000867 -0.110000 0.021384
v -0.000867 -0.098000 0.021384
v -0.000685 -0.110000 0.021469
v -0.000685 -0.098000 0.021469
v -0.000495 -0.110000 0.021533
v -0.000495 -0.098000 0.021533
v -0.000299 -0.110000 0.021576
v -0.000299 -0.098000 0.021576
v -0.000100 -0.110000 0.021597
v -0.000100 -0.098000 0.021597
v 0.000100 -0.110000 0.021597
v 0.000100 -0.098000 0.021597
v 0.000299 -0.110000 0.021576
v 0.000299 -0.098000 0.021576
v 0.000495 -0.110000 0.021533
v 0.000495 -0.098000 0.021533
v 0.000685 -0.110000 0.021469
v 0.000685 -0.098000 0.021469
v 0.000867 -0.110000 0.021384
v 0.000867 -0.098000 0.021384
v 0.001038 -0.110000 0.021281
v 0.001038 -0.098000 0.021281
v 0.001198 -0.110000 0.021160
v 0.001198 -0.098000 0.021160
v 0.001343 -0.110000 0.021022
v 0.001343 -0.098000 0.021022
v 0.001473 -0.110000 0.020870
v 0.001473 -0.098000 0.020870
v 0.001585 -0.110000 0.020704
v 0.001585 -0.098000 0.020704
v 0.001679 -0.110000 0.020527
v 0.001679 -0.098000 0.020527
v 0.001753 -0.110000 0.020341
v 0.001753 -0.098000 0.020341
v 0.001807 -0.110000 0.020148
v 0.001807 -0.098000 0.020148
v 0.001839 -0.110000 0.019950
v 0.001839 -0.098000 0.019950
v 0.018712 -0.110000 -0.001531
v 0.018552 -0.110000 -0.001410
v -0.017900 -0.110000 -0.000000
v -0.021589 -0.110000 -0.000200
v -0.021600 -0.110000 -0.000000
v -0.023000 -0.110000 -0.000000
v -0.020788 -0.110000 -0.001531
v -0.020948 -0.110000 -0.001410
v -0.022462 -0.110000 -0.004944
v 0.019850 -0.110000 -0.001847
v 0.019650 -0.110000 -0.001847
v 0.000299 -0.110000 -0.017924
v 0.019255 -0.110000 -0.001783
v 0.019451 -0.110000 -0.001826
v 0.019065 -0.110000 -0.001719
v 0.018883 -0.110000 -0.001634
v 0.018407 -0.110000 -0.001272
v 0.018277 -0.110000 -0.001120
v 0.018165 -0.110000 -0.000954
v -0.003721 -0.110000 0.022697
v -0.001245 -0.110000 0.022966
v 0.021589 -0.110000 0.000200
v 0.021600 -0.110000 0.000000
v 0.023000 -0.110000 0.000000
v -0.021223 -0.110000 -0.001120
v -0.021335 -0.110000 -0.000954
v -0.022865 -0.110000 -0.002487
v -0.019255 -0.110000 0.001783
v -0.019065 -0.110000 0.001719
v 0.017900 -0.110000 0.000000
v -0.018883 -0.110000 0.001634
v 0.001245 -0.110000 0.022966
v -0.021335 -0.110000 0.000954
v -0.021223 -0.110000 0.001120
v -0.022865 -0.110000 0.002487
v -0.021429 -0.110000 -0.000777
v -0.021503 -0.110000 -0.000591
v -0.021557 -0.110000 -0.000398
v 0.020617 -0.110000 -0.001634
v 0.020435 -0.110000 -0.001719
v -0.018712 -0.110000 0.001531
v -0.018552 -0.110000 0.001410
v 0.017911 -0.110000 -0.000200
v -0.018407 -0.110000 0.001272
v 0.017943 -0.110000 -0.000398
v 0.017997 -0.110000 -0.000591
v -0.018277 -0.110000 0.001120
v -0.018165 -0.110000 0.000954
v -0.018071 -0.110000 0.000777
v -0.017997 -0.110000 0.000591
v -0.017943 -0.110000 0.000398
v 0.018071 -0.110000 -0.000777
v -0.017911 -0.110000 0.000200
v -0.021429 -0.110000 0.000777
v -0.001038 -0.110000 -0.018219
v -0.001198 -0.110000 -0.018340
v -0.017911 -0.110000 -0.000200
v -0.017943 -0.110000 -0.000398
v -0.017997 -0.110000 -0.000591
v -0.018071 -0.110000 -0.000777
v -0.018165 -0.110000 -0.000954
v -0.000867 -0.110000 -0.018116
v -0.000685 -0.110000 -0.018031
v -0.000495 -0.110000 -0.017967
v 0.020788 -0.110000 -0.001531
v -0.000685 -0.110000 -0.021469
v -0.001245 -0.110000 -0.022966
v -0.000495 -0.110000 -0.021533
v -0.000299 -0.110000 -0.021576
v -0.020435 -0.110000 0.001719
v -0.020049 -0.110000 0.001826
v -0.019850 -0.110000 0.001847
v -0.019650 -0.110000 0.001847
v -0.019451 -0.110000 0.001826
v -0.021589 -0.110000 0.000200
v -0.021557 -0.110000 0.000398
v -0.021503 -0.110000 0.000591
v -0.021093 -0.110000 -0.001272
v 0.000867 -0.110000 -0.021384
v 0.000685 -0.110000 -0.021469
v 0.001245 -0.110000 -0.022966
v 0.000495 -0.110000 -0.021533
v -0.000867 -0.110000 -0.021384
v -0.001038 -0.110000 -0.021281
v -0.003721 -0.110000 -0.022697
v -0.001198 -0.110000 -0.021160
v -0.001343 -0.110000 -0.021022
v -0.006153 -0.110000 -0.022162
v -0.001753 -0.110000 -0.020341
v -0.008513 -0.110000 -0.021366
v -0.001807 -0.110000 -0.020148
v -0.010773 -0.110000 -0.020321
v -0.001839 -0.110000 -0.019950
v -0.001850 -0.110000 -0.019750
v -0.006153 -0.110000 0.022162
v -0.020617 -0.110000 0.001634
v -0.020788 -0.110000 0.001531
v -0.020245 -0.110000 0.001783
v -0.010773 -0.110000 0.020321
v -0.008513 -0.110000 0.021366
v -0.000299 -0.110000 -0.017924
v -0.000100 -0.110000 -0.017903
v 0.000100 -0.110000 -0.017903
v 0.020245 -0.110000 -0.001783
v 0.020049 -0.110000 -0.001826
v -0.001473 -0.110000 -0.020870
v -0.001585 -0.110000 -0.020704
v -0.001679 -0.110000 -0.020527
v 0.017911 -0.110000 0.000200
v 0.003721 -0.110000 0.022697
v -0.020948 -0.110000 0.001410
v -0.012907 -0.110000 0.019037
v -0.014890 -0.110000 0.017530
v -0.016698 -0.110000 0.015817
v -0.018310 -0.110000 0.013919
v -0.018552 -0.110000 -0.001410
v -0.001839 -0.110000 -0.019550
v -0.001807 -0.110000 -0.019352
v 0.000867 -0.110000 -0.018116
v 0.020948 -0.110000 -0.001410
v 0.000685 -0.110000 -0.018031
v 0.000495 -0.110000 -0.017967
v 0.021503 -0.110000 -0.000591
v 0.022865 -0.110000 -0.002487
v 0.021557 -0.110000 -0.000398
v 0.021589 -0.110000 -0.000200
v 0.000299 -0.110000 -0.021576
v 0.000100 -0.110000 -0.021597
v -0.000100 -0.110000 -0.021597
v 0.018071 -0.110000 0.000777
v 0.018165 -0.110000 0.000954
v 0.018277 -0.110000 0.001120
v 0.017943 -0.110000 0.000398
v 0.017997 -0.110000 0.000591
v 0.020617 -0.110000 0.001634
v 0.022462 -0.110000 0.004944
v 0.020435 -0.110000 0.001719
v 0.021796 -0.110000 0.007344
v 0.020245 -0.110000 0.001783
v 0.021223 -0.110000 0.001120
v 0.021335 -0.110000 0.000954
v 0.022865 -0.110000 0.002487
v 0.021429 -0.110000 -0.000777
v 0.021335 -0.110000 -0.000954
v 0.021223 -0.110000 -0.001120
v 0.001473 -0.110000 -0.020870
v 0.001343 -0.110000 -0.021022
v 0.003721 -0.110000 -0.022697
v 0.001198 -0.110000 -0.021160
v 0.001038 -0.110000 -0.021281
v 0.018883 -0.110000 0.001634
v 0.008513 -0.110000 0.021366
v 0.018712 -0.110000 0.001531
v 0.006153 -0.110000 0.022162
v 0.020788 -0.110000 0.001531
v 0.020948 -0.110000 0.001410
v 0.021093 -0.110000 0.001272
v 0.021429 -0.110000 0.000777
v 0.021503 -0.110000 0.000591
v 0.021557 -0.110000 0.000398
v -0.001753 -0.110000 -0.019159
v -0.001679 -0.110000 -0.018973
v -0.001585 -0.110000 -0.018796
v 0.001038 -0.110000 -0.018219
v 0.001198 -0.110000 -0.018340
v 0.001343 -0.110000 -0.018478
v 0.018552 -0.110000 0.001410
v 0.018407 -0.110000 0.001272
v -0.019708 -0.110000 0.011858
v -0.020874 -0.110000 0.009657
v -0.021796 -0.110000 0.007344
v -0.022462 -0.110000 0.004944
v 0.020049 -0.110000 0.001826
v 0.020874 -0.110000 0.009657
v 0.019850 -0.110000 0.001847
v 0.019708 -0.110000 0.011858
v 0.019650 -0.110000 0.001847
v 0.018310 -0.110000 0.013919
v 0.019451 -0.110000 0.001826
v 0.016698 -0.110000 0.015817
v 0.019255 -0.110000 0.001783
v 0.014890 -0.110000 0.017530
v 0.019065 -0.110000 0.001719
v 0.012907 -0.110000 0.019037
v 0.010773 -0.110000 0.020321
v -0.021093 -0.110000 0.001272
v -0.001473 -0.110000 -0.018630
v -0.001343 -0.110000 -0.018478
v -0.018407 -0.110000 -0.001272
v -0.018277 -0.110000 -0.001120
v -0.018712 -0.110000 -0.001531
v -0.018883 -0.110000 -0.001634
v -0.012907 -0.110000 -0.019037
v -0.019065 -0.110000 -0.001719
v -0.014890 -0.110000 -0.017530
v -0.019255 -0.110000 -0.001783
v -0.016698 -0.110000 -0.015817
v -0.019451 -0.110000 -0.001826
v -0.018310 -0.110000 -0.013919
v -0.019650 -0.110000 -0.001847
v -0.019708 -0.110000 -0.011858
v -0.019850 -0.110000 -0.001847
v -0.020874 -0.110000 -0.009657
v -0.020049 -0.110000 -0.001826
v -0.021796 -0.110000 -0.007344
v -0.020245 -0.110000 -0.001783
v -0.020435 -0.110000 -0.001719
v -0.020617 -0.110000 -0.001634
v 0.006153 -0.110000 -0.022162
v 0.001679 -0.110000 -0.020527
v 0.001585 -0.110000 -0.020704
v 0.001679 -0.110000 -0.018973
v 0.020874 -0.110000 -0.009657
v 0.001585 -0.110000 -0.018796
v 0.021796 -0.110000 -0.007344
v 0.001473 -0.110000 -0.018630
v 0.022462 -0.110000 -0.004944
v 0.001839 -0.110000 -0.019550
v 0.001850 -0.110000 -0.019750
v 0.010773 -0.110000 -0.020321
v 0.001839 -0.110000 -0.019950
v 0.008513 -0.110000 -0.021366
v 0.001807 -0.110000 -0.020148
v 0.001753 -0.110000 -0.020341
v 0.021093 -0.110000 -0.001272
v 0.012907 -0.110000 -0.019037
v 0.014890 -0.110000 -0.017530
v 0.001807 -0.110000 -0.019352
v 0.016698 -0.110000 -0.015817
v 0.001753 -0.110000 -0.019159
v 0.018310 -0.110000 -0.013919
v 0.019708 -0.110000 -0.011858
v -0.021589 -0.098000 0.000200
v -0.021600 -0.098000 -0.000000
v -0.023000 -0.098000 -0.000000
v 0.018883 -0.098000 0.001634
v 0.018712 -0.098000 0.001531
v -0.017900 -0.098000 -0.000000
v 0.001245 -0.098000 0.022966
v 0.021589 -0.098000 -0.000200
v 0.021600 -0.098000 0.000000
v 0.023000 -0.098000 0.000000
v 0.003721 -0.098000 0.022697
v -0.001245 -0.098000 0.022966
v 0.019650 -0.098000 0.001847
v 0.019451 -0.098000 0.001826
v 0.018552 -0.098000 0.001410
v 0.018407 -0.098000 0.001272
v 0.018277 -0.098000 0.001120
v -0.022865 -0.098000 0.002487
v -0.021223 -0.098000 0.001120
v -0.021335 -0.098000 0.000954
v 0.019255 -0.098000 0.001783
v 0.019065 -0.098000 0.001719
v 0.018165 -0.098000 0.000954
v 0.018071 -0.098000 0.000777
v 0.017997 -0.098000 0.000591
v 0.000685 -0.098000 -0.018031
v 0.017900 -0.098000 0.000000
v 0.000867 -0.098000 -0.018116
v 0.001038 -0.098000 -0.018219
v -0.000867 -0.098000 -0.021384
v -0.000685 -0.098000 -0.021469
v -0.001245 -0.098000 -0.022966
v -0.000495 -0.098000 -0.021533
v 0.006153 -0.098000 0.022162
v -0.021796 -0.098000 0.007344
v -0.020435 -0.098000 0.001719
v -0.022462 -0.098000 0.004944
v -0.020617 -0.098000 0.001634
v -0.020788 -0.098000 0.001531
v -0.020948 -0.098000 0.001410
v -0.021093 -0.098000 0.001272
v -0.021429 -0.098000 0.000777
v -0.021503 -0.098000 0.000591
v -0.021557 -0.098000 0.000398
v 0.020788 -0.098000 0.001531
v 0.020617 -0.098000 0.001634
v 0.020948 -0.098000 0.001410
v -0.019255 -0.098000 -0.001783
v -0.019065 -0.098000 -0.001719
v -0.017997 -0.098000 -0.000591
v -0.018071 -0.098000 -0.000777
v -0.018165 -0.098000 -0.000954
v 0.000495 -0.098000 -0.017967
v 0.000299 -0.098000 -0.017924
v 0.000100 -0.098000 -0.017903
v -0.020245 -0.098000 -0.001783
v -0.020049 -0.098000 -0.001826
v -0.000299 -0.098000 -0.017924
v -0.021503 -0.098000 -0.000591
v -0.022865 -0.098000 -0.002487
v -0.021557 -0.098000 -0.000398
v -0.021589 -0.098000 -0.000200
v 0.000685 -0.098000 -0.021469
v 0.001245 -0.098000 -0.022966
v 0.000495 -0.098000 -0.021533
v 0.000299 -0.098000 -0.021576
v 0.000867 -0.098000 -0.021384
v 0.001038 -0.098000 -0.021281
v 0.003721 -0.098000 -0.022697
v 0.001198 -0.098000 -0.021160
v 0.001343 -0.098000 -0.021022
v 0.020435 -0.098000 0.001719
v 0.020245 -0.098000 0.001783
v 0.020049 -0.098000 0.001826
v 0.019850 -0.098000 0.001847
v 0.021503 -0.098000 0.000591
v 0.022865 -0.098000 0.002487
v 0.021557 -0.098000 0.000398
v 0.021589 -0.098000 0.000200
v 0.021429 -0.098000 0.000777
v 0.021335 -0.098000 0.000954
v 0.021223 -0.098000 0.001120
v -0.018883 -0.098000 -0.001634
v -0.018712 -0.098000 -0.001531
v -0.018552 -0.098000 -0.001410
v -0.018407 -0.098000 -0.001272
v -0.018277 -0.098000 -0.001120
v 0.001198 -0.098000 -0.018340
v 0.017911 -0.098000 -0.000200
v 0.017943 -0.098000 -0.000398
v 0.017997 -0.098000 -0.000591
v 0.018071 -0.098000 -0.000777
v 0.018165 -0.098000 -0.000954
v 0.001679 -0.098000 -0.018973
v 0.001585 -0.098000 -0.018796
v 0.018552 -0.098000 -0.001410
v 0.021223 -0.098000 -0.001120
v 0.021335 -0.098000 -0.000954
v 0.022865 -0.098000 -0.002487
v -0.020435 -0.098000 -0.001719
v -0.000100 -0.098000 -0.017903
v -0.019650 -0.098000 -0.001847
v -0.019850 -0.098000 -0.001847
v 0.010773 -0.098000 0.020321
v 0.008513 -0.098000 0.021366
v -0.019451 -0.098000 -0.001826
v 0.017943 -0.098000 0.000398
v 0.017911 -0.098000 0.000200
v -0.017911 -0.098000 -0.000200
v -0.017943 -0.098000 -0.000398
v 0.021429 -0.098000 -0.000777
v 0.021503 -0.098000 -0.000591
v 0.021557 -0.098000 -0.000398
v -0.000867 -0.098000 -0.018116
v -0.020948 -0.098000 -0.001410
v -0.000685 -0.098000 -0.018031
v -0.020788 -0.098000 -0.001531
v -0.000495 -0.098000 -0.017967
v -0.020617 -0.098000 -0.001634
v -0.000299 -0.098000 -0.021576
v -0.000100 -0.098000 -0.021597
v 0.000100 -0.098000 -0.021597
v 0.001473 -0.098000 -0.020870
v 0.001585 -0.098000 -0.020704
v 0.006153 -0.098000 -0.022162
v -0.017911 -0.098000 0.000200
v -0.017943 -0.098000 0.000398
v -0.017997 -0.098000 0.000591
v -0.018071 -0.098000 0.000777
v -0.018165 -0.098000 0.000954
v 0.021093 -0.098000 0.001272
v 0.020874 -0.098000 0.009657
v 0.021796 -0.098000 0.007344
v 0.022462 -0.098000 0.004944
v -0.001038 -0.098000 -0.018219
v -0.001198 -0.098000 -0.018340
v -0.001343 -0.098000 -0.018478
v 0.001679 -0.098000 -0.020527
v 0.001753 -0.098000 -0.020341
v 0.008513 -0.098000 -0.021366
v 0.001807 -0.098000 -0.020148
v 0.010773 -0.098000 -0.020321
v 0.001839 -0.098000 -0.019950
v 0.001850 -0.098000 -0.019750
v -0.018552 -0.098000 0.001410
v 0.012907 -0.098000 0.019037
v 0.014890 -0.098000 0.017530
v 0.016698 -0.098000 0.015817
v 0.018310 -0.098000 0.013919
v 0.019708 -0.098000 0.011858
v 0.001839 -0.098000 -0.019550
v 0.001807 -0.098000 -0.019352
v 0.001753 -0.098000 -0.019159
v 0.021796 -0.098000 -0.007344
v 0.020435 -0.098000 -0.001719
v 0.022462 -0.098000 -0.004944
v 0.020617 -0.098000 -0.001634
v 0.020788 -0.098000 -0.001531
v 0.020948 -0.098000 -0.001410
v 0.021093 -0.098000 -0.001272
v -0.001473 -0.098000 -0.020870
v -0.001343 -0.098000 -0.021022
v -0.003721 -0.098000 -0.022697
v -0.001198 -0.098000 -0.021160
v -0.001038 -0.098000 -0.021281
v -0.003721 -0.098000 0.022697
v 0.001473 -0.098000 -0.018630
v 0.001343 -0.098000 -0.018478
v 0.018407 -0.098000 -0.001272
v 0.018277 -0.098000 -0.001120
v -0.021429 -0.098000 -0.000777
v -0.021335 -0.098000 -0.000954
v -0.021223 -0.098000 -0.001120
v -0.001839 -0.098000 -0.019550
v -0.001850 -0.098000 -0.019750
v -0.010773 -0.098000 -0.020321
v -0.001839 -0.098000 -0.019950
v -0.008513 -0.098000 -0.021366
v -0.001807 -0.098000 -0.020148
v -0.006153 -0.098000 -0.022162
v -0.001753 -0.098000 -0.020341
v -0.001679 -0.098000 -0.020527
v -0.001585 -0.098000 -0.020704
v -0.018277 -0.098000 0.001120
v -0.018407 -0.098000 0.001272
v -0.006153 -0.098000 0.022162
v -0.018712 -0.098000 0.001531
v -0.008513 -0.098000 0.021366
v -0.018883 -0.098000 0.001634
v -0.010773 -0.098000 0.020321
v -0.012907 -0.098000 -0.019037
v -0.014890 -0.098000 -0.017530
v -0.001807 -0.098000 -0.019352
v -0.016698 -0.098000 -0.015817
v -0.001753 -0.098000 -0.019159
v -0.018310 -0.098000 -0.013919
v -0.001679 -0.098000 -0.018973
v -0.012907 -0.098000 0.019037
v -0.019065 -0.098000 0.001719
v -0.014890 -0.098000 0.017530
v -0.019255 -0.098000 0.001783
v -0.016698 -0.098000 0.015817
v -0.019451 -0.098000 0.001826
v -0.018310 -0.098000 0.013919
v -0.019650 -0.098000 0.001847
v -0.019708 -0.098000 0.011858
v -0.019850 -0.098000 0.001847
v -0.020874 -0.098000 0.009657
v -0.020049 -0.098000 0.001826
v -0.020245 -0.098000 0.001783
v 0.018712 -0.098000 -0.001531
v 0.018883 -0.098000 -0.001634
v 0.012907 -0.098000 -0.019037
v 0.019065 -0.098000 -0.001719
v 0.014890 -0.098000 -0.017530
v 0.019255 -0.098000 -0.001783
v 0.016698 -0.098000 -0.015817
v 0.019451 -0.098000 -0.001826
v 0.018310 -0.098000 -0.013919
v 0.019650 -0.098000 -0.001847
v 0.019708 -0.098000 -0.011858
v 0.019850 -0.098000 -0.001847
v 0.020874 -0.098000 -0.009657
v 0.020049 -0.098000 -0.001826
v 0.020245 -0.098000 -0.001783
v -0.019708 -0.098000 -0.011858
v -0.020874 -0.098000 -0.009657
v -0.001585 -0.098000 -0.018796
v -0.021796 -0.098000 -0.007344
v -0.001473 -0.098000 -0.018630
v -0.022462 -0.098000 -0.004944
v -0.021093 -0.098000 -0.001272
vn -0.9985 -0.0000 0.0541
vn -0.9868 -0.0000 0.1618
vn -0.9635 -0.0000 0.2675
vn -0.9290 -0.0000 0.3701
vn -0.8835 -0.0000 0.4684
vn -0.8277 -0.0000 0.5612
vn -0.7622 -0.0000 0.6474
vn -0.6877 -0.0000 0.7260
vn -0.6052 -0.0000 0.7961
vn -0.5156 -0.0000 0.8569
vn -0.4199 -0.0000 0.9076
vn -0.3193 -0.0000 0.9477
vn -0.2150 -0.0000 0.9766
vn -0.1081 -0.0000 0.9941
vn -0.0000 -0.0000 1.0000
vn 0.1081 -0.0000 0.9941
vn 0.2150 -0.0000 0.9766
vn 0.3193 -0.0000 0.9477
vn 0.4199 -0.0000 0.9076
vn 0.5156 -0.0000 0.8569
vn 0.6052 -0.0000 0.7961
vn 0.6877 -0.0000 0.7260
vn 0.7622 -0.0000 0.6474
vn 0.8277 -0.0000 0.5612
vn 0.8835 -0.0000 0.4684
vn 0.9290 -0.0000 0.3701
vn 0.9635 -0.0000 0.2675
vn 0.9868 -0.0000 0.1618
vn 0.9985 -0.0000 0.0541
vn 0.9985 -0.0000 -0.0541
vn 0.9868 -0.0000 -0.1618
vn 0.9635 -0.0000 -0.2675
vn 0.9290 -0.0000 -0.3701
vn 0.8835 -0.0000 -0.4684
vn 0.8277 -0.0000 -0.5612
vn 0.7622 -0.0000 -0.6474
vn 0.6877 -0.0000 -0.7260
vn 0.6052 -0.0000 -0.7961
vn 0.5156 -0.0000 -0.8569
vn 0.4199 -0.0000 -0.9076
vn 0.3193 -0.0000 -0.9477
vn 0.2150 -0.0000 -0.9766
vn 0.1081 -0.0000 -0.9941
vn -0.0000 -0.0000 -1.0000
vn -0.1081 -0.0000 -0.9941
vn -0.2150 -0.0000 -0.9766
vn -0.3193 -0.0000 -0.9477
vn -0.4199 -0.0000 -0.9076
vn -0.5156 -0.0000 -0.8569
vn -0.6052 -0.0000 -0.7961
vn -0.6877 -0.0000 -0.7260
vn -0.7622 -0.0000 -0.6474
vn -0.8277 -0.0000 -0.5612
vn -0.8835 -0.0000 -0.4684
vn -0.9290 -0.0000 -0.3701
vn -0.9635 -0.0000 -0.2675
vn -0.9868 -0.0000 -0.1618
vn -0.9985 -0.0000 -0.0541
vn -0.0000 -1.0000 -0.0000
vn -0.0000 1.0000 -0.0000
vn -0.9290 -0.0000 0.3702
vn 0.5155 -0.0000 0.8569
vn 0.9636 -0.0000 0.2675
vn 0.9636 -0.0000 -0.2675
vn 0.5155 -0.0000 -0.8569
vn -0.9290 -0.0000 -0.3702
vn -0.9636 -0.0000 0.2675
vn -0.5155 -0.0000 0.8569
vn 0.9290 -0.0000 0.3702
vn 0.9290 -0.0000 -0.3702
vn -0.5155 -0.0000 -0.8569
vn -0.9636 -0.0000 -0.2675
v 0.004000 0.002000 0.000000 0.2392 0.2392 0.2392
v 0.003977 0.001500 -0.000432 0.2392 0.2392 0.2392
v 0.003977 0.002000 -0.000432 0.2392 0.2392 0.2392
v 0.003906 0.001500 -0.000860 0.2392 0.2392 0.2392
v 0.003906 0.002000 -0.000860 0.2392 0.2392 0.2392
v 0.003791 0.001500 -0.001277 0.2392 0.2392 0.2392
v 0.003791 0.002000 -0.001277 0.2392 0.2392 0.2392
v 0.003630 0.001500 -0.001680 0.2510 0.2510 0.2510
v 0.003630 0.002000 -0.001680 0.2392 0.2392 0.2392
v 0.003427 0.001500 -0.002062 1.0000 1.0000 1.0000
v 0.003427 0.002000 -0.002062 0.3608 0.3608 0.3608
v 0.003184 0.001500 -0.002421 0.2392 0.2392 0.2392
v 0.003184 0.002000 -0.002421 0.2392 0.2392 0.2392
v 0.002904 0.001500 -0.002751 0.2392 0.2392 0.2392
v 0.002904 0.002000 -0.002751 0.2392 0.2392 0.2392
v 0.002590 0.001500 -0.003049 0.2392 0.2392 0.2392
v 0.002590 0.002000 -0.003049 0.2392 0.2392 0.2392
v 0.002245 0.001500 -0.003311 0.2392 0.2392 0.2392
v 0.002245 0.002000 -0.003311 0.2392 0.2392 0.2392
v 0.001874 0.001500 -0.003534 0.2392 0.2392 0.2392
v 0.001874 0.002000 -0.003534 0.2510 0.2510 0.2510
v 0.001481 0.001500 -0.003716 1.0000 1.0000 1.0000
v 0.001481 0.002000 -0.003716 1.0000 1.0000 1.0000
v 0.001070 0.001500 -0.003854 1.0000 1.0000 1.0000
v 0.001070 0.002000 -0.003854 1.0000 1.0000 1.0000
v 0.000647 0.001500 -0.003947 1.0000 1.0000 1.0000
v 0.000647 0.002000 -0.003947 1.0000 1.0000 1.0000
v 0.000217 0.001500 -0.003994 1.0000 1.0000 1.0000
v 0.000217 0.002000 -0.003994 1.0000 1.0000 1.0000
v -0.000217 0.001500 -0.003994 1.0000 1.0000 1.0000
v -0.000217 0.002000 -0.003994 1.0000 1.0000 1.0000
v -0.000647 0.001500 -0.003947 1.0000 1.0000 1.0000
v -0.000647 0.002000 -0.003947 1.0000 1.0000 1.0000
v -0.001070 0.001500 -0.003854 1.0000 1.0000 1.0000
v -0.001070 0.002000 -0.003854 1.0000 1.0000 1.0000
v -0.001481 0.001500 -0.003716 1.0000 1.0000 1.0000
v -0.001481 0.002000 -0.003716 1.0000 1.0000 1.0000
v -0.001874 0.001500 -0.003534 1.0000 1.0000 1.0000
v -0.001874 0.002000 -0.003534 1.0000 1.0000 1.0000
v -0.002245 0.001500 -0.003311 1.0000 1.0000 1.0000
v -0.002245 0.002000 -0.003311 1.0000 1.0000 1.0000
v -0.002590 0.001500 -0.003049 1.0000 1.0000 1.0000
v -0.002590 0.002000 -0.003049 1.0000 1.0000 1.0000
v -0.002904 0.001500 -0.002751 1.0000 1.0000 1.0000
v -0.002904 0.002000 -0.002751 1.0000 1.0000 1.0000
v -0.003184 0.001500 -0.002421 1.0000 1.0000 1.0000
v -0.003184 0.002000 -0.002421 1.0000 1.0000 1.0000
v -0.003427 0.001500 -0.002062 1.0000 1.0000 1.0000
v -0.003427 0.002000 -0.002062 1.0000 1.0000 1.0000
v -0.003630 0.001500 -0.001680 1.0000 1.0000 1.0000
v -0.003630 0.002000 -0.001680 1.0000 1.0000 1.0000
v -0.003791 0.001500 -0.001277 1.0000 1.0000 1.0000
v -0.003791 0.002000 -0.001277 1.0000 1.0000 1.0000
v -0.003906 0.001500 -0.000860 1.0000 1.0000 1.0000
v -0.003906 0.002000 -0.000860 1.0000 1.0000 1.0000
v -0.003977 0.001500 -0.000432 1.0000 1.0000 1.0000
v -0.003977 0.002000 -0.000432 1.0000 1.0000 1.0000
v -0.004000 0.001500 -0.000000 1.0000 1.0000 1.0000
v -0.004000 0.002000 -0.000000 1.0000 1.0000 1.0000
v -0.003977 0.001500 0.000432 1.0000 1.0000 1.0000
v -0.003977 0.002000 0.000432 1.0000 1.0000 1.0000
v -0.003906 0.001500 0.000860 1.0000 1.0000 1.0000
v -0.003906 0.002000 0.000860 1.0000 1.0000 1.0000
v -0.003791 0.001500 0.001277 0.2392 0.2392 0.2392
v -0.003791 0.002000 0.001277 0.2863 0.2863 0.2863
v -0.003630 0.001500 0.001680 0.2392 0.2392 0.2392
v -0.003630 0.002000 0.001680 0.2392 0.2392 0.2392
v -0.003427 0.001500 0.002062 0.2392 0.2392 0.2392
v -0.003427 0.002000 0.002062 0.2392 0.2392 0.2392
v -0.003184 0.001500 0.002421 0.2392 0.2392 0.2392
v -0.003184 0.002000 0.002421 0.2392 0.2392 0.2392
v -0.002904 0.001500 0.002751 0.2392 0.2392 0.2392
v -0.002904 0.002000 0.002751 0.2392 0.2392 0.2392
v -0.002590 0.001500 0.003049 0.2392 0.2392 0.2392
v -0.002590 0.002000 0.003049 0.2392 0.2392 0.2392
v -0.002245 0.001500 0.003311 0.2392 0.2392 0.2392
v -0.002245 0.002000 0.003311 0.2392 0.2392 0.2392
v -0.001874 0.001500 0.003534 0.2588 0.2588 0.2588
v -0.001874 0.002000 0.003534 0.2392 0.2392 0.2392
v -0.001481 0.001500 0.003716 1.0000 1.0000 1.0000
v -0.001481 0.002000 0.003716 0.8745 0.8745 0.8745
v -0.001070 0.001500 0.003854 1.0000 1.0000 1.0000
v -0.001070 0.002000 0.003854 1.0000 1.0000 1.0000
v -0.000647 0.001500 0.003947 1.0000 1.0000 1.0000
v -0.000647 0.002000 0.003947 1.0000 1.0000 1.0000
v -0.000217 0.001500 0.003994 1.0000 1.0000 1.0000
v -0.000217 0.002000 0.003994 1.0000 1.0000 1.0000
v 0.000217 0.001500 0.003994 1.0000 1.0000 1.0000
v 0.000217 0.002000 0.003994 1.0000 1.0000 1.0000
v 0.000647 0.001500 0.003947 1.0000 1.0000 1.0000
v 0.000647 0.002000 0.003947 1.0000 1.0000 1.0000
v 0.001070 0.001500 0.003854 1.0000 1.0000 1.0000
v 0.001070 0.002000 0.003854 1.0000 1.0000 1.0000
v 0.001481 0.001500 0.003716 1.0000 1.0000 1.0000
v 0.001481 0.002000 0.003716 1.0000 1.0000 1.0000
v 0.001874 0.001500 0.003534 1.0000 1.0000 1.0000
v 0.001874 0.002000 0.003534 1.0000 1.0000 1.0000
v 0.002245 0.001500 0.003311 1.0000 1.0000 1.0000
v 0.002245 0.002000 0.003311 1.0000 1.0000 1.0000
v 0.002590 0.001500 0.003049 1.0000 1.0000 1.0000
v 0.002590 0.002000 0.003049 1.0000 1.0000 1.0000
v 0.002904 0.001500 0.002751 0.9294 0.9294 0.9294
v 0.002904 0.002000 0.002751 0.4392 0.4392 0.4392
v 0.003184 0.001500 0.002421 0.6118 0.6118 0.6118
v 0.003184 0.002000 0.002421 0.2588 0.2588 0.2588
v 0.003427 0.001500 0.002062 0.7137 0.7137 0.7137
v 0.003427 0.002000 0.002062 0.4432 0.4432 0.4432
v 0.003630 0.001500 0.001680 0.7647 0.7647 0.7647
v 0.003630 0.002000 0.001680 0.5451 0.5451 0.5451
v 0.003791 0.001500 0.001277 0.7725 0.7725 0.7725
v 0.003791 0.002000 0.001277 0.5530 0.5530 0.5530
v 0.003906 0.001500 0.000860 0.7333 0.7333 0.7333
v 0.003906 0.002000 0.000860 0.4823 0.4823 0.4823
v 0.003977 0.001500 0.000432 0.5216 0.5216 0.5216
v 0.003977 0.002000 0.000432 0.3451 0.3451 0.3451
v 0.004000 0.001500 0.000000 0.2510 0.2510 0.2510
v -0.003981 0.001500 -0.007510 1.0000 1.0000 1.0000
v -0.004770 0.001500 -0.007035 1.0000 1.0000 1.0000
v -0.005503 0.001500 -0.006478 1.0000 1.0000 1.0000
v -0.006171 0.001500 -0.005845 1.0000 1.0000 1.0000
v -0.006767 0.001500 -0.005144 1.0000 1.0000 1.0000
v -0.007283 0.001500 -0.004382 1.0000 1.0000 1.0000
v -0.007714 0.001500 -0.003569 1.0000 1.0000 1.0000
v -0.008055 0.001500 -0.002714 1.0000 1.0000 1.0000
v -0.008301 0.001500 -0.001827 1.0000 1.0000 1.0000
v -0.008450 0.001500 -0.000919 1.0000 1.0000 1.0000
v -0.008500 0.001500 -0.000000 1.0000 1.0000 1.0000
v -0.008450 0.001500 0.000919 1.0000 1.0000 1.0000
v -0.008301 0.001500 0.001827 0.9058 0.9058 0.9058
v -0.008055 0.001500 0.002714 0.2392 0.2392 0.2392
v -0.007714 0.001500 0.003569 0.2392 0.2392 0.2392
v -0.007283 0.001500 0.004382 0.2392 0.2392 0.2392
v -0.006767 0.001500 0.005144 1.0000 1.0000 1.0000
v -0.006171 0.001500 0.005845 1.0000 1.0000 1.0000
v -0.005503 0.001500 0.006478 1.0000 1.0000 1.0000
v -0.004770 0.001500 0.007035 1.0000 1.0000 1.0000
v -0.003981 0.001500 0.007510 1.0000 1.0000 1.0000
v -0.003146 0.001500 0.007896 1.0000 1.0000 1.0000
v -0.002274 0.001500 0.008190 1.0000 1.0000 1.0000
v -0.001375 0.001500 0.008388 1.0000 1.0000 1.0000
v -0.000460 0.001500 0.008488 1.0000 1.0000 1.0000
v 0.000460 0.001500 0.008488 1.0000 1.0000 1.0000
v 0.001375 0.001500 0.008388 1.0000 1.0000 1.0000
v 0.002274 0.001500 0.008190 1.0000 1.0000 1.0000
v 0.003146 0.001500 0.007896 1.0000 1.0000 1.0000
v 0.003981 0.001500 0.007510 1.0000 1.0000 1.0000
v 0.004770 0.001500 0.007035 1.0000 1.0000 1.0000
v 0.005503 0.001500 0.006478 0.9882 0.9882 0.9882
v 0.006171 0.001500 0.005845 1.0000 1.0000 1.0000
v 0.006767 0.001500 0.005144 1.0000 1.0000 1.0000
v 0.007283 0.001500 0.004382 1.0000 1.0000 1.0000
v 0.007714 0.001500 0.003569 1.0000 1.0000 1.0000
v 0.008055 0.001500 0.002714 0.9294 0.9294 0.9294
v 0.008301 0.001500 0.001827 0.9490 0.9490 0.9490
v 0.008450 0.001500 0.000919 0.2392 0.2392 0.2392
v 0.008500 0.001500 0.000000 0.2392 0.2392 0.2392
v 0.008450 0.001500 -0.000919 0.3686 0.3686 0.3686
v 0.008301 0.001500 -0.001827 1.0000 1.0000 1.0000
v 0.008055 0.001500 -0.002714 1.0000 1.0000 1.0000
v 0.007714 0.001500 -0.003569 1.0000 1.0000 1.0000
v 0.007283 0.001500 -0.004382 1.0000 1.0000 1.0000
v 0.006767 0.001500 -0.005144 1.0000 1.0000 1.0000
v 0.006171 0.001500 -0.005845 1.0000 1.0000 1.0000
v 0.005503 0.001500 -0.006478 1.0000 1.0000 1.0000
v 0.004770 0.001500 -0.007035 1.0000 1.0000 1.0000
v 0.003981 0.001500 -0.007510 1.0000 1.0000 1.0000
v 0.003146 0.001500 -0.007896 1.0000 1.0000 1.0000
v 0.002274 0.001500 -0.008190 1.0000 1.0000 1.0000
v 0.001375 0.001500 -0.008388 1.0000 1.0000 1.0000
v 0.000460 0.001500 -0.008488 1.0000 1.0000 1.0000
v -0.000460 0.001500 -0.008488 1.0000 1.0000 1.0000
v -0.001375 0.001500 -0.008388 1.0000 1.0000 1.0000
v -0.002274 0.001500 -0.008190 1.0000 1.0000 1.0000
v -0.003146 0.001500 -0.007896 1.0000 1.0000 1.0000
v 0.000000 0.002000 0.000000 0.2392 0.2392 0.2392
v -0.007714 0.002000 0.003569 0.2392 0.2392 0.2392
v -0.009983 0.002000 0.004619 0.2392 0.2392 0.2392
v -0.007283 0.002000 0.004382 0.2392 0.2392 0.2392
v -0.009425 0.002000 0.005671 1.0000 1.0000 1.0000
v -0.006767 0.002000 0.005144 1.0000 1.0000 1.0000
v -0.008757 0.002000 0.006657 1.0000 1.0000 1.0000
v -0.006171 0.002000 0.005845 1.0000 1.0000 1.0000
v -0.007986 0.002000 0.007565 1.0000 1.0000 1.0000
v -0.005503 0.002000 0.006478 1.0000 1.0000 1.0000
v -0.007121 0.002000 0.008384 1.0000 1.0000 1.0000
v -0.004770 0.002000 0.007035 1.0000 1.0000 1.0000
v -0.006173 0.002000 0.009105 1.0000 1.0000 1.0000
v -0.003981 0.002000 0.007510 1.0000 1.0000 1.0000
v -0.005152 0.002000 0.009719 1.0000 1.0000 1.0000
v -0.003146 0.002000 0.007896 1.0000 1.0000 1.0000
v -0.004072 0.002000 0.010219 1.0000 1.0000 1.0000
v -0.002274 0.002000 0.008190 1.0000 1.0000 1.0000
v -0.002943 0.002000 0.010599 1.0000 1.0000 1.0000
v -0.001375 0.002000 0.008388 1.0000 1.0000 1.0000
v -0.001780 0.002000 0.010855 1.0000 1.0000 1.0000
v -0.000460 0.002000 0.008488 1.0000 1.0000 1.0000
v -0.000596 0.002000 0.010984 1.0000 1.0000 1.0000
v 0.000460 0.002000 0.008488 1.0000 1.0000 1.0000
v 0.000596 0.002000 0.010984 1.0000 1.0000 1.0000
v 0.001375 0.002000 0.008388 1.0000 1.0000 1.0000
v 0.001780 0.002000 0.010855 1.0000 1.0000 1.0000
v 0.002274 0.002000 0.008190 1.0000 1.0000 1.0000
v 0.002943 0.002000 0.010599 1.0000 1.0000 1.0000
v 0.003146 0.002000 0.007896 1.0000 1.0000 1.0000
v 0.004072 0.002000 0.010219 1.0000 1.0000 1.0000
v 0.003981 0.002000 0.007510 1.0000 1.0000 1.0000
v 0.005152 0.002000 0.009719 1.0000 1.0000 1.0000
v 0.004770 0.002000 0.007035 1.0000 1.0000 1.0000
v 0.006173 0.002000 0.009105 1.0000 1.0000 1.0000
v 0.005503 0.002000 0.006478 1.0000 1.0000 1.0000
v 0.007121 0.002000 0.008384 1.0000 1.0000 1.0000
v 0.006171 0.002000 0.005845 1.0000 1.0000 1.0000
v 0.007986 0.002000 0.007565 1.0000 1.0000 1.0000
v 0.006767 0.002000 0.005144 1.0000 1.0000 1.0000
v 0.008757 0.002000 0.006657 1.0000 1.0000 1.0000
v 0.007283 0.002000 0.004382 1.0000 1.0000 1.0000
v 0.009425 0.002000 0.005671 1.0000 1.0000 1.0000
v 0.007714 0.002000 0.003569 1.0000 1.0000 1.0000
v 0.009983 0.002000 0.004619 1.0000 1.0000 1.0000
v 0.008055 0.002000 0.002714 0.9921 0.9921 0.9921
v 0.010424 0.002000 0.003512 1.0000 1.0000 1.0000
v 0.008301 0.002000 0.001827 1.0000 1.0000 1.0000
v 0.010743 0.002000 0.002365 1.0000 1.0000 1.0000
v 0.008450 0.002000 0.000919 0.2392 0.2392 0.2392
v 0.010936 0.002000 0.001189 1.0000 1.0000 1.0000
v 0.008500 0.002000 0.000000 0.2392 0.2392 0.2392
v 0.011000 0.002000 0.000000 0.2392 0.2392 0.2392
v 0.008450 0.002000 -0.000919 0.7647 0.7647 0.7647
v 0.010936 0.002000 -0.001189 0.2392 0.2392 0.2392
v 0.008301 0.002000 -0.001827 1.0000 1.0000 1.0000
v 0.010743 0.002000 -0.002365 1.0000 1.0000 1.0000
v 0.008055 0.002000 -0.002714 1.0000 1.0000 1.0000
v 0.010424 0.002000 -0.003512 1.0000 1.0000 1.0000
v 0.007714 0.002000 -0.003569 1.0000 1.0000 1.0000
v 0.009983 0.002000 -0.004619 1.0000 1.0000 1.0000
v 0.007283 0.002000 -0.004382 1.0000 1.0000 1.0000
v 0.009425 0.002000 -0.005671 1.0000 1.0000 1.0000
v 0.006767 0.002000 -0.005144 1.0000 1.0000 1.0000
v 0.008757 0.002000 -0.006657 1.0000 1.0000 1.0000
v 0.006171 0.002000 -0.005845 1.0000 1.0000 1.0000
v 0.007986 0.002000 -0.007565 1.0000 1.0000 1.0000
v 0.005503 0.002000 -0.006478 1.0000 1.0000 1.0000
v 0.007121 0.002000 -0.008384 1.0000 1.0000 1.0000
v 0.004770 0.002000 -0.007035 1.0000 1.0000 1.0000
v 0.006173 0.002000 -0.009105 1.0000 1.0000 1.0000
v 0.003981 0.002000 -0.007510 1.0000 1.0000 1.0000
v 0.005152 0.002000 -0.009719 1.0000 1.0000 1.0000
v 0.003146 0.002000 -0.007896 1.0000 1.0000 1.0000
v 0.004072 0.002000 -0.010219 1.0000 1.0000 1.0000
v 0.002274 0.002000 -0.008190 1.0000 1.0000 1.0000
v 0.002943 0.002000 -0.010599 1.0000 1.0000 1.0000
v 0.001375 0.002000 -0.008388 1.0000 1.0000 1.0000
v 0.001780 0.002000 -0.010855 1.0000 1.0000 1.0000
v 0.000460 0.002000 -0.008488 1.0000 1.0000 1.0000
v 0.000596 0.002000 -0.010984 1.0000 1.0000 1.0000
v -0.000460 0.002000 -0.008488 1.0000 1.0000 1.0000
v -0.000596 0.002000 -0.010984 1.0000 1.0000 1.0000
v -0.001375 0.002000 -0.008388 1.0000 1.0000 1.0000
v -0.001780 0.002000 -0.010855 1.0000 1.0000 1.0000
v -0.002274 0.002000 -0.008190 1.0000 1.0000 1.0000
v -0.002943 0.002000 -0.010599 1.0000 1.0000 1.0000
v -0.003146 0.002000 -0.007896 1.0000 1.0000 1.0000
v -0.004072 0.002000 -0.010219 1.0000 1.0000 1.0000
v -0.003981 0.002000 -0.007510 1.0000 1.0000 1.0000
v -0.005152 0.002000 -0.009719 1.0000 1.0000 1.0000
v -0.004770 0.002000 -0.007035 1.0000 1.0000 1.0000
v -0.006173 0.002000 -0.009105 1.0000 1.0000 1.0000
v -0.005503 0.002000 -0.006478 1.0000 1.0000 1.0000
v -0.007121 0.002000 -0.008384 1.0000 1.0000 1.0000
v -0.006171 0.002000 -0.005845 1.0000 1.0000 1.0000
v -0.007986 0.002000 -0.007565 1.0000 1.0000 1.0000
v -0.006767 0.002000 -0.005144 1.0000 1.0000 1.0000
v -0.008757 0.002000 -0.006657 1.0000 1.0000 1.0000
v -0.007283 0.002000 -0.004382 1.0000 1.0000 1.0000
v -0.009425 0.002000 -0.005671 1.0000 1.0000 1.0000
v -0.007714 0.002000 -0.003569 1.0000 1.0000 1.0000
v -0.009983 0.002000 -0.004619 1.0000 1.0000 1.0000
v -0.008055 0.002000 -0.002714 1.0000 1.0000 1.0000
v -0.010424 0.002000 -0.003512 1.0000 1.0000 1.0000
v -0.008301 0.002000 -0.001827 1.0000 1.0000 1.0000
v -0.010743 0.002000 -0.002365 1.0000 1.0000 1.0000
v -0.008450 0.002000 -0.000919 1.0000 1.0000 1.0000
v -0.010936 0.002000 -0.001189 1.0000 1.0000 1.0000
v -0.008500 0.002000 -0.000000 1.0000 1.0000 1.0000
v -0.011000 0.002000 -0.000000 1.0000 1.0000 1.0000
v -0.008450 0.002000 0.000919 1.0000 1.0000 1.0000
v -0.010936 0.002000 0.001189 1.0000 1.0000 1.0000
v -0.008301 0.002000 0.001827 0.9843 0.9843 0.9843
v -0.010743 0.002000 0.002365 1.0000 1.0000 1.0000
v -0.008055 0.002000 0.002714 0.2392 0.2392 0.2392
v -0.010424 0.002000 0.003512 0.2392 0.2392 0.2392
v 0.011000 -0.098000 0.000000 1.0000 1.0000 1.0000
v 0.010936 -0.098000 0.001189 1.0000 1.0000 1.0000
v 0.000000 -0.098000 0.000000 1.0000 1.0000 1.0000
v 0.010424 -0.098000 -0.003512 1.0000 1.0000 1.0000
v 0.010743 -0.098000 -0.002365 1.0000 1.0000 1.0000
v 0.010936 -0.098000 -0.001189 1.0000 1.0000 1.0000
v 0.008757 -0.098000 -0.006657 1.0000 1.0000 1.0000
v 0.009425 -0.098000 -0.005671 1.0000 1.0000 1.0000
v 0.009983 -0.098000 -0.004619 1.0000 1.0000 1.0000
v 0.006173 -0.098000 -0.009105 1.0000 1.0000 1.0000
v 0.007121 -0.098000 -0.008384 1.0000 1.0000 1.0000
v 0.007986 -0.098000 -0.007565 1.0000 1.0000 1.0000
v 0.002943 -0.098000 -0.010599 1.0000 1.0000 1.0000
v 0.004072 -0.098000 -0.010219 1.0000 1.0000 1.0000
v 0.005152 -0.098000 -0.009719 1.0000 1.0000 1.0000
v -0.000596 -0.098000 -0.010984 1.0000 1.0000 1.0000
v 0.000596 -0.098000 -0.010984 1.0000 1.0000 1.0000
v 0.001780 -0.098000 -0.010855 1.0000 1.0000 1.0000
v -0.004072 -0.098000 -0.010219 1.0000 1.0000 1.0000
v -0.002943 -0.098000 -0.010599 1.0000 1.0000 1.0000
v -0.001780 -0.098000 -0.010855 1.0000 1.0000 1.0000
v -0.007121 -0.098000 -0.008384 1.0000 1.0000 1.0000
v -0.006173 -0.098000 -0.009105 1.0000 1.0000 1.0000
v -0.005152 -0.098000 -0.009719 1.0000 1.0000 1.0000
v -0.009425 -0.098000 -0.005671 1.0000 1.0000 1.0000
v -0.008757 -0.098000 -0.006657 1.0000 1.0000 1.0000
v -0.007986 -0.098000 -0.007565 1.0000 1.0000 1.0000
v -0.010743 -0.098000 -0.002365 1.0000 1.0000 1.0000
v -0.010424 -0.098000 -0.003512 1.0000 1.0000 1.0000
v -0.009983 -0.098000 -0.004619 1.0000 1.0000 1.0000
v -0.010936 -0.098000 0.001189 1.0000 1.0000 1.0000
v -0.011000 -0.098000 -0.000000 1.0000 1.0000 1.0000
v -0.010936 -0.098000 -0.001189 1.0000 1.0000 1.0000
v -0.009983 -0.098000 0.004619 1.0000 1.0000 1.0000
v -0.010424 -0.098000 0.003512 1.0000 1.0000 1.0000
v -0.010743 -0.098000 0.002365 1.0000 1.0000 1.0000
v -0.007986 -0.098000 0.007565 1.0000 1.0000 1.0000
v -0.008757 -0.098000 0.006657 1.0000 1.0000 1.0000
v -0.009425 -0.098000 0.005671 1.0000 1.0000 1.0000
v -0.005152 -0.098000 0.009719 1.0000 1.0000 1.0000
v -0.006173 -0.098000 0.009105 1.0000 1.0000 1.0000
v -0.007121 -0.098000 0.008384 1.0000 1.0000 1.0000
v -0.001780 -0.098000 0.010855 1.0000 1.0000 1.0000
v -0.002943 -0.098000 0.010599 1.0000 1.0000 1.0000
v -0.004072 -0.098000 0.010219 1.0000 1.0000 1.0000
v 0.001780 -0.098000 0.010855 1.0000 1.0000 1.0000
v 0.000596 -0.098000 0.010984 1.0000 1.0000 1.0000
v -0.000596 -0.098000 0.010984 1.0000 1.0000 1.0000
v 0.005152 -0.098000 0.009719 1.0000 1.0000 1.0000
v 0.004072 -0.098000 0.010219 1.0000 1.0000 1.0000
v 0.002943 -0.098000 0.010599 1.0000 1.0000 1.0000
v 0.007986 -0.098000 0.007565 1.0000 1.0000 1.0000
v 0.007121 -0.098000 0.008384 1.0000 1.0000 1.0000
v 0.006173 -0.098000 0.009105 1.0000 1.0000 1.0000
v 0.009983 -0.098000 0.004619 1.0000 1.0000 1.0000
v 0.009425 -0.098000 0.005671 1.0000 1.0000 1.0000
v 0.008757 -0.098000 0.006657 1.0000 1.0000 1.0000
v 0.010743 -0.098000 0.002365 1.0000 1.0000 1.0000
v 0.010424 -0.098000 0.003512 1.0000 1.0000 1.0000
vn 0.9985 -0.0000 -0.0541
vn 0.9868 -0.0000 -0.1618
vn 0.9636 -0.0000 -0.2675
vn 0.9635 -0.0000 -0.2675
vn 0.9290 -0.0000 -0.3701
vn 0.8835 -0.0000 -0.4684
vn 0.8277 -0.0000 -0.5612
vn 0.7622 -0.0000 -0.6474
vn 0.6877 -0.0000 -0.7260
vn 0.6052 -0.0000 -0.7961
vn 0.5156 -0.0000 -0.8569
vn 0.5155 -0.0000 -0.8569
vn 0.4199 -0.0000 -0.9076
vn 0.3193 -0.0000 -0.9476
vn 0.3193 -0.0000 -0.9477
vn 0.2150 -0.0000 -0.9766
vn 0.1081 -0.0000 -0.9941
vn -0.0000 -0.0000 -1.0000
vn -0.1081 -0.0000 -0.9941
vn -0.2150 -0.0000 -0.9766
vn -0.3193 -0.0000 -0.9476
vn -0.3193 -0.0000 -0.9477
vn -0.4199 -0.0000 -0.9076
vn -0.5156 -0.0000 -0.8569
vn -0.5155 -0.0000 -0.8569
vn -0.6052 -0.0000 -0.7961
vn -0.6877 -0.0000 -0.7260
vn -0.7622 -0.0000 -0.6474
vn -0.8277 -0.0000 -0.5612
vn -0.8835 -0.0000 -0.4684
vn -0.9290 -0.0000 -0.3701
vn -0.9636 -0.0000 -0.2675
vn -0.9635 -0.0000 -0.2675
vn -0.9868 -0.0000 -0.1618
vn -0.9985 -0.0000 -0.0541
vn -0.9985 -0.0000 0.0541
vn -0.9868 -0.0000 0.1618
vn -0.9636 -0.0000 0.2675
vn -0.9635 -0.0000 0.2675
vn -0.9290 -0.0000 0.3701
vn -0.8835 -0.0000 0.4684
vn -0.8277 -0.0000 0.5612
vn -0.7622 -0.0000 0.6474
vn -0.6877 -0.0000 0.7260
vn -0.6052 -0.0000 0.7961
vn -0.5156 -0.0000 0.8569
vn -0.5155 -0.0000 0.8569
vn -0.4199 -0.0000 0.9076
vn -0.3193 -0.0000 0.9476
vn -0.3193 -0.0000 0.9477
vn -0.2150 -0.0000 0.9766
vn -0.1081 -0.0000 0.9941
vn -0.0000 -0.0000 1.0000
vn 0.1081 -0.0000 0.9941
vn 0.2150 -0.0000 0.9766
vn 0.3193 -0.0000 0.9476
vn 0.3193 -0.0000 0.9477
vn 0.4199 -0.0000 0.9076
vn 0.5156 -0.0000 0.8569
vn 0.5155 -0.0000 0.8569
vn 0.6052 -0.0000 0.7961
vn 0.6877 -0.0000 0.7260
vn 0.7622 -0.0000 0.6474
vn 0.8277 -0.0000 0.5612
vn 0.8835 -0.0000 0.4684
vn 0.9290 -0.0000 0.3701
vn 0.9636 -0.0000 0.2675
vn 0.9635 -0.0000 0.2675
vn 0.9868 -0.0000 0.1618
vn 0.9985 -0.0000 0.0541
vn -0.0000 1.0000 -0.0000
vn 0.0001 1.0000 -0.0000
vn -0.0001 1.0000 -0.0000
vn -0.0000 -1.0000 -0.0000
vt 0.176646 0.857613
vt 0.172904 0.865777
vt 0.171451 0.859083
vt 0.166611 0.866689
vt 0.166084 0.859842
vt 0.160244 0.866728
vt 0.160655 0.859872
vt 0.153936 0.865894
vt 0.155276 0.859171
vt 0.147821 0.864208
vt 0.150055 0.857758
vt 0.142026 0.861712
vt 0.145098 0.855666
vt 0.136669 0.858470
vt 0.140503 0.852949
vt 0.131859 0.854563
vt 0.136356 0.849674
vt 0.127687 0.850093
vt 0.132732 0.845922
vt 0.124225 0.845176
vt 0.129688 0.841788
vt 0.121521 0.839942
vt 0.127263 0.837373
vt 0.119596 0.834527
vt 0.125473 0.832781
vt 0.118439 0.829067
vt 0.124313 0.828118
vt 0.118005 0.823688
vt 0.123756 0.823480
vt 0.118224 0.818490
vt 0.123760 0.818948
vt 0.119017 0.813545
vt 0.124270 0.814588
vt 0.120305 0.808899
vt 0.125230 0.810448
vt 0.122012 0.804581
vt 0.126583 0.806562
vt 0.124074 0.800605
vt 0.128275 0.802952
vt 0.126432 0.796977
vt 0.130259 0.799631
vt 0.129036 0.793697
vt 0.132488 0.796606
vt 0.131841 0.790758
vt 0.134925 0.793878
vt 0.134812 0.788153
vt 0.137535 0.791447
vt 0.137917 0.785872
vt 0.140287 0.789307
vt 0.141129 0.783907
vt 0.143157 0.787455
vt 0.144426 0.782246
vt 0.146120 0.785883
vt 0.147789 0.780882
vt 0.149158 0.784588
vt 0.151201 0.779806
vt 0.152253 0.783563
vt 0.154649 0.779011
vt 0.155389 0.782804
vt 0.158119 0.778493
vt 0.158553 0.782307
vt 0.161601 0.778247
vt 0.161731 0.782070
vt 0.165084 0.778272
vt 0.164912 0.782090
vt 0.168557 0.778567
vt 0.168082 0.782368
vt 0.172010 0.779132
vt 0.171231 0.782903
vt 0.175431 0.779971
vt 0.174344 0.783698
vt 0.178808 0.781087
vt 0.177409 0.784755
vt 0.182127 0.782485
vt 0.180410 0.786077
vt 0.185373 0.784172
vt 0.183331 0.787669
vt 0.188527 0.786156
vt 0.186153 0.789534
vt 0.191569 0.788444
vt 0.188854 0.791678
vt 0.194473 0.791044
vt 0.191410 0.794104
vt 0.197210 0.793966
vt 0.193793 0.796815
vt 0.199746 0.797214
vt 0.195970 0.799813
vt 0.202041 0.800794
vt 0.197906 0.803095
vt 0.204048 0.804706
vt 0.199559 0.806655
vt 0.205715 0.808946
vt 0.200884 0.810481
vt 0.206980 0.813500
vt 0.201831 0.814553
vt 0.207777 0.818344
vt 0.202347 0.818842
vt 0.208030 0.823439
vt 0.202377 0.823304
vt 0.207664 0.828725
vt 0.201867 0.827880
vt 0.206604 0.834115
vt 0.200773 0.832496
vt 0.204793 0.839495
vt 0.199059 0.837061
vt 0.202204 0.844726
vt 0.196714 0.841469
vt 0.198848 0.849665
vt 0.193748 0.845615
vt 0.194769 0.854177
vt 0.190195 0.849392
vt 0.190036 0.858140
vt 0.186110 0.852705
vt 0.184740 0.861448
vt 0.181565 0.855469
vt 0.178990 0.864016
vt 0.088174 0.775126
vt 0.094368 0.769696
vt 0.100590 0.765022
vt 0.106797 0.761012
vt 0.112963 0.757587
vt 0.119074 0.754684
vt 0.125125 0.752248
vt 0.131116 0.750236
vt 0.137050 0.748613
vt 0.142935 0.747350
vt 0.148779 0.746425
vt 0.154593 0.745824
vt 0.160386 0.745536
vt 0.166172 0.745555
vt 0.171960 0.745882
vt 0.177763 0.746521
vt 0.183590 0.747482
vt 0.189452 0.748780
vt 0.195358 0.750437
vt 0.201312 0.752480
vt 0.207320 0.754942
vt 0.213379 0.757866
vt 0.219484 0.761303
vt 0.225621 0.765316
vt 0.231763 0.769979
vt 0.237871 0.775382
vt 0.243880 0.781629
vt 0.249695 0.788844
vt 0.255177 0.797170
vt 0.260118 0.806765
vt 0.264219 0.817786
vt 0.267042 0.830346
vt 0.267968 0.844356
vt 0.266280 0.859150
vt 0.261804 0.874019
vt 0.254625 0.888305
vt 0.244973 0.901453
vt 0.233162 0.913018
vt 0.219551 0.922653
vt 0.204525 0.930100
vt 0.188482 0.935176
vt 0.171824 0.937762
vt 0.154956 0.937802
vt 0.138285 0.935291
vt 0.122216 0.930286
vt 0.107153 0.922899
vt 0.093494 0.913311
vt 0.081624 0.901778
vt 0.071901 0.888645
vt 0.064628 0.874360
vt 0.060017 0.859479
vt 0.058121 0.844664
vt 0.058765 0.830631
vt 0.061483 0.818001
vt 0.065589 0.806851
vt 0.070593 0.797134
vt 0.076162 0.788709
vt 0.082072 0.781421
vt 0.163220 0.815375
vt 0.172223 0.742706
vt 0.172503 0.727509
vt 0.178196 0.743333
vt 0.179863 0.728370
vt 0.184200 0.744276
vt 0.186604 0.729161
vt 0.190249 0.745550
vt 0.193439 0.730234
vt 0.196355 0.747177
vt 0.200398 0.731611
vt 0.202527 0.749186
vt 0.207510 0.733322
vt 0.208773 0.751612
vt 0.214805 0.735403
vt 0.215098 0.754500
vt 0.222315 0.737902
vt 0.221500 0.757904
vt 0.230074 0.740876
vt 0.227973 0.761892
vt 0.238116 0.744398
vt 0.234500 0.766543
vt 0.246478 0.748560
vt 0.241048 0.771958
vt 0.255195 0.753474
vt 0.247566 0.778254
vt 0.264305 0.759284
vt 0.253972 0.785576
vt 0.273845 0.766174
vt 0.260139 0.794095
vt 0.283850 0.774380
vt 0.265873 0.804013
vt 0.294354 0.784217
vt 0.270870 0.815559
vt 0.305384 0.796111
vt 0.274647 0.828973
vt 0.316959 0.810647
vt 0.276363 0.844362
vt 0.324800 0.837749
vt 0.274933 0.860799
vt 0.325287 0.865886
vt 0.270277 0.877304
vt 0.319404 0.893165
vt 0.262564 0.893106
vt 0.308208 0.918402
vt 0.252096 0.907595
vt 0.292672 0.940862
vt 0.239250 0.920295
vt 0.273651 0.960081
vt 0.224441 0.930845
vt 0.251895 0.975757
vt 0.208099 0.938980
vt 0.228077 0.987689
vt 0.190659 0.944516
vt 0.202812 0.995746
vt 0.172558 0.947333
vt 0.176682 0.999843
vt 0.154231 0.947374
vt 0.150249 0.999942
vt 0.136115 0.944635
vt 0.124067 0.996037
vt 0.118647 0.939172
vt 0.098697 0.988162
vt 0.102264 0.931098
vt 0.074719 0.976388
vt 0.087403 0.920596
vt 0.052750 0.960836
vt 0.074496 0.907930
vt 0.033467 0.941689
vt 0.063957 0.893461
vt 0.017639 0.919234
vt 0.056157 0.877671
vt 0.006156 0.893927
vt 0.051379 0.861184
vt 0.000058 0.866531
vt 0.049743 0.844776
vt 0.000503 0.838345
vt 0.051082 0.829347
vt 0.008569 0.811596
vt 0.054745 0.815798
vt 0.020294 0.796234
vt 0.059753 0.804067
vt 0.031452 0.783989
vt 0.065565 0.794002
vt 0.042066 0.774016
vt 0.071837 0.785376
vt 0.052165 0.765767
vt 0.078354 0.777981
vt 0.061784 0.758875
vt 0.084980 0.771639
vt 0.070961 0.753080
vt 0.091627 0.766202
vt 0.079736 0.748191
vt 0.098241 0.761546
vt 0.088147 0.744058
vt 0.104792 0.757567
vt 0.096233 0.740566
vt 0.111261 0.754182
vt 0.104030 0.737624
vt 0.117641 0.751321
vt 0.111572 0.735157
vt 0.123934 0.748927
vt 0.118894 0.733108
vt 0.130145 0.746954
vt 0.126028 0.731430
vt 0.136281 0.745365
vt 0.133006 0.730085
vt 0.142354 0.744130
vt 0.139856 0.729045
vt 0.148375 0.743229
vt 0.146607 0.728287
vt 0.154359 0.742643
vt 0.153289 0.727796
vt 0.160319 0.742364
vt 0.159928 0.727561
vt 0.166269 0.742385
vt 0.166552 0.727578
vt -0.047281 0.020928
vt 0.000058 0.001816
vt 0.009722 0.001617
vt 0.019282 0.001437
vt 0.028767 0.001270
vt 0.038197 0.001117
vt 0.047587 0.000973
vt 0.056949 0.000840
vt 0.066289 0.000716
vt 0.075616 0.000600
vt 0.084932 0.000495
vt 0.094242 0.000399
vt 0.103548 0.000313
vt 0.112851 0.000239
vt 0.122152 0.000177
vt 0.131453 0.000127
vt 0.140754 0.000090
vt 0.150056 0.000067
vt 0.159358 0.000058
vt 0.168660 0.000063
vt 0.177963 0.000082
vt 0.187266 0.000116
vt 0.196570 0.000164
vt 0.205875 0.000225
vt 0.215180 0.000299
vt 0.224487 0.000386
vt 0.233796 0.000485
vt 0.243108 0.000595
vt 0.252425 0.000715
vt 0.261750 0.000845
vt 0.271084 0.000985
vt 0.280433 0.001134
vt 0.289803 0.001292
vt 0.299201 0.001461
vt 0.308637 0.001640
vt 0.318127 0.001831
vt 0.327690 0.002038
vt 0.337352 0.002263
v -0.013449 -0.005504 0.009298
v -0.013386 -0.005586 0.009361
v -0.014015 -0.004523 0.011295
v -0.013336 -0.006304 0.012089
v -0.012954 -0.006626 0.009748
v -0.013319 -0.006430 0.012108
v -0.012932 -0.006811 0.009765
v -0.013297 -0.006651 0.012132
v -0.013510 -0.005568 0.011895
v -0.013050 -0.006233 0.009668
v -0.013424 -0.005866 0.011991
v -0.013010 -0.006364 0.009701
v -0.013400 -0.005967 0.012018
v -0.012996 -0.006417 0.009713
v -0.013359 -0.006169 0.012064
v -0.012990 -0.006444 0.009718
v -0.012963 -0.006570 0.009740
v -0.013157 -0.005969 0.009575
v -0.013617 -0.005275 0.011772
v -0.013198 -0.005887 0.009539
v -0.013714 -0.005052 0.011658
v -0.013224 -0.005838 0.009515
v -0.013141 -0.006004 0.009590
v -0.013118 -0.006055 0.009609
v -0.013069 -0.006179 0.009652
v -0.013856 -0.004779 0.011489
v -0.013344 -0.005644 0.009402
v -0.013287 -0.005731 0.009456
v -0.013246 -0.005800 0.009495
v -0.013472 -0.005476 0.009273
v -0.014191 -0.004286 0.011073
v -0.013491 -0.005454 0.009254
v -0.013558 -0.005380 0.009182
v -0.014297 -0.004161 0.010936
v -0.013593 -0.005345 0.009144
v -0.014329 -0.004126 0.010894
v -0.013601 -0.005337 0.009136
v -0.014699 -0.003790 0.010389
v -0.013706 -0.005243 0.009016
v -0.014494 -0.003961 0.010674
v -0.014399 -0.004052 0.010801
v -0.014096 -0.005024 0.008497
v -0.013991 -0.005062 0.008649
v -0.014986 -0.003611 0.009970
v -0.013968 -0.005073 0.008682
v -0.013926 -0.005094 0.008740
v -0.014912 -0.003651 0.010081
v -0.013843 -0.005142 0.008847
v -0.013817 -0.005160 0.008881
v -0.014427 -0.005032 0.007917
v -0.014341 -0.005007 0.008085
v -0.015748 -0.003466 0.008718
v -0.014312 -0.005003 0.008138
v -0.015619 -0.003454 0.008948
v -0.015199 -0.003521 0.009642
v -0.015410 -0.003469 0.009302
v -0.014194 -0.005004 0.008341
v -0.015423 -0.003467 0.009280
v -0.014260 -0.005000 0.008231
v -0.014287 -0.005001 0.008183
v -0.015939 -0.003517 0.008364
v -0.016014 -0.003549 0.008219
v -0.014506 -0.005075 0.007749
v -0.016087 -0.003587 0.008075
v -0.016120 -0.003607 0.008009
v -0.014577 -0.005135 0.007583
v -0.016285 -0.003731 0.007667
v -0.014598 -0.005158 0.007529
v -0.016337 -0.003780 0.007556
v -0.014655 -0.005233 0.007379
v -0.016437 -0.003892 0.007336
v -0.014662 -0.005245 0.007358
v -0.016577 -0.004089 0.007015
v -0.014717 -0.005348 0.007195
v -0.016706 -0.004328 0.006703
v -0.014765 -0.005468 0.007039
v -0.014773 -0.005493 0.007011
v -0.016777 -0.004492 0.006521
v -0.014812 -0.005634 0.006865
v -0.016810 -0.004576 0.006437
v -0.014833 -0.005730 0.006779
v -0.016869 -0.004749 0.006280
v -0.016900 -0.004852 0.006195
v -0.014843 -0.005785 0.006735
v -0.016948 -0.005029 0.006064
v -0.014860 -0.005889 0.006659
v -0.014868 -0.005947 0.006620
v -0.016980 -0.005164 0.005974
v -0.014876 -0.006011 0.006582
v -0.017116 -0.006047 0.005570
v -0.014906 -0.006359 0.006419
v -0.017086 -0.005775 0.005664
v -0.014898 -0.006233 0.006468
v -0.017067 -0.005640 0.005720
v -0.014894 -0.006183 0.006491
v -0.017059 -0.005587 0.005744
v -0.014892 -0.006160 0.006502
v -0.017038 -0.005461 0.005805
v -0.017014 -0.005326 0.005877
v -0.017141 -0.006358 0.005494
v -0.014915 -0.006538 0.006364
v -0.014910 -0.006419 0.006398
v -0.017138 -0.007693 0.005505
v -0.014918 -0.007391 0.006348
v -0.017148 -0.007512 0.005471
v -0.014919 -0.007374 0.006345
v -0.017155 -0.007350 0.005450
v -0.014923 -0.007189 0.006317
v -0.017158 -0.007263 0.005442
v -0.014924 -0.007000 0.006307
v -0.017161 -0.007000 0.005432
v -0.014923 -0.006841 0.006314
v -0.017156 -0.006675 0.005448
v -0.014922 -0.006784 0.006320
v -0.014920 -0.006658 0.006338
v -0.017098 -0.008123 0.005626
v -0.017057 -0.008424 0.005749
v -0.014898 -0.007767 0.006468
v -0.014907 -0.007636 0.006417
v -0.014910 -0.007581 0.006398
v -0.017128 -0.007819 0.005534
v -0.014911 -0.007556 0.006390
v -0.014917 -0.007430 0.006357
v -0.014871 -0.008031 0.006607
v -0.017015 -0.008668 0.005873
v -0.014860 -0.008111 0.006659
v -0.016953 -0.008952 0.006051
v -0.014852 -0.008162 0.006695
v -0.014875 -0.007996 0.006586
v -0.014881 -0.007944 0.006556
v -0.014893 -0.007821 0.006493
v -0.014800 -0.008414 0.006912
v -0.014814 -0.008356 0.006855
v -0.016878 -0.009223 0.006257
v -0.014833 -0.008269 0.006779
v -0.014846 -0.008200 0.006724
v -0.014731 -0.008620 0.007151
v -0.016673 -0.009740 0.006784
v -0.016611 -0.009854 0.006934
v -0.014716 -0.008655 0.007200
v -0.016788 -0.009480 0.006493
v -0.016725 -0.009630 0.006654
v -0.014776 -0.008496 0.006998
v -0.014767 -0.008524 0.007031
v -0.016266 -0.010286 0.007709
v -0.014600 -0.008840 0.007525
v -0.016336 -0.010221 0.007559
v -0.014661 -0.008757 0.007362
v -0.016482 -0.010052 0.007236
v -0.016555 -0.009946 0.007067
v -0.014486 -0.008938 0.007792
v -0.016099 -0.010406 0.008051
v -0.014406 -0.008976 0.007959
v -0.015919 -0.010490 0.008401
v -0.014321 -0.008996 0.008122
v -0.014503 -0.008927 0.007755
v -0.014532 -0.008906 0.007690
v -0.014584 -0.008858 0.007565
v -0.015246 -0.010494 0.009569
v -0.014070 -0.008968 0.008536
v -0.014172 -0.008993 0.008377
v -0.015725 -0.010537 0.008758
v -0.015660 -0.010543 0.008875
v -0.014230 -0.008999 0.008281
v -0.015589 -0.010546 0.008999
v -0.014204 -0.008997 0.008326
v -0.015457 -0.010538 0.009224
v -0.015423 -0.010533 0.009280
v -0.015195 -0.010477 0.009649
v -0.015028 -0.010409 0.009907
v -0.013964 -0.008925 0.008688
v -0.014988 -0.010390 0.009968
v -0.013855 -0.008865 0.008833
v -0.014775 -0.010263 0.010281
v -0.013819 -0.008842 0.008878
v -0.013718 -0.008767 0.009002
v -0.014593 -0.010126 0.010538
v -0.013703 -0.008755 0.009019
v -0.014564 -0.010102 0.010578
v -0.013589 -0.008651 0.009148
v -0.014356 -0.009903 0.010859
v -0.014329 -0.009874 0.010894
v -0.013478 -0.008532 0.009267
v -0.014150 -0.009663 0.011125
v -0.013458 -0.008507 0.009288
v -0.014037 -0.009508 0.011268
v -0.013351 -0.008366 0.009395
v -0.013973 -0.009414 0.011346
v -0.013287 -0.008269 0.009456
v -0.013873 -0.009251 0.011469
v -0.013810 -0.009137 0.011545
v -0.013254 -0.008215 0.009487
v -0.013794 -0.009107 0.011564
v -0.013198 -0.008113 0.009539
v -0.013726 -0.008973 0.011644
v -0.013167 -0.008053 0.009566
v -0.013659 -0.008825 0.011724
v -0.013138 -0.007989 0.009592
v -0.013487 -0.008360 0.011921
v -0.013076 -0.007840 0.009646
v -0.013542 -0.008527 0.011858
v -0.013597 -0.008676 0.011795
v -0.013382 -0.007952 0.012038
v -0.013012 -0.007641 0.009700
v -0.013445 -0.008213 0.011968
v -0.013051 -0.007767 0.009668
v -0.013068 -0.007817 0.009653
v -0.013328 -0.007642 0.012098
v -0.012969 -0.007462 0.009735
v -0.012996 -0.007583 0.009713
v -0.013292 -0.006740 0.012138
v -0.012924 -0.007000 0.009771
v -0.013284 -0.007000 0.012146
v -0.012930 -0.007159 0.009767
v -0.013296 -0.007325 0.012134
v -0.012934 -0.007216 0.009763
v -0.012949 -0.007342 0.009752
v 0.014503 -0.005073 0.007755
v 0.014532 -0.005094 0.007690
v 0.016128 -0.003611 0.007993
v 0.017137 -0.006304 0.005505
v 0.014919 -0.006626 0.006345
v 0.017145 -0.006430 0.005481
v 0.014923 -0.006811 0.006317
v 0.017155 -0.006651 0.005450
v 0.017056 -0.005568 0.005752
v 0.014898 -0.006233 0.006468
v 0.017097 -0.005866 0.005630
v 0.014907 -0.006364 0.006417
v 0.017108 -0.005967 0.005595
v 0.014910 -0.006417 0.006399
v 0.017127 -0.006169 0.005537
v 0.014911 -0.006444 0.006390
v 0.014917 -0.006570 0.006357
v 0.014871 -0.005969 0.006607
v 0.017003 -0.005275 0.005906
v 0.014860 -0.005887 0.006660
v 0.016954 -0.005052 0.006048
v 0.014852 -0.005838 0.006695
v 0.014875 -0.006004 0.006586
v 0.014881 -0.006055 0.006556
v 0.014893 -0.006179 0.006493
v 0.016878 -0.004779 0.006255
v 0.016789 -0.004523 0.006490
v 0.014800 -0.005586 0.006912
v 0.014814 -0.005644 0.006855
v 0.014833 -0.005731 0.006779
v 0.014846 -0.005800 0.006724
v 0.016685 -0.004286 0.006753
v 0.014767 -0.005476 0.007031
v 0.014776 -0.005504 0.006998
v 0.014712 -0.005337 0.007211
v 0.014716 -0.005345 0.007200
v 0.016619 -0.004161 0.006913
v 0.014731 -0.005380 0.007151
v 0.014760 -0.005454 0.007057
v 0.016554 -0.004052 0.007069
v 0.016491 -0.003961 0.007215
v 0.014661 -0.005243 0.007361
v 0.016347 -0.003790 0.007535
v 0.016337 -0.003780 0.007558
v 0.016187 -0.003651 0.007874
v 0.014584 -0.005142 0.007565
v 0.014600 -0.005160 0.007525
v 0.014070 -0.005032 0.008536
v 0.014173 -0.005007 0.008377
v 0.015424 -0.003466 0.009279
v 0.014204 -0.005003 0.008326
v 0.015558 -0.003454 0.009052
v 0.014230 -0.005001 0.008281
v 0.014258 -0.005000 0.008233
v 0.015761 -0.003469 0.008695
v 0.014321 -0.005004 0.008122
v 0.015950 -0.003521 0.008342
v 0.014406 -0.005024 0.007959
v 0.014486 -0.005062 0.007792
v 0.015213 -0.003517 0.009621
v 0.015125 -0.003549 0.009759
v 0.013964 -0.005075 0.008688
v 0.015037 -0.003587 0.009895
v 0.014996 -0.003607 0.009956
v 0.013855 -0.005135 0.008833
v 0.014783 -0.003731 0.010270
v 0.013819 -0.005158 0.008878
v 0.013718 -0.005233 0.009002
v 0.014571 -0.003892 0.010568
v 0.013703 -0.005245 0.009019
v 0.014363 -0.004089 0.010849
v 0.013589 -0.005348 0.009148
v 0.014329 -0.004126 0.010895
v 0.013478 -0.005468 0.009267
v 0.014157 -0.004328 0.011116
v 0.013458 -0.005493 0.009288
v 0.014036 -0.004492 0.011269
v 0.013351 -0.005634 0.009395
v 0.013980 -0.004576 0.011339
v 0.013287 -0.005730 0.009456
v 0.013873 -0.004749 0.011469
v 0.013815 -0.004852 0.011538
v 0.013254 -0.005785 0.009487
v 0.013725 -0.005029 0.011646
v 0.013197 -0.005889 0.009539
v 0.013168 -0.005947 0.009566
v 0.013664 -0.005164 0.011718
v 0.013138 -0.006011 0.009592
v 0.013487 -0.005640 0.011921
v 0.013076 -0.006160 0.009646
v 0.013546 -0.005461 0.011853
v 0.013596 -0.005326 0.011796
v 0.013382 -0.006047 0.012038
v 0.013012 -0.006359 0.009700
v 0.013448 -0.005775 0.011965
v 0.013051 -0.006233 0.009668
v 0.013068 -0.006183 0.009653
v 0.013329 -0.006358 0.012097
v 0.012969 -0.006538 0.009735
v 0.012996 -0.006419 0.009713
v 0.013336 -0.007693 0.012089
v 0.012957 -0.007391 0.009745
v 0.013312 -0.007512 0.012115
v 0.012954 -0.007374 0.009748
v 0.013297 -0.007350 0.012132
v 0.012932 -0.007189 0.009765
v 0.013292 -0.007263 0.012138
v 0.012924 -0.007000 0.009771
v 0.013284 -0.007000 0.012146
v 0.012930 -0.006841 0.009767
v 0.013296 -0.006675 0.012134
v 0.012934 -0.006784 0.009763
v 0.012949 -0.006658 0.009751
v 0.013421 -0.008123 0.011995
v 0.013507 -0.008424 0.011898
v 0.013051 -0.007767 0.009668
v 0.013010 -0.007636 0.009701
v 0.012996 -0.007581 0.009713
v 0.013356 -0.007819 0.012067
v 0.012990 -0.007556 0.009718
v 0.012963 -0.007430 0.009740
v 0.013157 -0.008031 0.009575
v 0.013594 -0.008668 0.011799
v 0.013197 -0.008111 0.009539
v 0.013716 -0.008952 0.011656
v 0.013224 -0.008162 0.009515
v 0.013141 -0.007996 0.009590
v 0.013118 -0.007944 0.009610
v 0.013069 -0.007821 0.009652
v 0.013386 -0.008414 0.009361
v 0.013344 -0.008356 0.009402
v 0.013857 -0.009223 0.011488
v 0.013287 -0.008269 0.009456
v 0.013246 -0.008200 0.009495
v 0.014211 -0.009740 0.011047
v 0.014310 -0.009854 0.010918
v 0.013558 -0.008620 0.009182
v 0.014329 -0.009875 0.010894
v 0.013593 -0.008655 0.009144
v 0.014017 -0.009480 0.011293
v 0.014125 -0.009630 0.011157
v 0.013449 -0.008496 0.009298
v 0.013472 -0.008524 0.009273
v 0.014809 -0.010286 0.010232
v 0.013817 -0.008840 0.008881
v 0.014714 -0.010221 0.010367
v 0.013706 -0.008757 0.009016
v 0.014507 -0.010052 0.010655
v 0.014398 -0.009946 0.010803
v 0.014096 -0.008976 0.008497
v 0.013991 -0.008938 0.008649
v 0.015022 -0.010406 0.009917
v 0.013968 -0.008927 0.008682
v 0.013926 -0.008906 0.008740
v 0.013843 -0.008858 0.008847
v 0.015235 -0.010490 0.009586
v 0.015423 -0.010533 0.009280
v 0.014194 -0.008996 0.008341
v 0.015448 -0.010537 0.009239
v 0.015516 -0.010543 0.009125
v 0.014287 -0.008999 0.008183
v 0.015588 -0.010546 0.009001
v 0.014312 -0.008997 0.008138
v 0.015717 -0.010538 0.008774
v 0.014341 -0.008993 0.008085
v 0.015910 -0.010494 0.008419
v 0.014427 -0.008968 0.007917
v 0.015954 -0.010477 0.008335
v 0.016094 -0.010409 0.008061
v 0.014506 -0.008925 0.007749
v 0.016127 -0.010390 0.007996
v 0.014577 -0.008865 0.007582
v 0.016291 -0.010263 0.007655
v 0.014598 -0.008842 0.007529
v 0.016337 -0.010220 0.007557
v 0.014655 -0.008767 0.007379
v 0.016422 -0.010126 0.007369
v 0.014662 -0.008755 0.007358
v 0.016443 -0.010102 0.007324
v 0.014717 -0.008651 0.007194
v 0.016582 -0.009903 0.007003
v 0.016710 -0.009663 0.006692
v 0.014765 -0.008532 0.007039
v 0.014773 -0.008507 0.007011
v 0.016777 -0.009508 0.006522
v 0.014812 -0.008366 0.006865
v 0.016813 -0.009414 0.006428
v 0.014833 -0.008269 0.006779
v 0.016869 -0.009251 0.006280
v 0.016903 -0.009137 0.006187
v 0.014843 -0.008215 0.006735
v 0.016912 -0.009107 0.006164
v 0.014860 -0.008113 0.006660
v 0.016947 -0.008973 0.006065
v 0.014868 -0.008053 0.006620
v 0.016982 -0.008825 0.005967
v 0.014876 -0.007989 0.006582
v 0.017116 -0.007952 0.005570
v 0.014906 -0.007641 0.006419
v 0.017087 -0.008213 0.005659
v 0.014898 -0.007767 0.006468
v 0.017067 -0.008360 0.005720
v 0.014894 -0.007817 0.006491
v 0.017059 -0.008414 0.005744
v 0.014891 -0.007840 0.006502
v 0.017040 -0.008527 0.005799
v 0.017013 -0.008676 0.005878
v 0.017141 -0.007642 0.005494
v 0.014915 -0.007462 0.006364
v 0.014910 -0.007583 0.006399
v 0.017158 -0.006740 0.005442
v 0.014924 -0.007000 0.006307
v 0.017161 -0.007000 0.005432
v 0.014923 -0.007159 0.006314
v 0.017156 -0.007325 0.005447
v 0.014922 -0.007216 0.006320
v 0.014920 -0.007342 0.006338
v -0.001128 -0.008651 -0.016343
v -0.002226 -0.009903 -0.017862
v -0.002559 -0.009663 -0.017817
v 0.000127 -0.008996 -0.016463
v 0.000310 -0.008976 -0.016456
v 0.000685 -0.010490 -0.017987
v 0.001734 -0.007996 -0.016175
v 0.001763 -0.007944 -0.016165
v 0.003421 -0.008668 -0.017672
v 0.001128 -0.005348 -0.016343
v 0.002214 -0.004089 -0.017863
v 0.002548 -0.004328 -0.017819
v -0.003877 -0.007000 -0.017578
v -0.003866 -0.006740 -0.017580
v -0.002000 -0.007000 -0.016078
v -0.001991 -0.006811 -0.016082
v -0.003801 -0.006304 -0.017594
v -0.001965 -0.006626 -0.016092
v -0.003826 -0.006430 -0.017589
v -0.003858 -0.006651 -0.017582
v -0.003546 -0.005568 -0.017647
v -0.001847 -0.006233 -0.016136
v -0.003673 -0.005866 -0.017621
v -0.001896 -0.006364 -0.016118
v -0.003708 -0.005967 -0.017614
v -0.001913 -0.006417 -0.016112
v -0.003769 -0.006169 -0.017601
v -0.001921 -0.006444 -0.016109
v -0.001953 -0.006570 -0.016097
v -0.001714 -0.005969 -0.016182
v -0.003387 -0.005275 -0.017678
v -0.001662 -0.005887 -0.016199
v -0.003239 -0.005052 -0.017706
v -0.001628 -0.005838 -0.016210
v -0.001734 -0.006004 -0.016175
v -0.001763 -0.006055 -0.016165
v -0.001824 -0.006179 -0.016144
v -0.002774 -0.004523 -0.017785
v -0.001414 -0.005586 -0.016273
v -0.002915 -0.004663 -0.017762
v -0.001470 -0.005644 -0.016257
v -0.003022 -0.004779 -0.017744
v -0.001546 -0.005731 -0.016235
v -0.001600 -0.005800 -0.016219
v -0.001112 -0.005337 -0.016346
v -0.001122 -0.005345 -0.016344
v -0.002322 -0.004161 -0.017850
v -0.001173 -0.005380 -0.016333
v -0.002494 -0.004286 -0.017826
v -0.001295 -0.005476 -0.016304
v -0.001328 -0.005504 -0.016296
v -0.001648 -0.003790 -0.017924
v -0.000955 -0.005243 -0.016377
v -0.001997 -0.003961 -0.017889
v -0.002155 -0.004052 -0.017871
v -0.001141 -0.003611 -0.017964
v -0.000606 -0.005094 -0.016430
v -0.001275 -0.003651 -0.017955
v -0.000740 -0.005142 -0.016412
v -0.000783 -0.005160 -0.016406
v 0.000358 -0.005032 -0.016453
v 0.000168 -0.005007 -0.016462
v 0.000324 -0.003466 -0.017997
v 0.000108 -0.005003 -0.016464
v 0.000060 -0.003454 -0.018000
v 0.000056 -0.005001 -0.016465
v 0.000001 -0.005000 -0.016465
v -0.000350 -0.003469 -0.017997
v -0.000127 -0.005004 -0.016463
v -0.000751 -0.003521 -0.017984
v -0.000310 -0.005024 -0.016456
v -0.000976 -0.003568 -0.017974
v -0.000495 -0.005062 -0.016441
v -0.000535 -0.005073 -0.016437
v 0.000975 -0.003568 -0.017974
v 0.000542 -0.005075 -0.016437
v 0.000889 -0.003549 -0.017978
v 0.000726 -0.003517 -0.017985
v 0.001051 -0.003587 -0.017969
v 0.001124 -0.003607 -0.017965
v 0.000722 -0.005135 -0.016415
v 0.001503 -0.003731 -0.017937
v 0.000779 -0.005158 -0.016407
v 0.001866 -0.003892 -0.017903
v 0.000937 -0.005233 -0.016381
v 0.000959 -0.005245 -0.016377
v 0.002915 -0.004663 -0.017762
v 0.001545 -0.005730 -0.016235
v 0.002830 -0.004576 -0.017776
v 0.001460 -0.005634 -0.016260
v 0.002741 -0.004492 -0.017790
v 0.001315 -0.005493 -0.016299
v 0.001286 -0.005468 -0.016306
v 0.002995 -0.004749 -0.017749
v 0.003085 -0.004852 -0.017734
v 0.001589 -0.005785 -0.016222
v 0.003223 -0.005029 -0.017709
v 0.001663 -0.005889 -0.016199
v 0.001701 -0.005947 -0.016186
v 0.003316 -0.005164 -0.017692
v 0.001738 -0.006011 -0.016174
v 0.003580 -0.005640 -0.017640
v 0.001815 -0.006160 -0.016147
v 0.003492 -0.005461 -0.017658
v 0.003418 -0.005326 -0.017673
v 0.003734 -0.006047 -0.017608
v 0.001894 -0.006359 -0.016119
v 0.003638 -0.005775 -0.017629
v 0.001847 -0.006233 -0.016136
v 0.001826 -0.006183 -0.016144
v 0.003860 -0.006675 -0.017581
v 0.001971 -0.006658 -0.016090
v 0.003812 -0.006358 -0.017592
v 0.001946 -0.006538 -0.016099
v 0.001914 -0.006419 -0.016111
v 0.002000 -0.007000 -0.016078
v 0.001994 -0.006841 -0.016081
v 0.001988 -0.006784 -0.016083
v 0.003877 -0.007000 -0.017578
v 0.003866 -0.007263 -0.017580
v 0.001991 -0.007189 -0.016082
v 0.003858 -0.007350 -0.017582
v 0.001965 -0.007374 -0.016092
v 0.003836 -0.007512 -0.017586
v 0.001953 -0.007430 -0.016097
v 0.003802 -0.007693 -0.017594
v 0.001921 -0.007556 -0.016109
v 0.003772 -0.007819 -0.017600
v 0.001914 -0.007581 -0.016111
v 0.003677 -0.008123 -0.017620
v 0.003550 -0.008424 -0.017646
v 0.001824 -0.007821 -0.016144
v 0.001847 -0.007767 -0.016136
v 0.001896 -0.007636 -0.016118
v 0.001600 -0.008200 -0.016219
v 0.001628 -0.008162 -0.016210
v 0.003236 -0.008952 -0.017707
v 0.001663 -0.008111 -0.016199
v 0.001714 -0.008031 -0.016182
v 0.001546 -0.008269 -0.016235
v 0.003020 -0.009223 -0.017745
v 0.001470 -0.008356 -0.016257
v 0.002915 -0.009337 -0.017762
v 0.001414 -0.008414 -0.016273
v 0.002771 -0.009480 -0.017785
v 0.001328 -0.008496 -0.016296
v 0.002600 -0.009630 -0.017811
v 0.001295 -0.008524 -0.016304
v 0.002461 -0.009740 -0.017831
v 0.001173 -0.008620 -0.016333
v 0.002300 -0.009854 -0.017852
v 0.001122 -0.008655 -0.016344
v 0.001457 -0.010286 -0.017941
v 0.001078 -0.010406 -0.017968
v 0.000606 -0.008906 -0.016430
v 0.002157 -0.009946 -0.017870
v 0.001974 -0.010052 -0.017891
v 0.000955 -0.008757 -0.016377
v 0.001621 -0.010221 -0.017927
v 0.000783 -0.008840 -0.016406
v 0.000740 -0.008858 -0.016412
v 0.000975 -0.010432 -0.017974
v 0.000495 -0.008938 -0.016441
v 0.000535 -0.008927 -0.016437
v 0.000278 -0.010537 -0.017998
v 0.000144 -0.010543 -0.017999
v -0.000057 -0.008999 -0.016465
v 0.000002 -0.010546 -0.018000
v -0.000108 -0.008997 -0.016464
v -0.000260 -0.010538 -0.017998
v -0.000168 -0.008993 -0.016462
v -0.000664 -0.010494 -0.017988
v -0.000358 -0.008968 -0.016453
v -0.000759 -0.010477 -0.017984
v -0.000975 -0.010432 -0.017974
v -0.000542 -0.008925 -0.016437
v -0.001066 -0.010409 -0.017968
v -0.001139 -0.010390 -0.017964
v -0.000722 -0.008865 -0.016415
v -0.001516 -0.010263 -0.017936
v -0.001879 -0.010102 -0.017902
v -0.000959 -0.008755 -0.016377
v -0.001829 -0.010126 -0.017907
v -0.000937 -0.008767 -0.016381
v -0.000779 -0.008842 -0.016407
v -0.002915 -0.009338 -0.017762
v -0.001545 -0.008269 -0.016235
v -0.002840 -0.009414 -0.017775
v -0.001460 -0.008366 -0.016260
v -0.002740 -0.009508 -0.017790
v -0.001315 -0.008507 -0.016299
v -0.001286 -0.008532 -0.016306
v -0.002996 -0.009251 -0.017749
v -0.003093 -0.009137 -0.017732
v -0.001589 -0.008215 -0.016222
v -0.003118 -0.009107 -0.017728
v -0.001662 -0.008113 -0.016199
v -0.003221 -0.008973 -0.017709
v -0.001701 -0.008053 -0.016186
v -0.003324 -0.008825 -0.017690
v -0.001738 -0.007989 -0.016174
v -0.003580 -0.008360 -0.017640
v -0.001815 -0.007840 -0.016147
v -0.003499 -0.008527 -0.017657
v -0.003416 -0.008676 -0.017673
v -0.003734 -0.007952 -0.017608
v -0.001913 -0.007583 -0.016112
v -0.001894 -0.007641 -0.016119
v -0.003643 -0.008213 -0.017628
v -0.001847 -0.007767 -0.016136
v -0.001826 -0.007817 -0.016144
v -0.001946 -0.007462 -0.016099
v -0.003813 -0.007642 -0.017592
v -0.001971 -0.007342 -0.016090
v -0.003860 -0.007325 -0.017581
v -0.001988 -0.007216 -0.016083
v -0.001994 -0.007159 -0.016081
v 0.014494 -0.006784 0.006072
v 0.014500 -0.007000 0.006062
v 0.014448 -0.006361 0.006153
v 0.012552 -0.007639 0.009436
v 0.014477 -0.007430 0.006103
v 0.014494 -0.007216 0.006072
v 0.014448 -0.007639 0.006153
v 0.014408 -0.007840 0.006222
v 0.014357 -0.008031 0.006310
v 0.014296 -0.008210 0.006415
v 0.014226 -0.008375 0.006537
v 0.014061 -0.008655 0.006822
v 0.014147 -0.008524 0.006673
v 0.013968 -0.008767 0.006983
v 0.013662 -0.008974 0.007514
v 0.013768 -0.008927 0.007331
v 0.013870 -0.008858 0.007153
v 0.013554 -0.008997 0.007700
v 0.013338 -0.008974 0.008074
v 0.013446 -0.008997 0.007888
v 0.013232 -0.008927 0.008258
v 0.013130 -0.008858 0.008435
v 0.012939 -0.008655 0.008766
v 0.013032 -0.008767 0.008606
v 0.012853 -0.008524 0.008916
v 0.012774 -0.008375 0.009052
v 0.012704 -0.008210 0.009173
v 0.012643 -0.008031 0.009278
v 0.012592 -0.007840 0.009366
v 0.012523 -0.007430 0.009486
v 0.012506 -0.007216 0.009516
v 0.012500 -0.007000 0.009526
v 0.012506 -0.006784 0.009516
v 0.012523 -0.006570 0.009486
v 0.012552 -0.006361 0.009436
v 0.012592 -0.006160 0.009366
v 0.012643 -0.005969 0.009278
v 0.012704 -0.005790 0.009173
v 0.012774 -0.005625 0.009052
v 0.012853 -0.005476 0.008916
v 0.012939 -0.005345 0.008766
v 0.013032 -0.005233 0.008606
v 0.013130 -0.005142 0.008435
v 0.013232 -0.005073 0.008258
v 0.013338 -0.005026 0.008074
v 0.013446 -0.005003 0.007888
v 0.013662 -0.005026 0.007514
v 0.013554 -0.005003 0.007700
v 0.013768 -0.005073 0.007331
v 0.013870 -0.005142 0.007153
v 0.013968 -0.005233 0.006983
v 0.014061 -0.005345 0.006822
v 0.014226 -0.005625 0.006537
v 0.014147 -0.005476 0.006673
v 0.014296 -0.005790 0.006415
v 0.014357 -0.005969 0.006310
v 0.014408 -0.006160 0.006222
v 0.014477 -0.006570 0.006103
v -0.012506 -0.006784 0.009516
v -0.012500 -0.007000 0.009526
v -0.012552 -0.006361 0.009436
v -0.014448 -0.007639 0.006153
v -0.012523 -0.007430 0.009486
v -0.012506 -0.007216 0.009516
v -0.012552 -0.007639 0.009436
v -0.012592 -0.007840 0.009366
v -0.012643 -0.008031 0.009278
v -0.012704 -0.008210 0.009173
v -0.012774 -0.008375 0.009052
v -0.012939 -0.008655 0.008766
v -0.012853 -0.008524 0.008916
v -0.013032 -0.008767 0.008606
v -0.013338 -0.008974 0.008074
v -0.013232 -0.008927 0.008258
v -0.013130 -0.008858 0.008435
v -0.013446 -0.008997 0.007888
v -0.013662 -0.008974 0.007514
v -0.013554 -0.008997 0.007700
v -0.013768 -0.008927 0.007331
v -0.013870 -0.008858 0.007153
v -0.014061 -0.008655 0.006822
v -0.013968 -0.008767 0.006983
v -0.014147 -0.008524 0.006673
v -0.014226 -0.008375 0.006537
v -0.014296 -0.008210 0.006415
v -0.014357 -0.008031 0.006310
v -0.014408 -0.007840 0.006222
v -0.014477 -0.007430 0.006103
v -0.014494 -0.007216 0.006072
v -0.014500 -0.007000 0.006062
v -0.014494 -0.006784 0.006072
v -0.014477 -0.006570 0.006103
v -0.014448 -0.006361 0.006153
v -0.014408 -0.006160 0.006222
v -0.014357 -0.005969 0.006310
v -0.014296 -0.005790 0.006415
v -0.014226 -0.005625 0.006537
v -0.014147 -0.005476 0.006673
v -0.014061 -0.005345 0.006822
v -0.013968 -0.005233 0.006983
v -0.013870 -0.005142 0.007153
v -0.013768 -0.005073 0.007331
v -0.013662 -0.005026 0.007514
v -0.013554 -0.005003 0.007700
v -0.013338 -0.005026 0.008074
v -0.013446 -0.005003 0.007888
v -0.013232 -0.005073 0.008258
v -0.013130 -0.005142 0.008435
v -0.013032 -0.005233 0.008606
v -0.012939 -0.005345 0.008766
v -0.012774 -0.005625 0.009052
v -0.012853 -0.005476 0.008916
v -0.012704 -0.005790 0.009173
v -0.012643 -0.005969 0.009278
v -0.012592 -0.006160 0.009366
v -0.012523 -0.006570 0.009486
v -0.001988 -0.006784 -0.015588
v -0.002000 -0.007000 -0.015588
v -0.001895 -0.006361 -0.015588
v 0.001988 -0.007216 -0.015588
v 0.002000 -0.007000 -0.015588
v 0.001895 -0.007639 -0.015588
v -0.001953 -0.007430 -0.015588
v -0.001988 -0.007216 -0.015588
v -0.001895 -0.007639 -0.015588
v -0.001815 -0.007840 -0.015588
v -0.001714 -0.008031 -0.015588
v -0.001592 -0.008210 -0.015588
v -0.001452 -0.008375 -0.015588
v -0.001122 -0.008655 -0.015588
v -0.001295 -0.008524 -0.015588
v -0.000937 -0.008767 -0.015588
v -0.000324 -0.008974 -0.015588
v -0.000535 -0.008927 -0.015588
v -0.000740 -0.008858 -0.015588
v -0.000108 -0.008997 -0.015588
v 0.000324 -0.008974 -0.015588
v 0.000108 -0.008997 -0.015588
v 0.000535 -0.008927 -0.015588
v 0.000740 -0.008858 -0.015588
v 0.001122 -0.008655 -0.015588
v 0.000937 -0.008767 -0.015588
v 0.001295 -0.008524 -0.015588
v 0.001452 -0.008375 -0.015588
v 0.001592 -0.008210 -0.015588
v 0.001714 -0.008031 -0.015588
v 0.001815 -0.007840 -0.015588
v 0.001953 -0.007430 -0.015588
v 0.001988 -0.006784 -0.015588
v 0.001953 -0.006570 -0.015588
v 0.001895 -0.006361 -0.015588
v 0.001815 -0.006160 -0.015588
v 0.001714 -0.005969 -0.015588
v 0.001592 -0.005790 -0.015588
v 0.001452 -0.005625 -0.015588
v 0.001295 -0.005476 -0.015588
v 0.001122 -0.005345 -0.015588
v 0.000937 -0.005233 -0.015588
v 0.000740 -0.005142 -0.015588
v 0.000535 -0.005073 -0.015588
v 0.000324 -0.005026 -0.015588
v 0.000108 -0.005003 -0.015588
v -0.000324 -0.005026 -0.015588
v -0.000108 -0.005003 -0.015588
v -0.000535 -0.005073 -0.015588
v -0.000740 -0.005142 -0.015588
v -0.000937 -0.005233 -0.015588
v -0.001122 -0.005345 -0.015588
v -0.001295 -0.005476 -0.015588
v -0.001452 -0.005625 -0.015588
v -0.001592 -0.005790 -0.015588
v -0.001714 -0.005969 -0.015588
v -0.001815 -0.006160 -0.015588
v -0.001953 -0.006570 -0.015588
v 0.011100 -0.098000 0.000000
v 0.011100 0.002000 0.000000
v 0.011035 -0.098000 -0.001200
v 0.011035 0.002000 -0.001200
v 0.010840 -0.098000 -0.002386
v 0.010840 0.002000 -0.002386
v 0.010519 -0.098000 -0.003544
v 0.010519 0.002000 -0.003544
v 0.010074 -0.098000 -0.004661
v 0.010074 0.002000 -0.004661
v 0.009511 -0.098000 -0.005723
v 0.009511 0.002000 -0.005723
v 0.008837 -0.098000 -0.006717
v 0.008837 0.002000 -0.006717
v 0.008059 -0.098000 -0.007633
v 0.008059 0.002000 -0.007633
v 0.007186 -0.098000 -0.008460
v 0.007186 0.002000 -0.008460
v 0.006229 -0.098000 -0.009187
v 0.006229 0.002000 -0.009187
v 0.005199 -0.098000 -0.009807
v 0.005199 0.002000 -0.009807
v 0.004109 -0.098000 -0.010312
v 0.004109 0.002000 -0.010312
v 0.002970 -0.098000 -0.010695
v 0.002970 0.002000 -0.010695
v 0.001796 -0.098000 -0.010954
v 0.001796 0.002000 -0.010954
v 0.000601 -0.098000 -0.011084
v 0.000601 0.002000 -0.011084
v -0.000601 -0.098000 -0.011084
v -0.000601 0.002000 -0.011084
v -0.001796 -0.098000 -0.010954
v -0.001796 0.002000 -0.010954
v -0.002970 -0.098000 -0.010695
v -0.002970 0.002000 -0.010695
v -0.004109 -0.098000 -0.010312
v -0.004109 0.002000 -0.010312
v -0.005199 -0.098000 -0.009807
v -0.005199 0.002000 -0.009807
v -0.006229 -0.098000 -0.009187
v -0.006229 0.002000 -0.009187
v -0.007186 -0.098000 -0.008460
v -0.007186 0.002000 -0.008460
v -0.008059 -0.098000 -0.007633
v -0.008059 0.002000 -0.007633
v -0.008837 -0.098000 -0.006717
v -0.008837 0.002000 -0.006717
v -0.009511 -0.098000 -0.005723
v -0.009511 0.002000 -0.005723
v -0.010074 -0.098000 -0.004661
v -0.010074 0.002000 -0.004661
v -0.010519 -0.098000 -0.003544
v -0.010519 0.002000 -0.003544
v -0.010840 -0.098000 -0.002386
v -0.010840 0.002000 -0.002386
v -0.011035 -0.098000 -0.001200
v -0.011035 0.002000 -0.001200
v -0.011100 -0.098000 -0.000000
v -0.011100 0.002000 -0.000000
v -0.011035 -0.098000 0.001200
v -0.011035 0.002000 0.001200
v -0.010840 -0.098000 0.002386
v -0.010840 0.002000 0.002386
v -0.010519 -0.098000 0.003544
v -0.010519 0.002000 0.003544
v -0.010074 -0.098000 0.004661
v -0.010074 0.002000 0.004661
v -0.009511 -0.098000 0.005723
v -0.009511 0.002000 0.005723
v -0.008837 -0.098000 0.006717
v -0.008837 0.002000 0.006717
v -0.008059 -0.098000 0.007633
v -0.008059 0.002000 0.007633
v -0.007186 -0.098000 0.008460
v -0.007186 0.002000 0.008460
v -0.006229 -0.098000 0.009187
v -0.006229 0.002000 0.009187
v -0.005199 -0.098000 0.009807
v -0.005199 0.002000 0.009807
v -0.004109 -0.098000 0.010312
v -0.004109 0.002000 0.010312
v -0.002970 -0.098000 0.010695
v -0.002970 0.002000 0.010695
v -0.001796 -0.098000 0.010954
v -0.001796 0.002000 0.010954
v -0.000601 -0.098000 0.011084
v -0.000601 0.002000 0.011084
v 0.000601 -0.098000 0.011084
v 0.000601 0.002000 0.011084
v 0.001796 -0.098000 0.010954
v 0.001796 0.002000 0.010954
v 0.002970 -0.098000 0.010695
v 0.002970 0.002000 0.010695
v 0.004109 -0.098000 0.010312
v 0.004109 0.002000 0.010312
v 0.005199 -0.098000 0.009807
v 0.005199 0.002000 0.009807
v 0.006229 -0.098000 0.009187
v 0.006229 0.002000 0.009187
v 0.007186 -0.098000 0.008460
v 0.007186 0.002000 0.008460
v 0.008059 -0.098000 0.007633
v 0.008059 0.002000 0.007633
v 0.008837 -0.098000 0.006717
v 0.008837 0.002000 0.006717
v 0.009511 -0.098000 0.005723
v 0.009511 0.002000 0.005723
v 0.010074 -0.098000 0.004661
v 0.010074 0.002000 0.004661
v 0.010519 -0.098000 0.003544
v 0.010519 0.002000 0.003544
v 0.010840 -0.098000 0.002386
v 0.010840 0.002000 0.002386
v 0.011035 -0.098000 0.001200
v 0.011035 0.002000 0.001200
v -0.018000 -0.002000 0.000000
v -0.013918 0.002000 -0.001514
v -0.017894 -0.002000 -0.001946
v -0.013673 0.002000 -0.003010
v -0.017579 -0.002000 -0.003869
v -0.013267 0.002000 -0.004470
v -0.017058 -0.002000 -0.005747
v -0.012706 0.002000 -0.005878
v -0.016336 -0.002000 -0.007558
v -0.011996 0.002000 -0.007218
v -0.015423 -0.002000 -0.009280
v -0.011145 0.002000 -0.008472
v -0.014330 -0.002000 -0.010893
v -0.010164 0.002000 -0.009628
v -0.013068 -0.002000 -0.012379
v -0.009063 0.002000 -0.010670
v -0.011653 -0.002000 -0.013719
v -0.007857 0.002000 -0.011588
v -0.010101 -0.002000 -0.014898
v -0.006558 0.002000 -0.012369
v -0.008431 -0.002000 -0.015903
v -0.005182 0.002000 -0.013006
v -0.006662 -0.002000 -0.016722
v -0.003745 0.002000 -0.013490
v -0.004816 -0.002000 -0.017344
v -0.002265 0.002000 -0.013816
v -0.002912 -0.002000 -0.017763
v -0.000758 0.002000 -0.013979
v -0.000975 -0.002000 -0.017974
v 0.000758 0.002000 -0.013979
v 0.000975 -0.002000 -0.017974
v 0.002265 0.002000 -0.013816
v 0.002912 -0.002000 -0.017763
v 0.003745 0.002000 -0.013490
v 0.004816 -0.002000 -0.017344
v 0.005182 0.002000 -0.013006
v 0.006662 -0.002000 -0.016722
v 0.006558 0.002000 -0.012369
v 0.008431 -0.002000 -0.015903
v 0.007857 0.002000 -0.011588
v 0.010101 -0.002000 -0.014898
v 0.009063 0.002000 -0.010670
v 0.011653 -0.002000 -0.013719
v 0.010164 0.002000 -0.009628
v 0.013068 -0.002000 -0.012379
v 0.011145 0.002000 -0.008472
v 0.014330 -0.002000 -0.010893
v 0.011996 0.002000 -0.007218
v 0.015423 -0.002000 -0.009280
v 0.012706 0.002000 -0.005878
v 0.016336 -0.002000 -0.007558
v 0.013267 0.002000 -0.004470
v 0.017058 -0.002000 -0.005747
v 0.013673 0.002000 -0.003010
v 0.017579 -0.002000 -0.003869
v 0.013918 0.002000 -0.001514
v 0.017894 -0.002000 -0.001946
v 0.014000 0.002000 -0.000000
v 0.018000 -0.002000 -0.000000
v 0.013918 0.002000 0.001514
v 0.017894 -0.002000 0.001946
v 0.013673 0.002000 0.003010
v 0.017579 -0.002000 0.003869
v 0.013267 0.002000 0.004470
v 0.017058 -0.002000 0.005747
v 0.012706 0.002000 0.005878
v 0.016336 -0.002000 0.007558
v 0.011996 0.002000 0.007218
v 0.015423 -0.002000 0.009280
v 0.011145 0.002000 0.008472
v 0.014330 -0.002000 0.010893
v 0.010164 0.002000 0.009628
v 0.013068 -0.002000 0.012379
v 0.009063 0.002000 0.010670
v 0.011653 -0.002000 0.013719
v 0.007857 0.002000 0.011588
v 0.010101 -0.002000 0.014898
v 0.006558 0.002000 0.012369
v 0.008431 -0.002000 0.015903
v 0.005182 0.002000 0.013006
v 0.006662 -0.002000 0.016722
v 0.003745 0.002000 0.013490
v 0.004816 -0.002000 0.017344
v 0.002265 0.002000 0.013816
v 0.002912 -0.002000 0.017763
v 0.000758 0.002000 0.013979
v 0.000975 -0.002000 0.017974
v -0.000758 0.002000 0.013979
v -0.000975 -0.002000 0.017974
v -0.002265 0.002000 0.013816
v -0.002912 -0.002000 0.017763
v -0.003745 0.002000 0.013490
v -0.004816 -0.002000 0.017344
v -0.005182 0.002000 0.013006
v -0.006662 -0.002000 0.016722
v -0.006558 0.002000 0.012369
v -0.008431 -0.002000 0.015903
v -0.007857 0.002000 0.011588
v -0.010101 -0.002000 0.014898
v -0.009063 0.002000 0.010670
v -0.011653 -0.002000 0.013719
v -0.010164 0.002000 0.009628
v -0.013068 -0.002000 0.012379
v -0.011145 0.002000 0.008472
v -0.014330 -0.002000 0.010893
v -0.011996 0.002000 0.007218
v -0.015423 -0.002000 0.009280
v -0.012706 0.002000 0.005878
v -0.016336 -0.002000 0.007558
v -0.013267 0.002000 0.004470
v -0.017058 -0.002000 0.005747
v -0.013673 0.002000 0.003010
v -0.017579 -0.002000 0.003869
v -0.013918 0.002000 0.001514
v -0.017894 -0.002000 0.001946
v -0.014000 0.002000 0.000000
v 0.015903 -0.023600 0.008431
v 0.016336 -0.023662 0.007558
v -0.014330 -0.023732 0.010893
v -0.017579 -0.024430 0.003869
v -0.017058 -0.023942 0.005747
v -0.017344 -0.024160 0.004816
v -0.015423 -0.023591 0.009280
v -0.015903 -0.023600 0.008431
v -0.016336 -0.023662 0.007558
v -0.016722 -0.023776 0.006662
v -0.014898 -0.023635 0.010101
v -0.013719 -0.023881 0.011653
v -0.013068 -0.024082 0.012379
v 0.013068 -0.024082 0.012379
v 0.013719 -0.023881 0.011653
v 0.014330 -0.023732 0.010893
v 0.015423 -0.023591 0.009280
v 0.014898 -0.023635 0.010101
v 0.017058 -0.023942 0.005747
v 0.016722 -0.023776 0.006662
v 0.017579 -0.024430 0.003869
v 0.017344 -0.024160 0.004816
v -0.009000 -0.026000 -0.015588
v -0.009000 -0.086000 -0.015588
v -0.010101 -0.098000 -0.014898
v -0.008437 -0.025688 -0.015900
v -0.008431 -0.098000 -0.015903
v -0.004816 -0.024245 -0.017344
v -0.005747 -0.024531 -0.017058
v -0.006662 -0.024867 -0.016722
v -0.007558 -0.025252 -0.016336
v -0.003869 -0.024009 -0.017579
v -0.002912 -0.023826 -0.017763
v -0.001946 -0.023694 -0.017894
v -0.000975 -0.023615 -0.017974
v 0.000000 -0.023588 -0.018000
v 0.000975 -0.023615 -0.017974
v 0.001946 -0.023694 -0.017894
v 0.002912 -0.023826 -0.017763
v 0.003869 -0.024009 -0.017579
v 0.004816 -0.024245 -0.017344
v 0.005747 -0.024531 -0.017058
v 0.006662 -0.024867 -0.016722
v 0.007558 -0.025252 -0.016336
v 0.008431 -0.025685 -0.015903
v 0.008431 -0.098000 -0.015903
v 0.006662 -0.098000 -0.016722
v 0.006662 -0.087133 -0.016722
v 0.007558 -0.086748 -0.016336
v 0.008437 -0.086312 -0.015900
v 0.010101 -0.098000 -0.014898
v 0.009000 -0.086000 -0.015588
v 0.009000 -0.026000 -0.015588
v 0.004816 -0.098000 -0.017344
v 0.002912 -0.098000 -0.017763
v 0.002912 -0.088174 -0.017763
v 0.003869 -0.087991 -0.017579
v 0.004816 -0.087755 -0.017344
v 0.005747 -0.087469 -0.017058
v -0.000975 -0.098000 -0.017974
v -0.000000 -0.088412 -0.018000
v 0.000975 -0.098000 -0.017974
v 0.000975 -0.088385 -0.017974
v 0.001946 -0.088306 -0.017894
v -0.002912 -0.098000 -0.017763
v -0.001946 -0.088306 -0.017894
v -0.000975 -0.088385 -0.017974
v -0.004816 -0.098000 -0.017344
v -0.003869 -0.087991 -0.017579
v -0.002912 -0.088174 -0.017763
v -0.006662 -0.098000 -0.016722
v -0.005747 -0.087469 -0.017058
v -0.004816 -0.087755 -0.017344
v -0.008431 -0.086315 -0.015903
v -0.007558 -0.086748 -0.016336
v -0.006662 -0.087133 -0.016722
v -0.018000 -0.098000 0.000000
v -0.017894 -0.098000 0.001946
v -0.017894 -0.086882 0.001946
v -0.017579 -0.098000 0.003869
v -0.017579 -0.087570 0.003869
v -0.017763 -0.087251 0.002912
v -0.017058 -0.098000 0.005747
v -0.016336 -0.098000 0.007558
v -0.016336 -0.088338 0.007558
v -0.016722 -0.088224 0.006662
v -0.017058 -0.088058 0.005747
v -0.017344 -0.087840 0.004816
v -0.014330 -0.098000 0.010893
v -0.014898 -0.088365 0.010101
v -0.015423 -0.098000 0.009280
v -0.015423 -0.088409 0.009280
v -0.015903 -0.088400 0.008431
v -0.013068 -0.098000 0.012379
v -0.013719 -0.088119 0.011653
v -0.014330 -0.088268 0.010893
v -0.011653 -0.098000 0.013719
v -0.012379 -0.087666 0.013068
v -0.013068 -0.087918 0.012379
v -0.010101 -0.098000 0.014898
v -0.010893 -0.087010 0.014330
v -0.011653 -0.087363 0.013719
v -0.008431 -0.098000 0.015903
v -0.009000 -0.086000 0.015588
v -0.010101 -0.086609 0.014898
v -0.011653 -0.024637 0.013719
v -0.009000 -0.026000 0.015588
v -0.010101 -0.025391 0.014898
v -0.010893 -0.024990 0.014330
v -0.012379 -0.024334 0.013068
v -0.017763 -0.024749 0.002912
v -0.017894 -0.025118 0.001946
v -0.017974 -0.025536 0.000975
v -0.018000 -0.026000 0.000000
v 0.017894 -0.025118 0.001946
v 0.017763 -0.024749 0.002912
v 0.012379 -0.024334 0.013068
v 0.011653 -0.024637 0.013719
v 0.010893 -0.024990 0.014330
v 0.010101 -0.025391 0.014898
v 0.010101 -0.098000 0.014898
v 0.011653 -0.098000 0.013719
v 0.011653 -0.087363 0.013719
v 0.010893 -0.087010 0.014330
v 0.010101 -0.086609 0.014898
v 0.008431 -0.098000 0.015903
v 0.009000 -0.086000 0.015588
v 0.009000 -0.026000 0.015588
v 0.013068 -0.098000 0.012379
v 0.014330 -0.098000 0.010893
v 0.014330 -0.088268 0.010893
v 0.013719 -0.088119 0.011653
v 0.013068 -0.087918 0.012379
v 0.012379 -0.087666 0.013068
v 0.016336 -0.098000 0.007558
v 0.015903 -0.088400 0.008431
v 0.015423 -0.098000 0.009280
v 0.015423 -0.088409 0.009280
v 0.014898 -0.088365 0.010101
v 0.017058 -0.098000 0.005747
v 0.016722 -0.088224 0.006662
v 0.016336 -0.088338 0.007558
v 0.017579 -0.098000 0.003869
v 0.017344 -0.087840 0.004816
v 0.017058 -0.088058 0.005747
v 0.017894 -0.098000 0.001946
v 0.017763 -0.087251 0.002912
v 0.017579 -0.087570 0.003869
v 0.017894 -0.098000 -0.001946
v 0.018000 -0.086000 0.000000
v 0.018000 -0.098000 -0.000000
v 0.017974 -0.086464 0.000975
v 0.017894 -0.086882 0.001946
v 0.006662 -0.098000 0.016722
v 0.004816 -0.098000 0.017344
v 0.002912 -0.098000 0.017763
v 0.000975 -0.098000 0.017974
v -0.000975 -0.098000 0.017974
v -0.002912 -0.098000 0.017763
v -0.004816 -0.098000 0.017344
v -0.006662 -0.098000 0.016722
v 0.017974 -0.025536 0.000975
v 0.018000 -0.026000 0.000000
v 0.011653 -0.098000 -0.013719
v 0.013068 -0.098000 -0.012379
v 0.014330 -0.098000 -0.010893
v 0.015423 -0.098000 -0.009280
v 0.016336 -0.098000 -0.007558
v 0.017058 -0.098000 -0.005747
v 0.017579 -0.098000 -0.003869
v -0.011653 -0.098000 -0.013719
v -0.013068 -0.098000 -0.012379
v -0.014330 -0.098000 -0.010893
v -0.015423 -0.098000 -0.009280
v -0.016336 -0.098000 -0.007558
v -0.017058 -0.098000 -0.005747
v -0.017579 -0.098000 -0.003869
v -0.017894 -0.098000 -0.001946
v -0.017974 -0.086464 0.000975
v -0.018000 -0.086000 0.000000
v -0.007268 -0.086000 0.014588
v -0.016268 -0.086000 -0.001000
v -0.016268 -0.026000 -0.001000
v 0.009000 -0.026000 -0.013588
v -0.009000 -0.026000 -0.013588
v -0.009000 -0.086000 -0.013588
v 0.009000 -0.086000 -0.013588
v -0.000000 -0.007000 -0.015588
v 0.013500 -0.007000 0.007794
v -0.013500 -0.007000 0.007794
v 0.016268 -0.026000 -0.001000
v 0.007268 -0.026000 0.014588
v 0.016268 -0.086000 -0.001000
v 0.007268 -0.086000 0.014588
v -0.007268 -0.026000 0.014588
vn -0.8104 -0.5832 0.0566
vn -0.9782 -0.1544 -0.1386
vn -0.9814 -0.1301 -0.1411
vn -0.9831 -0.1125 -0.1442
vn -0.9464 -0.3060 -0.1038
vn -0.9437 -0.3147 -0.1020
vn -0.9585 -0.2603 -0.1165
vn -0.9546 -0.2756 -0.1132
vn -0.9663 -0.2252 -0.1251
vn -0.9584 -0.2588 -0.1204
vn -0.9739 -0.1852 -0.1314
vn -0.9659 -0.2253 -0.1278
vn -0.9737 -0.1847 -0.1337
vn -0.8872 -0.4597 -0.0403
vn -0.9041 -0.4239 -0.0533
vn -0.8760 -0.4818 -0.0236
vn -0.8979 -0.4373 -0.0496
vn -0.9053 -0.4210 -0.0566
vn -0.9254 -0.3707 -0.0795
vn -0.9186 -0.3881 -0.0745
vn -0.9319 -0.3521 -0.0870
vn -0.8526 -0.5224 0.0095
vn -0.8246 -0.5648 0.0318
vn -0.8413 -0.5403 0.0175
vn -0.8806 -0.4731 -0.0250
vn -0.8560 -0.5169 -0.0067
vn -0.8673 -0.4976 -0.0159
vn -0.7966 -0.6006 0.0691
vn -0.8231 -0.5661 0.0457
vn -0.7926 -0.6041 0.0829
vn -0.7801 -0.6181 0.0967
vn -0.7998 -0.5953 0.0770
vn -0.7667 -0.6315 0.1160
vn -0.7889 -0.6077 0.0917
vn -0.7611 -0.6367 0.1236
vn -0.7452 -0.6501 0.1485
vn -0.7481 -0.6475 0.1452
vn -0.7676 -0.6300 0.1182
vn -0.7806 -0.6167 0.1017
vn -0.6572 -0.7016 0.2755
vn -0.6726 -0.6944 0.2557
vn -0.6806 -0.6904 0.2453
vn -0.6968 -0.6823 0.2214
vn -0.6943 -0.6837 0.2247
vn -0.7158 -0.6715 0.1915
vn -0.7050 -0.6792 0.2042
vn -0.7223 -0.6669 0.1829
vn -0.5862 -0.7017 0.4049
vn -0.5995 -0.7039 0.3809
vn -0.6021 -0.7045 0.3758
vn -0.6787 -0.6901 0.2515
vn -0.6498 -0.7011 0.2938
vn -0.6389 -0.7023 0.3139
vn -0.6365 -0.7028 0.3178
vn -0.6207 -0.7053 0.3425
vn -0.6225 -0.7049 0.3400
vn -0.6114 -0.7046 0.3602
vn -0.6055 -0.7045 0.3702
vn -0.5810 -0.7014 0.4129
vn -0.5647 -0.6948 0.4454
vn -0.5663 -0.6957 0.4420
vn -0.5543 -0.6908 0.4642
vn -0.5475 -0.6867 0.4782
vn -0.5467 -0.6860 0.4801
vn -0.5325 -0.6788 0.5057
vn -0.5323 -0.6786 0.5061
vn -0.5186 -0.6654 0.5370
vn -0.5209 -0.6682 0.5313
vn -0.5065 -0.6551 0.5607
vn -0.5094 -0.6592 0.5531
vn -0.4893 -0.6320 0.6010
vn -0.4951 -0.6484 0.5783
vn -0.4680 -0.5981 0.6505
vn -0.4735 -0.6216 0.6240
vn -0.4654 -0.5999 0.6508
vn -0.4507 -0.5648 0.6912
vn -0.4539 -0.5771 0.6790
vn -0.4407 -0.5437 0.7143
vn -0.4396 -0.5406 0.7173
vn -0.4316 -0.5212 0.7363
vn -0.4244 -0.4949 0.7583
vn -0.4288 -0.5170 0.7408
vn -0.4167 -0.4682 0.7792
vn -0.4198 -0.4909 0.7634
vn -0.4138 -0.4617 0.7846
vn -0.4078 -0.4378 0.8012
vn -0.4081 -0.4397 0.8001
vn -0.3778 -0.2619 0.8881
vn -0.3850 -0.3156 0.8673
vn -0.3844 -0.3077 0.8704
vn -0.3898 -0.3517 0.8511
vn -0.3877 -0.3286 0.8612
vn -0.3919 -0.3663 0.8440
vn -0.3902 -0.3483 0.8523
vn -0.3984 -0.4002 0.8253
vn -0.3966 -0.3757 0.8376
vn -0.4011 -0.4076 0.8204
vn -0.3709 -0.1938 0.9082
vn -0.3761 -0.2376 0.8956
vn -0.3781 -0.2766 0.8834
vn -0.3688 0.1469 0.9178
vn -0.3685 0.1760 0.9128
vn -0.3683 0.1052 0.9237
vn -0.3670 0.1302 0.9211
vn -0.3656 0.0751 0.9277
vn -0.3654 0.0439 0.9298
vn -0.3643 0.0323 0.9307
vn -0.3643 -0.0370 0.9305
vn -0.3641 -0.0399 0.9305
vn -0.3660 -0.0871 0.9265
vn -0.3662 -0.1184 0.9230
vn -0.3674 -0.1290 0.9211
vn -0.3709 -0.1847 0.9101
vn -0.3831 0.3038 0.8723
vn -0.3833 0.3148 0.8683
vn -0.3800 0.2752 0.8831
vn -0.3747 0.2345 0.8970
vn -0.3748 0.2584 0.8904
vn -0.3732 0.1833 0.9095
vn -0.3721 0.2254 0.9004
vn -0.3713 0.1884 0.9092
vn -0.4067 0.4600 0.7893
vn -0.4047 0.4187 0.8130
vn -0.4176 0.4814 0.7706
vn -0.4048 0.4378 0.8027
vn -0.4028 0.4211 0.8127
vn -0.3933 0.3633 0.8446
vn -0.3945 0.3880 0.8330
vn -0.3905 0.3522 0.8505
vn -0.4399 0.5649 0.6982
vn -0.4358 0.5402 0.7199
vn -0.4188 0.4737 0.7747
vn -0.4224 0.5168 0.7447
vn -0.4201 0.4975 0.7590
vn -0.4680 0.5987 0.6500
vn -0.4842 0.6311 0.6060
vn -0.4346 0.5229 0.7332
vn -0.4468 0.5595 0.6980
vn -0.4573 0.5815 0.6728
vn -0.4572 0.5812 0.6732
vn -0.4652 0.5967 0.6538
vn -0.4736 0.6144 0.6311
vn -0.5198 0.6669 0.5338
vn -0.5197 0.6668 0.5341
vn -0.5027 0.6519 0.5678
vn -0.4994 0.6465 0.5767
vn -0.4866 0.6309 0.6043
vn -0.4772 0.6152 0.6275
vn -0.5684 0.7004 0.4316
vn -0.5605 0.6925 0.4542
vn -0.5894 0.7043 0.3957
vn -0.5585 0.6936 0.4550
vn -0.5530 0.6901 0.4668
vn -0.5359 0.6802 0.5001
vn -0.5400 0.6852 0.4888
vn -0.5316 0.6773 0.5086
vn -0.6433 0.7023 0.3049
vn -0.5844 0.7013 0.4082
vn -0.6011 0.7041 0.3780
vn -0.6109 0.7044 0.3615
vn -0.6101 0.7043 0.3629
vn -0.6232 0.7047 0.3391
vn -0.6225 0.7047 0.3405
vn -0.6298 0.7038 0.3288
vn -0.6333 0.7034 0.3226
vn -0.6466 0.7012 0.3005
vn -0.6612 0.6972 0.2769
vn -0.6757 0.6917 0.2548
vn -0.6648 0.6972 0.2682
vn -0.6892 0.6860 0.2334
vn -0.6891 0.6861 0.2334
vn -0.7052 0.6782 0.2067
vn -0.7043 0.6788 0.2079
vn -0.7207 0.6679 0.1857
vn -0.7327 0.6599 0.1665
vn -0.7337 0.6592 0.1650
vn -0.7483 0.6472 0.1459
vn -0.7502 0.6455 0.1434
vn -0.7653 0.6325 0.1199
vn -0.7839 0.6132 0.0974
vn -0.7791 0.6183 0.1031
vn -0.7997 0.5958 0.0737
vn -0.7962 0.6000 0.0776
vn -0.8246 0.5641 0.0442
vn -0.8150 0.5770 0.0536
vn -0.8394 0.5430 0.0238
vn -0.8410 0.5406 0.0220
vn -0.8540 0.5202 0.0050
vn -0.8694 0.4940 -0.0123
vn -0.8558 0.5173 0.0007
vn -0.8769 0.4801 -0.0214
vn -0.8714 0.4903 -0.0157
vn -0.8848 0.4649 -0.0321
vn -0.8863 0.4619 -0.0337
vn -0.8982 0.4370 -0.0480
vn -0.8970 0.4396 -0.0467
vn -0.9356 0.3412 -0.0909
vn -0.9139 0.4003 -0.0679
vn -0.9240 0.3747 -0.0758
vn -0.9114 0.4065 -0.0632
vn -0.9584 0.2603 -0.1172
vn -0.9436 0.3156 -0.1004
vn -0.9464 0.3063 -0.1027
vn -0.9320 0.3516 -0.0880
vn -0.9267 0.3664 -0.0834
vn -0.9720 0.1936 -0.1330
vn -0.9636 0.2379 -0.1221
vn -0.9541 0.2769 -0.1143
vn -0.9863 -0.0747 -0.1473
vn -0.9879 -0.0439 -0.1485
vn -0.9882 -0.0319 -0.1498
vn -0.9880 0.0370 -0.1498
vn -0.9879 0.0399 -0.1500
vn -0.9854 0.0870 -0.1463
vn -0.9824 0.1183 -0.1444
vn -0.9814 0.1290 -0.1423
vn -0.9736 0.1847 -0.1339
vn 0.5527 -0.6905 0.4667
vn 0.3691 -0.1544 0.9165
vn 0.3685 -0.1301 0.9205
vn 0.3667 -0.1125 0.9235
vn 0.3833 -0.3060 0.8714
vn 0.3835 -0.3147 0.8683
vn 0.3783 -0.2603 0.8883
vn 0.3793 -0.2756 0.8833
vn 0.3748 -0.2252 0.8993
vn 0.3750 -0.2587 0.8902
vn 0.3732 -0.1852 0.9091
vn 0.3723 -0.2254 0.9004
vn 0.3711 -0.1847 0.9100
vn 0.4087 -0.4597 0.7885
vn 0.4060 -0.4239 0.8096
vn 0.4175 -0.4818 0.7704
vn 0.4060 -0.4374 0.8024
vn 0.4036 -0.4210 0.8123
vn 0.3939 -0.3707 0.8411
vn 0.3947 -0.3882 0.8328
vn 0.3907 -0.3521 0.8505
vn 0.4345 -0.5224 0.7337
vn 0.4399 -0.5649 0.6982
vn 0.4358 -0.5403 0.7199
vn 0.4187 -0.4731 0.7752
vn 0.4223 -0.5170 0.7446
vn 0.4199 -0.4975 0.7591
vn 0.4511 -0.5661 0.6899
vn 0.4581 -0.6007 0.6553
vn 0.4542 -0.5832 0.6735
vn 0.4864 -0.6374 0.5976
vn 0.4838 -0.6314 0.6061
vn 0.4666 -0.5953 0.6542
vn 0.4739 -0.6180 0.6273
vn 0.4681 -0.6041 0.6449
vn 0.4768 -0.6141 0.6290
vn 0.4861 -0.6300 0.6056
vn 0.4998 -0.6475 0.5753
vn 0.5012 -0.6501 0.5711
vn 0.5138 -0.6616 0.5462
vn 0.5401 -0.6823 0.4927
vn 0.5418 -0.6837 0.4890
vn 0.5246 -0.6721 0.5226
vn 0.5297 -0.6789 0.5085
vn 0.5197 -0.6668 0.5341
vn 0.6437 -0.7017 0.3053
vn 0.6296 -0.7039 0.3287
vn 0.6265 -0.7045 0.3335
vn 0.6234 -0.7044 0.3393
vn 0.6176 -0.7046 0.3494
vn 0.6048 -0.7049 0.3705
vn 0.6068 -0.7055 0.3661
vn 0.5806 -0.6997 0.4163
vn 0.5885 -0.7053 0.3953
vn 0.5571 -0.6901 0.4620
vn 0.5672 -0.7016 0.4314
vn 0.5578 -0.6942 0.4548
vn 0.6481 -0.7014 0.2967
vn 0.6681 -0.6948 0.2664
vn 0.6659 -0.6957 0.2694
vn 0.6792 -0.6908 0.2480
vn 0.6879 -0.6867 0.2351
vn 0.6892 -0.6860 0.2334
vn 0.7042 -0.6788 0.2083
vn 0.7043 -0.6787 0.2080
vn 0.7207 -0.6679 0.1857
vn 0.7335 -0.6594 0.1649
vn 0.7336 -0.6593 0.1646
vn 0.7651 -0.6320 0.1232
vn 0.7484 -0.6484 0.1396
vn 0.7834 -0.6138 0.0981
vn 0.7791 -0.6184 0.1031
vn 0.7992 -0.5964 0.0745
vn 0.7961 -0.6001 0.0777
vn 0.8240 -0.5648 0.0447
vn 0.8149 -0.5771 0.0536
vn 0.8389 -0.5437 0.0245
vn 0.8410 -0.5405 0.0221
vn 0.8534 -0.5212 0.0057
vn 0.8688 -0.4949 -0.0116
vn 0.8559 -0.5171 0.0009
vn 0.8831 -0.4682 -0.0287
vn 0.8710 -0.4909 -0.0181
vn 0.8864 -0.4617 -0.0339
vn 0.8978 -0.4378 -0.0475
vn 0.8969 -0.4397 -0.0466
vn 0.9351 -0.3425 -0.0904
vn 0.9139 -0.4002 -0.0677
vn 0.9237 -0.3757 -0.0754
vn 0.9110 -0.4075 -0.0629
vn 0.9580 -0.2619 -0.1169
vn 0.9436 -0.3155 -0.1003
vn 0.9460 -0.3077 -0.1022
vn 0.9320 -0.3517 -0.0880
vn 0.9267 -0.3665 -0.0835
vn 0.9720 -0.1938 -0.1329
vn 0.9636 -0.2377 -0.1221
vn 0.9542 -0.2766 -0.1143
vn 0.9793 0.1469 -0.1395
vn 0.9747 0.1761 -0.1373
vn 0.9841 0.1052 -0.1429
vn 0.9812 0.1303 -0.1427
vn 0.9862 0.0751 -0.1472
vn 0.9879 0.0439 -0.1485
vn 0.9882 0.0323 -0.1498
vn 0.9880 -0.0370 -0.1498
vn 0.9879 -0.0399 -0.1500
vn 0.9854 -0.0871 -0.1463
vn 0.9824 -0.1184 -0.1444
vn 0.9814 -0.1290 -0.1423
vn 0.9736 -0.1847 -0.1339
vn 0.9470 0.3038 -0.1044
vn 0.9436 0.3148 -0.1022
vn 0.9548 0.2751 -0.1125
vn 0.9642 0.2345 -0.1240
vn 0.9584 0.2585 -0.1208
vn 0.9742 0.1833 -0.1315
vn 0.9658 0.2254 -0.1279
vn 0.9730 0.1884 -0.1331
vn 0.8869 0.4600 -0.0424
vn 0.9064 0.4187 -0.0560
vn 0.8762 0.4814 -0.0237
vn 0.8976 0.4379 -0.0509
vn 0.9053 0.4209 -0.0575
vn 0.9281 0.3633 -0.0816
vn 0.9186 0.3880 -0.0748
vn 0.9319 0.3522 -0.0870
vn 0.8246 0.5648 0.0319
vn 0.8413 0.5402 0.0175
vn 0.8803 0.4737 -0.0247
vn 0.8561 0.5168 -0.0065
vn 0.8673 0.4975 -0.0157
vn 0.7969 0.5987 0.0803
vn 0.7872 0.6097 0.0923
vn 0.7672 0.6307 0.1168
vn 0.8523 0.5229 0.0098
vn 0.8279 0.5595 0.0380
vn 0.8114 0.5815 0.0596
vn 0.8116 0.5812 0.0594
vn 0.7987 0.5969 0.0760
vn 0.7833 0.6144 0.0946
vn 0.7222 0.6669 0.1832
vn 0.7224 0.6668 0.1831
vn 0.7431 0.6518 0.1514
vn 0.7491 0.6465 0.1442
vn 0.7666 0.6310 0.1193
vn 0.7806 0.6168 0.1015
vn 0.6580 0.7004 0.2765
vn 0.6733 0.6936 0.2561
vn 0.6807 0.6902 0.2456
vn 0.7010 0.6802 0.2141
vn 0.6933 0.6852 0.2232
vn 0.7063 0.6773 0.2061
vn 0.6736 0.6925 0.2583
vn 0.6468 0.7016 0.2990
vn 0.6389 0.7024 0.3138
vn 0.6339 0.7033 0.3218
vn 0.6280 0.7041 0.3316
vn 0.6185 0.7044 0.3483
vn 0.6193 0.7043 0.3469
vn 0.6053 0.7047 0.3701
vn 0.6061 0.7047 0.3688
vn 0.5995 0.7039 0.3810
vn 0.5851 0.7020 0.4059
vn 0.5857 0.7023 0.4047
vn 0.5704 0.6972 0.4342
vn 0.5585 0.6917 0.4578
vn 0.5647 0.6972 0.4416
vn 0.5467 0.6861 0.4800
vn 0.5467 0.6860 0.4801
vn 0.5316 0.6782 0.5074
vn 0.5322 0.6788 0.5060
vn 0.5182 0.6649 0.5379
vn 0.5209 0.6682 0.5313
vn 0.5077 0.6562 0.5582
vn 0.5097 0.6589 0.5532
vn 0.5005 0.6472 0.5751
vn 0.4993 0.6455 0.5779
vn 0.4865 0.6325 0.6028
vn 0.4675 0.5967 0.6523
vn 0.4732 0.6218 0.6241
vn 0.4653 0.6000 0.6508
vn 0.4505 0.5641 0.6920
vn 0.4539 0.5771 0.6790
vn 0.4404 0.5430 0.7150
vn 0.4396 0.5405 0.7173
vn 0.4313 0.5203 0.7371
vn 0.4241 0.4940 0.7591
vn 0.4285 0.5172 0.7409
vn 0.4200 0.4803 0.7701
vn 0.4221 0.4903 0.7625
vn 0.4146 0.4649 0.7823
vn 0.4140 0.4619 0.7844
vn 0.4075 0.4370 0.8018
vn 0.4080 0.4398 0.8001
vn 0.3777 0.2603 0.8886
vn 0.3848 0.3155 0.8674
vn 0.3842 0.3063 0.8709
vn 0.3898 0.3516 0.8512
vn 0.3877 0.3285 0.8613
vn 0.3920 0.3662 0.8440
vn 0.3901 0.3470 0.8529
vn 0.3981 0.4003 0.8254
vn 0.3964 0.3747 0.8381
vn 0.4010 0.4066 0.8209
vn 0.3708 0.1936 0.9083
vn 0.3761 0.2379 0.8955
vn 0.3781 0.2769 0.8834
vn 0.3655 -0.0747 0.9278
vn 0.3654 -0.0439 0.9298
vn 0.3644 -0.0319 0.9307
vn 0.3643 0.0370 0.9305
vn 0.3641 0.0399 0.9305
vn 0.3661 0.0870 0.9265
vn 0.3661 0.1183 0.9230
vn 0.3675 0.1290 0.9210
vn 0.3708 0.1847 0.9102
vn 0.3311 0.5967 -0.7310
vn -0.0480 0.7043 -0.7083
vn -0.5025 0.4210 -0.7552
vn -0.3293 -0.5981 -0.7306
vn 0.6239 -0.0319 -0.7809
vn 0.6225 -0.0439 -0.7814
vn 0.6091 -0.1544 -0.7779
vn 0.6129 -0.1301 -0.7794
vn 0.6165 -0.1125 -0.7793
vn 0.6207 -0.0746 -0.7805
vn 0.5630 -0.3060 -0.7677
vn 0.5602 -0.3147 -0.7663
vn 0.5800 -0.2603 -0.7719
vn 0.5754 -0.2756 -0.7700
vn 0.5914 -0.2252 -0.7743
vn 0.5835 -0.2587 -0.7698
vn 0.6007 -0.1852 -0.7777
vn 0.5936 -0.2254 -0.7725
vn 0.6026 -0.1847 -0.7764
vn 0.4786 -0.4596 -0.7482
vn 0.4982 -0.4239 -0.7564
vn 0.4586 -0.4817 -0.7467
vn 0.4918 -0.4374 -0.7529
vn 0.5019 -0.4209 -0.7556
vn 0.5315 -0.3707 -0.7617
vn 0.5239 -0.3881 -0.7582
vn 0.5413 -0.3522 -0.7635
vn 0.4081 -0.5327 -0.7414
vn 0.3815 -0.5628 -0.7333
vn 0.4304 -0.5093 -0.7452
vn 0.4055 -0.5403 -0.7373
vn 0.4620 -0.4731 -0.7502
vn 0.4338 -0.5170 -0.7379
vn 0.4473 -0.4975 -0.7433
vn 0.2746 -0.6375 -0.7198
vn 0.2829 -0.6313 -0.7220
vn 0.3332 -0.5953 -0.7312
vn 0.3101 -0.6149 -0.7251
vn 0.3720 -0.5661 -0.7356
vn 0.3384 -0.6007 -0.7243
vn 0.3563 -0.5831 -0.7301
vn 0.2440 -0.6501 -0.7196
vn 0.2483 -0.6475 -0.7205
vn 0.2815 -0.6300 -0.7238
vn 0.3063 -0.6140 -0.7274
vn 0.1567 -0.6823 -0.7141
vn 0.1525 -0.6837 -0.7137
vn 0.1921 -0.6715 -0.7156
vn 0.1759 -0.6792 -0.7126
vn 0.2028 -0.6669 -0.7170
vn -0.0575 -0.7017 -0.7101
vn -0.0302 -0.7039 -0.7096
vn -0.0244 -0.7045 -0.7093
vn -0.0180 -0.7045 -0.7095
vn -0.0060 -0.7046 -0.7096
vn 0.0184 -0.7049 -0.7090
vn 0.0137 -0.7055 -0.7085
vn 0.0702 -0.6997 -0.7109
vn 0.0481 -0.7053 -0.7073
vn 0.1105 -0.6926 -0.7128
vn 0.0893 -0.6990 -0.7096
vn 0.1365 -0.6875 -0.7132
vn 0.1149 -0.6942 -0.7105
vn 0.1279 -0.6904 -0.7120
vn -0.1199 -0.6918 -0.7121
vn -0.0995 -0.6957 -0.7114
vn -0.1034 -0.6948 -0.7118
vn -0.0671 -0.7014 -0.7096
vn -0.1304 -0.6893 -0.7126
vn -0.1405 -0.6866 -0.7133
vn -0.1425 -0.6860 -0.7135
vn -0.1717 -0.6788 -0.7140
vn -0.1719 -0.6787 -0.7140
vn -0.2233 -0.6581 -0.7191
vn -0.2014 -0.6707 -0.7139
vn -0.2769 -0.6335 -0.7225
vn -0.2509 -0.6455 -0.7213
vn -0.2240 -0.6593 -0.7177
vn -0.4140 -0.5287 -0.7410
vn -0.4014 -0.5406 -0.7394
vn -0.3983 -0.5437 -0.7387
vn -0.3611 -0.5771 -0.7325
vn -0.3733 -0.5648 -0.7360
vn -0.3307 -0.6000 -0.7285
vn -0.3036 -0.6216 -0.7221
vn -0.4291 -0.5129 -0.7435
vn -0.4445 -0.4949 -0.7466
vn -0.4272 -0.5170 -0.7418
vn -0.4664 -0.4682 -0.7505
vn -0.4513 -0.4909 -0.7453
vn -0.4724 -0.4618 -0.7507
vn -0.4900 -0.4378 -0.7538
vn -0.4888 -0.4397 -0.7535
vn -0.5459 -0.3425 -0.7646
vn -0.5156 -0.4002 -0.7576
vn -0.5271 -0.3757 -0.7622
vn -0.5100 -0.4076 -0.7575
vn -0.5802 -0.2618 -0.7712
vn -0.5587 -0.3156 -0.7670
vn -0.5616 -0.3077 -0.7681
vn -0.5422 -0.3517 -0.7631
vn -0.5354 -0.3666 -0.7609
vn -0.6158 -0.1184 -0.7790
vn -0.6028 -0.1847 -0.7762
vn -0.6012 -0.1938 -0.7753
vn -0.5876 -0.2376 -0.7735
vn -0.5760 -0.2767 -0.7692
vn -0.6240 -0.0371 -0.7805
vn -0.6195 -0.0871 -0.7801
vn -0.6150 -0.1291 -0.7779
vn -0.6237 -0.0399 -0.7807
vn -0.6238 0.0323 -0.7809
vn -0.6226 0.0439 -0.7813
vn -0.6207 0.0751 -0.7804
vn -0.6142 0.1303 -0.7783
vn -0.6158 0.1052 -0.7808
vn -0.6047 0.1850 -0.7746
vn -0.6099 0.1468 -0.7787
vn -0.5936 0.2254 -0.7725
vn -0.6011 0.1834 -0.7779
vn -0.5838 0.2583 -0.7697
vn -0.5894 0.2345 -0.7730
vn -0.5348 0.3633 -0.7629
vn -0.5242 0.3880 -0.7581
vn -0.5413 0.3522 -0.7635
vn -0.5639 0.3038 -0.7679
vn -0.5603 0.3148 -0.7662
vn -0.5749 0.2752 -0.7706
vn -0.4473 0.4974 -0.7433
vn -0.4586 0.4815 -0.7469
vn -0.5017 0.4187 -0.7570
vn -0.4802 0.4600 -0.7469
vn -0.4928 0.4379 -0.7519
vn -0.4337 0.5168 -0.7381
vn -0.4615 0.4737 -0.7501
vn -0.4055 0.5402 -0.7374
vn -0.4302 0.5095 -0.7452
vn -0.3817 0.5627 -0.7333
vn -0.4079 0.5330 -0.7413
vn -0.3562 0.5831 -0.7302
vn -0.3801 0.5586 -0.7372
vn -0.3346 0.5978 -0.7285
vn -0.3541 0.5810 -0.7329
vn -0.3097 0.6144 -0.7256
vn -0.3289 0.5987 -0.7303
vn -0.2826 0.6311 -0.7224
vn -0.1651 0.6802 -0.7142
vn -0.3048 0.6152 -0.7270
vn -0.2800 0.6309 -0.7235
vn -0.2497 0.6465 -0.7209
vn -0.2405 0.6518 -0.7192
vn -0.2026 0.6668 -0.7171
vn -0.2023 0.6669 -0.7171
vn -0.1748 0.6773 -0.7147
vn -0.1533 0.6852 -0.7120
vn -0.1063 0.6939 -0.7122
vn -0.0892 0.6990 -0.7096
vn -0.1324 0.6886 -0.7130
vn -0.1145 0.6936 -0.7112
vn -0.1277 0.6901 -0.7123
vn -0.0614 0.7013 -0.7102
vn -0.0269 0.7041 -0.7096
vn -0.0076 0.7044 -0.7097
vn -0.0093 0.7043 -0.7098
vn 0.0178 0.7047 -0.7092
vn 0.0163 0.7047 -0.7093
vn 0.0304 0.7038 -0.7097
vn 0.0589 0.7020 -0.7097
vn 0.0576 0.7023 -0.7095
vn 0.0910 0.6972 -0.7111
vn 0.1112 0.6930 -0.7123
vn 0.0999 0.6963 -0.7108
vn 0.1315 0.6891 -0.7127
vn 0.1425 0.6860 -0.7135
vn 0.1424 0.6860 -0.7135
vn 0.1736 0.6782 -0.7141
vn 0.2788 0.6325 -0.7227
vn 0.2509 0.6455 -0.7213
vn 0.2475 0.6472 -0.7210
vn 0.2242 0.6589 -0.7180
vn 0.2221 0.6599 -0.7177
vn 0.1995 0.6679 -0.7170
vn 0.1722 0.6788 -0.7139
vn 0.4149 0.5278 -0.7411
vn 0.4014 0.5406 -0.7394
vn 0.3991 0.5430 -0.7389
vn 0.3610 0.5771 -0.7326
vn 0.3740 0.5640 -0.7362
vn 0.3311 0.6000 -0.7283
vn 0.3039 0.6218 -0.7218
vn 0.4291 0.5129 -0.7435
vn 0.4453 0.4940 -0.7468
vn 0.4272 0.5172 -0.7416
vn 0.4573 0.4803 -0.7485
vn 0.4494 0.4903 -0.7468
vn 0.4702 0.4649 -0.7502
vn 0.4722 0.4620 -0.7507
vn 0.4906 0.4370 -0.7539
vn 0.4888 0.4398 -0.7535
vn 0.5465 0.3412 -0.7648
vn 0.5157 0.4003 -0.7575
vn 0.5277 0.3747 -0.7623
vn 0.5105 0.4065 -0.7577
vn 0.5761 0.2770 -0.7691
vn 0.5807 0.2603 -0.7714
vn 0.5588 0.3155 -0.7670
vn 0.5622 0.3063 -0.7682
vn 0.5422 0.3516 -0.7631
vn 0.5356 0.3664 -0.7608
vn 0.5875 0.2379 -0.7735
vn 0.6011 0.1936 -0.7753
vn 0.6028 0.1847 -0.7762
vn 0.6158 0.1183 -0.7790
vn 0.6151 0.1291 -0.7778
vn 0.6237 0.0399 -0.7807
vn 0.6241 0.0370 -0.7805
vn 0.6194 0.0871 -0.7803
vn -0.4970 -0.0541 0.8661
vn -0.4761 -0.3048 0.8249
vn 0.4764 0.3043 -0.8249
vn -0.4911 0.2010 0.8476
vn -0.4885 0.1618 0.8574
vn -0.4803 0.2616 0.8372
vn -0.4779 0.2675 0.8367
vn -0.4761 0.3060 0.8244
vn -0.4678 0.3523 0.8106
vn -0.4602 0.3701 0.8070
vn -0.4584 0.3961 0.7956
vn -0.4388 0.4684 0.7669
vn -0.4445 0.4577 0.7700
vn -0.4549 0.4142 0.7883
vn -0.4097 0.5612 0.7192
vn -0.4195 0.5416 0.7285
vn -0.4304 0.5105 0.7444
vn -0.3775 0.6474 0.6621
vn -0.3918 0.6212 0.6787
vn -0.4068 0.5821 0.7040
vn -0.3019 0.7961 0.5245
vn -0.3254 0.7596 0.5631
vn -0.3423 0.7260 0.5965
vn -0.3482 0.7192 0.6013
vn -0.3753 0.6594 0.6514
vn -0.2565 0.8569 0.4472
vn -0.2616 0.8527 0.4522
vn -0.3017 0.7968 0.5236
vn -0.1079 0.9766 0.1859
vn -0.1578 0.9487 0.2741
vn -0.1586 0.9477 0.2771
vn -0.1879 0.9269 0.3248
vn -0.2080 0.9076 0.3647
vn -0.2146 0.9032 0.3718
vn -0.2373 0.8804 0.4105
vn -0.0517 0.9941 0.0950
vn -0.0672 0.9913 0.1133
vn -0.1106 0.9743 0.1960
vn 0.0550 0.9941 -0.0931
vn 0.0080 0.9998 -0.0156
vn 0.0021 1.0000 0.0012
vn -0.0205 0.9992 0.0356
vn -0.0345 0.9976 0.0599
vn 0.1094 0.9766 -0.1851
vn 0.1001 0.9795 -0.1748
vn 0.0554 0.9940 -0.0944
vn 0.1624 0.9476 -0.2750
vn 0.1426 0.9584 -0.2471
vn 0.1288 0.9663 -0.2230
vn 0.2589 0.8569 -0.4458
vn 0.2167 0.9003 -0.3774
vn 0.2121 0.9076 -0.3624
vn 0.1904 0.9247 -0.3298
vn 0.1684 0.9416 -0.2917
vn 0.3054 0.7961 -0.5225
vn 0.2869 0.8190 -0.4970
vn 0.2600 0.8542 -0.4503
vn 0.3418 0.7260 -0.5968
vn 0.3714 0.6946 -0.6161
vn 0.3449 0.7282 -0.5923
vn 0.3278 0.7551 -0.5678
vn 0.3087 0.7867 -0.5347
vn 0.4307 0.5373 -0.7252
vn 0.4138 0.5612 -0.7168
vn 0.4312 0.5068 -0.7464
vn 0.4139 0.5687 -0.7108
vn 0.4037 0.5906 -0.6987
vn 0.3801 0.6474 -0.6606
vn 0.4031 0.6191 -0.6740
vn 0.3783 0.6567 -0.6524
vn 0.4642 0.3701 -0.8047
vn 0.4748 0.3519 -0.8067
vn 0.4596 0.3971 -0.7944
vn 0.4398 0.4684 -0.7663
vn 0.4569 0.4428 -0.7714
vn 0.4387 0.4852 -0.7564
vn 0.5009 0.1413 -0.8539
vn 0.4905 0.1618 -0.8563
vn 0.5016 0.0541 -0.8634
vn 0.4916 0.1913 -0.8496
vn 0.4894 0.2053 -0.8476
vn 0.4817 0.2675 -0.8345
vn 0.4922 0.2473 -0.8346
vn 0.4812 0.2845 -0.8291
vn 0.5033 -0.0541 -0.8624
vn 0.4996 -0.0398 -0.8653
vn 0.4994 0.0473 -0.8651
vn 0.4983 -0.1618 -0.8518
vn 0.4951 -0.1396 -0.8575
vn 0.4978 -0.0939 -0.8622
vn 0.4856 -0.2675 -0.8322
vn 0.4848 -0.2612 -0.8347
vn 0.4885 -0.2010 -0.8491
vn 0.4550 -0.4143 -0.7883
vn 0.4598 -0.3962 -0.7948
vn 0.4688 -0.3701 -0.8020
vn 0.4681 -0.3523 -0.8104
vn 0.4760 -0.3057 -0.8246
vn 0.4445 -0.4577 -0.7700
vn 0.4447 -0.4684 -0.7634
vn 0.4295 -0.5104 -0.7449
vn 0.4212 -0.5413 -0.7277
vn 0.4180 -0.5612 -0.7144
vn 0.4064 -0.5818 -0.7045
vn 0.3920 -0.6212 -0.6786
vn 0.3847 -0.6474 -0.6580
vn 0.3764 -0.6594 -0.6507
vn 0.3467 -0.7192 -0.6022
vn 0.3454 -0.7260 -0.5947
vn 0.3251 -0.7596 -0.5633
vn 0.3032 -0.7961 -0.5237
vn 0.3025 -0.7968 -0.5230
vn 0.2609 -0.8527 -0.4527
vn 0.2591 -0.8568 -0.4457
vn 0.2370 -0.8805 -0.4105
vn 0.2146 -0.9032 -0.3717
vn 0.2119 -0.9076 -0.3625
vn 0.1873 -0.9269 -0.3251
vn 0.1606 -0.9477 -0.2759
vn 0.1585 -0.9487 -0.2737
vn 0.1071 -0.9766 -0.1864
vn 0.1144 -0.9744 -0.1937
vn 0.0645 -0.9913 -0.1148
vn 0.0564 -0.9941 -0.0923
vn 0.0346 -0.9976 -0.0599
vn -0.0531 -0.9941 0.0942
vn -0.0162 -0.9995 0.0269
vn 0.0029 -1.0000 0.0017
vn 0.0086 -0.9999 -0.0117
vn 0.0206 -0.9992 -0.0356
vn -0.1056 -0.9766 0.1872
vn -0.1014 -0.9795 0.1742
vn -0.0540 -0.9940 0.0951
vn -0.1569 -0.9477 0.2781
vn -0.1426 -0.9584 0.2471
vn -0.1287 -0.9663 0.2229
vn -0.2078 -0.9076 0.3648
vn -0.1904 -0.9247 0.3298
vn -0.1685 -0.9415 0.2917
vn -0.2868 -0.8190 0.4970
vn -0.2792 -0.8296 0.4835
vn -0.2570 -0.8569 0.4469
vn -0.2574 -0.8559 0.4485
vn -0.2186 -0.9003 0.3764
vn -0.3459 -0.7260 0.5943
vn -0.3478 -0.6945 0.6298
vn -0.3406 -0.7282 0.5948
vn -0.3279 -0.7551 0.5678
vn -0.3026 -0.7961 0.5241
vn -0.3082 -0.7691 0.5598
vn -0.3018 -0.7924 0.5302
vn -0.4127 -0.5376 0.7353
vn -0.4138 -0.5612 0.7168
vn -0.4312 -0.5068 0.7465
vn -0.4087 -0.5692 0.7134
vn -0.4032 -0.5905 0.6991
vn -0.3821 -0.6474 0.6595
vn -0.3822 -0.6192 0.6860
vn -0.3758 -0.6568 0.6537
vn -0.4647 -0.3701 0.8044
vn -0.4612 -0.3519 0.8145
vn -0.4581 -0.3971 0.7953
vn -0.4437 -0.4684 0.7640
vn -0.4396 -0.4430 0.7813
vn -0.4356 -0.4856 0.7579
vn -0.4963 -0.1618 0.8529
vn -0.4890 -0.1413 0.8607
vn -0.4898 -0.2011 0.8483
vn -0.4818 -0.2675 0.8345
vn -0.4767 -0.2474 0.8435
vn -0.4774 -0.2849 0.8313
vn -0.4951 0.1396 0.8575
vn -0.4978 0.0939 0.8622
vn -0.4953 0.0541 0.8670
vn -0.4996 0.0399 0.8653
vn -0.4994 -0.0473 0.8651
vn -0.5015 -0.0541 -0.8634
vn -0.4763 -0.3047 -0.8248
vn 0.4762 0.3043 0.8250
vn -0.4886 0.2010 -0.8491
vn -0.4983 0.1618 -0.8518
vn -0.4848 0.2616 -0.8346
vn -0.4856 0.2675 -0.8322
vn -0.4759 0.3060 -0.8245
vn -0.4681 0.3523 -0.8104
vn -0.4688 0.3701 -0.8020
vn -0.4601 0.3961 -0.7947
vn -0.4448 0.4684 -0.7634
vn -0.4446 0.4577 -0.7700
vn -0.4549 0.4142 -0.7883
vn -0.4179 0.5612 -0.7144
vn -0.4212 0.5416 -0.7275
vn -0.4294 0.5105 -0.7450
vn -0.3846 0.6474 -0.6580
vn -0.3921 0.6212 -0.6785
vn -0.4063 0.5821 -0.7043
vn -0.3033 0.7961 -0.5237
vn -0.3249 0.7597 -0.5633
vn -0.3454 0.7260 -0.5947
vn -0.3467 0.7192 -0.6022
vn -0.3765 0.6594 -0.6507
vn -0.2591 0.8568 -0.4457
vn -0.2608 0.8527 -0.4527
vn -0.3026 0.7968 -0.5231
vn -0.1070 0.9766 -0.1864
vn -0.1585 0.9487 -0.2737
vn -0.1607 0.9477 -0.2759
vn -0.1875 0.9269 -0.3251
vn -0.2118 0.9076 -0.3625
vn -0.2146 0.9032 -0.3718
vn -0.2371 0.8805 -0.4105
vn -0.0564 0.9941 -0.0923
vn -0.0645 0.9913 -0.1148
vn -0.1145 0.9743 -0.1938
vn 0.0531 0.9941 0.0942
vn 0.0095 0.9998 0.0148
vn -0.0021 1.0000 0.0012
vn -0.0205 0.9992 -0.0356
vn -0.0345 0.9976 -0.0599
vn 0.1056 0.9766 0.1872
vn 0.1013 0.9795 0.1742
vn 0.0541 0.9940 0.0951
vn 0.1569 0.9476 0.2781
vn 0.1427 0.9584 0.2471
vn 0.1288 0.9663 0.2230
vn 0.2566 0.8569 0.4471
vn 0.2186 0.9003 0.3763
vn 0.2079 0.9076 0.3648
vn 0.1902 0.9247 0.3298
vn 0.1685 0.9416 0.2917
vn 0.2999 0.7961 0.5257
vn 0.2868 0.8190 0.4970
vn 0.2600 0.8542 0.4503
vn 0.3459 0.7260 0.5943
vn 0.3477 0.6945 0.6299
vn 0.3405 0.7282 0.5948
vn 0.3278 0.7551 0.5678
vn 0.3087 0.7867 0.5347
vn 0.4126 0.5373 0.7356
vn 0.4138 0.5612 0.7168
vn 0.4311 0.5069 0.7465
vn 0.4087 0.5688 0.7138
vn 0.4032 0.5906 0.6990
vn 0.3821 0.6474 0.6595
vn 0.3821 0.6191 0.6861
vn 0.3759 0.6567 0.6538
vn 0.4648 0.3701 0.8044
vn 0.4612 0.3519 0.8145
vn 0.4582 0.3971 0.7952
vn 0.4437 0.4684 0.7640
vn 0.4396 0.4428 0.7815
vn 0.4358 0.4853 0.7580
vn 0.4890 0.1413 0.8607
vn 0.4963 0.1618 0.8529
vn 0.4970 0.0541 0.8661
vn 0.4895 0.1914 0.8507
vn 0.4894 0.2052 0.8476
vn 0.4818 0.2675 0.8345
vn 0.4768 0.2473 0.8435
vn 0.4771 0.2845 0.8315
vn 0.4952 -0.0541 0.8671
vn 0.4996 -0.0399 0.8653
vn 0.4995 0.0473 0.8650
vn 0.4885 -0.1618 0.8575
vn 0.4951 -0.1396 0.8575
vn 0.4978 -0.0939 0.8622
vn 0.4779 -0.2675 0.8367
vn 0.4805 -0.2612 0.8372
vn 0.4911 -0.2010 0.8476
vn 0.4552 -0.4142 0.7882
vn 0.4584 -0.3962 0.7956
vn 0.4601 -0.3701 0.8070
vn 0.4678 -0.3523 0.8106
vn 0.4761 -0.3057 0.8246
vn 0.4445 -0.4577 0.7700
vn 0.4388 -0.4684 0.7669
vn 0.4304 -0.5105 0.7444
vn 0.4195 -0.5413 0.7287
vn 0.4098 -0.5612 0.7191
vn 0.4069 -0.5818 0.7042
vn 0.3917 -0.6212 0.6788
vn 0.3775 -0.6474 0.6621
vn 0.3753 -0.6595 0.6514
vn 0.3481 -0.7192 0.6013
vn 0.3424 -0.7260 0.5964
vn 0.3251 -0.7597 0.5632
vn 0.3019 -0.7961 0.5245
vn 0.3017 -0.7968 0.5235
vn 0.2616 -0.8527 0.4523
vn 0.2565 -0.8569 0.4472
vn 0.2370 -0.8805 0.4105
vn 0.2146 -0.9032 0.3717
vn 0.2080 -0.9076 0.3647
vn 0.1878 -0.9269 0.3248
vn 0.1586 -0.9477 0.2771
vn 0.1578 -0.9487 0.2741
vn 0.1079 -0.9766 0.1859
vn 0.1106 -0.9743 0.1960
vn 0.0671 -0.9913 0.1133
vn 0.0518 -0.9941 0.0950
vn 0.0346 -0.9976 0.0599
vn -0.0550 -0.9941 -0.0931
vn -0.0152 -0.9995 -0.0275
vn -0.0029 -1.0000 0.0017
vn 0.0057 -0.9999 0.0133
vn 0.0205 -0.9992 0.0356
vn -0.1093 -0.9766 -0.1851
vn -0.1002 -0.9795 -0.1749
vn -0.0554 -0.9940 -0.0943
vn -0.1624 -0.9476 -0.2750
vn -0.1425 -0.9585 -0.2471
vn -0.1288 -0.9663 -0.2229
vn -0.2120 -0.9076 -0.3624
vn -0.1902 -0.9247 -0.3298
vn -0.1685 -0.9415 -0.2917
vn -0.2868 -0.8190 -0.4970
vn -0.2792 -0.8296 -0.4835
vn -0.2586 -0.8569 -0.4460
vn -0.2596 -0.8560 -0.4471
vn -0.2166 -0.9003 -0.3775
vn -0.3418 -0.7260 -0.5968
vn -0.3716 -0.6945 -0.6161
vn -0.3448 -0.7282 -0.5923
vn -0.3277 -0.7551 -0.5678
vn -0.3026 -0.7961 -0.5241
vn -0.3307 -0.7692 -0.5468
vn -0.3082 -0.7924 -0.5265
vn -0.4305 -0.5376 -0.7250
vn -0.4138 -0.5612 -0.7168
vn -0.4313 -0.5067 -0.7464
vn -0.4136 -0.5692 -0.7106
vn -0.4037 -0.5905 -0.6988
vn -0.3801 -0.6474 -0.6606
vn -0.4031 -0.6192 -0.6739
vn -0.3782 -0.6568 -0.6524
vn -0.4643 -0.3701 -0.8046
vn -0.4748 -0.3519 -0.8067
vn -0.4595 -0.3971 -0.7945
vn -0.4398 -0.4684 -0.7663
vn -0.4568 -0.4430 -0.7714
vn -0.4385 -0.4856 -0.7563
vn -0.4905 -0.1618 -0.8563
vn -0.5009 -0.1413 -0.8539
vn -0.4898 -0.2011 -0.8483
vn -0.4818 -0.2675 -0.8345
vn -0.4922 -0.2474 -0.8346
vn -0.4814 -0.2850 -0.8289
vn -0.4951 0.1396 -0.8575
vn -0.4977 0.0939 -0.8622
vn -0.5033 0.0541 -0.8624
vn -0.4996 0.0398 -0.8653
vn -0.4994 -0.0473 -0.8651
vn 0.9985 -0.0541 -0.0026
vn 0.9524 -0.3048 -0.0001
vn -0.9985 0.0541 -0.0026
vn -0.9526 0.3043 -0.0001
vn 0.9796 0.2009 0.0015
vn 0.9868 0.1618 -0.0057
vn 0.9652 0.2616 -0.0026
vn 0.9635 0.2675 -0.0044
vn 0.9521 0.3059 0.0001
vn 0.9359 0.3522 -0.0002
vn 0.9290 0.3702 -0.0050
vn 0.9182 0.3960 -0.0009
vn 0.8835 0.4684 -0.0035
vn 0.8891 0.4577 -0.0000
vn 0.9102 0.4142 -0.0000
vn 0.8276 0.5612 -0.0048
vn 0.8407 0.5415 -0.0010
vn 0.8599 0.5105 0.0005
vn 0.7622 0.6474 -0.0041
vn 0.7837 0.6211 -0.0002
vn 0.8131 0.5821 0.0003
vn 0.6051 0.7962 -0.0008
vn 0.6503 0.7597 0.0001
vn 0.6877 0.7260 -0.0018
vn 0.6948 0.7192 0.0009
vn 0.7518 0.6594 -0.0006
vn 0.5156 0.8568 -0.0015
vn 0.5224 0.8527 0.0004
vn 0.6044 0.7967 -0.0005
vn 0.2150 0.9766 0.0005
vn 0.3162 0.9487 -0.0004
vn 0.3193 0.9476 -0.0012
vn 0.3751 0.9270 0.0002
vn 0.4199 0.9076 -0.0022
vn 0.4293 0.9032 -0.0000
vn 0.4740 0.8805 -0.0000
vn 0.1081 0.9941 -0.0027
vn 0.1317 0.9913 0.0016
vn 0.2250 0.9743 -0.0022
vn -0.1081 0.9941 -0.0010
vn -0.0176 0.9998 0.0009
vn -0.0000 1.0000 -0.0024
vn 0.0411 0.9992 -0.0000
vn 0.0691 0.9976 -0.0000
vn -0.2149 0.9766 -0.0021
vn -0.2015 0.9795 0.0007
vn -0.1095 0.9940 -0.0008
vn -0.3193 0.9476 -0.0031
vn -0.2852 0.9585 -0.0000
vn -0.2580 0.9662 -0.0000
vn -0.5155 0.8569 -0.0013
vn -0.4353 0.9003 0.0011
vn -0.4198 0.9076 -0.0024
vn -0.3807 0.9247 -0.0000
vn -0.3368 0.9416 -0.0000
vn -0.6052 0.7961 -0.0032
vn -0.5736 0.8191 -0.0000
vn -0.5200 0.8541 -0.0000
vn -0.6877 0.7260 0.0024
vn -0.7193 0.6946 -0.0138
vn -0.6855 0.7281 -0.0025
vn -0.6556 0.7551 -0.0000
vn -0.6173 0.7867 -0.0000
vn -0.8433 0.5373 -0.0104
vn -0.8277 0.5612 -0.0000
vn -0.8620 0.5069 -0.0000
vn -0.8225 0.5687 -0.0029
vn -0.8070 0.5906 -0.0003
vn -0.7622 0.6474 0.0012
vn -0.7853 0.6190 -0.0121
vn -0.7542 0.6567 -0.0014
vn -0.9290 0.3701 0.0003
vn -0.9360 0.3519 -0.0078
vn -0.9178 0.3971 -0.0007
vn -0.8835 0.4684 0.0022
vn -0.8965 0.4428 -0.0100
vn -0.8744 0.4852 -0.0017
vn -0.9868 0.1618 0.0034
vn -0.9899 0.1413 -0.0069
vn -0.9796 0.2010 -0.0000
vn -0.9635 0.2675 -0.0000
vn -0.9689 0.2473 -0.0089
vn -0.9586 0.2846 -0.0025
vn -0.9985 -0.0541 -0.0046
vn -0.9992 -0.0399 -0.0000
vn -0.9989 0.0473 -0.0000
vn -0.9868 -0.1618 -0.0057
vn -0.9902 -0.1396 -0.0000
vn -0.9956 -0.0939 -0.0000
vn -0.9635 -0.2675 -0.0045
vn -0.9653 -0.2612 -0.0025
vn -0.9796 -0.2010 0.0015
vn -0.9102 -0.4141 -0.0000
vn -0.9182 -0.3961 -0.0009
vn -0.9290 -0.3702 -0.0050
vn -0.9359 -0.3523 -0.0002
vn -0.9521 -0.3057 0.0001
vn -0.8891 -0.4577 -0.0000
vn -0.8835 -0.4684 -0.0035
vn -0.8599 -0.5105 0.0005
vn -0.8408 -0.5413 -0.0010
vn -0.8277 -0.5612 -0.0047
vn -0.8133 -0.5818 0.0003
vn -0.7837 -0.6212 -0.0002
vn -0.7622 -0.6474 -0.0041
vn -0.7518 -0.6594 -0.0006
vn -0.6948 -0.7192 0.0009
vn -0.6877 -0.7260 -0.0018
vn -0.6500 -0.7599 0.0001
vn -0.6052 -0.7961 -0.0008
vn -0.6042 -0.7968 -0.0005
vn -0.5224 -0.8527 0.0004
vn -0.5156 -0.8568 -0.0015
vn -0.4740 -0.8805 -0.0000
vn -0.4293 -0.9032 -0.0000
vn -0.4198 -0.9076 -0.0022
vn -0.3750 -0.9270 0.0002
vn -0.3193 -0.9476 -0.0012
vn -0.3162 -0.9487 -0.0004
vn -0.2150 -0.9766 0.0005
vn -0.2250 -0.9744 -0.0022
vn -0.1317 -0.9913 0.0016
vn -0.1081 -0.9941 -0.0027
vn -0.0695 -0.9976 -0.0000
vn 0.1081 -0.9941 -0.0010
vn 0.0314 -0.9995 0.0006
vn -0.0000 -1.0000 -0.0033
vn -0.0144 -0.9999 -0.0016
vn -0.0410 -0.9992 -0.0000
vn 0.2149 -0.9766 -0.0021
vn 0.2017 -0.9795 0.0007
vn 0.1093 -0.9940 -0.0008
vn 0.3193 -0.9477 -0.0031
vn 0.2852 -0.9585 -0.0000
vn 0.2576 -0.9662 -0.0000
vn 0.4198 -0.9076 -0.0024
vn 0.3808 -0.9247 -0.0000
vn 0.3370 -0.9415 -0.0000
vn 0.5156 -0.8568 -0.0009
vn 0.5170 -0.8560 -0.0013
vn 0.4353 -0.9003 0.0011
vn 0.6052 -0.7961 -0.0032
vn 0.5739 -0.8189 -0.0000
vn 0.5580 -0.8298 -0.0000
vn 0.6877 -0.7260 0.0024
vn 0.7193 -0.6945 -0.0138
vn 0.6854 -0.7282 -0.0025
vn 0.6558 -0.7550 -0.0000
vn 0.6174 -0.7867 -0.0000
vn 0.8432 -0.5376 -0.0103
vn 0.8277 -0.5612 -0.0000
vn 0.8621 -0.5068 -0.0000
vn 0.8222 -0.5692 -0.0028
vn 0.8069 -0.5906 -0.0003
vn 0.7622 -0.6474 0.0012
vn 0.7852 -0.6191 -0.0121
vn 0.7541 -0.6568 -0.0014
vn 0.9290 -0.3702 0.0003
vn 0.9360 -0.3518 -0.0078
vn 0.9178 -0.3971 -0.0007
vn 0.8835 -0.4684 0.0022
vn 0.8965 -0.4430 -0.0099
vn 0.8742 -0.4856 -0.0017
vn 0.9868 -0.1618 0.0034
vn 0.9899 -0.1413 -0.0069
vn 0.9796 -0.2011 -0.0000
vn 0.9635 -0.2676 -0.0000
vn 0.9689 -0.2474 -0.0089
vn 0.9586 -0.2847 -0.0024
vn 0.9902 0.1396 -0.0000
vn 0.9956 0.0939 -0.0000
vn 0.9985 0.0541 -0.0046
vn 0.9992 0.0399 -0.0000
vn 0.9989 -0.0473 -0.0000
vn -0.9985 -0.0000 0.0541
vn -0.9868 -0.0000 0.1618
vn -0.9636 -0.0000 0.2675
vn -0.9635 -0.0000 0.2675
vn -0.9290 -0.0000 0.3701
vn -0.8835 -0.0000 0.4684
vn -0.8277 -0.0000 0.5612
vn -0.7622 -0.0000 0.6474
vn -0.6877 -0.0000 0.7260
vn -0.6052 -0.0000 0.7961
vn -0.5156 -0.0000 0.8569
vn -0.4199 -0.0000 0.9076
vn -0.3193 -0.0000 0.9477
vn -0.2150 -0.0000 0.9766
vn -0.1081 -0.0000 0.9941
vn -0.0000 -0.0000 1.0000
vn 0.1081 -0.0000 0.9941
vn 0.2150 -0.0000 0.9766
vn 0.3193 -0.0000 0.9477
vn 0.4199 -0.0000 0.9076
vn 0.5156 -0.0000 0.8569
vn 0.6052 -0.0000 0.7961
vn 0.6877 -0.0000 0.7260
vn 0.7622 -0.0000 0.6474
vn 0.8277 -0.0000 0.5612
vn 0.8835 -0.0000 0.4684
vn 0.9290 -0.0000 0.3701
vn 0.9635 -0.0000 0.2675
vn 0.9636 -0.0000 0.2675
vn 0.9868 -0.0000 0.1618
vn 0.9985 -0.0000 0.0541
vn 0.9985 -0.0000 -0.0541
vn 0.9868 -0.0000 -0.1618
vn 0.9636 -0.0000 -0.2675
vn 0.9635 -0.0000 -0.2675
vn 0.9290 -0.0000 -0.3701
vn 0.8835 -0.0000 -0.4684
vn 0.8277 -0.0000 -0.5612
vn 0.7622 -0.0000 -0.6474
vn 0.6877 -0.0000 -0.7260
vn 0.6052 -0.0000 -0.7961
vn 0.5156 -0.0000 -0.8569
vn 0.4199 -0.0000 -0.9076
vn 0.3193 -0.0000 -0.9477
vn 0.2150 -0.0000 -0.9766
vn 0.1081 -0.0000 -0.9941
vn -0.0000 -0.0000 -1.0000
vn -0.1081 -0.0000 -0.9941
vn -0.2150 -0.0000 -0.9766
vn -0.3193 -0.0000 -0.9477
vn -0.4199 -0.0000 -0.9076
vn -0.5156 -0.0000 -0.8569
vn -0.6052 -0.0000 -0.7961
vn -0.6877 -0.0000 -0.7260
vn -0.7622 -0.0000 -0.6474
vn -0.8277 -0.0000 -0.5612
vn -0.8835 -0.0000 -0.4684
vn -0.9290 -0.0000 -0.3701
vn -0.9635 -0.0000 -0.2675
vn -0.9636 -0.0000 -0.2675
vn -0.9868 -0.0000 -0.1618
vn -0.9985 -0.0000 -0.0541
vn -0.7066 0.7066 -0.0383
vn -0.6983 0.7066 -0.1145
vn -0.6818 0.7066 -0.1893
vn -0.6574 0.7066 -0.2619
vn -0.6252 0.7066 -0.3315
vn -0.5857 0.7066 -0.3971
vn -0.5393 0.7066 -0.4581
vn -0.4866 0.7066 -0.5137
vn -0.4282 0.7066 -0.5633
vn -0.3648 0.7066 -0.6063
vn -0.2971 0.7066 -0.6422
vn -0.2260 0.7066 -0.6706
vn -0.2259 0.7066 -0.6706
vn -0.1521 0.7066 -0.6911
vn -0.0765 0.7066 -0.7035
vn -0.0000 0.7066 -0.7076
vn 0.0765 0.7066 -0.7035
vn 0.1521 0.7066 -0.6911
vn 0.2259 0.7066 -0.6706
vn 0.2971 0.7066 -0.6422
vn 0.3648 0.7066 -0.6063
vn 0.4282 0.7066 -0.5633
vn 0.4866 0.7066 -0.5137
vn 0.5393 0.7066 -0.4581
vn 0.5857 0.7066 -0.3971
vn 0.6252 0.7066 -0.3315
vn 0.6574 0.7066 -0.2619
vn 0.6818 0.7066 -0.1893
vn 0.6983 0.7066 -0.1145
vn 0.7066 0.7066 -0.0383
vn 0.7066 0.7066 0.0383
vn 0.6983 0.7066 0.1145
vn 0.6818 0.7066 0.1893
vn 0.6574 0.7066 0.2619
vn 0.6252 0.7066 0.3315
vn 0.5857 0.7066 0.3971
vn 0.5393 0.7066 0.4581
vn 0.4866 0.7066 0.5137
vn 0.4282 0.7066 0.5633
vn 0.3648 0.7066 0.6063
vn 0.2971 0.7066 0.6422
vn 0.2260 0.7066 0.6706
vn 0.2259 0.7066 0.6706
vn 0.1521 0.7066 0.6911
vn 0.0765 0.7066 0.7035
vn -0.0000 0.7066 0.7076
vn -0.0765 0.7066 0.7035
vn -0.1521 0.7066 0.6911
vn -0.2259 0.7066 0.6706
vn -0.2971 0.7066 0.6422
vn -0.3648 0.7066 0.6063
vn -0.4282 0.7066 0.5633
vn -0.4866 0.7066 0.5137
vn -0.5393 0.7066 0.4581
vn -0.5857 0.7066 0.3971
vn -0.6252 0.7066 0.3315
vn -0.6574 0.7066 0.2619
vn -0.6818 0.7066 0.1893
vn -0.6983 0.7066 0.1145
vn -0.7066 0.7066 0.0383
vn 0.8959 0.0011 0.4442
vn -0.8623 -0.0000 0.5064
vn -0.7911 -0.0000 0.6117
vn -0.9677 -0.0022 0.2521
vn -0.9710 -0.0064 0.2388
vn -0.9571 -0.0031 0.2898
vn -0.9644 0.0020 0.2646
vn -0.9620 0.0050 0.2729
vn -0.9602 0.0076 0.2793
vn -0.9399 -0.0003 0.3415
vn -0.9355 -0.0008 0.3534
vn -0.9252 -0.0026 0.3794
vn -0.9283 -0.0020 0.3718
vn -0.9314 -0.0014 0.3641
vn -0.9436 -0.0001 0.3311
vn -0.9465 -0.0000 0.3228
vn -0.9560 -0.0000 0.2935
vn -0.9497 -0.0013 0.3131
vn -0.9706 0.0027 0.2406
vn -0.9545 -0.0040 0.2981
vn -0.9560 -0.0034 0.2932
vn -0.8624 -0.0000 0.5062
vn -0.8705 -0.0005 0.4922
vn -0.8680 -0.0007 0.4965
vn -0.8718 -0.0004 0.4898
vn -0.8959 0.0011 0.4442
vn -0.8792 -0.0026 0.4764
vn -0.8896 -0.0011 0.4568
vn -0.8991 -0.0002 0.4377
vn -0.9056 -0.0000 0.4241
vn -0.9186 -0.0000 0.3952
vn -0.9119 -0.0012 0.4105
vn -0.9388 0.0020 0.3445
vn -0.9186 -0.0042 0.3951
vn -0.9221 -0.0033 0.3870
vn -0.7968 -0.0000 0.6043
vn -0.8034 -0.0000 0.5955
vn -0.8098 -0.0003 0.5867
vn -0.8156 -0.0007 0.5786
vn -0.8265 -0.0017 0.5630
vn -0.8122 0.0004 0.5834
vn -0.8338 -0.0001 0.5521
vn -0.8395 -0.0003 0.5433
vn -0.8455 -0.0007 0.5339
vn -0.8426 -0.0005 0.5386
vn -0.8520 -0.0000 0.5236
vn -0.8578 -0.0000 0.5140
vn -0.7737 0.0184 0.6333
vn -0.7664 0.0119 0.6422
vn -0.7598 0.0075 0.6501
vn -0.7545 0.0049 0.6563
vn -0.7498 0.0031 0.6617
vn -0.7453 0.0019 0.6668
vn -0.7426 0.0013 0.6697
vn -0.7410 0.0010 0.6715
vn -0.7394 0.0008 0.6733
vn -0.7383 0.0006 0.6745
vn -0.7371 0.0005 0.6758
vn -0.7359 0.0004 0.6771
vn -0.7250 -0.0064 0.6888
vn -0.7793 0.0016 0.6267
vn -0.7358 -0.0008 0.6772
vn -0.7444 -0.0004 0.6677
vn -0.7367 -0.0001 0.6762
vn -0.7359 -0.0049 0.6770
vn -0.7417 -0.0042 0.6708
vn -0.7460 -0.0036 0.6660
vn -0.7503 -0.0031 0.6611
vn -0.7544 -0.0026 0.6564
vn -0.7587 -0.0021 0.6514
vn -0.7630 -0.0017 0.6463
vn -0.7656 -0.0015 0.6433
vn -0.7681 -0.0012 0.6404
vn -0.7730 -0.0009 0.6344
vn -0.7777 -0.0006 0.6286
vn -0.7828 -0.0003 0.6222
vn -0.8565 -0.0000 0.5161
vn -0.8503 0.0002 0.5263
vn -0.8276 0.0119 0.5612
vn -0.8350 0.0256 0.5496
vn -0.8277 0.0161 0.5609
vn -0.8207 0.0086 0.5713
vn -0.8103 0.0023 0.5860
vn -0.8024 0.0004 0.5967
vn -0.7980 -0.0000 0.6026
vn -0.7825 0.0299 0.6219
vn -0.7796 0.0257 0.6257
vn -0.9003 0.0009 0.4352
vn -0.8952 0.0046 0.4456
vn -0.8924 0.0068 0.4512
vn -0.8885 0.0109 0.4587
vn -0.8834 0.0173 0.4683
vn -0.8810 0.0137 0.4730
vn -0.8714 0.0048 0.4905
vn -0.9444 0.0003 0.3288
vn -0.9459 0.0001 0.3244
vn -0.9585 0.0102 0.2851
vn -0.9572 0.0124 0.2892
vn -0.9635 0.0004 0.2675
vn -0.9480 -0.0000 0.3183
vn -0.9471 -0.0000 0.3208
vn -0.9427 0.0006 0.3335
vn -0.9408 0.0013 0.3390
vn -0.9389 0.0022 0.3442
vn -0.9368 0.0035 0.3500
vn -0.9347 0.0051 0.3555
vn -0.9323 0.0073 0.3616
vn -0.9278 0.0126 0.3728
vn -0.9219 0.0225 0.3869
vn -0.9290 0.0061 0.3701
vn -0.9104 -0.0000 0.4137
vn -0.9062 -0.0000 0.4229
vn 0.7795 -0.0041 0.6264
vn 0.7441 0.0020 0.6681
vn 0.7867 -0.0009 0.6174
vn 0.7724 -0.0030 0.6351
vn 0.7644 -0.0020 0.6448
vn 0.7574 -0.0013 0.6530
vn 0.7518 -0.0008 0.6594
vn 0.7472 -0.0005 0.6646
vn 0.7431 -0.0003 0.6692
vn 0.7375 -0.0002 0.6753
vn 0.7407 -0.0003 0.6718
vn 0.7395 -0.0002 0.6732
vn 0.7383 -0.0002 0.6745
vn 0.7349 0.0003 0.6782
vn 0.7373 0.0005 0.6756
vn 0.7398 0.0008 0.6729
vn 0.7428 0.0014 0.6695
vn 0.7453 0.0019 0.6668
vn 0.7476 0.0025 0.6641
vn 0.7501 0.0033 0.6613
vn 0.7528 0.0043 0.6582
vn 0.7557 0.0055 0.6549
vn 0.7591 0.0072 0.6509
vn 0.7624 0.0092 0.6471
vn 0.7660 0.0117 0.6428
vn 0.8116 -0.0004 0.5841
vn 0.8199 -0.0011 0.5725
vn 0.8029 -0.0001 0.5961
vn 0.7980 -0.0000 0.6027
vn 0.7794 -0.0000 0.6265
vn 0.7949 -0.0017 0.6067
vn 0.7917 -0.0014 0.6109
vn 0.8787 -0.0027 0.4773
vn 0.9064 -0.0000 0.4225
vn 0.9006 -0.0001 0.4347
vn 0.8951 -0.0006 0.4459
vn 0.8904 -0.0010 0.4553
vn 0.8852 -0.0017 0.4652
vn 0.8705 -0.0005 0.4922
vn 0.8696 -0.0004 0.4938
vn 0.8640 -0.0001 0.5035
vn 0.8601 -0.0000 0.5101
vn 0.8575 -0.0000 0.5144
vn 0.8426 -0.0000 0.5386
vn 0.8516 -0.0013 0.5242
vn 0.8121 0.0021 0.5836
vn 0.8401 -0.0039 0.5425
vn 0.8283 -0.0020 0.5602
vn 0.9460 -0.0000 0.3243
vn 0.9444 -0.0001 0.3289
vn 0.9426 -0.0001 0.3341
vn 0.9407 -0.0003 0.3394
vn 0.9395 -0.0004 0.3427
vn 0.9383 -0.0005 0.3458
vn 0.9359 -0.0007 0.3523
vn 0.9334 -0.0011 0.3587
vn 0.9307 -0.0015 0.3659
vn 0.9255 -0.0025 0.3788
vn 0.9183 -0.0043 0.3958
vn 0.9388 0.0025 0.3444
vn 0.9186 -0.0004 0.3952
vn 0.9130 -0.0001 0.4081
vn 0.9100 -0.0000 0.4146
vn 0.9636 -0.0001 0.2675
vn 0.9572 0.0123 0.2892
vn 0.9585 0.0101 0.2848
vn 0.9594 0.0087 0.2819
vn 0.9604 0.0073 0.2784
vn 0.9612 0.0062 0.2759
vn 0.9622 0.0048 0.2723
vn 0.9632 0.0034 0.2686
vn 0.9647 0.0017 0.2635
vn 0.9706 0.0018 0.2409
vn 0.9539 -0.0006 0.3002
vn 0.9559 -0.0003 0.2936
vn 0.9517 -0.0001 0.3070
vn 0.9501 -0.0000 0.3119
vn 0.9487 -0.0000 0.3161
vn 0.9480 -0.0000 0.3184
vn 0.9472 -0.0000 0.3207
vn 0.9365 0.0035 0.3506
vn 0.9321 0.0074 0.3621
vn 0.9225 0.0216 0.3853
vn 0.9254 0.0165 0.3785
vn 0.9283 0.0121 0.3715
vn 0.9404 0.0014 0.3402
vn 0.9435 0.0004 0.3315
vn 0.9461 -0.0000 0.3238
vn 0.8606 -0.0000 0.5092
vn 0.8701 0.0034 0.4929
vn 0.8834 0.0163 0.4684
vn 0.8819 0.0189 0.4710
vn 0.8918 0.0068 0.4524
vn 0.8980 0.0027 0.4400
vn 0.9035 -0.0000 0.4287
vn 0.9141 0.0399 0.4036
vn 0.9178 0.0309 0.3958
vn 0.7695 0.0146 0.6385
vn 0.7733 0.0183 0.6337
vn 0.7622 0.0056 0.6474
vn 0.7913 -0.0000 0.6114
vn 0.7970 -0.0000 0.6040
vn 0.8037 0.0003 0.5951
vn 0.8144 0.0042 0.5803
vn 0.8249 0.0124 0.5652
vn 0.8310 0.0204 0.5559
vn 0.8343 0.0251 0.5507
vn 0.8276 0.0140 0.5611
vn 0.8423 0.0044 0.5391
vn 0.8511 -0.0000 0.5250
vn -0.5309 -0.0000 -0.8474
vn -0.4856 0.0028 -0.8742
vn -0.5156 -0.0020 -0.8569
vn -0.2942 0.0023 -0.9558
vn -0.3448 -0.0000 -0.9387
vn -0.3960 0.0022 -0.9183
vn -0.4445 -0.0000 -0.8958
vn -0.2085 0.0090 -0.9780
vn -0.2017 0.0121 -0.9794
vn -0.2151 0.0065 -0.9766
vn -0.2193 0.0052 -0.9757
vn -0.2219 0.0044 -0.9751
vn -0.2248 0.0037 -0.9744
vn -0.2269 0.0031 -0.9739
vn -0.2298 0.0025 -0.9732
vn -0.2328 0.0018 -0.9725
vn -0.2369 0.0009 -0.9715
vn -0.2511 -0.0019 -0.9680
vn -0.2411 -0.0000 -0.9705
vn -0.2413 -0.0000 -0.9704
vn -0.2131 -0.0000 -0.9770
vn -0.1884 -0.0001 -0.9821
vn -0.2160 -0.0017 -0.9764
vn -0.2084 -0.0013 -0.9780
vn -0.2029 -0.0010 -0.9792
vn -0.1982 -0.0008 -0.9802
vn -0.1931 -0.0006 -0.9812
vn -0.1878 -0.0004 -0.9822
vn -0.1822 -0.0003 -0.9833
vn -0.1762 -0.0001 -0.9843
vn -0.1727 -0.0001 -0.9850
vn -0.1692 -0.0000 -0.9856
vn -0.1642 -0.0000 -0.9864
vn -0.1598 -0.0000 -0.9871
vn -0.1550 -0.0000 -0.9879
vn -0.1473 -0.0001 -0.9891
vn -0.1333 -0.0005 -0.9911
vn -0.1148 -0.0014 -0.9934
vn -0.1041 -0.0022 -0.9946
vn -0.0943 -0.0030 -0.9955
vn -0.0754 -0.0050 -0.9971
vn -0.1354 0.0030 -0.9908
vn -0.0616 -0.0015 -0.9981
vn -0.0811 -0.0002 -0.9967
vn -0.0567 -0.0000 -0.9984
vn -0.0482 -0.0000 -0.9988
vn -0.0395 -0.0001 -0.9992
vn -0.0257 -0.0005 -0.9997
vn -0.0271 -0.0004 -0.9996
vn -0.0072 -0.0000 -1.0000
vn 0.0271 -0.0000 -0.9996
vn 0.0041 -0.0017 -1.0000
vn 0.0118 -0.0012 -0.9999
vn 0.0268 -0.0004 -0.9996
vn 0.0461 -0.0000 -0.9989
vn 0.0812 -0.0000 -0.9967
vn 0.0574 -0.0017 -0.9983
vn 0.1355 0.0034 -0.9908
vn 0.0721 -0.0054 -0.9974
vn 0.0870 -0.0038 -0.9962
vn 0.1010 -0.0024 -0.9949
vn 0.1155 -0.0014 -0.9933
vn 0.1244 -0.0009 -0.9922
vn 0.1326 -0.0005 -0.9912
vn 0.1408 -0.0003 -0.9900
vn 0.1493 -0.0001 -0.9888
vn 0.1580 -0.0000 -0.9874
vn 0.1884 -0.0000 -0.9821
vn 0.1664 -0.0015 -0.9861
vn 0.2420 0.0030 -0.9703
vn 0.1796 -0.0048 -0.9837
vn 0.1903 -0.0036 -0.9817
vn 0.2487 -0.0014 -0.9686
vn 0.1988 -0.0028 -0.9800
vn 0.2059 -0.0022 -0.9786
vn 0.2123 -0.0018 -0.9772
vn 0.2164 -0.0015 -0.9763
vn 0.2189 -0.0013 -0.9757
vn 0.2219 -0.0011 -0.9751
vn 0.2360 0.0011 -0.9718
vn 0.2293 0.0025 -0.9734
vn 0.2241 0.0038 -0.9746
vn 0.2190 0.0052 -0.9757
vn 0.2151 0.0065 -0.9766
vn 0.2117 0.0078 -0.9773
vn 0.2079 0.0093 -0.9781
vn 0.2040 0.0110 -0.9789
vn 0.1998 0.0131 -0.9798
vn 0.2246 -0.0010 -0.9745
vn 0.2412 -0.0000 -0.9705
vn 0.2935 -0.0000 -0.9560
vn 0.3193 0.0012 -0.9477
vn 0.3448 -0.0000 -0.9387
vn 0.3952 -0.0000 -0.9186
vn 0.4199 0.0011 -0.9076
vn 0.4443 -0.0000 -0.8959
vn 0.3968 -0.0045 -0.9179
vn 0.4445 -0.0000 -0.8958
vn 0.4868 -0.0056 -0.8735
vn 0.5309 -0.0000 -0.8474
vn 0.1894 -0.0052 -0.9819
vn 0.2413 -0.0000 -0.9704
vn 0.2949 -0.0049 -0.9555
vn -0.0000 -0.0028 -1.0000
vn 0.0816 -0.0054 -0.9967
vn 0.1350 -0.0000 -0.9908
vn -0.1081 -0.0027 -0.9941
vn -0.0812 -0.0000 -0.9967
vn -0.0271 -0.0000 -0.9996
vn -0.2150 -0.0026 -0.9766
vn -0.1884 -0.0000 -0.9821
vn -0.1350 -0.0000 -0.9908
vn -0.3193 -0.0025 -0.9477
vn -0.2935 -0.0000 -0.9560
vn -0.4843 -0.0000 -0.8749
vn -0.4443 -0.0000 -0.8959
vn -0.4199 -0.0023 -0.9076
vn -0.3952 -0.0000 -0.9186
vn -0.0480 -0.0000 -0.9988
vn -0.0588 -0.0000 -0.9983
vn -0.1081 0.0051 -0.9941
vn -0.0784 0.0380 -0.9962
vn -0.0907 0.0258 -0.9955
vn -0.1078 0.0136 -0.9941
vn -0.1198 0.0079 -0.9928
vn -0.1275 0.0050 -0.9918
vn -0.1357 0.0027 -0.9907
vn -0.1469 0.0006 -0.9892
vn -0.1580 -0.0000 -0.9874
vn -0.2150 0.0001 -0.9766
vn -0.1870 0.0209 -0.9821
vn -0.1938 0.0163 -0.9809
vn 0.0563 -0.0000 -0.9984
vn 0.0518 -0.0000 -0.9987
vn 0.0449 0.0004 -0.9990
vn 0.0295 0.0029 -0.9996
vn 0.0112 0.0111 -0.9999
vn -0.0000 0.0181 -0.9998
vn -0.0085 0.0121 -0.9999
vn -0.0309 0.0025 -0.9995
vn 0.1549 0.0002 -0.9879
vn 0.1475 0.0007 -0.9891
vn 0.1342 0.0028 -0.9909
vn 0.1948 0.0158 -0.9807
vn 0.1900 0.0189 -0.9816
vn 0.2150 0.0016 -0.9766
vn 0.1642 -0.0000 -0.9864
vn 0.1596 -0.0000 -0.9872
vn 0.1180 0.0083 -0.9930
vn 0.1013 0.0177 -0.9947
vn 0.1081 0.0121 -0.9941
vn 0.0734 0.0014 -0.9973
vn 0.0605 0.0002 -0.9982
vn -0.9824 -0.0048 0.1869
vn -0.9908 -0.0000 0.1350
vn -0.9188 -0.0053 0.3946
vn -0.9387 -0.0000 0.3448
vn -0.9563 -0.0051 0.2924
vn -0.9704 -0.0000 0.2413
vn -0.8277 -0.0027 0.5612
vn -0.8426 -0.0000 0.5386
vn -0.8705 -0.0055 0.4921
vn -0.8959 -0.0000 0.4443
vn -0.7622 -0.0027 0.6474
vn -0.7794 -0.0000 0.6265
vn -0.8122 -0.0000 0.5834
vn -0.6877 -0.0026 0.7260
vn -0.7071 -0.0000 0.7071
vn -0.7444 -0.0000 0.6678
vn -0.6052 -0.0024 0.7961
vn -0.6265 -0.0000 0.7794
vn -0.6678 -0.0000 0.7444
vn -0.5156 -0.0020 0.8569
vn -0.5309 -0.0000 0.8474
vn -0.5834 -0.0000 0.8122
vn -0.5304 0.0014 0.8478
vn -0.6259 0.0023 0.7799
vn -0.7345 0.0002 0.6786
vn -0.7320 -0.0000 0.6813
vn -0.7067 0.0023 0.7075
vn -0.9585 -0.0026 0.2852
vn -0.9658 -0.0000 0.2591
vn -0.9821 -0.0000 0.1884
vn -0.9868 0.0012 0.1618
vn -0.9967 -0.0000 0.0812
vn -0.9985 0.0011 0.0541
vn -0.9996 -0.0000 0.0271
vn 0.9681 -0.0028 0.2504
vn 0.9659 -0.0000 0.2591
vn 0.9822 0.0023 0.1877
vn 0.9908 -0.0000 0.1350
vn 0.7363 -0.0001 0.6766
vn 0.7320 -0.0000 0.6813
vn 0.7071 -0.0000 0.7071
vn 0.6877 0.0012 0.7260
vn 0.6678 -0.0000 0.7444
vn 0.6265 -0.0000 0.7794
vn 0.6052 0.0011 0.7961
vn 0.5834 -0.0000 0.8122
vn 0.6252 -0.0047 0.7805
vn 0.5298 -0.0029 0.8481
vn 0.4843 -0.0000 0.8749
vn 0.7789 -0.0053 0.6271
vn 0.7444 -0.0000 0.6678
vn 0.7062 -0.0050 0.7080
vn 0.8835 -0.0027 0.4684
vn 0.8705 -0.0000 0.4922
vn 0.8424 -0.0055 0.5388
vn 0.8122 -0.0000 0.5834
vn 0.9290 -0.0027 0.3701
vn 0.9186 -0.0000 0.3952
vn 0.8959 -0.0000 0.4443
vn 0.9635 -0.0026 0.2675
vn 0.9560 -0.0000 0.2935
vn 0.9387 -0.0000 0.3448
vn 0.9868 -0.0025 0.1618
vn 0.9821 -0.0000 0.1884
vn 0.9704 -0.0000 0.2413
vn 0.9996 -0.0000 0.0271
vn 0.9985 -0.0023 0.0541
vn 0.9967 -0.0000 0.0812
vn 0.5309 -0.0000 0.8474
vn 0.5156 0.0010 0.8569
vn -0.4843 -0.0000 0.8749
vn 0.9968 0.0022 0.0802
vn 0.4843 -0.0000 -0.8749
vn 0.5156 0.0010 -0.8569
vn -0.9968 -0.0044 0.0793
vn -0.0000 1.0000 -0.0000
vn -0.0000 -1.0000 -0.0000
vn -0.0000 0.7071 -0.7071
vn -0.0000 -0.7071 -0.7071
vn -0.6124 0.7071 0.3536
vn -0.6124 0.7071 0.3535
vn -0.6123 0.7071 0.3536
vn -0.6124 -0.7071 0.3536
vn -0.6123 -0.7071 0.3536
vn -0.6124 -0.7071 0.3535
vn -0.6123 -0.7072 0.3536
vn 0.6124 0.7071 0.3536
vn 0.6124 0.7071 0.3535
vn 0.6123 0.7071 0.3536
vn 0.6124 -0.7071 0.3536
vn 0.6123 -0.7071 0.3536
vn 0.6124 -0.7071 0.3535
vn 0.6123 -0.7072 0.3536
vn 0.5000 -0.0000 0.8660
vn 1.0000 -0.0000 -0.0000
vn 0.8660 -0.0000 0.5000
vn -0.8660 -0.0000 0.5000
vn -1.0000 -0.0000 -0.0000
vn -0.5000 -0.0000 0.8660
vn 0.5000 -0.0000 -0.8660
vn -0.5000 -0.0000 -0.8660
v -0.047000 -0.113000 -0.054500
v -0.047000 -0.113000 -0.120077
v -0.047000 -0.167000 -0.054500
v -0.047000 -0.167000 -0.120077
v 0.047000 -0.113000 -0.054500
v 0.047000 -0.167000 -0.054500
v 0.047000 -0.113000 -0.120077
v 0.047000 -0.167000 -0.120077
vn -1.0000 -0.0000 -0.0000
vn -0.0000 -0.0000 1.0000
vn 1.0000 -0.0000 -0.0000
vn -0.0000 -0.0000 -1.0000
vn -0.0000 -1.0000 -0.0000
vn -0.0000 1.0000 -0.0000
v -0.161491 -0.136927 -0.222162
v -0.161491 -0.199000 -0.222162
v -0.161491 -0.136927 -0.231776
v -0.161491 -0.199000 -0.231776
v -0.208425 -0.153421 -0.232967
v -0.208425 -0.199000 -0.232967
v -0.208425 -0.153421 -0.222162
v -0.208425 -0.199000 -0.222162
vn 1.0000 -0.0000 -0.0000
vn 0.0254 -0.0000 -0.9997
vn -1.0000 -0.0000 -0.0000
vn -0.0000 -0.0000 1.0000
vn -0.3316 0.9434 -0.0000
vn -0.0000 -1.0000 -0.0000
v -0.208425 -0.153421 -0.240449
v -0.208425 -0.199000 -0.240449
v -0.161491 -0.136927 -0.237808
v -0.161491 -0.199000 -0.237808
v -0.161491 -0.136927 -0.245254
v -0.161491 -0.199000 -0.245254
v -0.208425 -0.153421 -0.250995
v -0.208425 -0.199000 -0.250995
vn -0.0562 -0.0000 0.9984
vn 1.0000 -0.0000 -0.0000
vn 0.1214 -0.0000 -0.9926
vn -1.0000 -0.0000 -0.0000
vn -0.3316 0.9434 -0.0000
vn -0.0000 -1.0000 -0.0000
v -0.208425 -0.153421 -0.258983
v -0.208425 -0.199000 -0.258983
v -0.161491 -0.136927 -0.252209
v -0.161491 -0.199000 -0.252209
v -0.161491 -0.136927 -0.260039
v -0.161491 -0.199000 -0.260039
v -0.208425 -0.153421 -0.269657
v -0.208425 -0.199000 -0.269657
vn -0.1428 -0.0000 0.9897
vn 1.0000 -0.0000 -0.0000
vn 0.2008 -0.0000 -0.9796
vn -1.0000 -0.0000 -0.0000
vn -0.3316 0.9434 -0.0000
vn -0.0000 -1.0000 -0.0000
v -0.208425 -0.153421 -0.277938
v -0.208425 -0.199000 -0.277938
v -0.161491 -0.136927 -0.266623
v -0.161491 -0.199000 -0.266623
v -0.161491 -0.136927 -0.275089
v -0.161491 -0.199000 -0.275089
v -0.208425 -0.153421 -0.288951
v -0.208425 -0.199000 -0.288951
vn -0.2344 -0.0000 0.9722
vn 1.0000 -0.0000 -0.0000
vn 0.2833 -0.0000 -0.9590
vn -1.0000 -0.0000 -0.0000
vn -0.3316 0.9434 -0.0000
vn -0.0000 -1.0000 -0.0000
v -0.161491 -0.136927 -0.291414
v -0.161491 -0.199000 -0.291414
v -0.208425 -0.153421 -0.309487
v -0.208425 -0.199000 -0.309487
v -0.208425 -0.153421 -0.297409
v -0.208425 -0.199000 -0.297409
v -0.161491 -0.136927 -0.281440
v -0.161491 -0.199000 -0.281440
vn 0.3594 -0.0000 -0.9332
vn -1.0000 -0.0000 -0.0000
vn -0.3221 -0.0000 0.9467
vn 1.0000 -0.0000 -0.0000
vn -0.3316 0.9434 -0.0000
vn -0.0000 -1.0000 -0.0000
v -0.208425 -0.153421 -0.318129
v -0.208425 -0.199000 -0.318129
v -0.161491 -0.136927 -0.297976
v -0.161491 -0.199000 -0.297976
v -0.161491 -0.136927 -0.307599
v -0.161491 -0.199000 -0.307599
v -0.208425 -0.153421 -0.331600
v -0.208425 -0.199000 -0.331600
vn -0.3946 -0.0000 0.9189
vn 1.0000 -0.0000 -0.0000
vn 0.4553 -0.0000 -0.8903
vn -1.0000 -0.0000 -0.0000
vn -0.3316 0.9434 -0.0000
vn -0.0000 -1.0000 -0.0000
v -0.161491 -0.136927 -0.321336
v -0.161491 -0.199000 -0.321336
v -0.156326 -0.136927 -0.324318
v -0.156326 -0.199000 -0.324318
v -0.202142 -0.153480 -0.352654
v -0.202142 -0.199000 -0.352654
v -0.208592 -0.153480 -0.348930
v -0.208592 -0.199000 -0.348930
v -0.161491 -0.199000 -0.315591
v -0.208592 -0.199000 -0.340954
v -0.161491 -0.136927 -0.315591
v -0.208592 -0.153480 -0.340954
vn 0.5000 -0.0000 0.8660
vn 0.5260 -0.0000 -0.8505
vn -0.5000 -0.0000 -0.8660
vn -0.0000 -1.0000 -0.0000
vn -0.1647 0.9442 -0.2853
vn 1.0000 -0.0000 -0.0000
vn -0.4741 -0.0000 0.8805
vn -1.0000 -0.0000 -0.0000
vn -0.3316 0.9434 -0.0000
v -0.141548 -0.137043 -0.333234
v -0.141548 -0.199000 -0.333234
v -0.183020 -0.153466 -0.363647
v -0.183020 -0.199000 -0.363647
v -0.193925 -0.153466 -0.357351
v -0.193925 -0.199000 -0.357351
v -0.150552 -0.137043 -0.328036
v -0.150552 -0.199000 -0.328036
vn 0.5914 -0.0000 -0.8064
vn -0.5000 -0.0000 -0.8660
vn -0.5600 -0.0000 0.8285
vn 0.5000 -0.0000 0.8660
vn -0.1647 0.9442 -0.2853
vn -0.0000 -1.0000 -0.0000
v -0.127628 -0.137043 -0.341271
v -0.127628 -0.199000 -0.341271
v -0.164719 -0.153466 -0.374214
v -0.164719 -0.199000 -0.374214
v -0.174634 -0.153466 -0.368489
v -0.174634 -0.199000 -0.368489
v -0.135463 -0.137043 -0.336747
v -0.135463 -0.199000 -0.336747
vn 0.6641 -0.0000 -0.7477
vn -0.5000 -0.0000 -0.8660
vn -0.6296 -0.0000 0.7769
vn 0.5000 -0.0000 0.8660
vn -0.1647 0.9442 -0.2853
vn -0.0000 -1.0000 -0.0000
v -0.121627 -0.137043 -0.344736
v -0.121627 -0.199000 -0.344736
v -0.114689 -0.137043 -0.348741
v -0.114689 -0.199000 -0.348741
v -0.148263 -0.153466 -0.383714
v -0.148263 -0.199000 -0.383714
v -0.157011 -0.153466 -0.378664
v -0.157011 -0.199000 -0.378664
vn 0.5000 -0.0000 0.8660
vn 0.7214 -0.0000 -0.6925
vn -0.5000 -0.0000 -0.8660
vn -0.6921 -0.0000 0.7218
vn -0.1647 0.9442 -0.2853
vn -0.0000 -1.0000 -0.0000
v -0.101654 -0.137043 -0.356267
v -0.101654 -0.199000 -0.356267
v -0.130927 -0.153466 -0.393723
v -0.130927 -0.199000 -0.393723
v -0.140147 -0.153466 -0.388400
v -0.140147 -0.199000 -0.388400
v -0.108780 -0.137043 -0.352153
v -0.108780 -0.199000 -0.352153
vn 0.7879 -0.0000 -0.6158
vn -0.5000 -0.0000 -0.8660
vn -0.7562 -0.0000 0.6544
vn 0.5000 -0.0000 0.8660
vn -0.1647 0.9442 -0.2853
vn -0.0000 -1.0000 -0.0000
v -0.089261 -0.137043 -0.363423
v -0.089261 -0.199000 -0.363423
v -0.115125 -0.153466 -0.402847
v -0.115125 -0.199000 -0.402847
v -0.124828 -0.153466 -0.397245
v -0.124828 -0.199000 -0.397245
v -0.095849 -0.137043 -0.359619
v -0.095849 -0.199000 -0.359619
vn 0.8361 -0.0000 -0.5485
vn -0.5000 -0.0000 -0.8660
vn -0.7923 -0.0000 0.6102
vn 0.5000 -0.0000 0.8660
vn -0.1647 0.9442 -0.2853
vn -0.0000 -1.0000 -0.0000
v -0.076899 -0.137043 -0.370560
v -0.076899 -0.199000 -0.370560
v -0.099723 -0.153466 -0.411739
v -0.099723 -0.199000 -0.411739
v -0.108783 -0.153466 -0.406508
v -0.108783 -0.199000 -0.406508
v -0.083972 -0.137043 -0.366476
v -0.083972 -0.199000 -0.366476
vn 0.8746 -0.0000 -0.4848
vn -0.5000 -0.0000 -0.8660
vn -0.8500 -0.0000 0.5268
vn 0.5000 -0.0000 0.8660
vn -0.1647 0.9442 -0.2853
vn -0.0000 -1.0000 -0.0000
v -0.064414 -0.137043 -0.377768
v -0.064414 -0.199000 -0.377768
v -0.083730 -0.153466 -0.420972
v -0.083730 -0.199000 -0.420972
v -0.092931 -0.153466 -0.415661
v -0.092931 -0.199000 -0.415661
v -0.071552 -0.137043 -0.373647
v -0.071552 -0.199000 -0.373647
vn 0.9129 -0.0000 -0.4082
vn -0.5000 -0.0000 -0.8660
vn -0.8913 -0.0000 0.4535
vn 0.5000 -0.0000 0.8660
vn -0.1647 0.9442 -0.2853
vn -0.0000 -1.0000 -0.0000
v -0.077410 -0.153466 -0.424621
v -0.077410 -0.199000 -0.424621
v -0.059404 -0.137043 -0.380660
v -0.059404 -0.199000 -0.380660
v -0.052046 -0.137043 -0.384909
v -0.052046 -0.199000 -0.384909
v -0.067738 -0.153466 -0.430205
v -0.067738 -0.199000 -0.430205
vn -0.9254 -0.0000 0.3790
vn 0.5000 -0.0000 0.8660
vn 0.9449 -0.0000 -0.3273
vn -0.5000 -0.0000 -0.8660
vn -0.1647 0.9442 -0.2853
vn -0.0000 -1.0000 -0.0000
v -0.039321 -0.137043 -0.392256
v -0.039321 -0.199000 -0.392256
v -0.050682 -0.153466 -0.440053
v -0.050682 -0.199000 -0.440053
v -0.060627 -0.153466 -0.434311
v -0.060627 -0.199000 -0.434311
v -0.046313 -0.137043 -0.388218
v -0.046313 -0.199000 -0.388218
vn 0.9729 -0.0000 -0.2313
vn -0.5000 -0.0000 -0.8660
vn -0.9550 -0.0000 0.2966
vn 0.5000 -0.0000 0.8660
vn -0.1647 0.9442 -0.2853
vn -0.0000 -1.0000 -0.0000
v -0.025625 -0.137043 -0.400163
v -0.025625 -0.199000 -0.400163
v -0.032472 -0.153466 -0.450566
v -0.032472 -0.199000 -0.450566
v -0.043362 -0.153466 -0.444279
v -0.043362 -0.199000 -0.444279
v -0.033143 -0.137043 -0.395822
v -0.033143 -0.199000 -0.395822
vn 0.9909 -0.0000 -0.1346
vn -0.5000 -0.0000 -0.8660
vn -0.9785 -0.0000 0.2063
vn 0.5000 -0.0000 0.8660
vn -0.1647 0.9442 -0.2853
vn -0.0000 -1.0000 -0.0000
v -0.010659 -0.137043 -0.408803
v -0.010659 -0.199000 -0.408803
v -0.013973 -0.153466 -0.461247
v -0.013973 -0.199000 -0.461247
v -0.025202 -0.153466 -0.454763
v -0.025202 -0.199000 -0.454763
v -0.019142 -0.137043 -0.403906
v -0.019142 -0.199000 -0.403906
vn 0.9980 -0.0000 -0.0631
vn -0.5000 -0.0000 -0.8660
vn -0.9930 -0.0000 0.1183
vn 0.5000 -0.0000 0.8660
vn -0.1647 0.9442 -0.2853
vn -0.0000 -1.0000 -0.0000
v 0.010659 -0.199000 -0.408803
v 0.019142 -0.199000 -0.403906
v 0.010659 -0.137043 -0.408803
v 0.019142 -0.137043 -0.403906
v 0.025202 -0.199000 -0.454763
v 0.025202 -0.153466 -0.454763
v 0.013973 -0.199000 -0.461247
v 0.013973 -0.153466 -0.461247
vn -0.5000 -0.0000 0.8660
vn 0.9930 -0.0000 0.1183
vn 0.5000 -0.0000 -0.8660
vn -0.9980 -0.0000 -0.0631
vn 0.1647 0.9442 -0.2853
vn -0.0000 -1.0000 -0.0000
v 0.025625 -0.199000 -0.400163
v 0.033143 -0.199000 -0.395822
v 0.025625 -0.137043 -0.400163
v 0.033143 -0.137043 -0.395822
v 0.043362 -0.199000 -0.444279
v 0.043362 -0.153466 -0.444279
v 0.032472 -0.199000 -0.450566
v 0.032472 -0.153466 -0.450566
vn -0.5000 -0.0000 0.8660
vn 0.9785 -0.0000 0.2063
vn 0.5000 -0.0000 -0.8660
vn -0.9909 -0.0000 -0.1346
vn 0.1647 0.9442 -0.2853
vn -0.0000 -1.0000 -0.0000
v 0.039321 -0.199000 -0.392256
v 0.046313 -0.199000 -0.388218
v 0.039321 -0.137043 -0.392256
v 0.046313 -0.137043 -0.388218
v 0.060627 -0.199000 -0.434311
v 0.060627 -0.153466 -0.434311
v 0.050682 -0.199000 -0.440053
v 0.050682 -0.153466 -0.440053
vn -0.5000 -0.0000 0.8660
vn 0.9550 -0.0000 0.2966
vn 0.5000 -0.0000 -0.8660
vn -0.9729 -0.0000 -0.2313
vn 0.1647 0.9442 -0.2853
vn -0.0000 -1.0000 -0.0000
v 0.052046 -0.199000 -0.384909
v 0.059404 -0.199000 -0.380660
v 0.052046 -0.137043 -0.384909
v 0.059404 -0.137043 -0.380660
v 0.077410 -0.199000 -0.424621
v 0.077410 -0.153466 -0.424621
v 0.067738 -0.199000 -0.430205
v 0.067738 -0.153466 -0.430205
vn -0.5000 -0.0000 0.8660
vn 0.9254 -0.0000 0.3790
vn 0.5000 -0.0000 -0.8660
vn -0.9449 -0.0000 -0.3273
vn 0.1647 0.9442 -0.2853
vn -0.0000 -1.0000 -0.0000
v 0.064414 -0.199000 -0.377768
v 0.071552 -0.199000 -0.373647
v 0.064414 -0.137043 -0.377768
v 0.071552 -0.137043 -0.373647
v 0.092931 -0.199000 -0.415661
v 0.092931 -0.153466 -0.415661
v 0.083730 -0.199000 -0.420972
v 0.083730 -0.153466 -0.420972
vn -0.5000 -0.0000 0.8660
vn 0.8913 -0.0000 0.4535
vn 0.5000 -0.0000 -0.8660
vn -0.9129 -0.0000 -0.4082
vn 0.1647 0.9442 -0.2853
vn -0.0000 -1.0000 -0.0000
v 0.083972 -0.199000 -0.366476
v 0.108783 -0.199000 -0.406508
v 0.083972 -0.137043 -0.366476
v 0.108783 -0.153466 -0.406508
v 0.099723 -0.199000 -0.411739
v 0.099723 -0.153466 -0.411739
v 0.076899 -0.199000 -0.370560
v 0.076899 -0.137043 -0.370560
vn 0.8500 -0.0000 0.5268
vn 0.5000 -0.0000 -0.8660
vn -0.8746 -0.0000 -0.4848
vn -0.5000 -0.0000 0.8660
vn 0.1647 0.9442 -0.2853
vn -0.0000 -1.0000 -0.0000
v 0.095849 -0.199000 -0.359619
v 0.124828 -0.199000 -0.397245
v 0.095849 -0.137043 -0.359619
v 0.124828 -0.153466 -0.397245
v 0.115125 -0.199000 -0.402847
v 0.115125 -0.153466 -0.402847
v 0.089261 -0.199000 -0.363423
v 0.089261 -0.137043 -0.363423
vn 0.7923 -0.0000 0.6102
vn 0.5000 -0.0000 -0.8660
vn -0.8361 -0.0000 -0.5485
vn -0.5000 -0.0000 0.8660
vn 0.1647 0.9442 -0.2853
vn -0.0000 -1.0000 -0.0000
v 0.101654 -0.199000 -0.356267
v 0.108780 -0.199000 -0.352153
v 0.101654 -0.137043 -0.356267
v 0.108780 -0.137043 -0.352153
v 0.140147 -0.199000 -0.388400
v 0.140147 -0.153466 -0.388400
v 0.130927 -0.199000 -0.393723
v 0.130927 -0.153466 -0.393723
vn -0.5000 -0.0000 0.8660
vn 0.7562 -0.0000 0.6544
vn 0.5000 -0.0000 -0.8660
vn -0.7879 -0.0000 -0.6158
vn 0.1647 0.9442 -0.2853
vn -0.0000 -1.0000 -0.0000
v 0.121627 -0.199000 -0.344736
v 0.157011 -0.199000 -0.378664
v 0.121627 -0.137043 -0.344736
v 0.157011 -0.153466 -0.378664
v 0.148263 -0.199000 -0.383714
v 0.148263 -0.153466 -0.383714
v 0.114689 -0.199000 -0.348741
v 0.114689 -0.137043 -0.348741
vn 0.6921 -0.0000 0.7218
vn 0.5000 -0.0000 -0.8660
vn -0.7214 -0.0000 -0.6925
vn -0.5000 -0.0000 0.8660
vn 0.1647 0.9442 -0.2853
vn -0.0000 -1.0000 -0.0000
v 0.127628 -0.199000 -0.341271
v 0.135463 -0.199000 -0.336747
v 0.127628 -0.137043 -0.341271
v 0.135463 -0.137043 -0.336747
v 0.174634 -0.199000 -0.368489
v 0.174634 -0.153466 -0.368489
v 0.164719 -0.199000 -0.374214
v 0.164719 -0.153466 -0.374214
vn -0.5000 -0.0000 0.8660
vn 0.6296 -0.0000 0.7769
vn 0.5000 -0.0000 -0.8660
vn -0.6641 -0.0000 -0.7477
vn 0.1647 0.9442 -0.2853
vn -0.0000 -1.0000 -0.0000
v 0.141548 -0.199000 -0.333234
v 0.150552 -0.199000 -0.328036
v 0.141548 -0.137043 -0.333234
v 0.150552 -0.137043 -0.328036
v 0.193925 -0.199000 -0.357351
v 0.193925 -0.153466 -0.357351
v 0.183020 -0.199000 -0.363647
v 0.183020 -0.153466 -0.363647
vn -0.5000 -0.0000 0.8660
vn 0.5600 -0.0000 0.8285
vn 0.5000 -0.0000 -0.8660
vn -0.5914 -0.0000 -0.8064
vn 0.1647 0.9442 -0.2853
vn -0.0000 -1.0000 -0.0000
v 0.161491 -0.136927 -0.321336
v 0.161491 -0.199000 -0.321336
v 0.161491 -0.136927 -0.315591
v 0.161491 -0.199000 -0.315591
v 0.208592 -0.153480 -0.340954
v 0.208592 -0.199000 -0.340954
v 0.208592 -0.153480 -0.348930
v 0.208592 -0.199000 -0.348930
v 0.156326 -0.136927 -0.324318
v 0.202142 -0.153480 -0.352654
v 0.156326 -0.199000 -0.324318
v 0.202142 -0.199000 -0.352654
vn -1.0000 -0.0000 -0.0000
vn 0.4741 -0.0000 0.8805
vn 1.0000 -0.0000 -0.0000
vn 0.3316 0.9434 -0.0000
vn 0.1647 0.9442 -0.2853
vn -0.0000 -1.0000 -0.0000
vn -0.5000 -0.0000 0.8660
vn -0.5260 -0.0000 -0.8505
vn 0.5000 -0.0000 -0.8660
v 0.161491 -0.136927 -0.307599
v 0.161491 -0.199000 -0.307599
v 0.161491 -0.136927 -0.297976
v 0.161491 -0.199000 -0.297976
v 0.208425 -0.153421 -0.318129
v 0.208425 -0.199000 -0.318129
v 0.208425 -0.153421 -0.331600
v 0.208425 -0.199000 -0.331600
vn -1.0000 -0.0000 -0.0000
vn 0.3946 -0.0000 0.9189
vn 1.0000 -0.0000 -0.0000
vn -0.4553 -0.0000 -0.8903
vn 0.3316 0.9434 -0.0000
vn -0.0000 -1.0000 -0.0000
v 0.161491 -0.136927 -0.291414
v 0.161491 -0.199000 -0.291414
v 0.161491 -0.136927 -0.281440
v 0.161491 -0.199000 -0.281440
v 0.208425 -0.153421 -0.297409
v 0.208425 -0.199000 -0.297409
v 0.208425 -0.153421 -0.309487
v 0.208425 -0.199000 -0.309487
vn -1.0000 -0.0000 -0.0000
vn 0.3221 -0.0000 0.9467
vn 1.0000 -0.0000 -0.0000
vn -0.3594 -0.0000 -0.9332
vn 0.3316 0.9434 -0.0000
vn -0.0000 -1.0000 -0.0000
v 0.161491 -0.136927 -0.275089
v 0.161491 -0.199000 -0.275089
v 0.161491 -0.136927 -0.266623
v 0.161491 -0.199000 -0.266623
v 0.208425 -0.153421 -0.277938
v 0.208425 -0.199000 -0.277938
v 0.208425 -0.153421 -0.288951
v 0.208425 -0.199000 -0.288951
vn -1.0000 -0.0000 -0.0000
vn 0.2344 -0.0000 0.9722
vn 1.0000 -0.0000 -0.0000
vn -0.2833 -0.0000 -0.9590
vn 0.3316 0.9434 -0.0000
vn -0.0000 -1.0000 -0.0000
v 0.161491 -0.136927 -0.260039
v 0.161491 -0.199000 -0.260039
v 0.161491 -0.136927 -0.252209
v 0.161491 -0.199000 -0.252209
v 0.208425 -0.153421 -0.258983
v 0.208425 -0.199000 -0.258983
v 0.208425 -0.153421 -0.269657
v 0.208425 -0.199000 -0.269657
vn -1.0000 -0.0000 -0.0000
vn 0.1428 -0.0000 0.9897
vn 1.0000 -0.0000 -0.0000
vn -0.2008 -0.0000 -0.9796
vn 0.3316 0.9434 -0.0000
vn -0.0000 -1.0000 -0.0000
v 0.161491 -0.136927 -0.245254
v 0.161491 -0.199000 -0.245254
v 0.161491 -0.136927 -0.237808
v 0.161491 -0.199000 -0.237808
v 0.208425 -0.153421 -0.240449
v 0.208425 -0.199000 -0.240449
v 0.208425 -0.153421 -0.250995
v 0.208425 -0.199000 -0.250995
vn -1.0000 -0.0000 -0.0000
vn 0.0562 -0.0000 0.9984
vn 1.0000 -0.0000 -0.0000
vn -0.1214 -0.0000 -0.9926
vn 0.3316 0.9434 -0.0000
vn -0.0000 -1.0000 -0.0000
v 0.208425 -0.153421 -0.232967
v 0.208425 -0.199000 -0.232967
v 0.161491 -0.136927 -0.231776
v 0.161491 -0.199000 -0.231776
v 0.161491 -0.136927 -0.222162
v 0.161491 -0.199000 -0.222162
v 0.208425 -0.153421 -0.222162
v 0.208425 -0.199000 -0.222162
vn -0.0254 -0.0000 -0.9997
vn -1.0000 -0.0000 -0.0000
vn -0.0000 -0.0000 1.0000
vn 1.0000 -0.0000 -0.0000
vn 0.3316 0.9434 -0.0000
vn -0.0000 -1.0000 -0.0000
v 0.147694 -0.139617 -0.320680
v 0.148517 -0.134896 -0.322106
v 0.147907 -0.139655 -0.320681
v 0.148731 -0.134934 -0.322107
v 0.148118 -0.139699 -0.320704
v 0.148941 -0.134978 -0.322131
v 0.148324 -0.139748 -0.320750
v 0.149147 -0.135027 -0.322176
v 0.148522 -0.139803 -0.320817
v 0.149346 -0.135082 -0.322243
v 0.148711 -0.139863 -0.320905
v 0.149534 -0.135142 -0.322331
v 0.148888 -0.139926 -0.321013
v 0.149711 -0.135205 -0.322439
v 0.149051 -0.139993 -0.321139
v 0.149874 -0.135272 -0.322566
v 0.149197 -0.140062 -0.321283
v 0.150021 -0.135341 -0.322709
v 0.149327 -0.140132 -0.321441
v 0.150150 -0.135411 -0.322868
v 0.149437 -0.140203 -0.321614
v 0.150260 -0.135483 -0.323040
v 0.149526 -0.140275 -0.321798
v 0.150350 -0.135554 -0.323224
v 0.149595 -0.140345 -0.321991
v 0.150418 -0.135624 -0.323417
v 0.149641 -0.140413 -0.322191
v 0.150464 -0.135692 -0.323617
v 0.149664 -0.140479 -0.322396
v 0.150487 -0.135758 -0.323822
v 0.149664 -0.140542 -0.322603
v 0.150487 -0.135821 -0.324030
v 0.149641 -0.140601 -0.322810
v 0.150464 -0.135880 -0.324237
v 0.149595 -0.140654 -0.323015
v 0.150418 -0.135933 -0.324441
v 0.149526 -0.140703 -0.323215
v 0.150350 -0.135982 -0.324641
v 0.149437 -0.140745 -0.323407
v 0.150260 -0.136024 -0.324834
v 0.149327 -0.140781 -0.323590
v 0.150150 -0.136060 -0.325017
v 0.149197 -0.140811 -0.323761
v 0.150021 -0.136090 -0.325188
v 0.149051 -0.140833 -0.323919
v 0.149874 -0.136112 -0.325345
v 0.148888 -0.140847 -0.324061
v 0.149711 -0.136126 -0.325487
v 0.148711 -0.140854 -0.324186
v 0.149534 -0.136133 -0.325612
v 0.148522 -0.140853 -0.324292
v 0.149346 -0.136132 -0.325719
v 0.148324 -0.140845 -0.324379
v 0.149147 -0.136124 -0.325805
v 0.148118 -0.140829 -0.324444
v 0.148941 -0.136108 -0.325870
v 0.147907 -0.140805 -0.324488
v 0.148731 -0.136084 -0.325914
v 0.147694 -0.140774 -0.324509
v 0.148517 -0.136053 -0.325936
v 0.147481 -0.140737 -0.324508
v 0.148304 -0.136016 -0.325935
v 0.147270 -0.140693 -0.324485
v 0.148093 -0.135972 -0.325911
v 0.147064 -0.140643 -0.324439
v 0.147887 -0.135922 -0.325866
v 0.146866 -0.140588 -0.324372
v 0.147689 -0.135867 -0.325799
v 0.146677 -0.140529 -0.324284
v 0.147500 -0.135808 -0.325711
v 0.146500 -0.140465 -0.324176
v 0.147324 -0.135745 -0.325603
v 0.146337 -0.140399 -0.324050
v 0.147161 -0.135678 -0.325476
v 0.146190 -0.140330 -0.323907
v 0.147014 -0.135609 -0.325333
v 0.146061 -0.140259 -0.323748
v 0.146885 -0.135538 -0.325174
v 0.145951 -0.140188 -0.323576
v 0.146774 -0.135467 -0.325002
v 0.145861 -0.140117 -0.323392
v 0.146685 -0.135396 -0.324818
v 0.145793 -0.140047 -0.323199
v 0.146617 -0.135326 -0.324625
v 0.145747 -0.139978 -0.322998
v 0.146571 -0.135257 -0.324425
v 0.145724 -0.139912 -0.322793
v 0.146548 -0.135191 -0.324220
v 0.145724 -0.139850 -0.322586
v 0.146548 -0.135129 -0.324012
v 0.145747 -0.139791 -0.322379
v 0.146571 -0.135070 -0.323805
v 0.145793 -0.139737 -0.322174
v 0.146617 -0.135016 -0.323601
v 0.145861 -0.139689 -0.321975
v 0.146685 -0.134968 -0.323401
v 0.145951 -0.139646 -0.321782
v 0.146774 -0.134925 -0.323208
v 0.146061 -0.139610 -0.321599
v 0.146885 -0.134889 -0.323025
v 0.146190 -0.139581 -0.321428
v 0.147014 -0.134860 -0.322854
v 0.146337 -0.139559 -0.321270
v 0.147161 -0.134838 -0.322697
v 0.146500 -0.139545 -0.321128
v 0.147324 -0.134824 -0.322554
v 0.146677 -0.139538 -0.321003
v 0.147500 -0.134817 -0.322430
v 0.146866 -0.139538 -0.320897
v 0.147689 -0.134817 -0.322323
v 0.147064 -0.139547 -0.320811
v 0.147887 -0.134826 -0.322237
v 0.147270 -0.139563 -0.320745
v 0.148093 -0.134842 -0.322172
v 0.147481 -0.139587 -0.320702
v 0.148304 -0.134866 -0.322128
v 0.006158 -0.139293 -0.401323
v 0.006981 -0.134572 -0.402749
v 0.006371 -0.139331 -0.401324
v 0.007194 -0.134610 -0.402750
v 0.006582 -0.139374 -0.401347
v 0.007405 -0.134654 -0.402774
v 0.006788 -0.139424 -0.401393
v 0.007611 -0.134703 -0.402819
v 0.006986 -0.139479 -0.401460
v 0.007809 -0.134758 -0.402886
v 0.007175 -0.139539 -0.401548
v 0.007998 -0.134818 -0.402974
v 0.007351 -0.139602 -0.401656
v 0.008175 -0.134881 -0.403082
v 0.007514 -0.139669 -0.401782
v 0.008338 -0.134948 -0.403208
v 0.007661 -0.139737 -0.401926
v 0.008485 -0.135017 -0.403352
v 0.007790 -0.139808 -0.402084
v 0.008614 -0.135087 -0.403511
v 0.007901 -0.139879 -0.402257
v 0.008724 -0.135158 -0.403683
v 0.007990 -0.139950 -0.402440
v 0.008814 -0.135229 -0.403867
v 0.008058 -0.140021 -0.402634
v 0.008882 -0.135300 -0.404060
v 0.008104 -0.140089 -0.402834
v 0.008928 -0.135368 -0.404260
v 0.008127 -0.140155 -0.403039
v 0.008951 -0.135434 -0.404465
v 0.008127 -0.140218 -0.403246
v 0.008951 -0.135497 -0.404672
v 0.008104 -0.140276 -0.403453
v 0.008928 -0.135555 -0.404880
v 0.008058 -0.140330 -0.403658
v 0.008882 -0.135609 -0.405084
v 0.007990 -0.140379 -0.403858
v 0.008814 -0.135658 -0.405284
v 0.007901 -0.140421 -0.404050
v 0.008724 -0.135700 -0.405476
v 0.007790 -0.140457 -0.404233
v 0.008614 -0.135736 -0.405659
v 0.007661 -0.140486 -0.404404
v 0.008485 -0.135765 -0.405831
v 0.007514 -0.140508 -0.404562
v 0.008338 -0.135787 -0.405988
v 0.007351 -0.140523 -0.404704
v 0.008175 -0.135802 -0.406130
v 0.007175 -0.140530 -0.404829
v 0.007998 -0.135809 -0.406255
v 0.006986 -0.140529 -0.404935
v 0.007809 -0.135808 -0.406361
v 0.006788 -0.140520 -0.405021
v 0.007611 -0.135799 -0.406448
v 0.006582 -0.140504 -0.405087
v 0.007405 -0.135783 -0.406513
v 0.006371 -0.140481 -0.405131
v 0.007194 -0.135760 -0.406557
v 0.006158 -0.140450 -0.405152
v 0.006981 -0.135729 -0.406578
v 0.005944 -0.140413 -0.405151
v 0.006768 -0.135692 -0.406577
v 0.005734 -0.140369 -0.405128
v 0.006557 -0.135648 -0.406554
v 0.005528 -0.140319 -0.405082
v 0.006351 -0.135598 -0.406509
v 0.005329 -0.140264 -0.405015
v 0.006153 -0.135543 -0.406441
v 0.005141 -0.140205 -0.404927
v 0.005964 -0.135484 -0.406353
v 0.004964 -0.140141 -0.404819
v 0.005787 -0.135420 -0.406246
v 0.004801 -0.140075 -0.404693
v 0.005625 -0.135354 -0.406119
v 0.004654 -0.140006 -0.404550
v 0.005478 -0.135285 -0.405976
v 0.004525 -0.139935 -0.404391
v 0.005348 -0.135214 -0.405817
v 0.004415 -0.139864 -0.404218
v 0.005238 -0.135143 -0.405645
v 0.004325 -0.139793 -0.404035
v 0.005149 -0.135072 -0.405461
v 0.004257 -0.139723 -0.403842
v 0.005080 -0.135002 -0.405268
v 0.004211 -0.139654 -0.403641
v 0.005034 -0.134933 -0.405068
v 0.004188 -0.139588 -0.403436
v 0.005011 -0.134867 -0.404863
v 0.004188 -0.139525 -0.403229
v 0.005011 -0.134804 -0.404655
v 0.004211 -0.139467 -0.403022
v 0.005034 -0.134746 -0.404448
v 0.004257 -0.139413 -0.402817
v 0.005080 -0.134692 -0.404243
v 0.004325 -0.139365 -0.402617
v 0.005149 -0.134644 -0.404044
v 0.004415 -0.139322 -0.402425
v 0.005238 -0.134601 -0.403851
v 0.004525 -0.139286 -0.402242
v 0.005348 -0.134565 -0.403668
v 0.004654 -0.139257 -0.402071
v 0.005478 -0.134536 -0.403497
v 0.004801 -0.139235 -0.401913
v 0.005625 -0.134514 -0.403339
v 0.004964 -0.139220 -0.401771
v 0.005787 -0.134499 -0.403197
v 0.005141 -0.139213 -0.401646
v 0.005964 -0.134492 -0.403073
v 0.005329 -0.139214 -0.401540
v 0.006153 -0.134493 -0.402966
v 0.005528 -0.139223 -0.401454
v 0.006351 -0.134502 -0.402880
v 0.005734 -0.139239 -0.401388
v 0.006557 -0.134518 -0.402815
v 0.005944 -0.139262 -0.401345
v 0.006768 -0.134542 -0.402771
v 0.034535 -0.139916 -0.387000
v 0.035359 -0.135195 -0.388426
v 0.034749 -0.139953 -0.387001
v 0.035572 -0.135232 -0.388427
v 0.034959 -0.139997 -0.387024
v 0.035783 -0.135276 -0.388451
v 0.035165 -0.140047 -0.387070
v 0.035989 -0.135326 -0.388496
v 0.035364 -0.140102 -0.387137
v 0.036187 -0.135381 -0.388563
v 0.035552 -0.140161 -0.387225
v 0.036376 -0.135440 -0.388651
v 0.035729 -0.140225 -0.387333
v 0.036553 -0.135504 -0.388759
v 0.035892 -0.140291 -0.387459
v 0.036715 -0.135570 -0.388885
v 0.036039 -0.140360 -0.387602
v 0.036862 -0.135639 -0.389029
v 0.036168 -0.140431 -0.387761
v 0.036992 -0.135710 -0.389188
v 0.036278 -0.140502 -0.387934
v 0.037102 -0.135781 -0.389360
v 0.036368 -0.140573 -0.388117
v 0.037191 -0.135852 -0.389544
v 0.036436 -0.140643 -0.388310
v 0.037260 -0.135922 -0.389737
v 0.036482 -0.140712 -0.388511
v 0.037306 -0.135991 -0.389937
v 0.036505 -0.140778 -0.388716
v 0.037329 -0.136057 -0.390142
v 0.036505 -0.140840 -0.388923
v 0.037329 -0.136119 -0.390349
v 0.036482 -0.140899 -0.389130
v 0.037306 -0.136178 -0.390557
v 0.036436 -0.140953 -0.389335
v 0.037260 -0.136232 -0.390761
v 0.036368 -0.141001 -0.389535
v 0.037191 -0.136280 -0.390961
v 0.036278 -0.141044 -0.389727
v 0.037102 -0.136323 -0.391153
v 0.036168 -0.141080 -0.389910
v 0.036992 -0.136359 -0.391336
v 0.036039 -0.141109 -0.390081
v 0.036862 -0.136388 -0.391508
v 0.035892 -0.141131 -0.390239
v 0.036715 -0.136410 -0.391665
v 0.035729 -0.141146 -0.390381
v 0.036553 -0.136425 -0.391807
v 0.035552 -0.141152 -0.390506
v 0.036376 -0.136431 -0.391932
v 0.035364 -0.141152 -0.390612
v 0.036187 -0.136431 -0.392038
v 0.035165 -0.141143 -0.390698
v 0.035989 -0.136422 -0.392125
v 0.034959 -0.141127 -0.390764
v 0.035783 -0.136406 -0.392190
v 0.034749 -0.141103 -0.390807
v 0.035572 -0.136382 -0.392234
v 0.034535 -0.141073 -0.390829
v 0.035359 -0.136352 -0.392255
v 0.034322 -0.141035 -0.390828
v 0.035146 -0.136314 -0.392254
v 0.034111 -0.140991 -0.390805
v 0.034935 -0.136270 -0.392231
v 0.033905 -0.140942 -0.390759
v 0.034729 -0.136221 -0.392186
v 0.033707 -0.140887 -0.390692
v 0.034530 -0.136166 -0.392118
v 0.033518 -0.140827 -0.390604
v 0.034342 -0.136106 -0.392030
v 0.033341 -0.140764 -0.390496
v 0.034165 -0.136043 -0.391923
v 0.033179 -0.140697 -0.390370
v 0.034002 -0.135976 -0.391796
v 0.033032 -0.140628 -0.390227
v 0.033855 -0.135907 -0.391653
v 0.032903 -0.140558 -0.390068
v 0.033726 -0.135837 -0.391494
v 0.032792 -0.140487 -0.389895
v 0.033616 -0.135766 -0.391322
v 0.032703 -0.140415 -0.389712
v 0.033526 -0.135694 -0.391138
v 0.032635 -0.140345 -0.389518
v 0.033458 -0.135624 -0.390945
v 0.032589 -0.140277 -0.389318
v 0.033412 -0.135556 -0.390745
v 0.032566 -0.140211 -0.389113
v 0.033389 -0.135490 -0.390540
v 0.032566 -0.140148 -0.388906
v 0.033389 -0.135427 -0.390332
v 0.032589 -0.140089 -0.388699
v 0.033412 -0.135369 -0.390125
v 0.032635 -0.140036 -0.388494
v 0.033458 -0.135315 -0.389920
v 0.032703 -0.139987 -0.388294
v 0.033526 -0.135266 -0.389721
v 0.032792 -0.139945 -0.388102
v 0.033616 -0.135224 -0.389528
v 0.032903 -0.139909 -0.387919
v 0.033726 -0.135188 -0.389345
v 0.033032 -0.139879 -0.387748
v 0.033855 -0.135158 -0.389174
v 0.033179 -0.139857 -0.387590
v 0.034002 -0.135136 -0.389016
v 0.033341 -0.139843 -0.387448
v 0.034165 -0.135122 -0.388874
v 0.033518 -0.139836 -0.387323
v 0.034342 -0.135115 -0.388749
v 0.033707 -0.139837 -0.387217
v 0.034530 -0.135116 -0.388643
v 0.033905 -0.139845 -0.387131
v 0.034729 -0.135124 -0.388557
v 0.034111 -0.139862 -0.387065
v 0.034935 -0.135141 -0.388492
v 0.034322 -0.139885 -0.387021
v 0.035146 -0.135164 -0.388448
v 0.060013 -0.139676 -0.371496
v 0.060837 -0.134955 -0.372923
v 0.060226 -0.139713 -0.371497
v 0.061050 -0.134992 -0.372924
v 0.060437 -0.139757 -0.371521
v 0.061261 -0.135036 -0.372947
v 0.060643 -0.139807 -0.371566
v 0.061466 -0.135086 -0.372993
v 0.060841 -0.139862 -0.371633
v 0.061665 -0.135141 -0.373060
v 0.061030 -0.139921 -0.371721
v 0.061854 -0.135200 -0.373148
v 0.061207 -0.139985 -0.371829
v 0.062030 -0.135264 -0.373256
v 0.061370 -0.140051 -0.371956
v 0.062193 -0.135330 -0.373382
v 0.061517 -0.140120 -0.372099
v 0.062340 -0.135399 -0.373525
v 0.061646 -0.140191 -0.372258
v 0.062469 -0.135470 -0.373684
v 0.061756 -0.140262 -0.372430
v 0.062579 -0.135541 -0.373856
v 0.061846 -0.140333 -0.372614
v 0.062669 -0.135612 -0.374040
v 0.061914 -0.140403 -0.372807
v 0.062737 -0.135682 -0.374233
v 0.061960 -0.140472 -0.373007
v 0.062783 -0.135751 -0.374434
v 0.061983 -0.140538 -0.373212
v 0.062806 -0.135817 -0.374639
v 0.061983 -0.140601 -0.373420
v 0.062806 -0.135880 -0.374846
v 0.061960 -0.140659 -0.373627
v 0.062783 -0.135938 -0.375053
v 0.061914 -0.140713 -0.373831
v 0.062737 -0.135992 -0.375258
v 0.061846 -0.140761 -0.374031
v 0.062669 -0.136040 -0.375457
v 0.061756 -0.140804 -0.374224
v 0.062579 -0.136083 -0.375650
v 0.061646 -0.140840 -0.374407
v 0.062469 -0.136119 -0.375833
v 0.061517 -0.140869 -0.374578
v 0.062340 -0.136148 -0.376004
v 0.061370 -0.140891 -0.374735
v 0.062193 -0.136170 -0.376162
v 0.061207 -0.140906 -0.374878
v 0.062030 -0.136185 -0.376304
v 0.061030 -0.140913 -0.375002
v 0.061854 -0.136192 -0.376429
v 0.060841 -0.140912 -0.375109
v 0.061665 -0.136191 -0.376535
v 0.060643 -0.140903 -0.375195
v 0.061466 -0.136182 -0.376621
v 0.060437 -0.140887 -0.375260
v 0.061261 -0.136166 -0.376687
v 0.060226 -0.140863 -0.375304
v 0.061050 -0.136143 -0.376730
v 0.060013 -0.140833 -0.375326
v 0.060837 -0.136112 -0.376752
v 0.059800 -0.140795 -0.375325
v 0.060623 -0.136074 -0.376751
v 0.059589 -0.140751 -0.375301
v 0.060412 -0.136031 -0.376728
v 0.059383 -0.140702 -0.375256
v 0.060207 -0.135981 -0.376682
v 0.059185 -0.140647 -0.375189
v 0.060008 -0.135926 -0.376615
v 0.058996 -0.140587 -0.375101
v 0.059820 -0.135866 -0.376527
v 0.058819 -0.140524 -0.374993
v 0.059643 -0.135803 -0.376419
v 0.058656 -0.140457 -0.374866
v 0.059480 -0.135736 -0.376293
v 0.058510 -0.140389 -0.374723
v 0.059333 -0.135668 -0.376149
v 0.058380 -0.140318 -0.374564
v 0.059204 -0.135597 -0.375991
v 0.058270 -0.140247 -0.374392
v 0.059094 -0.135526 -0.375818
v 0.058180 -0.140176 -0.374208
v 0.059004 -0.135455 -0.375634
v 0.058112 -0.140105 -0.374015
v 0.058936 -0.135384 -0.375441
v 0.058066 -0.140037 -0.373815
v 0.058890 -0.135316 -0.375241
v 0.058043 -0.139971 -0.373610
v 0.058867 -0.135250 -0.375036
v 0.058043 -0.139908 -0.373402
v 0.058867 -0.135187 -0.374829
v 0.058066 -0.139850 -0.373195
v 0.058890 -0.135129 -0.374622
v 0.058112 -0.139796 -0.372991
v 0.058936 -0.135075 -0.374417
v 0.058180 -0.139747 -0.372791
v 0.059004 -0.135026 -0.374217
v 0.058270 -0.139705 -0.372598
v 0.059094 -0.134984 -0.374025
v 0.058380 -0.139669 -0.372415
v 0.059204 -0.134948 -0.373842
v 0.058510 -0.139640 -0.372244
v 0.059333 -0.134919 -0.373671
v 0.058656 -0.139618 -0.372087
v 0.059480 -0.134897 -0.373513
v 0.058819 -0.139603 -0.371945
v 0.059643 -0.134882 -0.373371
v 0.058996 -0.139596 -0.371820
v 0.059820 -0.134875 -0.373246
v 0.059185 -0.139597 -0.371713
v 0.060008 -0.134876 -0.373140
v 0.059383 -0.139606 -0.371627
v 0.060207 -0.134885 -0.373053
v 0.059589 -0.139622 -0.371562
v 0.060412 -0.134901 -0.372988
v 0.059800 -0.139645 -0.371518
v 0.060623 -0.134924 -0.372944
v 0.080994 -0.158773 -0.422592
v 0.081817 -0.154052 -0.424018
v 0.081207 -0.158810 -0.422593
v 0.082030 -0.154089 -0.424019
v 0.081418 -0.158854 -0.422616
v 0.082241 -0.154133 -0.424042
v 0.081624 -0.158904 -0.422661
v 0.082447 -0.154183 -0.424088
v 0.081822 -0.158959 -0.422729
v 0.082645 -0.154238 -0.424155
v 0.082011 -0.159018 -0.422817
v 0.082834 -0.154297 -0.424243
v 0.082188 -0.159082 -0.422924
v 0.083011 -0.154361 -0.424351
v 0.082350 -0.159148 -0.423051
v 0.083174 -0.154427 -0.424477
v 0.082497 -0.159217 -0.423194
v 0.083321 -0.154496 -0.424620
v 0.082626 -0.159288 -0.423353
v 0.083450 -0.154567 -0.424779
v 0.082737 -0.159359 -0.423525
v 0.083560 -0.154638 -0.424952
v 0.082826 -0.159430 -0.423709
v 0.083650 -0.154709 -0.425135
v 0.082894 -0.159500 -0.423902
v 0.083718 -0.154779 -0.425329
v 0.082940 -0.159569 -0.424102
v 0.083764 -0.154848 -0.425529
v 0.082963 -0.159635 -0.424307
v 0.083787 -0.154914 -0.425734
v 0.082963 -0.159698 -0.424515
v 0.083787 -0.154977 -0.425941
v 0.082940 -0.159756 -0.424722
v 0.083764 -0.155035 -0.426148
v 0.082894 -0.159810 -0.424927
v 0.083718 -0.155089 -0.426353
v 0.082826 -0.159858 -0.425126
v 0.083650 -0.155137 -0.426553
v 0.082737 -0.159901 -0.425319
v 0.083560 -0.155180 -0.426745
v 0.082626 -0.159937 -0.425502
v 0.083450 -0.155216 -0.426928
v 0.082497 -0.159966 -0.425673
v 0.083321 -0.155245 -0.427099
v 0.082350 -0.159988 -0.425831
v 0.083174 -0.155267 -0.427257
v 0.082188 -0.160003 -0.425973
v 0.083011 -0.155282 -0.427399
v 0.082011 -0.160010 -0.426098
v 0.082834 -0.155289 -0.427524
v 0.081822 -0.160009 -0.426204
v 0.082645 -0.155288 -0.427630
v 0.081624 -0.160000 -0.426290
v 0.082447 -0.155279 -0.427716
v 0.081418 -0.159984 -0.426355
v 0.082241 -0.155263 -0.427782
v 0.081207 -0.159960 -0.426399
v 0.082030 -0.155240 -0.427826
v 0.080994 -0.159930 -0.426421
v 0.081817 -0.155209 -0.427847
v 0.080780 -0.159892 -0.426420
v 0.081604 -0.155171 -0.427846
v 0.080570 -0.159848 -0.426396
v 0.081393 -0.155128 -0.427823
v 0.080364 -0.159799 -0.426351
v 0.081187 -0.155078 -0.427777
v 0.080165 -0.159744 -0.426284
v 0.080989 -0.155023 -0.427710
v 0.079977 -0.159684 -0.426196
v 0.080800 -0.154963 -0.427622
v 0.079800 -0.159621 -0.426088
v 0.080623 -0.154900 -0.427514
v 0.079637 -0.159554 -0.425962
v 0.080461 -0.154833 -0.427388
v 0.079490 -0.159485 -0.425818
v 0.080314 -0.154765 -0.427245
v 0.079361 -0.159415 -0.425659
v 0.080184 -0.154694 -0.427086
v 0.079251 -0.159344 -0.425487
v 0.080074 -0.154623 -0.426913
v 0.079161 -0.159273 -0.425303
v 0.079985 -0.154552 -0.426730
v 0.079093 -0.159202 -0.425110
v 0.079916 -0.154481 -0.426537
v 0.079047 -0.159134 -0.424910
v 0.079870 -0.154413 -0.426336
v 0.079024 -0.159068 -0.424705
v 0.079847 -0.154347 -0.426131
v 0.079024 -0.159005 -0.424498
v 0.079847 -0.154284 -0.425924
v 0.079047 -0.158947 -0.424290
v 0.079870 -0.154226 -0.425717
v 0.079093 -0.158893 -0.424086
v 0.079916 -0.154172 -0.425512
v 0.079161 -0.158844 -0.423886
v 0.079985 -0.154123 -0.425312
v 0.079251 -0.158802 -0.423694
v 0.080074 -0.154081 -0.425120
v 0.079361 -0.158766 -0.423511
v 0.080184 -0.154045 -0.424937
v 0.079490 -0.158737 -0.423339
v 0.080314 -0.154016 -0.424766
v 0.079637 -0.158715 -0.423182
v 0.080461 -0.153994 -0.424608
v 0.079800 -0.158700 -0.423040
v 0.080623 -0.153979 -0.424466
v 0.079977 -0.158693 -0.422915
v 0.080800 -0.153972 -0.424341
v 0.080165 -0.158694 -0.422809
v 0.080989 -0.153973 -0.424235
v 0.080364 -0.158703 -0.422722
v 0.081187 -0.153982 -0.424149
v 0.080570 -0.158719 -0.422657
v 0.081393 -0.153998 -0.424083
v 0.080780 -0.158742 -0.422613
v 0.081604 -0.154021 -0.424040
v 0.047291 -0.159018 -0.442859
v 0.048115 -0.154297 -0.444286
v 0.047505 -0.159055 -0.442860
v 0.048328 -0.154334 -0.444286
v 0.047716 -0.159099 -0.442883
v 0.048539 -0.154378 -0.444310
v 0.047921 -0.159148 -0.442929
v 0.048745 -0.154427 -0.444355
v 0.048120 -0.159203 -0.442996
v 0.048943 -0.154482 -0.444422
v 0.048308 -0.159263 -0.443084
v 0.049132 -0.154542 -0.444510
v 0.048485 -0.159326 -0.443192
v 0.049309 -0.154605 -0.444618
v 0.048648 -0.159393 -0.443318
v 0.049472 -0.154672 -0.444745
v 0.048795 -0.159462 -0.443462
v 0.049618 -0.154741 -0.444888
v 0.048924 -0.159532 -0.443620
v 0.049748 -0.154811 -0.445047
v 0.049034 -0.159604 -0.443793
v 0.049858 -0.154883 -0.445219
v 0.049124 -0.159675 -0.443977
v 0.049948 -0.154954 -0.445403
v 0.049192 -0.159745 -0.444170
v 0.050016 -0.155024 -0.445596
v 0.049238 -0.159814 -0.444370
v 0.050062 -0.155093 -0.445796
v 0.049261 -0.159879 -0.444575
v 0.050085 -0.155159 -0.446001
v 0.049261 -0.159942 -0.444782
v 0.050085 -0.155221 -0.446209
v 0.049238 -0.160001 -0.444989
v 0.050062 -0.155280 -0.446416
v 0.049192 -0.160055 -0.445194
v 0.050016 -0.155334 -0.446620
v 0.049124 -0.160103 -0.445394
v 0.049948 -0.155382 -0.446820
v 0.049034 -0.160145 -0.445586
v 0.049858 -0.155425 -0.447013
v 0.048924 -0.160182 -0.445769
v 0.049748 -0.155461 -0.447196
v 0.048795 -0.160211 -0.445941
v 0.049618 -0.155490 -0.447367
v 0.048648 -0.160233 -0.446098
v 0.049472 -0.155512 -0.447524
v 0.048485 -0.160247 -0.446240
v 0.049309 -0.155526 -0.447667
v 0.048308 -0.160254 -0.446365
v 0.049132 -0.155533 -0.447791
v 0.048120 -0.160253 -0.446471
v 0.048943 -0.155532 -0.447898
v 0.047921 -0.160245 -0.446558
v 0.048745 -0.155524 -0.447984
v 0.047716 -0.160229 -0.446623
v 0.048539 -0.155508 -0.448049
v 0.047505 -0.160205 -0.446667
v 0.048328 -0.155484 -0.448093
v 0.047291 -0.160174 -0.446688
v 0.048115 -0.155453 -0.448115
v 0.047078 -0.160137 -0.446687
v 0.047902 -0.155416 -0.448114
v 0.046867 -0.160093 -0.446664
v 0.047691 -0.155372 -0.448090
v 0.046662 -0.160043 -0.446618
v 0.047485 -0.155322 -0.448045
v 0.046463 -0.159989 -0.446551
v 0.047287 -0.155268 -0.447978
v 0.046274 -0.159929 -0.446463
v 0.047098 -0.155208 -0.447890
v 0.046098 -0.159866 -0.446356
v 0.046921 -0.155145 -0.447782
v 0.045935 -0.159799 -0.446229
v 0.046758 -0.155078 -0.447655
v 0.045788 -0.159730 -0.446086
v 0.046611 -0.155009 -0.447512
v 0.045659 -0.159660 -0.445927
v 0.046482 -0.154939 -0.447353
v 0.045549 -0.159588 -0.445755
v 0.046372 -0.154867 -0.447181
v 0.045459 -0.159517 -0.445571
v 0.046282 -0.154796 -0.446997
v 0.045391 -0.159447 -0.445378
v 0.046214 -0.154726 -0.446804
v 0.045345 -0.159378 -0.445177
v 0.046168 -0.154657 -0.446604
v 0.045322 -0.159312 -0.444973
v 0.046145 -0.154591 -0.446399
v 0.045322 -0.159250 -0.444765
v 0.046145 -0.154529 -0.446192
v 0.045345 -0.159191 -0.444558
v 0.046168 -0.154470 -0.445984
v 0.045391 -0.159137 -0.444353
v 0.046214 -0.154416 -0.445780
v 0.045459 -0.159089 -0.444154
v 0.046282 -0.154368 -0.445580
v 0.045549 -0.159046 -0.443961
v 0.046372 -0.154325 -0.445387
v 0.045659 -0.159010 -0.443778
v 0.046482 -0.154289 -0.445204
v 0.045788 -0.158981 -0.443607
v 0.046611 -0.154260 -0.445033
v 0.045935 -0.158959 -0.443449
v 0.046758 -0.154238 -0.444876
v 0.046098 -0.158945 -0.443307
v 0.046921 -0.154224 -0.444734
v 0.046274 -0.158938 -0.443182
v 0.047098 -0.154217 -0.444609
v 0.046463 -0.158939 -0.443076
v 0.047287 -0.154218 -0.444502
v 0.046662 -0.158947 -0.442990
v 0.047485 -0.154226 -0.444416
v 0.046867 -0.158963 -0.442924
v 0.047691 -0.154242 -0.444351
v 0.047078 -0.158987 -0.442881
v 0.047902 -0.154266 -0.444307
v 0.011330 -0.159132 -0.464001
v 0.012154 -0.154411 -0.465427
v 0.011544 -0.159170 -0.464002
v 0.012367 -0.154449 -0.465428
v 0.011754 -0.159213 -0.464025
v 0.012578 -0.154492 -0.465451
v 0.011960 -0.159263 -0.464071
v 0.012784 -0.154542 -0.465497
v 0.012159 -0.159318 -0.464138
v 0.012982 -0.154597 -0.465564
v 0.012347 -0.159377 -0.464226
v 0.013171 -0.154657 -0.465652
v 0.012524 -0.159441 -0.464334
v 0.013348 -0.154720 -0.465760
v 0.012687 -0.159507 -0.464460
v 0.013510 -0.154787 -0.465886
v 0.012834 -0.159576 -0.464603
v 0.013657 -0.154855 -0.466030
v 0.012963 -0.159647 -0.464762
v 0.013787 -0.154926 -0.466188
v 0.013073 -0.159718 -0.464934
v 0.013897 -0.154997 -0.466361
v 0.013163 -0.159789 -0.465118
v 0.013986 -0.155068 -0.466545
v 0.013231 -0.159860 -0.465311
v 0.014055 -0.155139 -0.466738
v 0.013277 -0.159928 -0.465512
v 0.014100 -0.155207 -0.466938
v 0.013300 -0.159994 -0.465717
v 0.014124 -0.155273 -0.467143
v 0.013300 -0.160057 -0.465924
v 0.014124 -0.155336 -0.467350
v 0.013277 -0.160115 -0.466131
v 0.014100 -0.155394 -0.467557
v 0.013231 -0.160169 -0.466336
v 0.014055 -0.155448 -0.467762
v 0.013163 -0.160218 -0.466535
v 0.013986 -0.155497 -0.467962
v 0.013073 -0.160260 -0.466728
v 0.013897 -0.155539 -0.468154
v 0.012963 -0.160296 -0.466911
v 0.013787 -0.155575 -0.468337
v 0.012834 -0.160325 -0.467082
v 0.013657 -0.155604 -0.468508
v 0.012687 -0.160347 -0.467240
v 0.013510 -0.155626 -0.468666
v 0.012524 -0.160362 -0.467382
v 0.013348 -0.155641 -0.468808
v 0.012347 -0.160369 -0.467507
v 0.013171 -0.155648 -0.468933
v 0.012159 -0.160368 -0.467613
v 0.012982 -0.155647 -0.469039
v 0.011960 -0.160359 -0.467699
v 0.012784 -0.155638 -0.469126
v 0.011754 -0.160343 -0.467765
v 0.012578 -0.155622 -0.469191
v 0.011544 -0.160320 -0.467808
v 0.012367 -0.155599 -0.469235
v 0.011330 -0.160289 -0.467830
v 0.012154 -0.155568 -0.469256
v 0.011117 -0.160252 -0.467829
v 0.011941 -0.155531 -0.469255
v 0.010906 -0.160208 -0.467806
v 0.011730 -0.155487 -0.469232
v 0.010700 -0.160158 -0.467760
v 0.011524 -0.155437 -0.469186
v 0.010502 -0.160103 -0.467693
v 0.011325 -0.155382 -0.469119
v 0.010313 -0.160044 -0.467605
v 0.011137 -0.155323 -0.469031
v 0.010136 -0.159980 -0.467497
v 0.010960 -0.155259 -0.468923
v 0.009974 -0.159914 -0.467371
v 0.010797 -0.155193 -0.468797
v 0.009827 -0.159845 -0.467227
v 0.010650 -0.155124 -0.468654
v 0.009698 -0.159774 -0.467069
v 0.010521 -0.155053 -0.468495
v 0.009587 -0.159703 -0.466896
v 0.010411 -0.154982 -0.468323
v 0.009498 -0.159632 -0.466712
v 0.010321 -0.154911 -0.468139
v 0.009430 -0.159561 -0.466519
v 0.010253 -0.154841 -0.467946
v 0.009384 -0.159493 -0.466319
v 0.010207 -0.154772 -0.467745
v 0.009361 -0.159427 -0.466114
v 0.010184 -0.154706 -0.467540
v 0.009361 -0.159364 -0.465907
v 0.010184 -0.154643 -0.467333
v 0.009384 -0.159306 -0.465700
v 0.010207 -0.154585 -0.467126
v 0.009430 -0.159252 -0.465495
v 0.010253 -0.154531 -0.466921
v 0.009498 -0.159204 -0.465295
v 0.010321 -0.154483 -0.466722
v 0.009587 -0.159161 -0.465103
v 0.010411 -0.154440 -0.466529
v 0.009698 -0.159125 -0.464920
v 0.010521 -0.154404 -0.466346
v 0.009827 -0.159096 -0.464748
v 0.010650 -0.154375 -0.466175
v 0.009974 -0.159074 -0.464591
v 0.010797 -0.154353 -0.466017
v 0.010136 -0.159059 -0.464449
v 0.010960 -0.154338 -0.465875
v 0.010313 -0.159052 -0.464324
v 0.011137 -0.154331 -0.465750
v 0.010502 -0.159053 -0.464218
v 0.011325 -0.154332 -0.465644
v 0.010700 -0.159062 -0.464131
v 0.011524 -0.154341 -0.465558
v 0.010906 -0.159078 -0.464066
v 0.011730 -0.154357 -0.465492
v 0.011117 -0.159101 -0.464022
v 0.011941 -0.154380 -0.465449
v 0.095983 -0.140106 -0.352152
v 0.096807 -0.135385 -0.353579
v 0.096197 -0.140143 -0.352153
v 0.097020 -0.135422 -0.353579
v 0.096407 -0.140187 -0.352177
v 0.097231 -0.135466 -0.353603
v 0.096613 -0.140237 -0.352222
v 0.097437 -0.135516 -0.353648
v 0.096812 -0.140292 -0.352289
v 0.097635 -0.135571 -0.353716
v 0.097000 -0.140351 -0.352377
v 0.097824 -0.135630 -0.353804
v 0.097177 -0.140415 -0.352485
v 0.098001 -0.135694 -0.353911
v 0.097340 -0.140481 -0.352611
v 0.098164 -0.135760 -0.354038
v 0.097487 -0.140550 -0.352755
v 0.098310 -0.135829 -0.354181
v 0.097616 -0.140621 -0.352913
v 0.098440 -0.135900 -0.354340
v 0.097726 -0.140692 -0.353086
v 0.098550 -0.135971 -0.354512
v 0.097816 -0.140763 -0.353270
v 0.098639 -0.136042 -0.354696
v 0.097884 -0.140833 -0.353463
v 0.098708 -0.136112 -0.354889
v 0.097930 -0.140902 -0.353663
v 0.098754 -0.136181 -0.355089
v 0.097953 -0.140968 -0.353868
v 0.098777 -0.136247 -0.355294
v 0.097953 -0.141031 -0.354075
v 0.098777 -0.136310 -0.355502
v 0.097930 -0.141089 -0.354282
v 0.098754 -0.136368 -0.355709
v 0.097884 -0.141143 -0.354487
v 0.098708 -0.136422 -0.355913
v 0.097816 -0.141191 -0.354687
v 0.098639 -0.136470 -0.356113
v 0.097726 -0.141234 -0.354879
v 0.098550 -0.136513 -0.356306
v 0.097616 -0.141270 -0.355062
v 0.098440 -0.136549 -0.356489
v 0.097487 -0.141299 -0.355234
v 0.098310 -0.136578 -0.356660
v 0.097340 -0.141321 -0.355391
v 0.098164 -0.136600 -0.356818
v 0.097177 -0.141336 -0.355533
v 0.098001 -0.136615 -0.356960
v 0.097000 -0.141343 -0.355658
v 0.097824 -0.136622 -0.357084
v 0.096812 -0.141342 -0.355764
v 0.097635 -0.136621 -0.357191
v 0.096613 -0.141333 -0.355851
v 0.097437 -0.136612 -0.357277
v 0.096407 -0.141317 -0.355916
v 0.097231 -0.136596 -0.357342
v 0.096197 -0.141293 -0.355960
v 0.097020 -0.136573 -0.357386
v 0.095983 -0.141263 -0.355981
v 0.096807 -0.136542 -0.357408
v 0.095770 -0.141225 -0.355980
v 0.096594 -0.136504 -0.357407
v 0.095559 -0.141181 -0.355957
v 0.096383 -0.136461 -0.357383
v 0.095354 -0.141132 -0.355911
v 0.096177 -0.136411 -0.357338
v 0.095155 -0.141077 -0.355844
v 0.095979 -0.136356 -0.357271
v 0.094966 -0.141017 -0.355756
v 0.095790 -0.136296 -0.357183
v 0.094790 -0.140954 -0.355649
v 0.095613 -0.136233 -0.357075
v 0.094627 -0.140887 -0.355522
v 0.095450 -0.136167 -0.356949
v 0.094480 -0.140819 -0.355379
v 0.095303 -0.136098 -0.356805
v 0.094351 -0.140748 -0.355220
v 0.095174 -0.136027 -0.356646
v 0.094241 -0.140677 -0.355048
v 0.095064 -0.135956 -0.356474
v 0.094151 -0.140606 -0.354864
v 0.094974 -0.135885 -0.356290
v 0.094083 -0.140535 -0.354671
v 0.094906 -0.135814 -0.356097
v 0.094037 -0.140467 -0.354471
v 0.094860 -0.135746 -0.355897
v 0.094014 -0.140401 -0.354266
v 0.094837 -0.135680 -0.355692
v 0.094014 -0.140338 -0.354058
v 0.094837 -0.135617 -0.355485
v 0.094037 -0.140280 -0.353851
v 0.094860 -0.135559 -0.355277
v 0.094083 -0.140226 -0.353646
v 0.094906 -0.135505 -0.355073
v 0.094151 -0.140177 -0.353447
v 0.094974 -0.135456 -0.354873
v 0.094241 -0.140135 -0.353254
v 0.095064 -0.135414 -0.354680
v 0.094351 -0.140099 -0.353071
v 0.095174 -0.135378 -0.354498
v 0.094480 -0.140070 -0.352900
v 0.095303 -0.135349 -0.354326
v 0.094627 -0.140048 -0.352742
v 0.095450 -0.135327 -0.354169
v 0.094790 -0.140033 -0.352600
v 0.095613 -0.135312 -0.354027
v 0.094966 -0.140026 -0.352475
v 0.095790 -0.135305 -0.353902
v 0.095155 -0.140027 -0.352369
v 0.095979 -0.135306 -0.353796
v 0.095354 -0.140036 -0.352283
v 0.096177 -0.135315 -0.353709
v 0.095559 -0.140052 -0.352217
v 0.096383 -0.135331 -0.353644
v 0.095770 -0.140075 -0.352174
v 0.096594 -0.135354 -0.353600
v 0.121839 -0.139862 -0.336416
v 0.122662 -0.135141 -0.337843
v 0.122052 -0.139899 -0.336417
v 0.122875 -0.135178 -0.337843
v 0.122263 -0.139943 -0.336440
v 0.123086 -0.135222 -0.337867
v 0.122469 -0.139993 -0.336486
v 0.123292 -0.135272 -0.337912
v 0.122667 -0.140048 -0.336553
v 0.123490 -0.135327 -0.337979
v 0.122856 -0.140107 -0.336641
v 0.123679 -0.135386 -0.338067
v 0.123032 -0.140170 -0.336749
v 0.123856 -0.135449 -0.338175
v 0.123195 -0.140237 -0.336875
v 0.124019 -0.135516 -0.338302
v 0.123342 -0.140306 -0.337019
v 0.124166 -0.135585 -0.338445
v 0.123471 -0.140376 -0.337177
v 0.124295 -0.135656 -0.338604
v 0.123582 -0.140448 -0.337350
v 0.124405 -0.135727 -0.338776
v 0.123671 -0.140519 -0.337534
v 0.124495 -0.135798 -0.338960
v 0.123739 -0.140589 -0.337727
v 0.124563 -0.135868 -0.339153
v 0.123785 -0.140658 -0.337927
v 0.124609 -0.135937 -0.339353
v 0.123808 -0.140724 -0.338132
v 0.124632 -0.136003 -0.339558
v 0.123808 -0.140786 -0.338339
v 0.124632 -0.136065 -0.339766
v 0.123785 -0.140845 -0.338546
v 0.124609 -0.136124 -0.339973
v 0.123739 -0.140899 -0.338751
v 0.124563 -0.136178 -0.340177
v 0.123671 -0.140947 -0.338951
v 0.124495 -0.136226 -0.340377
v 0.123582 -0.140990 -0.339143
v 0.124405 -0.136269 -0.340570
v 0.123471 -0.141026 -0.339326
v 0.124295 -0.136305 -0.340753
v 0.123342 -0.141055 -0.339498
v 0.124166 -0.136334 -0.340924
v 0.123195 -0.141077 -0.339655
v 0.124019 -0.136356 -0.341081
v 0.123032 -0.141091 -0.339797
v 0.123856 -0.136370 -0.341224
v 0.122856 -0.141098 -0.339922
v 0.123679 -0.136377 -0.341348
v 0.122667 -0.141097 -0.340028
v 0.123490 -0.136377 -0.341455
v 0.122469 -0.141089 -0.340115
v 0.123292 -0.136368 -0.341541
v 0.122263 -0.141073 -0.340180
v 0.123086 -0.136352 -0.341606
v 0.122052 -0.141049 -0.340224
v 0.122875 -0.136328 -0.341650
v 0.121839 -0.141019 -0.340245
v 0.122662 -0.136298 -0.341672
v 0.121625 -0.140981 -0.340244
v 0.122449 -0.136260 -0.341671
v 0.121415 -0.140937 -0.340221
v 0.122238 -0.136216 -0.341647
v 0.121209 -0.140888 -0.340175
v 0.122032 -0.136167 -0.341602
v 0.121010 -0.140833 -0.340108
v 0.121834 -0.136112 -0.341535
v 0.120822 -0.140773 -0.340020
v 0.121645 -0.136052 -0.341447
v 0.120645 -0.140710 -0.339913
v 0.121468 -0.135989 -0.341339
v 0.120482 -0.140643 -0.339786
v 0.121306 -0.135922 -0.341213
v 0.120335 -0.140574 -0.339643
v 0.121159 -0.135853 -0.341069
v 0.120206 -0.140504 -0.339484
v 0.121029 -0.135783 -0.340910
v 0.120096 -0.140432 -0.339312
v 0.120919 -0.135711 -0.340738
v 0.120006 -0.140361 -0.339128
v 0.120830 -0.135640 -0.340554
v 0.119938 -0.140291 -0.338935
v 0.120761 -0.135570 -0.340361
v 0.119892 -0.140223 -0.338734
v 0.120715 -0.135502 -0.340161
v 0.119869 -0.140157 -0.338529
v 0.120692 -0.135436 -0.339956
v 0.119869 -0.140094 -0.338322
v 0.120692 -0.135373 -0.339749
v 0.119892 -0.140035 -0.338115
v 0.120715 -0.135314 -0.339541
v 0.119938 -0.139982 -0.337910
v 0.120761 -0.135261 -0.339337
v 0.120006 -0.139933 -0.337711
v 0.120830 -0.135212 -0.339137
v 0.120096 -0.139891 -0.337518
v 0.120919 -0.135170 -0.338944
v 0.120206 -0.139854 -0.337335
v 0.121029 -0.135134 -0.338762
v 0.120335 -0.139825 -0.337164
v 0.121159 -0.135104 -0.338590
v 0.120482 -0.139803 -0.337006
v 0.121306 -0.135082 -0.338433
v 0.120645 -0.139789 -0.336864
v 0.121468 -0.135068 -0.338291
v 0.120822 -0.139782 -0.336739
v 0.121645 -0.135061 -0.338166
v 0.121010 -0.139783 -0.336633
v 0.121834 -0.135062 -0.338059
v 0.121209 -0.139791 -0.336547
v 0.122032 -0.135070 -0.337973
v 0.121415 -0.139807 -0.336481
v 0.122238 -0.135086 -0.337908
v 0.121625 -0.139831 -0.336438
v 0.122449 -0.135110 -0.337864
v 0.162696 -0.158979 -0.376102
v 0.163520 -0.154258 -0.377528
v 0.162910 -0.159016 -0.376103
v 0.163733 -0.154295 -0.377529
v 0.163121 -0.159060 -0.376126
v 0.163944 -0.154339 -0.377553
v 0.163326 -0.159110 -0.376172
v 0.164150 -0.154389 -0.377598
v 0.163525 -0.159165 -0.376239
v 0.164348 -0.154444 -0.377665
v 0.163713 -0.159224 -0.376327
v 0.164537 -0.154503 -0.377753
v 0.163890 -0.159288 -0.376435
v 0.164714 -0.154567 -0.377861
v 0.164053 -0.159354 -0.376561
v 0.164877 -0.154633 -0.377987
v 0.164200 -0.159423 -0.376705
v 0.165023 -0.154702 -0.378131
v 0.164329 -0.159494 -0.376863
v 0.165153 -0.154773 -0.378290
v 0.164439 -0.159565 -0.377036
v 0.165263 -0.154844 -0.378462
v 0.164529 -0.159636 -0.377219
v 0.165353 -0.154915 -0.378646
v 0.164597 -0.159706 -0.377413
v 0.165421 -0.154985 -0.378839
v 0.164643 -0.159775 -0.377613
v 0.165467 -0.155054 -0.379039
v 0.164666 -0.159841 -0.377818
v 0.165490 -0.155120 -0.379244
v 0.164666 -0.159903 -0.378025
v 0.165490 -0.155182 -0.379451
v 0.164643 -0.159962 -0.378232
v 0.165467 -0.155241 -0.379659
v 0.164597 -0.160016 -0.378437
v 0.165421 -0.155295 -0.379863
v 0.164529 -0.160064 -0.378637
v 0.165353 -0.155343 -0.380063
v 0.164439 -0.160107 -0.378829
v 0.165263 -0.155386 -0.380256
v 0.164329 -0.160143 -0.379012
v 0.165153 -0.155422 -0.380438
v 0.164200 -0.160172 -0.379183
v 0.165023 -0.155451 -0.380610
v 0.164053 -0.160194 -0.379341
v 0.164877 -0.155473 -0.380767
v 0.163890 -0.160209 -0.379483
v 0.164714 -0.155488 -0.380909
v 0.163713 -0.160215 -0.379608
v 0.164537 -0.155494 -0.381034
v 0.163525 -0.160215 -0.379714
v 0.164348 -0.155494 -0.381140
v 0.163326 -0.160206 -0.379800
v 0.164150 -0.155485 -0.381227
v 0.163121 -0.160190 -0.379866
v 0.163944 -0.155469 -0.381292
v 0.162910 -0.160166 -0.379910
v 0.163733 -0.155445 -0.381336
v 0.162696 -0.160136 -0.379931
v 0.163520 -0.155415 -0.381357
v 0.162483 -0.160098 -0.379930
v 0.163307 -0.155377 -0.381357
v 0.162272 -0.160054 -0.379907
v 0.163096 -0.155333 -0.381333
v 0.162067 -0.160005 -0.379861
v 0.162890 -0.155284 -0.381288
v 0.161868 -0.159950 -0.379794
v 0.162692 -0.155229 -0.381220
v 0.161679 -0.159890 -0.379706
v 0.162503 -0.155169 -0.381132
v 0.161503 -0.159827 -0.379598
v 0.162326 -0.155106 -0.381025
v 0.161340 -0.159760 -0.379472
v 0.162163 -0.155039 -0.380898
v 0.161193 -0.159691 -0.379329
v 0.162016 -0.154970 -0.380755
v 0.161064 -0.159621 -0.379170
v 0.161887 -0.154900 -0.380596
v 0.160954 -0.159550 -0.378998
v 0.161777 -0.154829 -0.380424
v 0.160864 -0.159478 -0.378814
v 0.161687 -0.154757 -0.380240
v 0.160796 -0.159408 -0.378621
v 0.161619 -0.154687 -0.380047
v 0.160750 -0.159340 -0.378420
v 0.161573 -0.154619 -0.379847
v 0.160727 -0.159274 -0.378215
v 0.161550 -0.154553 -0.379642
v 0.160727 -0.159211 -0.378008
v 0.161550 -0.154490 -0.379434
v 0.160750 -0.159152 -0.377801
v 0.161573 -0.154432 -0.379227
v 0.160796 -0.159099 -0.377596
v 0.161619 -0.154378 -0.379023
v 0.160864 -0.159050 -0.377396
v 0.161687 -0.154329 -0.378823
v 0.160954 -0.159008 -0.377204
v 0.161777 -0.154287 -0.378630
v 0.161064 -0.158972 -0.377021
v 0.161887 -0.154251 -0.378447
v 0.161193 -0.158942 -0.376850
v 0.162016 -0.154221 -0.378276
v 0.161340 -0.158920 -0.376692
v 0.162163 -0.154199 -0.378118
v 0.161503 -0.158906 -0.376550
v 0.162326 -0.154185 -0.377976
v 0.161679 -0.158899 -0.376425
v 0.162503 -0.154178 -0.377852
v 0.161868 -0.158900 -0.376319
v 0.162692 -0.154179 -0.377745
v 0.162067 -0.158908 -0.376233
v 0.162890 -0.154187 -0.377659
v 0.162272 -0.158925 -0.376167
v 0.163096 -0.154204 -0.377594
v 0.162483 -0.158948 -0.376124
v 0.163307 -0.154227 -0.377550
v 0.128649 -0.158873 -0.395408
v 0.129472 -0.154152 -0.396834
v 0.128862 -0.158910 -0.395408
v 0.129686 -0.154189 -0.396835
v 0.129073 -0.158954 -0.395432
v 0.129897 -0.154233 -0.396858
v 0.129279 -0.159003 -0.395477
v 0.130102 -0.154283 -0.396904
v 0.129477 -0.159058 -0.395544
v 0.130301 -0.154337 -0.396971
v 0.129666 -0.159118 -0.395632
v 0.130489 -0.154397 -0.397059
v 0.129843 -0.159181 -0.395740
v 0.130666 -0.154460 -0.397167
v 0.130006 -0.159248 -0.395867
v 0.130829 -0.154527 -0.397293
v 0.130152 -0.159317 -0.396010
v 0.130976 -0.154596 -0.397436
v 0.130282 -0.159387 -0.396169
v 0.131105 -0.154666 -0.397595
v 0.130392 -0.159459 -0.396341
v 0.131215 -0.154738 -0.397767
v 0.130482 -0.159530 -0.396525
v 0.131305 -0.154809 -0.397951
v 0.130550 -0.159600 -0.396718
v 0.131373 -0.154879 -0.398144
v 0.130596 -0.159669 -0.396918
v 0.131419 -0.154948 -0.398345
v 0.130619 -0.159735 -0.397123
v 0.131442 -0.155014 -0.398550
v 0.130619 -0.159797 -0.397331
v 0.131442 -0.155076 -0.398757
v 0.130596 -0.159856 -0.397538
v 0.131419 -0.155135 -0.398964
v 0.130550 -0.159910 -0.397742
v 0.131373 -0.155189 -0.399169
v 0.130482 -0.159958 -0.397942
v 0.131305 -0.155237 -0.399369
v 0.130392 -0.160000 -0.398135
v 0.131215 -0.155280 -0.399561
v 0.130282 -0.160037 -0.398318
v 0.131105 -0.155316 -0.399744
v 0.130152 -0.160066 -0.398489
v 0.130976 -0.155345 -0.399915
v 0.130006 -0.160088 -0.398647
v 0.130829 -0.155367 -0.400073
v 0.129843 -0.160102 -0.398789
v 0.130666 -0.155381 -0.400215
v 0.129666 -0.160109 -0.398913
v 0.130489 -0.155388 -0.400340
v 0.129477 -0.160108 -0.399020
v 0.130301 -0.155387 -0.400446
v 0.129279 -0.160100 -0.399106
v 0.130102 -0.155379 -0.400532
v 0.129073 -0.160084 -0.399171
v 0.129897 -0.155363 -0.400598
v 0.128862 -0.160060 -0.399215
v 0.129686 -0.155339 -0.400641
v 0.128649 -0.160029 -0.399237
v 0.129472 -0.155308 -0.400663
v 0.128436 -0.159992 -0.399236
v 0.129259 -0.155271 -0.400662
v 0.128225 -0.159948 -0.399212
v 0.129048 -0.155227 -0.400639
v 0.128019 -0.159898 -0.399167
v 0.128843 -0.155177 -0.400593
v 0.127821 -0.159844 -0.399100
v 0.128644 -0.155123 -0.400526
v 0.127632 -0.159784 -0.399012
v 0.128455 -0.155063 -0.400438
v 0.127455 -0.159721 -0.398904
v 0.128279 -0.155000 -0.400330
v 0.127292 -0.159654 -0.398778
v 0.128116 -0.154933 -0.400204
v 0.127145 -0.159585 -0.398634
v 0.127969 -0.154864 -0.400060
v 0.127016 -0.159515 -0.398475
v 0.127840 -0.154794 -0.399902
v 0.126906 -0.159443 -0.398303
v 0.127730 -0.154722 -0.399729
v 0.126816 -0.159372 -0.398119
v 0.127640 -0.154651 -0.399546
v 0.126748 -0.159302 -0.397926
v 0.127572 -0.154581 -0.399352
v 0.126702 -0.159233 -0.397726
v 0.127526 -0.154512 -0.399152
v 0.126679 -0.159167 -0.397521
v 0.127503 -0.154446 -0.398947
v 0.126679 -0.159105 -0.397314
v 0.127503 -0.154384 -0.398740
v 0.126702 -0.159046 -0.397106
v 0.127526 -0.154325 -0.398533
v 0.126748 -0.158992 -0.396902
v 0.127572 -0.154271 -0.398328
v 0.126816 -0.158944 -0.396702
v 0.127640 -0.154223 -0.398128
v 0.126906 -0.158901 -0.396509
v 0.127730 -0.154180 -0.397936
v 0.127016 -0.158865 -0.396327
v 0.127840 -0.154144 -0.397753
v 0.127145 -0.158836 -0.396155
v 0.127969 -0.154115 -0.397582
v 0.127292 -0.158814 -0.395998
v 0.128116 -0.154093 -0.397424
v 0.127455 -0.158800 -0.395856
v 0.128279 -0.154079 -0.397282
v 0.127632 -0.158793 -0.395731
v 0.128455 -0.154072 -0.397157
v 0.127821 -0.158794 -0.395625
v 0.128644 -0.154073 -0.397051
v 0.128019 -0.158802 -0.395538
v 0.128843 -0.154081 -0.396965
v 0.128225 -0.158818 -0.395473
v 0.129048 -0.154097 -0.396899
v 0.128436 -0.158842 -0.395429
v 0.129259 -0.154121 -0.396855
v 0.199292 -0.158896 -0.354700
v 0.200116 -0.154175 -0.356126
v 0.199505 -0.158934 -0.354701
v 0.200329 -0.154213 -0.356127
v 0.199716 -0.158977 -0.354724
v 0.200540 -0.154257 -0.356151
v 0.199922 -0.159027 -0.354770
v 0.200745 -0.154306 -0.356196
v 0.200120 -0.159082 -0.354837
v 0.200944 -0.154361 -0.356263
v 0.200309 -0.159142 -0.354925
v 0.201133 -0.154421 -0.356351
v 0.200486 -0.159205 -0.355033
v 0.201309 -0.154484 -0.356459
v 0.200649 -0.159272 -0.355159
v 0.201472 -0.154551 -0.356585
v 0.200796 -0.159340 -0.355303
v 0.201619 -0.154620 -0.356729
v 0.200925 -0.159411 -0.355461
v 0.201748 -0.154690 -0.356888
v 0.201035 -0.159482 -0.355634
v 0.201858 -0.154761 -0.357060
v 0.201125 -0.159553 -0.355817
v 0.201948 -0.154832 -0.357244
v 0.201193 -0.159624 -0.356011
v 0.202016 -0.154903 -0.357437
v 0.201239 -0.159692 -0.356211
v 0.202062 -0.154971 -0.357637
v 0.201262 -0.159758 -0.356416
v 0.202085 -0.155037 -0.357842
v 0.201262 -0.159821 -0.356623
v 0.202085 -0.155100 -0.358049
v 0.201239 -0.159879 -0.356830
v 0.202062 -0.155158 -0.358257
v 0.201193 -0.159933 -0.357035
v 0.202016 -0.155212 -0.358461
v 0.201125 -0.159982 -0.357235
v 0.201948 -0.155261 -0.358661
v 0.201035 -0.160024 -0.357427
v 0.201858 -0.155303 -0.358854
v 0.200925 -0.160060 -0.357610
v 0.201748 -0.155339 -0.359036
v 0.200796 -0.160089 -0.357781
v 0.201619 -0.155368 -0.359208
v 0.200649 -0.160111 -0.357939
v 0.201472 -0.155390 -0.359365
v 0.200486 -0.160126 -0.358081
v 0.201309 -0.155405 -0.359507
v 0.200309 -0.160133 -0.358206
v 0.201133 -0.155412 -0.359632
v 0.200120 -0.160132 -0.358312
v 0.200944 -0.155411 -0.359738
v 0.199922 -0.160123 -0.358398
v 0.200745 -0.155402 -0.359825
v 0.199716 -0.160107 -0.358464
v 0.200540 -0.155386 -0.359890
v 0.199505 -0.160084 -0.358508
v 0.200329 -0.155363 -0.359934
v 0.199292 -0.160053 -0.358529
v 0.200116 -0.155332 -0.359955
v 0.199079 -0.160016 -0.358528
v 0.199902 -0.155295 -0.359955
v 0.198868 -0.159972 -0.358505
v 0.199691 -0.155251 -0.359931
v 0.198662 -0.159922 -0.358459
v 0.199486 -0.155201 -0.359886
v 0.198464 -0.159867 -0.358392
v 0.199287 -0.155146 -0.359818
v 0.198275 -0.159808 -0.358304
v 0.199098 -0.155087 -0.359731
v 0.198098 -0.159744 -0.358196
v 0.198922 -0.155023 -0.359623
v 0.197935 -0.159678 -0.358070
v 0.198759 -0.154957 -0.359496
v 0.197789 -0.159609 -0.357927
v 0.198612 -0.154888 -0.359353
v 0.197659 -0.159538 -0.357768
v 0.198483 -0.154817 -0.359194
v 0.197549 -0.159467 -0.357596
v 0.198373 -0.154746 -0.359022
v 0.197459 -0.159396 -0.357412
v 0.198283 -0.154675 -0.358838
v 0.197391 -0.159326 -0.357219
v 0.198215 -0.154605 -0.358645
v 0.197345 -0.159257 -0.357018
v 0.198169 -0.154536 -0.358445
v 0.197322 -0.159191 -0.356813
v 0.198146 -0.154470 -0.358240
v 0.197322 -0.159128 -0.356606
v 0.198146 -0.154407 -0.358032
v 0.197345 -0.159070 -0.356399
v 0.198169 -0.154349 -0.357825
v 0.197391 -0.159016 -0.356194
v 0.198215 -0.154295 -0.357621
v 0.197459 -0.158968 -0.355994
v 0.198283 -0.154247 -0.357421
v 0.197549 -0.158925 -0.355802
v 0.198373 -0.154204 -0.357228
v 0.197659 -0.158889 -0.355619
v 0.198483 -0.154168 -0.357045
v 0.197789 -0.158860 -0.355448
v 0.198612 -0.154139 -0.356874
v 0.197935 -0.158838 -0.355290
v 0.198759 -0.154117 -0.356717
v 0.198098 -0.158823 -0.355148
v 0.198922 -0.154102 -0.356574
v 0.198275 -0.158816 -0.355023
v 0.199098 -0.154095 -0.356450
v 0.198464 -0.158817 -0.354917
v 0.199287 -0.154096 -0.356343
v 0.198662 -0.158826 -0.354831
v 0.199486 -0.154105 -0.356257
v 0.198868 -0.158842 -0.354765
v 0.199691 -0.154121 -0.356192
v 0.199079 -0.158865 -0.354722
v 0.199902 -0.154145 -0.356148
v 0.213506 -0.160506 -0.217576
v 0.215164 -0.155789 -0.217576
v 0.213495 -0.160502 -0.217792
v 0.215153 -0.155785 -0.217792
v 0.213462 -0.160491 -0.218006
v 0.215120 -0.155774 -0.218006
v 0.213408 -0.160472 -0.218215
v 0.215065 -0.155754 -0.218215
v 0.213332 -0.160445 -0.218416
v 0.214990 -0.155728 -0.218416
v 0.213236 -0.160411 -0.218607
v 0.214894 -0.155694 -0.218607
v 0.213122 -0.160371 -0.218786
v 0.214779 -0.155654 -0.218786
v 0.212989 -0.160325 -0.218952
v 0.214647 -0.155607 -0.218952
v 0.212841 -0.160273 -0.219100
v 0.214499 -0.155555 -0.219100
v 0.212678 -0.160215 -0.219232
v 0.214336 -0.155498 -0.219232
v 0.212503 -0.160154 -0.219343
v 0.214161 -0.155437 -0.219343
v 0.212318 -0.160089 -0.219434
v 0.213976 -0.155372 -0.219434
v 0.212124 -0.160021 -0.219503
v 0.213782 -0.155303 -0.219503
v 0.211925 -0.159951 -0.219550
v 0.213583 -0.155233 -0.219550
v 0.211722 -0.159879 -0.219573
v 0.213379 -0.155162 -0.219573
v 0.211517 -0.159807 -0.219573
v 0.213175 -0.155090 -0.219573
v 0.211314 -0.159736 -0.219550
v 0.212972 -0.155019 -0.219550
v 0.211115 -0.159666 -0.219503
v 0.212772 -0.154949 -0.219503
v 0.210921 -0.159598 -0.219434
v 0.212579 -0.154881 -0.219434
v 0.210736 -0.159533 -0.219343
v 0.212393 -0.154815 -0.219343
v 0.210561 -0.159471 -0.219232
v 0.212218 -0.154754 -0.219232
v 0.210398 -0.159414 -0.219100
v 0.212056 -0.154697 -0.219100
v 0.210250 -0.159362 -0.218952
v 0.211907 -0.154645 -0.218952
v 0.210117 -0.159315 -0.218786
v 0.211775 -0.154598 -0.218786
v 0.210003 -0.159275 -0.218607
v 0.211660 -0.154558 -0.218607
v 0.209907 -0.159241 -0.218416
v 0.211565 -0.154524 -0.218416
v 0.209831 -0.159215 -0.218215
v 0.211489 -0.154498 -0.218215
v 0.209777 -0.159196 -0.218006
v 0.211434 -0.154478 -0.218006
v 0.209744 -0.159184 -0.217792
v 0.211401 -0.154467 -0.217792
v 0.209733 -0.159180 -0.217576
v 0.211390 -0.154463 -0.217576
v 0.209744 -0.159184 -0.217360
v 0.211401 -0.154467 -0.217360
v 0.209777 -0.159196 -0.217146
v 0.211434 -0.154478 -0.217146
v 0.209831 -0.159215 -0.216938
v 0.211489 -0.154498 -0.216938
v 0.209907 -0.159241 -0.216736
v 0.211565 -0.154524 -0.216736
v 0.210003 -0.159275 -0.216545
v 0.211660 -0.154558 -0.216545
v 0.210117 -0.159315 -0.216366
v 0.211775 -0.154598 -0.216366
v 0.210250 -0.159362 -0.216201
v 0.211907 -0.154645 -0.216201
v 0.210398 -0.159414 -0.216052
v 0.212056 -0.154697 -0.216052
v 0.210561 -0.159471 -0.215921
v 0.212218 -0.154754 -0.215921
v 0.210736 -0.159533 -0.215809
v 0.212393 -0.154815 -0.215809
v 0.210921 -0.159598 -0.215718
v 0.212579 -0.154881 -0.215718
v 0.211115 -0.159666 -0.215649
v 0.212772 -0.154949 -0.215649
v 0.211314 -0.159736 -0.215602
v 0.212972 -0.155019 -0.215602
v 0.211517 -0.159807 -0.215579
v 0.213175 -0.155090 -0.215579
v 0.211722 -0.159879 -0.215579
v 0.213379 -0.155162 -0.215579
v 0.211925 -0.159951 -0.215602
v 0.213583 -0.155233 -0.215602
v 0.212124 -0.160021 -0.215649
v 0.213782 -0.155303 -0.215649
v 0.212318 -0.160089 -0.215718
v 0.213976 -0.155372 -0.215718
v 0.212503 -0.160154 -0.215809
v 0.214161 -0.155437 -0.215809
v 0.212678 -0.160215 -0.215921
v 0.214336 -0.155498 -0.215921
v 0.212841 -0.160273 -0.216052
v 0.214499 -0.155555 -0.216052
v 0.212989 -0.160325 -0.216201
v 0.214647 -0.155607 -0.216201
v 0.213122 -0.160371 -0.216366
v 0.214779 -0.155654 -0.216366
v 0.213236 -0.160411 -0.216545
v 0.214894 -0.155694 -0.216545
v 0.213332 -0.160445 -0.216736
v 0.214990 -0.155728 -0.216736
v 0.213408 -0.160472 -0.216938
v 0.215065 -0.155754 -0.216938
v 0.213462 -0.160491 -0.217146
v 0.215120 -0.155774 -0.217146
v 0.213495 -0.160502 -0.217360
v 0.215153 -0.155785 -0.217360
v 0.155093 -0.139978 -0.309881
v 0.156751 -0.135261 -0.309881
v 0.155082 -0.139974 -0.310097
v 0.156740 -0.135257 -0.310097
v 0.155049 -0.139963 -0.310311
v 0.156707 -0.135245 -0.310311
v 0.154994 -0.139943 -0.310520
v 0.156652 -0.135226 -0.310520
v 0.154919 -0.139917 -0.310721
v 0.156576 -0.135200 -0.310721
v 0.154823 -0.139883 -0.310912
v 0.156481 -0.135166 -0.310912
v 0.154708 -0.139843 -0.311091
v 0.156366 -0.135126 -0.311091
v 0.154576 -0.139796 -0.311256
v 0.156234 -0.135079 -0.311256
v 0.154428 -0.139744 -0.311405
v 0.156085 -0.135027 -0.311405
v 0.154265 -0.139687 -0.311536
v 0.155923 -0.134970 -0.311536
v 0.154090 -0.139626 -0.311648
v 0.155748 -0.134908 -0.311648
v 0.153905 -0.139560 -0.311739
v 0.155562 -0.134843 -0.311739
v 0.153711 -0.139492 -0.311808
v 0.155369 -0.134775 -0.311808
v 0.153511 -0.139422 -0.311855
v 0.155169 -0.134705 -0.311855
v 0.153308 -0.139351 -0.311878
v 0.154966 -0.134634 -0.311878
v 0.153104 -0.139279 -0.311878
v 0.154762 -0.134562 -0.311878
v 0.152901 -0.139208 -0.311855
v 0.154559 -0.134491 -0.311855
v 0.152701 -0.139138 -0.311808
v 0.154359 -0.134420 -0.311808
v 0.152508 -0.139070 -0.311739
v 0.154165 -0.134352 -0.311739
v 0.152322 -0.139004 -0.311648
v 0.153980 -0.134287 -0.311648
v 0.152147 -0.138943 -0.311536
v 0.153805 -0.134226 -0.311536
v 0.151985 -0.138886 -0.311405
v 0.153642 -0.134169 -0.311405
v 0.151836 -0.138834 -0.311256
v 0.153494 -0.134116 -0.311256
v 0.151704 -0.138787 -0.311091
v 0.153362 -0.134070 -0.311091
v 0.151589 -0.138747 -0.310912
v 0.153247 -0.134030 -0.310912
v 0.151494 -0.138713 -0.310721
v 0.153151 -0.133996 -0.310721
v 0.151418 -0.138687 -0.310520
v 0.153076 -0.133969 -0.310520
v 0.151363 -0.138667 -0.310311
v 0.153021 -0.133950 -0.310311
v 0.151330 -0.138656 -0.310097
v 0.152988 -0.133939 -0.310097
v 0.151319 -0.138652 -0.309881
v 0.152977 -0.133935 -0.309881
v 0.151330 -0.138656 -0.309665
v 0.152988 -0.133939 -0.309665
v 0.151363 -0.138667 -0.309451
v 0.153021 -0.133950 -0.309451
v 0.151418 -0.138687 -0.309242
v 0.153076 -0.133969 -0.309242
v 0.151494 -0.138713 -0.309041
v 0.153151 -0.133996 -0.309041
v 0.151589 -0.138747 -0.308850
v 0.153247 -0.134030 -0.308850
v 0.151704 -0.138787 -0.308671
v 0.153362 -0.134070 -0.308671
v 0.151836 -0.138834 -0.308506
v 0.153494 -0.134116 -0.308506
v 0.151985 -0.138886 -0.308357
v 0.153642 -0.134169 -0.308357
v 0.152147 -0.138943 -0.308226
v 0.153805 -0.134226 -0.308226
v 0.152322 -0.139004 -0.308114
v 0.153980 -0.134287 -0.308114
v 0.152508 -0.139070 -0.308023
v 0.154165 -0.134352 -0.308023
v 0.152701 -0.139138 -0.307954
v 0.154359 -0.134420 -0.307954
v 0.152901 -0.139208 -0.307907
v 0.154559 -0.134491 -0.307907
v 0.153104 -0.139279 -0.307884
v 0.154762 -0.134562 -0.307884
v 0.153308 -0.139351 -0.307884
v 0.154966 -0.134634 -0.307884
v 0.153511 -0.139422 -0.307907
v 0.155169 -0.134705 -0.307907
v 0.153711 -0.139492 -0.307954
v 0.155369 -0.134775 -0.307954
v 0.153905 -0.139560 -0.308023
v 0.155562 -0.134843 -0.308023
v 0.154090 -0.139626 -0.308114
v 0.155748 -0.134908 -0.308114
v 0.154265 -0.139687 -0.308226
v 0.155923 -0.134970 -0.308226
v 0.154428 -0.139744 -0.308357
v 0.156085 -0.135027 -0.308357
v 0.154576 -0.139796 -0.308506
v 0.156234 -0.135079 -0.308506
v 0.154708 -0.139843 -0.308671
v 0.156366 -0.135126 -0.308671
v 0.154823 -0.139883 -0.308850
v 0.156481 -0.135166 -0.308850
v 0.154919 -0.139917 -0.309041
v 0.156576 -0.135200 -0.309041
v 0.154994 -0.139943 -0.309242
v 0.156652 -0.135226 -0.309242
v 0.155049 -0.139963 -0.309451
v 0.156707 -0.135245 -0.309451
v 0.155082 -0.139974 -0.309665
v 0.156740 -0.135257 -0.309665
v 0.155093 -0.139978 -0.279113
v 0.156751 -0.135261 -0.279113
v 0.155082 -0.139974 -0.279329
v 0.156740 -0.135257 -0.279329
v 0.155049 -0.139963 -0.279543
v 0.156707 -0.135245 -0.279543
v 0.154994 -0.139943 -0.279751
v 0.156652 -0.135226 -0.279751
v 0.154919 -0.139917 -0.279952
v 0.156576 -0.135200 -0.279952
v 0.154823 -0.139883 -0.280144
v 0.156481 -0.135166 -0.280144
v 0.154708 -0.139843 -0.280323
v 0.156366 -0.135126 -0.280323
v 0.154576 -0.139796 -0.280488
v 0.156234 -0.135079 -0.280488
v 0.154428 -0.139744 -0.280637
v 0.156085 -0.135027 -0.280637
v 0.154265 -0.139687 -0.280768
v 0.155923 -0.134970 -0.280768
v 0.154090 -0.139626 -0.280880
v 0.155748 -0.134908 -0.280880
v 0.153905 -0.139560 -0.280971
v 0.155562 -0.134843 -0.280971
v 0.153711 -0.139492 -0.281040
v 0.155369 -0.134775 -0.281040
v 0.153511 -0.139422 -0.281086
v 0.155169 -0.134705 -0.281086
v 0.153308 -0.139351 -0.281110
v 0.154966 -0.134634 -0.281110
v 0.153104 -0.139279 -0.281110
v 0.154762 -0.134562 -0.281110
v 0.152901 -0.139208 -0.281086
v 0.154559 -0.134491 -0.281086
v 0.152701 -0.139138 -0.281040
v 0.154359 -0.134420 -0.281040
v 0.152508 -0.139070 -0.280971
v 0.154165 -0.134352 -0.280971
v 0.152322 -0.139004 -0.280880
v 0.153980 -0.134287 -0.280880
v 0.152147 -0.138943 -0.280768
v 0.153805 -0.134226 -0.280768
v 0.151985 -0.138886 -0.280637
v 0.153642 -0.134169 -0.280637
v 0.151836 -0.138834 -0.280488
v 0.153494 -0.134116 -0.280488
v 0.151704 -0.138787 -0.280323
v 0.153362 -0.134070 -0.280323
v 0.151589 -0.138747 -0.280144
v 0.153247 -0.134030 -0.280144
v 0.151494 -0.138713 -0.279952
v 0.153151 -0.133996 -0.279952
v 0.151418 -0.138687 -0.279751
v 0.153076 -0.133969 -0.279751
v 0.151363 -0.138667 -0.279543
v 0.153021 -0.133950 -0.279543
v 0.151330 -0.138656 -0.279329
v 0.152988 -0.133939 -0.279329
v 0.151319 -0.138652 -0.279113
v 0.152977 -0.133935 -0.279113
v 0.151330 -0.138656 -0.278896
v 0.152988 -0.133939 -0.278896
v 0.151363 -0.138667 -0.278683
v 0.153021 -0.133950 -0.278683
v 0.151418 -0.138687 -0.278474
v 0.153076 -0.133969 -0.278474
v 0.151494 -0.138713 -0.278273
v 0.153151 -0.133996 -0.278273
v 0.151589 -0.138747 -0.278082
v 0.153247 -0.134030 -0.278082
v 0.151704 -0.138787 -0.277902
v 0.153362 -0.134070 -0.277902
v 0.151836 -0.138834 -0.277737
v 0.153494 -0.134116 -0.277737
v 0.151985 -0.138886 -0.277588
v 0.153642 -0.134169 -0.277588
v 0.152147 -0.138943 -0.277457
v 0.153805 -0.134226 -0.277457
v 0.152322 -0.139004 -0.277346
v 0.153980 -0.134287 -0.277346
v 0.152508 -0.139070 -0.277255
v 0.154165 -0.134352 -0.277255
v 0.152701 -0.139138 -0.277186
v 0.154359 -0.134420 -0.277186
v 0.152901 -0.139208 -0.277139
v 0.154559 -0.134491 -0.277139
v 0.153104 -0.139279 -0.277116
v 0.154762 -0.134562 -0.277116
v 0.153308 -0.139351 -0.277116
v 0.154966 -0.134634 -0.277116
v 0.153511 -0.139422 -0.277139
v 0.155169 -0.134705 -0.277139
v 0.153711 -0.139492 -0.277186
v 0.155369 -0.134775 -0.277186
v 0.153905 -0.139560 -0.277255
v 0.155562 -0.134843 -0.277255
v 0.154090 -0.139626 -0.277346
v 0.155748 -0.134908 -0.277346
v 0.154265 -0.139687 -0.277457
v 0.155923 -0.134970 -0.277457
v 0.154428 -0.139744 -0.277588
v 0.156085 -0.135027 -0.277588
v 0.154576 -0.139796 -0.277737
v 0.156234 -0.135079 -0.277737
v 0.154708 -0.139843 -0.277902
v 0.156366 -0.135126 -0.277902
v 0.154823 -0.139883 -0.278082
v 0.156481 -0.135166 -0.278082
v 0.154919 -0.139917 -0.278273
v 0.156576 -0.135200 -0.278273
v 0.154994 -0.139943 -0.278474
v 0.156652 -0.135226 -0.278474
v 0.155049 -0.139963 -0.278683
v 0.156707 -0.135245 -0.278683
v 0.155082 -0.139974 -0.278896
v 0.156740 -0.135257 -0.278896
v 0.155093 -0.139978 -0.248344
v 0.156751 -0.135261 -0.248344
v 0.155082 -0.139974 -0.248561
v 0.156740 -0.135257 -0.248561
v 0.155049 -0.139963 -0.248774
v 0.156707 -0.135245 -0.248774
v 0.154994 -0.139943 -0.248983
v 0.156652 -0.135226 -0.248983
v 0.154919 -0.139917 -0.249184
v 0.156576 -0.135200 -0.249184
v 0.154823 -0.139883 -0.249376
v 0.156481 -0.135166 -0.249376
v 0.154708 -0.139843 -0.249555
v 0.156366 -0.135126 -0.249555
v 0.154576 -0.139796 -0.249720
v 0.156234 -0.135079 -0.249720
v 0.154428 -0.139744 -0.249869
v 0.156085 -0.135027 -0.249869
v 0.154265 -0.139687 -0.250000
v 0.155923 -0.134970 -0.250000
v 0.154090 -0.139626 -0.250111
v 0.155748 -0.134908 -0.250111
v 0.153905 -0.139560 -0.250202
v 0.155562 -0.134843 -0.250202
v 0.153711 -0.139492 -0.250271
v 0.155369 -0.134775 -0.250271
v 0.153511 -0.139422 -0.250318
v 0.155169 -0.134705 -0.250318
v 0.153308 -0.139351 -0.250341
v 0.154966 -0.134634 -0.250341
v 0.153104 -0.139279 -0.250341
v 0.154762 -0.134562 -0.250341
v 0.152901 -0.139208 -0.250318
v 0.154559 -0.134491 -0.250318
v 0.152701 -0.139138 -0.250271
v 0.154359 -0.134420 -0.250271
v 0.152508 -0.139070 -0.250202
v 0.154165 -0.134352 -0.250202
v 0.152322 -0.139004 -0.250111
v 0.153980 -0.134287 -0.250111
v 0.152147 -0.138943 -0.250000
v 0.153805 -0.134226 -0.250000
v 0.151985 -0.138886 -0.249869
v 0.153642 -0.134169 -0.249869
v 0.151836 -0.138834 -0.249720
v 0.153494 -0.134116 -0.249720
v 0.151704 -0.138787 -0.249555
v 0.153362 -0.134070 -0.249555
v 0.151589 -0.138747 -0.249376
v 0.153247 -0.134030 -0.249376
v 0.151494 -0.138713 -0.249184
v 0.153151 -0.133996 -0.249184
v 0.151418 -0.138687 -0.248983
v 0.153076 -0.133969 -0.248983
v 0.151363 -0.138667 -0.248774
v 0.153021 -0.133950 -0.248774
v 0.151330 -0.138656 -0.248561
v 0.152988 -0.133939 -0.248561
v 0.151319 -0.138652 -0.248344
v 0.152977 -0.133935 -0.248344
v 0.151330 -0.138656 -0.248128
v 0.152988 -0.133939 -0.248128
v 0.151363 -0.138667 -0.247914
v 0.153021 -0.133950 -0.247914
v 0.151418 -0.138687 -0.247706
v 0.153076 -0.133969 -0.247706
v 0.151494 -0.138713 -0.247505
v 0.153151 -0.133996 -0.247505
v 0.151589 -0.138747 -0.247313
v 0.153247 -0.134030 -0.247313
v 0.151704 -0.138787 -0.247134
v 0.153362 -0.134070 -0.247134
v 0.151836 -0.138834 -0.246969
v 0.153494 -0.134116 -0.246969
v 0.151985 -0.138886 -0.246820
v 0.153642 -0.134169 -0.246820
v 0.152147 -0.138943 -0.246689
v 0.153805 -0.134226 -0.246689
v 0.152322 -0.139004 -0.246577
v 0.153980 -0.134287 -0.246577
v 0.152508 -0.139070 -0.246486
v 0.154165 -0.134352 -0.246486
v 0.152701 -0.139138 -0.246417
v 0.154359 -0.134420 -0.246417
v 0.152901 -0.139208 -0.246371
v 0.154559 -0.134491 -0.246371
v 0.153104 -0.139279 -0.246347
v 0.154762 -0.134562 -0.246347
v 0.153308 -0.139351 -0.246347
v 0.154966 -0.134634 -0.246347
v 0.153511 -0.139422 -0.246371
v 0.155169 -0.134705 -0.246371
v 0.153711 -0.139492 -0.246417
v 0.155369 -0.134775 -0.246417
v 0.153905 -0.139560 -0.246486
v 0.155562 -0.134843 -0.246486
v 0.154090 -0.139626 -0.246577
v 0.155748 -0.134908 -0.246577
v 0.154265 -0.139687 -0.246689
v 0.155923 -0.134970 -0.246689
v 0.154428 -0.139744 -0.246820
v 0.156085 -0.135027 -0.246820
v 0.154576 -0.139796 -0.246969
v 0.156234 -0.135079 -0.246969
v 0.154708 -0.139843 -0.247134
v 0.156366 -0.135126 -0.247134
v 0.154823 -0.139883 -0.247313
v 0.156481 -0.135166 -0.247313
v 0.154919 -0.139917 -0.247505
v 0.156576 -0.135200 -0.247505
v 0.154994 -0.139943 -0.247706
v 0.156652 -0.135226 -0.247706
v 0.155049 -0.139963 -0.247914
v 0.156707 -0.135245 -0.247914
v 0.155082 -0.139974 -0.248128
v 0.156740 -0.135257 -0.248128
v 0.213506 -0.160506 -0.258390
v 0.215164 -0.155789 -0.258390
v 0.213495 -0.160502 -0.258607
v 0.215153 -0.155785 -0.258607
v 0.213462 -0.160491 -0.258820
v 0.215120 -0.155774 -0.258820
v 0.213408 -0.160472 -0.259029
v 0.215065 -0.155754 -0.259029
v 0.213332 -0.160445 -0.259230
v 0.214990 -0.155728 -0.259230
v 0.213236 -0.160411 -0.259421
v 0.214894 -0.155694 -0.259421
v 0.213122 -0.160371 -0.259601
v 0.214779 -0.155654 -0.259601
v 0.212989 -0.160325 -0.259766
v 0.214647 -0.155607 -0.259766
v 0.212841 -0.160273 -0.259915
v 0.214499 -0.155555 -0.259915
v 0.212678 -0.160215 -0.260046
v 0.214336 -0.155498 -0.260046
v 0.212503 -0.160154 -0.260157
v 0.214161 -0.155437 -0.260157
v 0.212318 -0.160089 -0.260248
v 0.213976 -0.155372 -0.260248
v 0.212124 -0.160021 -0.260317
v 0.213782 -0.155303 -0.260317
v 0.211925 -0.159951 -0.260364
v 0.213583 -0.155233 -0.260364
v 0.211722 -0.159879 -0.260387
v 0.213379 -0.155162 -0.260387
v 0.211517 -0.159807 -0.260387
v 0.213175 -0.155090 -0.260387
v 0.211314 -0.159736 -0.260364
v 0.212972 -0.155019 -0.260364
v 0.211115 -0.159666 -0.260317
v 0.212772 -0.154949 -0.260317
v 0.210921 -0.159598 -0.260248
v 0.212579 -0.154881 -0.260248
v 0.210736 -0.159533 -0.260157
v 0.212393 -0.154815 -0.260157
v 0.210561 -0.159471 -0.260046
v 0.212218 -0.154754 -0.260046
v 0.210398 -0.159414 -0.259915
v 0.212056 -0.154697 -0.259915
v 0.210250 -0.159362 -0.259766
v 0.211907 -0.154645 -0.259766
v 0.210117 -0.159315 -0.259601
v 0.211775 -0.154598 -0.259601
v 0.210003 -0.159275 -0.259421
v 0.211660 -0.154558 -0.259421
v 0.209907 -0.159241 -0.259230
v 0.211565 -0.154524 -0.259230
v 0.209831 -0.159215 -0.259029
v 0.211489 -0.154498 -0.259029
v 0.209777 -0.159196 -0.258820
v 0.211434 -0.154478 -0.258820
v 0.209744 -0.159184 -0.258607
v 0.211401 -0.154467 -0.258607
v 0.209733 -0.159180 -0.258390
v 0.211390 -0.154463 -0.258390
v 0.209744 -0.159184 -0.258174
v 0.211401 -0.154467 -0.258174
v 0.209777 -0.159196 -0.257960
v 0.211434 -0.154478 -0.257960
v 0.209831 -0.159215 -0.257752
v 0.211489 -0.154498 -0.257752
v 0.209907 -0.159241 -0.257551
v 0.211565 -0.154524 -0.257551
v 0.210003 -0.159275 -0.257359
v 0.211660 -0.154558 -0.257359
v 0.210117 -0.159315 -0.257180
v 0.211775 -0.154598 -0.257180
v 0.210250 -0.159362 -0.257015
v 0.211907 -0.154645 -0.257015
v 0.210398 -0.159414 -0.256866
v 0.212056 -0.154697 -0.256866
v 0.210561 -0.159471 -0.256735
v 0.212218 -0.154754 -0.256735
v 0.210736 -0.159533 -0.256623
v 0.212393 -0.154815 -0.256623
v 0.210921 -0.159598 -0.256532
v 0.212579 -0.154881 -0.256532
v 0.211115 -0.159666 -0.256463
v 0.212772 -0.154949 -0.256463
v 0.211314 -0.159736 -0.256417
v 0.212972 -0.155019 -0.256417
v 0.211517 -0.159807 -0.256393
v 0.213175 -0.155090 -0.256393
v 0.211722 -0.159879 -0.256393
v 0.213379 -0.155162 -0.256393
v 0.211925 -0.159951 -0.256417
v 0.213583 -0.155233 -0.256417
v 0.212124 -0.160021 -0.256463
v 0.213782 -0.155303 -0.256463
v 0.212318 -0.160089 -0.256532
v 0.213976 -0.155372 -0.256532
v 0.212503 -0.160154 -0.256623
v 0.214161 -0.155437 -0.256623
v 0.212678 -0.160215 -0.256735
v 0.214336 -0.155498 -0.256735
v 0.212841 -0.160273 -0.256866
v 0.214499 -0.155555 -0.256866
v 0.212989 -0.160325 -0.257015
v 0.214647 -0.155607 -0.257015
v 0.213122 -0.160371 -0.257180
v 0.214779 -0.155654 -0.257180
v 0.213236 -0.160411 -0.257359
v 0.214894 -0.155694 -0.257359
v 0.213332 -0.160445 -0.257551
v 0.214990 -0.155728 -0.257551
v 0.213408 -0.160472 -0.257752
v 0.215065 -0.155754 -0.257752
v 0.213462 -0.160491 -0.257960
v 0.215120 -0.155774 -0.257960
v 0.213495 -0.160502 -0.258174
v 0.215153 -0.155785 -0.258174
v 0.213506 -0.160506 -0.299204
v 0.215164 -0.155789 -0.299204
v 0.213495 -0.160502 -0.299421
v 0.215153 -0.155785 -0.299421
v 0.213462 -0.160491 -0.299634
v 0.215120 -0.155774 -0.299634
v 0.213408 -0.160472 -0.299843
v 0.215065 -0.155754 -0.299843
v 0.213332 -0.160445 -0.300044
v 0.214990 -0.155728 -0.300044
v 0.213236 -0.160411 -0.300236
v 0.214894 -0.155694 -0.300236
v 0.213122 -0.160371 -0.300415
v 0.214779 -0.155654 -0.300415
v 0.212989 -0.160325 -0.300580
v 0.214647 -0.155607 -0.300580
v 0.212841 -0.160273 -0.300729
v 0.214499 -0.155555 -0.300729
v 0.212678 -0.160215 -0.300860
v 0.214336 -0.155498 -0.300860
v 0.212503 -0.160154 -0.300971
v 0.214161 -0.155437 -0.300971
v 0.212318 -0.160089 -0.301062
v 0.213976 -0.155372 -0.301062
v 0.212124 -0.160021 -0.301132
v 0.213782 -0.155303 -0.301132
v 0.211925 -0.159951 -0.301178
v 0.213583 -0.155233 -0.301178
v 0.211722 -0.159879 -0.301201
v 0.213379 -0.155162 -0.301201
v 0.211517 -0.159807 -0.301201
v 0.213175 -0.155090 -0.301201
v 0.211314 -0.159736 -0.301178
v 0.212972 -0.155019 -0.301178
v 0.211115 -0.159666 -0.301132
v 0.212772 -0.154949 -0.301132
v 0.210921 -0.159598 -0.301062
v 0.212579 -0.154881 -0.301062
v 0.210736 -0.159533 -0.300971
v 0.212393 -0.154815 -0.300971
v 0.210561 -0.159471 -0.300860
v 0.212218 -0.154754 -0.300860
v 0.210398 -0.159414 -0.300729
v 0.212056 -0.154697 -0.300729
v 0.210250 -0.159362 -0.300580
v 0.211907 -0.154645 -0.300580
v 0.210117 -0.159315 -0.300415
v 0.211775 -0.154598 -0.300415
v 0.210003 -0.159275 -0.300236
v 0.211660 -0.154558 -0.300236
v 0.209907 -0.159241 -0.300044
v 0.211565 -0.154524 -0.300044
v 0.209831 -0.159215 -0.299843
v 0.211489 -0.154498 -0.299843
v 0.209777 -0.159196 -0.299634
v 0.211434 -0.154478 -0.299634
v 0.209744 -0.159184 -0.299421
v 0.211401 -0.154467 -0.299421
v 0.209733 -0.159180 -0.299204
v 0.211390 -0.154463 -0.299204
v 0.209744 -0.159184 -0.298988
v 0.211401 -0.154467 -0.298988
v 0.209777 -0.159196 -0.298774
v 0.211434 -0.154478 -0.298774
v 0.209831 -0.159215 -0.298566
v 0.211489 -0.154498 -0.298566
v 0.209907 -0.159241 -0.298365
v 0.211565 -0.154524 -0.298365
v 0.210003 -0.159275 -0.298173
v 0.211660 -0.154558 -0.298173
v 0.210117 -0.159315 -0.297994
v 0.211775 -0.154598 -0.297994
v 0.210250 -0.159362 -0.297829
v 0.211907 -0.154645 -0.297829
v 0.210398 -0.159414 -0.297680
v 0.212056 -0.154697 -0.297680
v 0.210561 -0.159471 -0.297549
v 0.212218 -0.154754 -0.297549
v 0.210736 -0.159533 -0.297437
v 0.212393 -0.154815 -0.297437
v 0.210921 -0.159598 -0.297346
v 0.212579 -0.154881 -0.297346
v 0.211115 -0.159666 -0.297277
v 0.212772 -0.154949 -0.297277
v 0.211314 -0.159736 -0.297231
v 0.212972 -0.155019 -0.297231
v 0.211517 -0.159807 -0.297207
v 0.213175 -0.155090 -0.297207
v 0.211722 -0.159879 -0.297207
v 0.213379 -0.155162 -0.297207
v 0.211925 -0.159951 -0.297231
v 0.213583 -0.155233 -0.297231
v 0.212124 -0.160021 -0.297277
v 0.213782 -0.155303 -0.297277
v 0.212318 -0.160089 -0.297346
v 0.213976 -0.155372 -0.297346
v 0.212503 -0.160154 -0.297437
v 0.214161 -0.155437 -0.297437
v 0.212678 -0.160215 -0.297549
v 0.214336 -0.155498 -0.297549
v 0.212841 -0.160273 -0.297680
v 0.214499 -0.155555 -0.297680
v 0.212989 -0.160325 -0.297829
v 0.214647 -0.155607 -0.297829
v 0.213122 -0.160371 -0.297994
v 0.214779 -0.155654 -0.297994
v 0.213236 -0.160411 -0.298173
v 0.214894 -0.155694 -0.298173
v 0.213332 -0.160445 -0.298365
v 0.214990 -0.155728 -0.298365
v 0.213408 -0.160472 -0.298566
v 0.215065 -0.155754 -0.298566
v 0.213462 -0.160491 -0.298774
v 0.215120 -0.155774 -0.298774
v 0.213495 -0.160502 -0.298988
v 0.215153 -0.155785 -0.298988
v 0.213506 -0.160506 -0.340019
v 0.215164 -0.155789 -0.340019
v 0.213495 -0.160502 -0.340235
v 0.215153 -0.155785 -0.340235
v 0.213462 -0.160491 -0.340449
v 0.215120 -0.155774 -0.340449
v 0.213408 -0.160472 -0.340657
v 0.215065 -0.155754 -0.340657
v 0.213332 -0.160445 -0.340858
v 0.214990 -0.155728 -0.340858
v 0.213236 -0.160411 -0.341050
v 0.214894 -0.155694 -0.341050
v 0.213122 -0.160371 -0.341229
v 0.214779 -0.155654 -0.341229
v 0.212989 -0.160325 -0.341394
v 0.214647 -0.155607 -0.341394
v 0.212841 -0.160273 -0.341543
v 0.214499 -0.155555 -0.341543
v 0.212678 -0.160215 -0.341674
v 0.214336 -0.155498 -0.341674
v 0.212503 -0.160154 -0.341786
v 0.214161 -0.155437 -0.341786
v 0.212318 -0.160089 -0.341877
v 0.213976 -0.155372 -0.341877
v 0.212124 -0.160021 -0.341946
v 0.213782 -0.155303 -0.341946
v 0.211925 -0.159951 -0.341992
v 0.213583 -0.155233 -0.341992
v 0.211722 -0.159879 -0.342016
v 0.213379 -0.155162 -0.342016
v 0.211517 -0.159807 -0.342016
v 0.213175 -0.155090 -0.342016
v 0.211314 -0.159736 -0.341992
v 0.212972 -0.155019 -0.341992
v 0.211115 -0.159666 -0.341946
v 0.212772 -0.154949 -0.341946
v 0.210921 -0.159598 -0.341877
v 0.212579 -0.154881 -0.341877
v 0.210736 -0.159533 -0.341786
v 0.212393 -0.154815 -0.341786
v 0.210561 -0.159471 -0.341674
v 0.212218 -0.154754 -0.341674
v 0.210398 -0.159414 -0.341543
v 0.212056 -0.154697 -0.341543
v 0.210250 -0.159362 -0.341394
v 0.211907 -0.154645 -0.341394
v 0.210117 -0.159315 -0.341229
v 0.211775 -0.154598 -0.341229
v 0.210003 -0.159275 -0.341050
v 0.211660 -0.154558 -0.341050
v 0.209907 -0.159241 -0.340858
v 0.211565 -0.154524 -0.340858
v 0.209831 -0.159215 -0.340657
v 0.211489 -0.154498 -0.340657
v 0.209777 -0.159196 -0.340449
v 0.211434 -0.154478 -0.340449
v 0.209744 -0.159184 -0.340235
v 0.211401 -0.154467 -0.340235
v 0.209733 -0.159180 -0.340019
v 0.211390 -0.154463 -0.340019
v 0.209744 -0.159184 -0.339802
v 0.211401 -0.154467 -0.339802
v 0.209777 -0.159196 -0.339589
v 0.211434 -0.154478 -0.339589
v 0.209831 -0.159215 -0.339380
v 0.211489 -0.154498 -0.339380
v 0.209907 -0.159241 -0.339179
v 0.211565 -0.154524 -0.339179
v 0.210003 -0.159275 -0.338987
v 0.211660 -0.154558 -0.338987
v 0.210117 -0.159315 -0.338808
v 0.211775 -0.154598 -0.338808
v 0.210250 -0.159362 -0.338643
v 0.211907 -0.154645 -0.338643
v 0.210398 -0.159414 -0.338494
v 0.212056 -0.154697 -0.338494
v 0.210561 -0.159471 -0.338363
v 0.212218 -0.154754 -0.338363
v 0.210736 -0.159533 -0.338252
v 0.212393 -0.154815 -0.338252
v 0.210921 -0.159598 -0.338161
v 0.212579 -0.154881 -0.338161
v 0.211115 -0.159666 -0.338091
v 0.212772 -0.154949 -0.338091
v 0.211314 -0.159736 -0.338045
v 0.212972 -0.155019 -0.338045
v 0.211517 -0.159807 -0.338022
v 0.213175 -0.155090 -0.338022
v 0.211722 -0.159879 -0.338022
v 0.213379 -0.155162 -0.338022
v 0.211925 -0.159951 -0.338045
v 0.213583 -0.155233 -0.338045
v 0.212124 -0.160021 -0.338091
v 0.213782 -0.155303 -0.338091
v 0.212318 -0.160089 -0.338161
v 0.213976 -0.155372 -0.338161
v 0.212503 -0.160154 -0.338252
v 0.214161 -0.155437 -0.338252
v 0.212678 -0.160215 -0.338363
v 0.214336 -0.155498 -0.338363
v 0.212841 -0.160273 -0.338494
v 0.214499 -0.155555 -0.338494
v 0.212989 -0.160325 -0.338643
v 0.214647 -0.155607 -0.338643
v 0.213122 -0.160371 -0.338808
v 0.214779 -0.155654 -0.338808
v 0.213236 -0.160411 -0.338987
v 0.214894 -0.155694 -0.338987
v 0.213332 -0.160445 -0.339179
v 0.214990 -0.155728 -0.339179
v 0.213408 -0.160472 -0.339380
v 0.215065 -0.155754 -0.339380
v 0.213462 -0.160491 -0.339589
v 0.215120 -0.155774 -0.339589
v 0.213495 -0.160502 -0.339802
v 0.215153 -0.155785 -0.339802
v 0.155093 -0.139978 -0.217576
v 0.156751 -0.135261 -0.217576
v 0.155082 -0.139974 -0.217792
v 0.156740 -0.135257 -0.217792
v 0.155049 -0.139963 -0.218006
v 0.156707 -0.135245 -0.218006
v 0.154994 -0.139943 -0.218215
v 0.156652 -0.135226 -0.218215
v 0.154919 -0.139917 -0.218416
v 0.156576 -0.135200 -0.218416
v 0.154823 -0.139883 -0.218607
v 0.156481 -0.135166 -0.218607
v 0.154708 -0.139843 -0.218786
v 0.156366 -0.135126 -0.218786
v 0.154576 -0.139796 -0.218952
v 0.156234 -0.135079 -0.218952
v 0.154428 -0.139744 -0.219100
v 0.156085 -0.135027 -0.219100
v 0.154265 -0.139687 -0.219232
v 0.155923 -0.134970 -0.219232
v 0.154090 -0.139626 -0.219343
v 0.155748 -0.134908 -0.219343
v 0.153905 -0.139560 -0.219434
v 0.155562 -0.134843 -0.219434
v 0.153711 -0.139492 -0.219503
v 0.155369 -0.134775 -0.219503
v 0.153511 -0.139422 -0.219550
v 0.155169 -0.134705 -0.219550
v 0.153308 -0.139351 -0.219573
v 0.154966 -0.134634 -0.219573
v 0.153104 -0.139279 -0.219573
v 0.154762 -0.134562 -0.219573
v 0.152901 -0.139208 -0.219550
v 0.154559 -0.134491 -0.219550
v 0.152701 -0.139138 -0.219503
v 0.154359 -0.134420 -0.219503
v 0.152508 -0.139070 -0.219434
v 0.154165 -0.134352 -0.219434
v 0.152322 -0.139004 -0.219343
v 0.153980 -0.134287 -0.219343
v 0.152147 -0.138943 -0.219232
v 0.153805 -0.134226 -0.219232
v 0.151985 -0.138886 -0.219100
v 0.153642 -0.134169 -0.219100
v 0.151836 -0.138834 -0.218952
v 0.153494 -0.134116 -0.218952
v 0.151704 -0.138787 -0.218786
v 0.153362 -0.134070 -0.218786
v 0.151589 -0.138747 -0.218607
v 0.153247 -0.134030 -0.218607
v 0.151494 -0.138713 -0.218416
v 0.153151 -0.133996 -0.218416
v 0.151418 -0.138687 -0.218215
v 0.153076 -0.133969 -0.218215
v 0.151363 -0.138667 -0.218006
v 0.153021 -0.133950 -0.218006
v 0.151330 -0.138656 -0.217792
v 0.152988 -0.133939 -0.217792
v 0.151319 -0.138652 -0.217576
v 0.152977 -0.133935 -0.217576
v 0.151330 -0.138656 -0.217360
v 0.152988 -0.133939 -0.217360
v 0.151363 -0.138667 -0.217146
v 0.153021 -0.133950 -0.217146
v 0.151418 -0.138687 -0.216938
v 0.153076 -0.133969 -0.216938
v 0.151494 -0.138713 -0.216736
v 0.153151 -0.133996 -0.216736
v 0.151589 -0.138747 -0.216545
v 0.153247 -0.134030 -0.216545
v 0.151704 -0.138787 -0.216366
v 0.153362 -0.134070 -0.216366
v 0.151836 -0.138834 -0.216201
v 0.153494 -0.134116 -0.216201
v 0.151985 -0.138886 -0.216052
v 0.153642 -0.134169 -0.216052
v 0.152147 -0.138943 -0.215921
v 0.153805 -0.134226 -0.215921
v 0.152322 -0.139004 -0.215809
v 0.153980 -0.134287 -0.215809
v 0.152508 -0.139070 -0.215718
v 0.154165 -0.134352 -0.215718
v 0.152701 -0.139138 -0.215649
v 0.154359 -0.134420 -0.215649
v 0.152901 -0.139208 -0.215602
v 0.154559 -0.134491 -0.215602
v 0.153104 -0.139279 -0.215579
v 0.154762 -0.134562 -0.215579
v 0.153308 -0.139351 -0.215579
v 0.154966 -0.134634 -0.215579
v 0.153511 -0.139422 -0.215602
v 0.155169 -0.134705 -0.215602
v 0.153711 -0.139492 -0.215649
v 0.155369 -0.134775 -0.215649
v 0.153905 -0.139560 -0.215718
v 0.155562 -0.134843 -0.215718
v 0.154090 -0.139626 -0.215809
v 0.155748 -0.134908 -0.215809
v 0.154265 -0.139687 -0.215921
v 0.155923 -0.134970 -0.215921
v 0.154428 -0.139744 -0.216052
v 0.156085 -0.135027 -0.216052
v 0.154576 -0.139796 -0.216201
v 0.156234 -0.135079 -0.216201
v 0.154708 -0.139843 -0.216366
v 0.156366 -0.135126 -0.216366
v 0.154823 -0.139883 -0.216545
v 0.156481 -0.135166 -0.216545
v 0.154919 -0.139917 -0.216736
v 0.156576 -0.135200 -0.216736
v 0.154994 -0.139943 -0.216938
v 0.156652 -0.135226 -0.216938
v 0.155049 -0.139963 -0.217146
v 0.156707 -0.135245 -0.217146
v 0.155082 -0.139974 -0.217360
v 0.156740 -0.135257 -0.217360
v -0.147694 -0.139617 -0.320680
v -0.148517 -0.134896 -0.322106
v -0.147481 -0.139587 -0.320702
v -0.148304 -0.134866 -0.322128
v -0.147270 -0.139563 -0.320745
v -0.148093 -0.134842 -0.322172
v -0.147064 -0.139547 -0.320811
v -0.147887 -0.134826 -0.322237
v -0.146866 -0.139538 -0.320897
v -0.147689 -0.134817 -0.322323
v -0.146677 -0.139538 -0.321003
v -0.147500 -0.134817 -0.322430
v -0.146500 -0.139545 -0.321128
v -0.147324 -0.134824 -0.322554
v -0.146337 -0.139559 -0.321270
v -0.147161 -0.134838 -0.322697
v -0.146190 -0.139581 -0.321428
v -0.147014 -0.134860 -0.322854
v -0.146061 -0.139610 -0.321599
v -0.146885 -0.134889 -0.323025
v -0.145951 -0.139646 -0.321782
v -0.146774 -0.134925 -0.323208
v -0.145861 -0.139689 -0.321975
v -0.146685 -0.134968 -0.323401
v -0.145793 -0.139737 -0.322174
v -0.146617 -0.135016 -0.323601
v -0.145747 -0.139791 -0.322379
v -0.146571 -0.135070 -0.323805
v -0.145724 -0.139850 -0.322586
v -0.146548 -0.135129 -0.324012
v -0.145724 -0.139912 -0.322793
v -0.146548 -0.135191 -0.324220
v -0.145747 -0.139978 -0.322998
v -0.146571 -0.135257 -0.324425
v -0.145793 -0.140047 -0.323199
v -0.146617 -0.135326 -0.324625
v -0.145861 -0.140117 -0.323392
v -0.146685 -0.135396 -0.324818
v -0.145951 -0.140188 -0.323576
v -0.146774 -0.135467 -0.325002
v -0.146061 -0.140259 -0.323748
v -0.146885 -0.135538 -0.325174
v -0.146190 -0.140330 -0.323907
v -0.147014 -0.135609 -0.325333
v -0.146337 -0.140399 -0.324050
v -0.147161 -0.135678 -0.325476
v -0.146500 -0.140465 -0.324176
v -0.147324 -0.135745 -0.325603
v -0.146677 -0.140529 -0.324284
v -0.147500 -0.135808 -0.325711
v -0.146866 -0.140588 -0.324372
v -0.147689 -0.135867 -0.325799
v -0.147064 -0.140643 -0.324439
v -0.147887 -0.135922 -0.325866
v -0.147270 -0.140693 -0.324485
v -0.148093 -0.135972 -0.325911
v -0.147481 -0.140737 -0.324508
v -0.148304 -0.136016 -0.325935
v -0.147694 -0.140774 -0.324509
v -0.148517 -0.136053 -0.325936
v -0.147907 -0.140805 -0.324488
v -0.148731 -0.136084 -0.325914
v -0.148118 -0.140829 -0.324444
v -0.148941 -0.136108 -0.325870
v -0.148324 -0.140845 -0.324379
v -0.149147 -0.136124 -0.325805
v -0.148522 -0.140853 -0.324292
v -0.149346 -0.136132 -0.325719
v -0.148711 -0.140854 -0.324186
v -0.149534 -0.136133 -0.325612
v -0.148888 -0.140847 -0.324061
v -0.149711 -0.136126 -0.325487
v -0.149051 -0.140833 -0.323919
v -0.149874 -0.136112 -0.325345
v -0.149197 -0.140811 -0.323761
v -0.150021 -0.136090 -0.325188
v -0.149327 -0.140781 -0.323590
v -0.150150 -0.136060 -0.325017
v -0.149437 -0.140745 -0.323407
v -0.150260 -0.136024 -0.324834
v -0.149526 -0.140703 -0.323215
v -0.150350 -0.135982 -0.324641
v -0.149595 -0.140654 -0.323015
v -0.150418 -0.135933 -0.324441
v -0.149641 -0.140601 -0.322810
v -0.150464 -0.135880 -0.324237
v -0.149664 -0.140542 -0.322603
v -0.150487 -0.135821 -0.324030
v -0.149664 -0.140479 -0.322396
v -0.150487 -0.135758 -0.323822
v -0.149641 -0.140413 -0.322191
v -0.150464 -0.135692 -0.323617
v -0.149595 -0.140345 -0.321991
v -0.150418 -0.135624 -0.323417
v -0.149526 -0.140275 -0.321798
v -0.150350 -0.135554 -0.323224
v -0.149437 -0.140203 -0.321614
v -0.150260 -0.135483 -0.323040
v -0.149327 -0.140132 -0.321441
v -0.150150 -0.135411 -0.322868
v -0.149197 -0.140062 -0.321283
v -0.150021 -0.135341 -0.322709
v -0.149051 -0.139993 -0.321139
v -0.149874 -0.135272 -0.322566
v -0.148888 -0.139926 -0.321013
v -0.149711 -0.135205 -0.322439
v -0.148711 -0.139863 -0.320905
v -0.149534 -0.135142 -0.322331
v -0.148522 -0.139803 -0.320817
v -0.149346 -0.135082 -0.322243
v -0.148324 -0.139748 -0.320750
v -0.149147 -0.135027 -0.322176
v -0.148118 -0.139699 -0.320704
v -0.148941 -0.134978 -0.322131
v -0.147907 -0.139655 -0.320681
v -0.148731 -0.134934 -0.322107
v -0.006158 -0.139293 -0.401323
v -0.006981 -0.134572 -0.402749
v -0.005944 -0.139262 -0.401345
v -0.006768 -0.134542 -0.402771
v -0.005734 -0.139239 -0.401388
v -0.006557 -0.134518 -0.402815
v -0.005528 -0.139223 -0.401454
v -0.006351 -0.134502 -0.402880
v -0.005329 -0.139214 -0.401540
v -0.006153 -0.134493 -0.402966
v -0.005141 -0.139213 -0.401646
v -0.005964 -0.134492 -0.403073
v -0.004964 -0.139220 -0.401771
v -0.005787 -0.134499 -0.403197
v -0.004801 -0.139235 -0.401913
v -0.005625 -0.134514 -0.403339
v -0.004654 -0.139257 -0.402071
v -0.005478 -0.134536 -0.403497
v -0.004525 -0.139286 -0.402242
v -0.005348 -0.134565 -0.403668
v -0.004415 -0.139322 -0.402425
v -0.005238 -0.134601 -0.403851
v -0.004325 -0.139365 -0.402617
v -0.005149 -0.134644 -0.404044
v -0.004257 -0.139413 -0.402817
v -0.005080 -0.134692 -0.404243
v -0.004211 -0.139467 -0.403022
v -0.005034 -0.134746 -0.404448
v -0.004188 -0.139525 -0.403229
v -0.005011 -0.134804 -0.404655
v -0.004188 -0.139588 -0.403436
v -0.005011 -0.134867 -0.404863
v -0.004211 -0.139654 -0.403641
v -0.005034 -0.134933 -0.405068
v -0.004257 -0.139723 -0.403842
v -0.005080 -0.135002 -0.405268
v -0.004325 -0.139793 -0.404035
v -0.005149 -0.135072 -0.405461
v -0.004415 -0.139864 -0.404218
v -0.005238 -0.135143 -0.405645
v -0.004525 -0.139935 -0.404391
v -0.005348 -0.135214 -0.405817
v -0.004654 -0.140006 -0.404550
v -0.005478 -0.135285 -0.405976
v -0.004801 -0.140075 -0.404693
v -0.005625 -0.135354 -0.406119
v -0.004964 -0.140141 -0.404819
v -0.005787 -0.135420 -0.406246
v -0.005141 -0.140205 -0.404927
v -0.005964 -0.135484 -0.406353
v -0.005329 -0.140264 -0.405015
v -0.006153 -0.135543 -0.406441
v -0.005528 -0.140319 -0.405082
v -0.006351 -0.135598 -0.406509
v -0.005734 -0.140369 -0.405128
v -0.006557 -0.135648 -0.406554
v -0.005944 -0.140413 -0.405151
v -0.006768 -0.135692 -0.406577
v -0.006158 -0.140450 -0.405152
v -0.006981 -0.135729 -0.406578
v -0.006371 -0.140481 -0.405131
v -0.007194 -0.135760 -0.406557
v -0.006582 -0.140504 -0.405087
v -0.007405 -0.135783 -0.406513
v -0.006788 -0.140520 -0.405021
v -0.007611 -0.135799 -0.406448
v -0.006986 -0.140529 -0.404935
v -0.007809 -0.135808 -0.406361
v -0.007175 -0.140530 -0.404829
v -0.007998 -0.135809 -0.406255
v -0.007351 -0.140523 -0.404704
v -0.008175 -0.135802 -0.406130
v -0.007514 -0.140508 -0.404562
v -0.008338 -0.135787 -0.405988
v -0.007661 -0.140486 -0.404404
v -0.008485 -0.135765 -0.405831
v -0.007790 -0.140457 -0.404233
v -0.008614 -0.135736 -0.405659
v -0.007901 -0.140421 -0.404050
v -0.008724 -0.135700 -0.405476
v -0.007990 -0.140379 -0.403858
v -0.008814 -0.135658 -0.405284
v -0.008058 -0.140330 -0.403658
v -0.008882 -0.135609 -0.405084
v -0.008104 -0.140276 -0.403453
v -0.008928 -0.135555 -0.404880
v -0.008127 -0.140218 -0.403246
v -0.008951 -0.135497 -0.404672
v -0.008127 -0.140155 -0.403039
v -0.008951 -0.135434 -0.404465
v -0.008104 -0.140089 -0.402834
v -0.008928 -0.135368 -0.404260
v -0.008058 -0.140021 -0.402634
v -0.008882 -0.135300 -0.404060
v -0.007990 -0.139950 -0.402440
v -0.008814 -0.135229 -0.403867
v -0.007901 -0.139879 -0.402257
v -0.008724 -0.135158 -0.403683
v -0.007790 -0.139808 -0.402084
v -0.008614 -0.135087 -0.403511
v -0.007661 -0.139737 -0.401926
v -0.008485 -0.135017 -0.403352
v -0.007514 -0.139669 -0.401782
v -0.008338 -0.134948 -0.403208
v -0.007351 -0.139602 -0.401656
v -0.008175 -0.134881 -0.403082
v -0.007175 -0.139539 -0.401548
v -0.007998 -0.134818 -0.402974
v -0.006986 -0.139479 -0.401460
v -0.007809 -0.134758 -0.402886
v -0.006788 -0.139424 -0.401393
v -0.007611 -0.134703 -0.402819
v -0.006582 -0.139374 -0.401347
v -0.007405 -0.134654 -0.402774
v -0.006371 -0.139331 -0.401324
v -0.007194 -0.134610 -0.402750
v -0.034535 -0.139916 -0.387000
v -0.035359 -0.135195 -0.388426
v -0.034322 -0.139885 -0.387021
v -0.035146 -0.135164 -0.388448
v -0.034111 -0.139862 -0.387065
v -0.034935 -0.135141 -0.388492
v -0.033905 -0.139845 -0.387131
v -0.034729 -0.135124 -0.388557
v -0.033707 -0.139837 -0.387217
v -0.034530 -0.135116 -0.388643
v -0.033518 -0.139836 -0.387323
v -0.034342 -0.135115 -0.388749
v -0.033341 -0.139843 -0.387448
v -0.034165 -0.135122 -0.388874
v -0.033179 -0.139857 -0.387590
v -0.034002 -0.135136 -0.389016
v -0.033032 -0.139879 -0.387748
v -0.033855 -0.135158 -0.389174
v -0.032903 -0.139909 -0.387919
v -0.033726 -0.135188 -0.389345
v -0.032792 -0.139945 -0.388102
v -0.033616 -0.135224 -0.389528
v -0.032703 -0.139987 -0.388294
v -0.033526 -0.135266 -0.389721
v -0.032635 -0.140036 -0.388494
v -0.033458 -0.135315 -0.389920
v -0.032589 -0.140089 -0.388699
v -0.033412 -0.135369 -0.390125
v -0.032566 -0.140148 -0.388906
v -0.033389 -0.135427 -0.390332
v -0.032566 -0.140211 -0.389113
v -0.033389 -0.135490 -0.390540
v -0.032589 -0.140277 -0.389318
v -0.033412 -0.135556 -0.390745
v -0.032635 -0.140345 -0.389518
v -0.033458 -0.135624 -0.390945
v -0.032703 -0.140415 -0.389712
v -0.033526 -0.135694 -0.391138
v -0.032792 -0.140487 -0.389895
v -0.033616 -0.135766 -0.391322
v -0.032903 -0.140558 -0.390068
v -0.033726 -0.135837 -0.391494
v -0.033032 -0.140628 -0.390227
v -0.033855 -0.135907 -0.391653
v -0.033179 -0.140697 -0.390370
v -0.034002 -0.135976 -0.391796
v -0.033341 -0.140764 -0.390496
v -0.034165 -0.136043 -0.391923
v -0.033518 -0.140827 -0.390604
v -0.034342 -0.136106 -0.392030
v -0.033707 -0.140887 -0.390692
v -0.034530 -0.136166 -0.392118
v -0.033905 -0.140942 -0.390759
v -0.034729 -0.136221 -0.392186
v -0.034111 -0.140991 -0.390805
v -0.034935 -0.136270 -0.392231
v -0.034322 -0.141035 -0.390828
v -0.035146 -0.136314 -0.392254
v -0.034535 -0.141073 -0.390829
v -0.035359 -0.136352 -0.392255
v -0.034749 -0.141103 -0.390807
v -0.035572 -0.136382 -0.392234
v -0.034959 -0.141127 -0.390764
v -0.035783 -0.136406 -0.392190
v -0.035165 -0.141143 -0.390698
v -0.035989 -0.136422 -0.392125
v -0.035364 -0.141152 -0.390612
v -0.036187 -0.136431 -0.392038
v -0.035552 -0.141152 -0.390506
v -0.036376 -0.136431 -0.391932
v -0.035729 -0.141146 -0.390381
v -0.036553 -0.136425 -0.391807
v -0.035892 -0.141131 -0.390239
v -0.036715 -0.136410 -0.391665
v -0.036039 -0.141109 -0.390081
v -0.036862 -0.136388 -0.391508
v -0.036168 -0.141080 -0.389910
v -0.036992 -0.136359 -0.391336
v -0.036278 -0.141044 -0.389727
v -0.037102 -0.136323 -0.391153
v -0.036368 -0.141001 -0.389535
v -0.037191 -0.136280 -0.390961
v -0.036436 -0.140953 -0.389335
v -0.037260 -0.136232 -0.390761
v -0.036482 -0.140899 -0.389130
v -0.037306 -0.136178 -0.390557
v -0.036505 -0.140840 -0.388923
v -0.037329 -0.136119 -0.390349
v -0.036505 -0.140778 -0.388716
v -0.037329 -0.136057 -0.390142
v -0.036482 -0.140712 -0.388511
v -0.037306 -0.135991 -0.389937
v -0.036436 -0.140643 -0.388310
v -0.037260 -0.135922 -0.389737
v -0.036368 -0.140573 -0.388117
v -0.037191 -0.135852 -0.389544
v -0.036278 -0.140502 -0.387934
v -0.037102 -0.135781 -0.389360
v -0.036168 -0.140431 -0.387761
v -0.036992 -0.135710 -0.389188
v -0.036039 -0.140360 -0.387602
v -0.036862 -0.135639 -0.389029
v -0.035892 -0.140291 -0.387459
v -0.036715 -0.135570 -0.388885
v -0.035729 -0.140225 -0.387333
v -0.036553 -0.135504 -0.388759
v -0.035552 -0.140161 -0.387225
v -0.036376 -0.135440 -0.388651
v -0.035364 -0.140102 -0.387137
v -0.036187 -0.135381 -0.388563
v -0.035165 -0.140047 -0.387070
v -0.035989 -0.135326 -0.388496
v -0.034959 -0.139997 -0.387024
v -0.035783 -0.135276 -0.388451
v -0.034749 -0.139953 -0.387001
v -0.035572 -0.135232 -0.388427
v -0.060013 -0.139676 -0.371496
v -0.060837 -0.134955 -0.372923
v -0.059800 -0.139645 -0.371518
v -0.060623 -0.134924 -0.372944
v -0.059589 -0.139622 -0.371562
v -0.060412 -0.134901 -0.372988
v -0.059383 -0.139606 -0.371627
v -0.060207 -0.134885 -0.373053
v -0.059185 -0.139597 -0.371713
v -0.060008 -0.134876 -0.373140
v -0.058996 -0.139596 -0.371820
v -0.059820 -0.134875 -0.373246
v -0.058819 -0.139603 -0.371945
v -0.059643 -0.134882 -0.373371
v -0.058656 -0.139618 -0.372087
v -0.059480 -0.134897 -0.373513
v -0.058510 -0.139640 -0.372244
v -0.059333 -0.134919 -0.373671
v -0.058380 -0.139669 -0.372415
v -0.059204 -0.134948 -0.373842
v -0.058270 -0.139705 -0.372598
v -0.059094 -0.134984 -0.374025
v -0.058180 -0.139747 -0.372791
v -0.059004 -0.135026 -0.374217
v -0.058112 -0.139796 -0.372991
v -0.058936 -0.135075 -0.374417
v -0.058066 -0.139850 -0.373195
v -0.058890 -0.135129 -0.374622
v -0.058043 -0.139908 -0.373402
v -0.058867 -0.135187 -0.374829
v -0.058043 -0.139971 -0.373610
v -0.058867 -0.135250 -0.375036
v -0.058066 -0.140037 -0.373815
v -0.058890 -0.135316 -0.375241
v -0.058112 -0.140105 -0.374015
v -0.058936 -0.135384 -0.375441
v -0.058180 -0.140176 -0.374208
v -0.059004 -0.135455 -0.375634
v -0.058270 -0.140247 -0.374392
v -0.059094 -0.135526 -0.375818
v -0.058380 -0.140318 -0.374564
v -0.059204 -0.135597 -0.375991
v -0.058510 -0.140389 -0.374723
v -0.059333 -0.135668 -0.376149
v -0.058656 -0.140457 -0.374866
v -0.059480 -0.135736 -0.376293
v -0.058819 -0.140524 -0.374993
v -0.059643 -0.135803 -0.376419
v -0.058996 -0.140587 -0.375101
v -0.059820 -0.135866 -0.376527
v -0.059185 -0.140647 -0.375189
v -0.060008 -0.135926 -0.376615
v -0.059383 -0.140702 -0.375256
v -0.060207 -0.135981 -0.376682
v -0.059589 -0.140751 -0.375301
v -0.060412 -0.136031 -0.376728
v -0.059800 -0.140795 -0.375325
v -0.060623 -0.136074 -0.376751
v -0.060013 -0.140833 -0.375326
v -0.060837 -0.136112 -0.376752
v -0.060226 -0.140863 -0.375304
v -0.061050 -0.136143 -0.376730
v -0.060437 -0.140887 -0.375260
v -0.061261 -0.136166 -0.376687
v -0.060643 -0.140903 -0.375195
v -0.061466 -0.136182 -0.376621
v -0.060841 -0.140912 -0.375109
v -0.061665 -0.136191 -0.376535
v -0.061030 -0.140913 -0.375002
v -0.061854 -0.136192 -0.376429
v -0.061207 -0.140906 -0.374878
v -0.062030 -0.136185 -0.376304
v -0.061370 -0.140891 -0.374735
v -0.062193 -0.136170 -0.376162
v -0.061517 -0.140869 -0.374578
v -0.062340 -0.136148 -0.376004
v -0.061646 -0.140840 -0.374407
v -0.062469 -0.136119 -0.375833
v -0.061756 -0.140804 -0.374224
v -0.062579 -0.136083 -0.375650
v -0.061846 -0.140761 -0.374031
v -0.062669 -0.136040 -0.375457
v -0.061914 -0.140713 -0.373831
v -0.062737 -0.135992 -0.375258
v -0.061960 -0.140659 -0.373627
v -0.062783 -0.135938 -0.375053
v -0.061983 -0.140601 -0.373420
v -0.062806 -0.135880 -0.374846
v -0.061983 -0.140538 -0.373212
v -0.062806 -0.135817 -0.374639
v -0.061960 -0.140472 -0.373007
v -0.062783 -0.135751 -0.374434
v -0.061914 -0.140403 -0.372807
v -0.062737 -0.135682 -0.374233
v -0.061846 -0.140333 -0.372614
v -0.062669 -0.135612 -0.374040
v -0.061756 -0.140262 -0.372430
v -0.062579 -0.135541 -0.373856
v -0.061646 -0.140191 -0.372258
v -0.062469 -0.135470 -0.373684
v -0.061517 -0.140120 -0.372099
v -0.062340 -0.135399 -0.373525
v -0.061370 -0.140051 -0.371956
v -0.062193 -0.135330 -0.373382
v -0.061207 -0.139985 -0.371829
v -0.062030 -0.135264 -0.373256
v -0.061030 -0.139921 -0.371721
v -0.061854 -0.135200 -0.373148
v -0.060841 -0.139862 -0.371633
v -0.061665 -0.135141 -0.373060
v -0.060643 -0.139807 -0.371566
v -0.061466 -0.135086 -0.372993
v -0.060437 -0.139757 -0.371521
v -0.061261 -0.135036 -0.372947
v -0.060226 -0.139713 -0.371497
v -0.061050 -0.134992 -0.372924
v -0.080994 -0.158773 -0.422592
v -0.081817 -0.154052 -0.424018
v -0.080780 -0.158742 -0.422613
v -0.081604 -0.154021 -0.424040
v -0.080570 -0.158719 -0.422657
v -0.081393 -0.153998 -0.424083
v -0.080364 -0.158703 -0.422722
v -0.081187 -0.153982 -0.424149
v -0.080165 -0.158694 -0.422809
v -0.080989 -0.153973 -0.424235
v -0.079977 -0.158693 -0.422915
v -0.080800 -0.153972 -0.424341
v -0.079800 -0.158700 -0.423040
v -0.080623 -0.153979 -0.424466
v -0.079637 -0.158715 -0.423182
v -0.080461 -0.153994 -0.424608
v -0.079490 -0.158737 -0.423339
v -0.080314 -0.154016 -0.424766
v -0.079361 -0.158766 -0.423511
v -0.080184 -0.154045 -0.424937
v -0.079251 -0.158802 -0.423694
v -0.080074 -0.154081 -0.425120
v -0.079161 -0.158844 -0.423886
v -0.079985 -0.154123 -0.425312
v -0.079093 -0.158893 -0.424086
v -0.079916 -0.154172 -0.425512
v -0.079047 -0.158947 -0.424290
v -0.079870 -0.154226 -0.425717
v -0.079024 -0.159005 -0.424498
v -0.079847 -0.154284 -0.425924
v -0.079024 -0.159068 -0.424705
v -0.079847 -0.154347 -0.426131
v -0.079047 -0.159134 -0.424910
v -0.079870 -0.154413 -0.426336
v -0.079093 -0.159202 -0.425110
v -0.079916 -0.154481 -0.426537
v -0.079161 -0.159273 -0.425303
v -0.079985 -0.154552 -0.426730
v -0.079251 -0.159344 -0.425487
v -0.080074 -0.154623 -0.426913
v -0.079361 -0.159415 -0.425659
v -0.080184 -0.154694 -0.427086
v -0.079490 -0.159485 -0.425818
v -0.080314 -0.154765 -0.427245
v -0.079637 -0.159554 -0.425962
v -0.080461 -0.154833 -0.427388
v -0.079800 -0.159621 -0.426088
v -0.080623 -0.154900 -0.427514
v -0.079977 -0.159684 -0.426196
v -0.080800 -0.154963 -0.427622
v -0.080165 -0.159744 -0.426284
v -0.080989 -0.155023 -0.427710
v -0.080364 -0.159799 -0.426351
v -0.081187 -0.155078 -0.427777
v -0.080570 -0.159848 -0.426396
v -0.081393 -0.155128 -0.427823
v -0.080780 -0.159892 -0.426420
v -0.081604 -0.155171 -0.427846
v -0.080994 -0.159930 -0.426421
v -0.081817 -0.155209 -0.427847
v -0.081207 -0.159960 -0.426399
v -0.082030 -0.155240 -0.427826
v -0.081418 -0.159984 -0.426355
v -0.082241 -0.155263 -0.427782
v -0.081624 -0.160000 -0.426290
v -0.082447 -0.155279 -0.427716
v -0.081822 -0.160009 -0.426204
v -0.082645 -0.155288 -0.427630
v -0.082011 -0.160010 -0.426098
v -0.082834 -0.155289 -0.427524
v -0.082188 -0.160003 -0.425973
v -0.083011 -0.155282 -0.427399
v -0.082350 -0.159988 -0.425831
v -0.083174 -0.155267 -0.427257
v -0.082497 -0.159966 -0.425673
v -0.083321 -0.155245 -0.427099
v -0.082626 -0.159937 -0.425502
v -0.083450 -0.155216 -0.426928
v -0.082737 -0.159901 -0.425319
v -0.083560 -0.155180 -0.426745
v -0.082826 -0.159858 -0.425126
v -0.083650 -0.155137 -0.426553
v -0.082894 -0.159810 -0.424927
v -0.083718 -0.155089 -0.426353
v -0.082940 -0.159756 -0.424722
v -0.083764 -0.155035 -0.426148
v -0.082963 -0.159698 -0.424515
v -0.083787 -0.154977 -0.425941
v -0.082963 -0.159635 -0.424307
v -0.083787 -0.154914 -0.425734
v -0.082940 -0.159569 -0.424102
v -0.083764 -0.154848 -0.425529
v -0.082894 -0.159500 -0.423902
v -0.083718 -0.154779 -0.425329
v -0.082826 -0.159430 -0.423709
v -0.083650 -0.154709 -0.425135
v -0.082737 -0.159359 -0.423525
v -0.083560 -0.154638 -0.424952
v -0.082626 -0.159288 -0.423353
v -0.083450 -0.154567 -0.424779
v -0.082497 -0.159217 -0.423194
v -0.083321 -0.154496 -0.424620
v -0.082350 -0.159148 -0.423051
v -0.083174 -0.154427 -0.424477
v -0.082188 -0.159082 -0.422924
v -0.083011 -0.154361 -0.424351
v -0.082011 -0.159018 -0.422817
v -0.082834 -0.154297 -0.424243
v -0.081822 -0.158959 -0.422729
v -0.082645 -0.154238 -0.424155
v -0.081624 -0.158904 -0.422661
v -0.082447 -0.154183 -0.424088
v -0.081418 -0.158854 -0.422616
v -0.082241 -0.154133 -0.424042
v -0.081207 -0.158810 -0.422593
v -0.082030 -0.154089 -0.424019
v -0.047291 -0.159018 -0.442859
v -0.048115 -0.154297 -0.444286
v -0.047078 -0.158987 -0.442881
v -0.047902 -0.154266 -0.444307
v -0.046867 -0.158963 -0.442924
v -0.047691 -0.154242 -0.444351
v -0.046662 -0.158947 -0.442990
v -0.047485 -0.154226 -0.444416
v -0.046463 -0.158939 -0.443076
v -0.047287 -0.154218 -0.444502
v -0.046274 -0.158938 -0.443182
v -0.047098 -0.154217 -0.444609
v -0.046098 -0.158945 -0.443307
v -0.046921 -0.154224 -0.444734
v -0.045935 -0.158959 -0.443449
v -0.046758 -0.154238 -0.444876
v -0.045788 -0.158981 -0.443607
v -0.046611 -0.154260 -0.445033
v -0.045659 -0.159010 -0.443778
v -0.046482 -0.154289 -0.445204
v -0.045549 -0.159046 -0.443961
v -0.046372 -0.154325 -0.445387
v -0.045459 -0.159089 -0.444154
v -0.046282 -0.154368 -0.445580
v -0.045391 -0.159137 -0.444353
v -0.046214 -0.154416 -0.445780
v -0.045345 -0.159191 -0.444558
v -0.046168 -0.154470 -0.445984
v -0.045322 -0.159250 -0.444765
v -0.046145 -0.154529 -0.446192
v -0.045322 -0.159312 -0.444973
v -0.046145 -0.154591 -0.446399
v -0.045345 -0.159378 -0.445177
v -0.046168 -0.154657 -0.446604
v -0.045391 -0.159447 -0.445378
v -0.046214 -0.154726 -0.446804
v -0.045459 -0.159517 -0.445571
v -0.046282 -0.154796 -0.446997
v -0.045549 -0.159588 -0.445755
v -0.046372 -0.154867 -0.447181
v -0.045659 -0.159660 -0.445927
v -0.046482 -0.154939 -0.447353
v -0.045788 -0.159730 -0.446086
v -0.046611 -0.155009 -0.447512
v -0.045935 -0.159799 -0.446229
v -0.046758 -0.155078 -0.447655
v -0.046098 -0.159866 -0.446356
v -0.046921 -0.155145 -0.447782
v -0.046274 -0.159929 -0.446463
v -0.047098 -0.155208 -0.447890
v -0.046463 -0.159989 -0.446551
v -0.047287 -0.155268 -0.447978
v -0.046662 -0.160043 -0.446618
v -0.047485 -0.155322 -0.448045
v -0.046867 -0.160093 -0.446664
v -0.047691 -0.155372 -0.448090
v -0.047078 -0.160137 -0.446687
v -0.047902 -0.155416 -0.448114
v -0.047291 -0.160174 -0.446688
v -0.048115 -0.155453 -0.448115
v -0.047505 -0.160205 -0.446667
v -0.048328 -0.155484 -0.448093
v -0.047716 -0.160229 -0.446623
v -0.048539 -0.155508 -0.448049
v -0.047921 -0.160245 -0.446558
v -0.048745 -0.155524 -0.447984
v -0.048120 -0.160253 -0.446471
v -0.048943 -0.155532 -0.447898
v -0.048308 -0.160254 -0.446365
v -0.049132 -0.155533 -0.447791
v -0.048485 -0.160247 -0.446240
v -0.049309 -0.155526 -0.447667
v -0.048648 -0.160233 -0.446098
v -0.049472 -0.155512 -0.447524
v -0.048795 -0.160211 -0.445941
v -0.049618 -0.155490 -0.447367
v -0.048924 -0.160182 -0.445769
v -0.049748 -0.155461 -0.447196
v -0.049034 -0.160145 -0.445586
v -0.049858 -0.155425 -0.447013
v -0.049124 -0.160103 -0.445394
v -0.049948 -0.155382 -0.446820
v -0.049192 -0.160055 -0.445194
v -0.050016 -0.155334 -0.446620
v -0.049238 -0.160001 -0.444989
v -0.050062 -0.155280 -0.446416
v -0.049261 -0.159942 -0.444782
v -0.050085 -0.155221 -0.446209
v -0.049261 -0.159879 -0.444575
v -0.050085 -0.155159 -0.446001
v -0.049238 -0.159814 -0.444370
v -0.050062 -0.155093 -0.445796
v -0.049192 -0.159745 -0.444170
v -0.050016 -0.155024 -0.445596
v -0.049124 -0.159675 -0.443977
v -0.049948 -0.154954 -0.445403
v -0.049034 -0.159604 -0.443793
v -0.049858 -0.154883 -0.445219
v -0.048924 -0.159532 -0.443620
v -0.049748 -0.154811 -0.445047
v -0.048795 -0.159462 -0.443462
v -0.049618 -0.154741 -0.444888
v -0.048648 -0.159393 -0.443318
v -0.049472 -0.154672 -0.444745
v -0.048485 -0.159326 -0.443192
v -0.049309 -0.154605 -0.444618
v -0.048308 -0.159263 -0.443084
v -0.049132 -0.154542 -0.444510
v -0.048120 -0.159203 -0.442996
v -0.048943 -0.154482 -0.444422
v -0.047921 -0.159148 -0.442929
v -0.048745 -0.154427 -0.444355
v -0.047716 -0.159099 -0.442883
v -0.048539 -0.154378 -0.444310
v -0.047505 -0.159055 -0.442860
v -0.048328 -0.154334 -0.444286
v -0.011330 -0.159132 -0.464001
v -0.012154 -0.154411 -0.465427
v -0.011117 -0.159101 -0.464022
v -0.011941 -0.154380 -0.465449
v -0.010906 -0.159078 -0.464066
v -0.011730 -0.154357 -0.465492
v -0.010700 -0.159062 -0.464131
v -0.011524 -0.154341 -0.465558
v -0.010502 -0.159053 -0.464218
v -0.011325 -0.154332 -0.465644
v -0.010313 -0.159052 -0.464324
v -0.011137 -0.154331 -0.465750
v -0.010136 -0.159059 -0.464449
v -0.010960 -0.154338 -0.465875
v -0.009974 -0.159074 -0.464591
v -0.010797 -0.154353 -0.466017
v -0.009827 -0.159096 -0.464748
v -0.010650 -0.154375 -0.466175
v -0.009698 -0.159125 -0.464920
v -0.010521 -0.154404 -0.466346
v -0.009587 -0.159161 -0.465103
v -0.010411 -0.154440 -0.466529
v -0.009498 -0.159204 -0.465295
v -0.010321 -0.154483 -0.466722
v -0.009430 -0.159252 -0.465495
v -0.010253 -0.154531 -0.466921
v -0.009384 -0.159306 -0.465700
v -0.010207 -0.154585 -0.467126
v -0.009361 -0.159364 -0.465907
v -0.010184 -0.154643 -0.467333
v -0.009361 -0.159427 -0.466114
v -0.010184 -0.154706 -0.467540
v -0.009384 -0.159493 -0.466319
v -0.010207 -0.154772 -0.467745
v -0.009430 -0.159561 -0.466519
v -0.010253 -0.154841 -0.467946
v -0.009498 -0.159632 -0.466712
v -0.010321 -0.154911 -0.468139
v -0.009587 -0.159703 -0.466896
v -0.010411 -0.154982 -0.468323
v -0.009698 -0.159774 -0.467069
v -0.010521 -0.155053 -0.468495
v -0.009827 -0.159845 -0.467227
v -0.010650 -0.155124 -0.468654
v -0.009974 -0.159914 -0.467371
v -0.010797 -0.155193 -0.468797
v -0.010136 -0.159980 -0.467497
v -0.010960 -0.155259 -0.468923
v -0.010313 -0.160044 -0.467605
v -0.011137 -0.155323 -0.469031
v -0.010502 -0.160103 -0.467693
v -0.011325 -0.155382 -0.469119
v -0.010700 -0.160158 -0.467760
v -0.011524 -0.155437 -0.469186
v -0.010906 -0.160208 -0.467806
v -0.011730 -0.155487 -0.469232
v -0.011117 -0.160252 -0.467829
v -0.011941 -0.155531 -0.469255
v -0.011330 -0.160289 -0.467830
v -0.012154 -0.155568 -0.469256
v -0.011544 -0.160320 -0.467808
v -0.012367 -0.155599 -0.469235
v -0.011754 -0.160343 -0.467765
v -0.012578 -0.155622 -0.469191
v -0.011960 -0.160359 -0.467699
v -0.012784 -0.155638 -0.469126
v -0.012159 -0.160368 -0.467613
v -0.012982 -0.155647 -0.469039
v -0.012347 -0.160369 -0.467507
v -0.013171 -0.155648 -0.468933
v -0.012524 -0.160362 -0.467382
v -0.013348 -0.155641 -0.468808
v -0.012687 -0.160347 -0.467240
v -0.013510 -0.155626 -0.468666
v -0.012834 -0.160325 -0.467082
v -0.013657 -0.155604 -0.468508
v -0.012963 -0.160296 -0.466911
v -0.013787 -0.155575 -0.468337
v -0.013073 -0.160260 -0.466728
v -0.013897 -0.155539 -0.468154
v -0.013163 -0.160218 -0.466535
v -0.013986 -0.155497 -0.467962
v -0.013231 -0.160169 -0.466336
v -0.014055 -0.155448 -0.467762
v -0.013277 -0.160115 -0.466131
v -0.014100 -0.155394 -0.467557
v -0.013300 -0.160057 -0.465924
v -0.014124 -0.155336 -0.467350
v -0.013300 -0.159994 -0.465717
v -0.014124 -0.155273 -0.467143
v -0.013277 -0.159928 -0.465512
v -0.014100 -0.155207 -0.466938
v -0.013231 -0.159860 -0.465311
v -0.014055 -0.155139 -0.466738
v -0.013163 -0.159789 -0.465118
v -0.013986 -0.155068 -0.466545
v -0.013073 -0.159718 -0.464934
v -0.013897 -0.154997 -0.466361
v -0.012963 -0.159647 -0.464762
v -0.013787 -0.154926 -0.466188
v -0.012834 -0.159576 -0.464603
v -0.013657 -0.154855 -0.466030
v -0.012687 -0.159507 -0.464460
v -0.013510 -0.154787 -0.465886
v -0.012524 -0.159441 -0.464334
v -0.013348 -0.154720 -0.465760
v -0.012347 -0.159377 -0.464226
v -0.013171 -0.154657 -0.465652
v -0.012159 -0.159318 -0.464138
v -0.012982 -0.154597 -0.465564
v -0.011960 -0.159263 -0.464071
v -0.012784 -0.154542 -0.465497
v -0.011754 -0.159213 -0.464025
v -0.012578 -0.154492 -0.465451
v -0.011544 -0.159170 -0.464002
v -0.012367 -0.154449 -0.465428
v -0.095983 -0.140106 -0.352152
v -0.096807 -0.135385 -0.353579
v -0.095770 -0.140075 -0.352174
v -0.096594 -0.135354 -0.353600
v -0.095559 -0.140052 -0.352217
v -0.096383 -0.135331 -0.353644
v -0.095354 -0.140036 -0.352283
v -0.096177 -0.135315 -0.353709
v -0.095155 -0.140027 -0.352369
v -0.095979 -0.135306 -0.353796
v -0.094966 -0.140026 -0.352475
v -0.095790 -0.135305 -0.353902
v -0.094790 -0.140033 -0.352600
v -0.095613 -0.135312 -0.354027
v -0.094627 -0.140048 -0.352742
v -0.095450 -0.135327 -0.354169
v -0.094480 -0.140070 -0.352900
v -0.095303 -0.135349 -0.354326
v -0.094351 -0.140099 -0.353071
v -0.095174 -0.135378 -0.354498
v -0.094241 -0.140135 -0.353254
v -0.095064 -0.135414 -0.354680
v -0.094151 -0.140177 -0.353447
v -0.094974 -0.135456 -0.354873
v -0.094083 -0.140226 -0.353646
v -0.094906 -0.135505 -0.355073
v -0.094037 -0.140280 -0.353851
v -0.094860 -0.135559 -0.355277
v -0.094014 -0.140338 -0.354058
v -0.094837 -0.135617 -0.355485
v -0.094014 -0.140401 -0.354266
v -0.094837 -0.135680 -0.355692
v -0.094037 -0.140467 -0.354471
v -0.094860 -0.135746 -0.355897
v -0.094083 -0.140535 -0.354671
v -0.094906 -0.135814 -0.356097
v -0.094151 -0.140606 -0.354864
v -0.094974 -0.135885 -0.356290
v -0.094241 -0.140677 -0.355048
v -0.095064 -0.135956 -0.356474
v -0.094351 -0.140748 -0.355220
v -0.095174 -0.136027 -0.356646
v -0.094480 -0.140819 -0.355379
v -0.095303 -0.136098 -0.356805
v -0.094627 -0.140887 -0.355522
v -0.095450 -0.136167 -0.356949
v -0.094790 -0.140954 -0.355649
v -0.095613 -0.136233 -0.357075
v -0.094966 -0.141017 -0.355756
v -0.095790 -0.136296 -0.357183
v -0.095155 -0.141077 -0.355844
v -0.095979 -0.136356 -0.357271
v -0.095354 -0.141132 -0.355911
v -0.096177 -0.136411 -0.357338
v -0.095559 -0.141181 -0.355957
v -0.096383 -0.136461 -0.357383
v -0.095770 -0.141225 -0.355980
v -0.096594 -0.136504 -0.357407
v -0.095983 -0.141263 -0.355981
v -0.096807 -0.136542 -0.357408
v -0.096197 -0.141293 -0.355960
v -0.097020 -0.136573 -0.357386
v -0.096407 -0.141317 -0.355916
v -0.097231 -0.136596 -0.357342
v -0.096613 -0.141333 -0.355851
v -0.097437 -0.136612 -0.357277
v -0.096812 -0.141342 -0.355764
v -0.097635 -0.136621 -0.357191
v -0.097000 -0.141343 -0.355658
v -0.097824 -0.136622 -0.357084
v -0.097177 -0.141336 -0.355533
v -0.098001 -0.136615 -0.356960
v -0.097340 -0.141321 -0.355391
v -0.098164 -0.136600 -0.356818
v -0.097487 -0.141299 -0.355234
v -0.098310 -0.136578 -0.356660
v -0.097616 -0.141270 -0.355062
v -0.098440 -0.136549 -0.356489
v -0.097726 -0.141234 -0.354879
v -0.098550 -0.136513 -0.356306
v -0.097816 -0.141191 -0.354687
v -0.098639 -0.136470 -0.356113
v -0.097884 -0.141143 -0.354487
v -0.098708 -0.136422 -0.355913
v -0.097930 -0.141089 -0.354282
v -0.098754 -0.136368 -0.355709
v -0.097953 -0.141031 -0.354075
v -0.098777 -0.136310 -0.355502
v -0.097953 -0.140968 -0.353868
v -0.098777 -0.136247 -0.355294
v -0.097930 -0.140902 -0.353663
v -0.098754 -0.136181 -0.355089
v -0.097884 -0.140833 -0.353463
v -0.098708 -0.136112 -0.354889
v -0.097816 -0.140763 -0.353270
v -0.098639 -0.136042 -0.354696
v -0.097726 -0.140692 -0.353086
v -0.098550 -0.135971 -0.354512
v -0.097616 -0.140621 -0.352913
v -0.098440 -0.135900 -0.354340
v -0.097487 -0.140550 -0.352755
v -0.098310 -0.135829 -0.354181
v -0.097340 -0.140481 -0.352611
v -0.098164 -0.135760 -0.354038
v -0.097177 -0.140415 -0.352485
v -0.098001 -0.135694 -0.353911
v -0.097000 -0.140351 -0.352377
v -0.097824 -0.135630 -0.353804
v -0.096812 -0.140292 -0.352289
v -0.097635 -0.135571 -0.353716
v -0.096613 -0.140237 -0.352222
v -0.097437 -0.135516 -0.353648
v -0.096407 -0.140187 -0.352177
v -0.097231 -0.135466 -0.353603
v -0.096197 -0.140143 -0.352153
v -0.097020 -0.135422 -0.353579
v -0.121839 -0.139862 -0.336416
v -0.122662 -0.135141 -0.337843
v -0.121625 -0.139831 -0.336438
v -0.122449 -0.135110 -0.337864
v -0.121415 -0.139807 -0.336481
v -0.122238 -0.135086 -0.337908
v -0.121209 -0.139791 -0.336547
v -0.122032 -0.135070 -0.337973
v -0.121010 -0.139783 -0.336633
v -0.121834 -0.135062 -0.338059
v -0.120822 -0.139782 -0.336739
v -0.121645 -0.135061 -0.338166
v -0.120645 -0.139789 -0.336864
v -0.121468 -0.135068 -0.338291
v -0.120482 -0.139803 -0.337006
v -0.121306 -0.135082 -0.338433
v -0.120335 -0.139825 -0.337164
v -0.121159 -0.135104 -0.338590
v -0.120206 -0.139854 -0.337335
v -0.121029 -0.135134 -0.338762
v -0.120096 -0.139891 -0.337518
v -0.120919 -0.135170 -0.338944
v -0.120006 -0.139933 -0.337711
v -0.120830 -0.135212 -0.339137
v -0.119938 -0.139982 -0.337910
v -0.120761 -0.135261 -0.339337
v -0.119892 -0.140035 -0.338115
v -0.120715 -0.135314 -0.339541
v -0.119869 -0.140094 -0.338322
v -0.120692 -0.135373 -0.339749
v -0.119869 -0.140157 -0.338529
v -0.120692 -0.135436 -0.339956
v -0.119892 -0.140223 -0.338734
v -0.120715 -0.135502 -0.340161
v -0.119938 -0.140291 -0.338935
v -0.120761 -0.135570 -0.340361
v -0.120006 -0.140361 -0.339128
v -0.120830 -0.135640 -0.340554
v -0.120096 -0.140432 -0.339312
v -0.120919 -0.135711 -0.340738
v -0.120206 -0.140504 -0.339484
v -0.121029 -0.135783 -0.340910
v -0.120335 -0.140574 -0.339643
v -0.121159 -0.135853 -0.341069
v -0.120482 -0.140643 -0.339786
v -0.121306 -0.135922 -0.341213
v -0.120645 -0.140710 -0.339913
v -0.121468 -0.135989 -0.341339
v -0.120822 -0.140773 -0.340020
v -0.121645 -0.136052 -0.341447
v -0.121010 -0.140833 -0.340108
v -0.121834 -0.136112 -0.341535
v -0.121209 -0.140888 -0.340175
v -0.122032 -0.136167 -0.341602
v -0.121415 -0.140937 -0.340221
v -0.122238 -0.136216 -0.341647
v -0.121625 -0.140981 -0.340244
v -0.122449 -0.136260 -0.341671
v -0.121839 -0.141019 -0.340245
v -0.122662 -0.136298 -0.341672
v -0.122052 -0.141049 -0.340224
v -0.122875 -0.136328 -0.341650
v -0.122263 -0.141073 -0.340180
v -0.123086 -0.136352 -0.341606
v -0.122469 -0.141089 -0.340115
v -0.123292 -0.136368 -0.341541
v -0.122667 -0.141097 -0.340028
v -0.123490 -0.136377 -0.341455
v -0.122856 -0.141098 -0.339922
v -0.123679 -0.136377 -0.341348
v -0.123032 -0.141091 -0.339797
v -0.123856 -0.136370 -0.341224
v -0.123195 -0.141077 -0.339655
v -0.124019 -0.136356 -0.341081
v -0.123342 -0.141055 -0.339498
v -0.124166 -0.136334 -0.340924
v -0.123471 -0.141026 -0.339326
v -0.124295 -0.136305 -0.340753
v -0.123582 -0.140990 -0.339143
v -0.124405 -0.136269 -0.340570
v -0.123671 -0.140947 -0.338951
v -0.124495 -0.136226 -0.340377
v -0.123739 -0.140899 -0.338751
v -0.124563 -0.136178 -0.340177
v -0.123785 -0.140845 -0.338546
v -0.124609 -0.136124 -0.339973
v -0.123808 -0.140786 -0.338339
v -0.124632 -0.136065 -0.339766
v -0.123808 -0.140724 -0.338132
v -0.124632 -0.136003 -0.339558
v -0.123785 -0.140658 -0.337927
v -0.124609 -0.135937 -0.339353
v -0.123739 -0.140589 -0.337727
v -0.124563 -0.135868 -0.339153
v -0.123671 -0.140519 -0.337534
v -0.124495 -0.135798 -0.338960
v -0.123582 -0.140448 -0.337350
v -0.124405 -0.135727 -0.338776
v -0.123471 -0.140376 -0.337177
v -0.124295 -0.135656 -0.338604
v -0.123342 -0.140306 -0.337019
v -0.124166 -0.135585 -0.338445
v -0.123195 -0.140237 -0.336875
v -0.124019 -0.135516 -0.338302
v -0.123032 -0.140170 -0.336749
v -0.123856 -0.135449 -0.338175
v -0.122856 -0.140107 -0.336641
v -0.123679 -0.135386 -0.338067
v -0.122667 -0.140048 -0.336553
v -0.123490 -0.135327 -0.337979
v -0.122469 -0.139993 -0.336486
v -0.123292 -0.135272 -0.337912
v -0.122263 -0.139943 -0.336440
v -0.123086 -0.135222 -0.337867
v -0.122052 -0.139899 -0.336417
v -0.122875 -0.135178 -0.337843
v -0.162696 -0.158979 -0.376102
v -0.163520 -0.154258 -0.377528
v -0.162483 -0.158948 -0.376124
v -0.163307 -0.154227 -0.377550
v -0.162272 -0.158925 -0.376167
v -0.163096 -0.154204 -0.377594
v -0.162067 -0.158908 -0.376233
v -0.162890 -0.154187 -0.377659
v -0.161868 -0.158900 -0.376319
v -0.162692 -0.154179 -0.377745
v -0.161679 -0.158899 -0.376425
v -0.162503 -0.154178 -0.377852
v -0.161503 -0.158906 -0.376550
v -0.162326 -0.154185 -0.377976
v -0.161340 -0.158920 -0.376692
v -0.162163 -0.154199 -0.378118
v -0.161193 -0.158942 -0.376850
v -0.162016 -0.154221 -0.378276
v -0.161064 -0.158972 -0.377021
v -0.161887 -0.154251 -0.378447
v -0.160954 -0.159008 -0.377204
v -0.161777 -0.154287 -0.378630
v -0.160864 -0.159050 -0.377396
v -0.161687 -0.154329 -0.378823
v -0.160796 -0.159099 -0.377596
v -0.161619 -0.154378 -0.379023
v -0.160750 -0.159152 -0.377801
v -0.161573 -0.154432 -0.379227
v -0.160727 -0.159211 -0.378008
v -0.161550 -0.154490 -0.379434
v -0.160727 -0.159274 -0.378215
v -0.161550 -0.154553 -0.379642
v -0.160750 -0.159340 -0.378420
v -0.161573 -0.154619 -0.379847
v -0.160796 -0.159408 -0.378621
v -0.161619 -0.154687 -0.380047
v -0.160864 -0.159478 -0.378814
v -0.161687 -0.154757 -0.380240
v -0.160954 -0.159550 -0.378998
v -0.161777 -0.154829 -0.380424
v -0.161064 -0.159621 -0.379170
v -0.161887 -0.154900 -0.380596
v -0.161193 -0.159691 -0.379329
v -0.162016 -0.154970 -0.380755
v -0.161340 -0.159760 -0.379472
v -0.162163 -0.155039 -0.380898
v -0.161503 -0.159827 -0.379598
v -0.162326 -0.155106 -0.381025
v -0.161679 -0.159890 -0.379706
v -0.162503 -0.155169 -0.381132
v -0.161868 -0.159950 -0.379794
v -0.162692 -0.155229 -0.381220
v -0.162067 -0.160005 -0.379861
v -0.162890 -0.155284 -0.381288
v -0.162272 -0.160054 -0.379907
v -0.163096 -0.155333 -0.381333
v -0.162483 -0.160098 -0.379930
v -0.163307 -0.155377 -0.381357
v -0.162696 -0.160136 -0.379931
v -0.163520 -0.155415 -0.381357
v -0.162910 -0.160166 -0.379910
v -0.163733 -0.155445 -0.381336
v -0.163121 -0.160190 -0.379866
v -0.163944 -0.155469 -0.381292
v -0.163326 -0.160206 -0.379800
v -0.164150 -0.155485 -0.381227
v -0.163525 -0.160215 -0.379714
v -0.164348 -0.155494 -0.381140
v -0.163713 -0.160215 -0.379608
v -0.164537 -0.155494 -0.381034
v -0.163890 -0.160209 -0.379483
v -0.164714 -0.155488 -0.380909
v -0.164053 -0.160194 -0.379341
v -0.164877 -0.155473 -0.380767
v -0.164200 -0.160172 -0.379183
v -0.165023 -0.155451 -0.380610
v -0.164329 -0.160143 -0.379012
v -0.165153 -0.155422 -0.380438
v -0.164439 -0.160107 -0.378829
v -0.165263 -0.155386 -0.380256
v -0.164529 -0.160064 -0.378637
v -0.165353 -0.155343 -0.380063
v -0.164597 -0.160016 -0.378437
v -0.165421 -0.155295 -0.379863
v -0.164643 -0.159962 -0.378232
v -0.165467 -0.155241 -0.379659
v -0.164666 -0.159903 -0.378025
v -0.165490 -0.155182 -0.379451
v -0.164666 -0.159841 -0.377818
v -0.165490 -0.155120 -0.379244
v -0.164643 -0.159775 -0.377613
v -0.165467 -0.155054 -0.379039
v -0.164597 -0.159706 -0.377413
v -0.165421 -0.154985 -0.378839
v -0.164529 -0.159636 -0.377219
v -0.165353 -0.154915 -0.378646
v -0.164439 -0.159565 -0.377036
v -0.165263 -0.154844 -0.378462
v -0.164329 -0.159494 -0.376863
v -0.165153 -0.154773 -0.378290
v -0.164200 -0.159423 -0.376705
v -0.165023 -0.154702 -0.378131
v -0.164053 -0.159354 -0.376561
v -0.164877 -0.154633 -0.377987
v -0.163890 -0.159288 -0.376435
v -0.164714 -0.154567 -0.377861
v -0.163713 -0.159224 -0.376327
v -0.164537 -0.154503 -0.377753
v -0.163525 -0.159165 -0.376239
v -0.164348 -0.154444 -0.377665
v -0.163326 -0.159110 -0.376172
v -0.164150 -0.154389 -0.377598
v -0.163121 -0.159060 -0.376126
v -0.163944 -0.154339 -0.377553
v -0.162910 -0.159016 -0.376103
v -0.163733 -0.154295 -0.377529
v -0.128649 -0.158873 -0.395408
v -0.129472 -0.154152 -0.396834
v -0.128436 -0.158842 -0.395429
v -0.129259 -0.154121 -0.396855
v -0.128225 -0.158818 -0.395473
v -0.129048 -0.154097 -0.396899
v -0.128019 -0.158802 -0.395538
v -0.128843 -0.154081 -0.396965
v -0.127821 -0.158794 -0.395625
v -0.128644 -0.154073 -0.397051
v -0.127632 -0.158793 -0.395731
v -0.128455 -0.154072 -0.397157
v -0.127455 -0.158800 -0.395856
v -0.128279 -0.154079 -0.397282
v -0.127292 -0.158814 -0.395998
v -0.128116 -0.154093 -0.397424
v -0.127145 -0.158836 -0.396155
v -0.127969 -0.154115 -0.397582
v -0.127016 -0.158865 -0.396327
v -0.127840 -0.154144 -0.397753
v -0.126906 -0.158901 -0.396509
v -0.127730 -0.154180 -0.397936
v -0.126816 -0.158944 -0.396702
v -0.127640 -0.154223 -0.398128
v -0.126748 -0.158992 -0.396902
v -0.127572 -0.154271 -0.398328
v -0.126702 -0.159046 -0.397106
v -0.127526 -0.154325 -0.398533
v -0.126679 -0.159105 -0.397314
v -0.127503 -0.154384 -0.398740
v -0.126679 -0.159167 -0.397521
v -0.127503 -0.154446 -0.398947
v -0.126702 -0.159233 -0.397726
v -0.127526 -0.154512 -0.399152
v -0.126748 -0.159302 -0.397926
v -0.127572 -0.154581 -0.399352
v -0.126816 -0.159372 -0.398119
v -0.127640 -0.154651 -0.399546
v -0.126906 -0.159443 -0.398303
v -0.127730 -0.154722 -0.399729
v -0.127016 -0.159515 -0.398475
v -0.127840 -0.154794 -0.399902
v -0.127145 -0.159585 -0.398634
v -0.127969 -0.154864 -0.400060
v -0.127292 -0.159654 -0.398778
v -0.128116 -0.154933 -0.400204
v -0.127455 -0.159721 -0.398904
v -0.128279 -0.155000 -0.400330
v -0.127632 -0.159784 -0.399012
v -0.128455 -0.155063 -0.400438
v -0.127821 -0.159844 -0.399100
v -0.128644 -0.155123 -0.400526
v -0.128019 -0.159898 -0.399167
v -0.128843 -0.155177 -0.400593
v -0.128225 -0.159948 -0.399212
v -0.129048 -0.155227 -0.400639
v -0.128436 -0.159992 -0.399236
v -0.129259 -0.155271 -0.400662
v -0.128649 -0.160029 -0.399237
v -0.129472 -0.155308 -0.400663
v -0.128862 -0.160060 -0.399215
v -0.129686 -0.155339 -0.400641
v -0.129073 -0.160084 -0.399171
v -0.129897 -0.155363 -0.400598
v -0.129279 -0.160100 -0.399106
v -0.130102 -0.155379 -0.400532
v -0.129477 -0.160108 -0.399020
v -0.130301 -0.155387 -0.400446
v -0.129666 -0.160109 -0.398913
v -0.130489 -0.155388 -0.400340
v -0.129843 -0.160102 -0.398789
v -0.130666 -0.155381 -0.400215
v -0.130006 -0.160088 -0.398647
v -0.130829 -0.155367 -0.400073
v -0.130152 -0.160066 -0.398489
v -0.130976 -0.155345 -0.399915
v -0.130282 -0.160037 -0.398318
v -0.131105 -0.155316 -0.399744
v -0.130392 -0.160000 -0.398135
v -0.131215 -0.155280 -0.399561
v -0.130482 -0.159958 -0.397942
v -0.131305 -0.155237 -0.399369
v -0.130550 -0.159910 -0.397742
v -0.131373 -0.155189 -0.399169
v -0.130596 -0.159856 -0.397538
v -0.131419 -0.155135 -0.398964
v -0.130619 -0.159797 -0.397331
v -0.131442 -0.155076 -0.398757
v -0.130619 -0.159735 -0.397123
v -0.131442 -0.155014 -0.398550
v -0.130596 -0.159669 -0.396918
v -0.131419 -0.154948 -0.398345
v -0.130550 -0.159600 -0.396718
v -0.131373 -0.154879 -0.398144
v -0.130482 -0.159530 -0.396525
v -0.131305 -0.154809 -0.397951
v -0.130392 -0.159459 -0.396341
v -0.131215 -0.154738 -0.397767
v -0.130282 -0.159387 -0.396169
v -0.131105 -0.154666 -0.397595
v -0.130152 -0.159317 -0.396010
v -0.130976 -0.154596 -0.397436
v -0.130006 -0.159248 -0.395867
v -0.130829 -0.154527 -0.397293
v -0.129843 -0.159181 -0.395740
v -0.130666 -0.154460 -0.397167
v -0.129666 -0.159118 -0.395632
v -0.130489 -0.154397 -0.397059
v -0.129477 -0.159058 -0.395544
v -0.130301 -0.154337 -0.396971
v -0.129279 -0.159003 -0.395477
v -0.130102 -0.154283 -0.396904
v -0.129073 -0.158954 -0.395432
v -0.129897 -0.154233 -0.396858
v -0.128862 -0.158910 -0.395408
v -0.129686 -0.154189 -0.396835
v -0.199292 -0.158896 -0.354700
v -0.200116 -0.154175 -0.356126
v -0.199079 -0.158865 -0.354722
v -0.199902 -0.154145 -0.356148
v -0.198868 -0.158842 -0.354765
v -0.199691 -0.154121 -0.356192
v -0.198662 -0.158826 -0.354831
v -0.199486 -0.154105 -0.356257
v -0.198464 -0.158817 -0.354917
v -0.199287 -0.154096 -0.356343
v -0.198275 -0.158816 -0.355023
v -0.199098 -0.154095 -0.356450
v -0.198098 -0.158823 -0.355148
v -0.198922 -0.154102 -0.356574
v -0.197935 -0.158838 -0.355290
v -0.198759 -0.154117 -0.356717
v -0.197789 -0.158860 -0.355448
v -0.198612 -0.154139 -0.356874
v -0.197659 -0.158889 -0.355619
v -0.198483 -0.154168 -0.357045
v -0.197549 -0.158925 -0.355802
v -0.198373 -0.154204 -0.357228
v -0.197459 -0.158968 -0.355994
v -0.198283 -0.154247 -0.357421
v -0.197391 -0.159016 -0.356194
v -0.198215 -0.154295 -0.357621
v -0.197345 -0.159070 -0.356399
v -0.198169 -0.154349 -0.357825
v -0.197322 -0.159128 -0.356606
v -0.198146 -0.154407 -0.358032
v -0.197322 -0.159191 -0.356813
v -0.198146 -0.154470 -0.358240
v -0.197345 -0.159257 -0.357018
v -0.198169 -0.154536 -0.358445
v -0.197391 -0.159326 -0.357219
v -0.198215 -0.154605 -0.358645
v -0.197459 -0.159396 -0.357412
v -0.198283 -0.154675 -0.358838
v -0.197549 -0.159467 -0.357596
v -0.198373 -0.154746 -0.359022
v -0.197659 -0.159538 -0.357768
v -0.198483 -0.154817 -0.359194
v -0.197789 -0.159609 -0.357927
v -0.198612 -0.154888 -0.359353
v -0.197935 -0.159678 -0.358070
v -0.198759 -0.154957 -0.359496
v -0.198098 -0.159744 -0.358196
v -0.198922 -0.155023 -0.359623
v -0.198275 -0.159808 -0.358304
v -0.199098 -0.155087 -0.359731
v -0.198464 -0.159867 -0.358392
v -0.199287 -0.155146 -0.359818
v -0.198662 -0.159922 -0.358459
v -0.199486 -0.155201 -0.359886
v -0.198868 -0.159972 -0.358505
v -0.199691 -0.155251 -0.359931
v -0.199079 -0.160016 -0.358528
v -0.199902 -0.155295 -0.359955
v -0.199292 -0.160053 -0.358529
v -0.200116 -0.155332 -0.359955
v -0.199505 -0.160084 -0.358508
v -0.200329 -0.155363 -0.359934
v -0.199716 -0.160107 -0.358464
v -0.200540 -0.155386 -0.359890
v -0.199922 -0.160123 -0.358398
v -0.200745 -0.155402 -0.359825
v -0.200120 -0.160132 -0.358312
v -0.200944 -0.155411 -0.359738
v -0.200309 -0.160133 -0.358206
v -0.201133 -0.155412 -0.359632
v -0.200486 -0.160126 -0.358081
v -0.201309 -0.155405 -0.359507
v -0.200649 -0.160111 -0.357939
v -0.201472 -0.155390 -0.359365
v -0.200796 -0.160089 -0.357781
v -0.201619 -0.155368 -0.359208
v -0.200925 -0.160060 -0.357610
v -0.201748 -0.155339 -0.359036
v -0.201035 -0.160024 -0.357427
v -0.201858 -0.155303 -0.358854
v -0.201125 -0.159982 -0.357235
v -0.201948 -0.155261 -0.358661
v -0.201193 -0.159933 -0.357035
v -0.202016 -0.155212 -0.358461
v -0.201239 -0.159879 -0.356830
v -0.202062 -0.155158 -0.358257
v -0.201262 -0.159821 -0.356623
v -0.202085 -0.155100 -0.358049
v -0.201262 -0.159758 -0.356416
v -0.202085 -0.155037 -0.357842
v -0.201239 -0.159692 -0.356211
v -0.202062 -0.154971 -0.357637
v -0.201193 -0.159624 -0.356011
v -0.202016 -0.154903 -0.357437
v -0.201125 -0.159553 -0.355817
v -0.201948 -0.154832 -0.357244
v -0.201035 -0.159482 -0.355634
v -0.201858 -0.154761 -0.357060
v -0.200925 -0.159411 -0.355461
v -0.201748 -0.154690 -0.356888
v -0.200796 -0.159340 -0.355303
v -0.201619 -0.154620 -0.356729
v -0.200649 -0.159272 -0.355159
v -0.201472 -0.154551 -0.356585
v -0.200486 -0.159205 -0.355033
v -0.201309 -0.154484 -0.356459
v -0.200309 -0.159142 -0.354925
v -0.201133 -0.154421 -0.356351
v -0.200120 -0.159082 -0.354837
v -0.200944 -0.154361 -0.356263
v -0.199922 -0.159027 -0.354770
v -0.200745 -0.154306 -0.356196
v -0.199716 -0.158977 -0.354724
v -0.200540 -0.154257 -0.356151
v -0.199505 -0.158934 -0.354701
v -0.200329 -0.154213 -0.356127
v -0.209733 -0.159180 -0.217576
v -0.211390 -0.154463 -0.217576
v -0.209744 -0.159184 -0.217792
v -0.211401 -0.154467 -0.217792
v -0.209777 -0.159196 -0.218006
v -0.211434 -0.154478 -0.218006
v -0.209831 -0.159215 -0.218215
v -0.211489 -0.154498 -0.218215
v -0.209907 -0.159241 -0.218416
v -0.211565 -0.154524 -0.218416
v -0.210003 -0.159275 -0.218607
v -0.211660 -0.154558 -0.218607
v -0.210117 -0.159315 -0.218786
v -0.211775 -0.154598 -0.218786
v -0.210250 -0.159362 -0.218952
v -0.211907 -0.154645 -0.218952
v -0.210398 -0.159414 -0.219100
v -0.212056 -0.154697 -0.219100
v -0.210561 -0.159471 -0.219232
v -0.212218 -0.154754 -0.219232
v -0.210736 -0.159533 -0.219343
v -0.212393 -0.154815 -0.219343
v -0.210921 -0.159598 -0.219434
v -0.212579 -0.154881 -0.219434
v -0.211115 -0.159666 -0.219503
v -0.212772 -0.154949 -0.219503
v -0.211314 -0.159736 -0.219550
v -0.212972 -0.155019 -0.219550
v -0.211517 -0.159807 -0.219573
v -0.213175 -0.155090 -0.219573
v -0.211722 -0.159879 -0.219573
v -0.213379 -0.155162 -0.219573
v -0.211925 -0.159951 -0.219550
v -0.213583 -0.155233 -0.219550
v -0.212124 -0.160021 -0.219503
v -0.213782 -0.155303 -0.219503
v -0.212318 -0.160089 -0.219434
v -0.213976 -0.155372 -0.219434
v -0.212503 -0.160154 -0.219343
v -0.214161 -0.155437 -0.219343
v -0.212678 -0.160215 -0.219232
v -0.214336 -0.155498 -0.219232
v -0.212841 -0.160273 -0.219100
v -0.214499 -0.155555 -0.219100
v -0.212989 -0.160325 -0.218952
v -0.214647 -0.155607 -0.218952
v -0.213122 -0.160371 -0.218786
v -0.214779 -0.155654 -0.218786
v -0.213236 -0.160411 -0.218607
v -0.214894 -0.155694 -0.218607
v -0.213332 -0.160445 -0.218416
v -0.214990 -0.155728 -0.218416
v -0.213408 -0.160472 -0.218215
v -0.215065 -0.155754 -0.218215
v -0.213462 -0.160491 -0.218006
v -0.215120 -0.155774 -0.218006
v -0.213495 -0.160502 -0.217792
v -0.215153 -0.155785 -0.217792
v -0.213506 -0.160506 -0.217576
v -0.215164 -0.155789 -0.217576
v -0.213495 -0.160502 -0.217360
v -0.215153 -0.155785 -0.217360
v -0.213462 -0.160491 -0.217146
v -0.215120 -0.155774 -0.217146
v -0.213408 -0.160472 -0.216938
v -0.215065 -0.155754 -0.216938
v -0.213332 -0.160445 -0.216736
v -0.214990 -0.155728 -0.216736
v -0.213236 -0.160411 -0.216545
v -0.214894 -0.155694 -0.216545
v -0.213122 -0.160371 -0.216366
v -0.214779 -0.155654 -0.216366
v -0.212989 -0.160325 -0.216201
v -0.214647 -0.155607 -0.216201
v -0.212841 -0.160273 -0.216052
v -0.214499 -0.155555 -0.216052
v -0.212678 -0.160215 -0.215921
v -0.214336 -0.155498 -0.215921
v -0.212503 -0.160154 -0.215809
v -0.214161 -0.155437 -0.215809
v -0.212318 -0.160089 -0.215718
v -0.213976 -0.155372 -0.215718
v -0.212124 -0.160021 -0.215649
v -0.213782 -0.155303 -0.215649
v -0.211925 -0.159951 -0.215602
v -0.213583 -0.155233 -0.215602
v -0.211722 -0.159879 -0.215579
v -0.213379 -0.155162 -0.215579
v -0.211517 -0.159807 -0.215579
v -0.213175 -0.155090 -0.215579
v -0.211314 -0.159736 -0.215602
v -0.212972 -0.155019 -0.215602
v -0.211115 -0.159666 -0.215649
v -0.212772 -0.154949 -0.215649
v -0.210921 -0.159598 -0.215718
v -0.212579 -0.154881 -0.215718
v -0.210736 -0.159533 -0.215809
v -0.212393 -0.154815 -0.215809
v -0.210561 -0.159471 -0.215921
v -0.212218 -0.154754 -0.215921
v -0.210398 -0.159414 -0.216052
v -0.212056 -0.154697 -0.216052
v -0.210250 -0.159362 -0.216201
v -0.211907 -0.154645 -0.216201
v -0.210117 -0.159315 -0.216366
v -0.211775 -0.154598 -0.216366
v -0.210003 -0.159275 -0.216545
v -0.211660 -0.154558 -0.216545
v -0.209907 -0.159241 -0.216736
v -0.211565 -0.154524 -0.216736
v -0.209831 -0.159215 -0.216938
v -0.211489 -0.154498 -0.216938
v -0.209777 -0.159196 -0.217146
v -0.211434 -0.154478 -0.217146
v -0.209744 -0.159184 -0.217360
v -0.211401 -0.154467 -0.217360
v -0.151319 -0.138652 -0.309881
v -0.152977 -0.133935 -0.309881
v -0.151330 -0.138656 -0.310097
v -0.152988 -0.133939 -0.310097
v -0.151363 -0.138667 -0.310311
v -0.153021 -0.133950 -0.310311
v -0.151418 -0.138687 -0.310520
v -0.153076 -0.133969 -0.310520
v -0.151494 -0.138713 -0.310721
v -0.153151 -0.133996 -0.310721
v -0.151589 -0.138747 -0.310912
v -0.153247 -0.134030 -0.310912
v -0.151704 -0.138787 -0.311091
v -0.153362 -0.134070 -0.311091
v -0.151836 -0.138834 -0.311256
v -0.153494 -0.134116 -0.311256
v -0.151985 -0.138886 -0.311405
v -0.153642 -0.134169 -0.311405
v -0.152147 -0.138943 -0.311536
v -0.153805 -0.134226 -0.311536
v -0.152322 -0.139004 -0.311648
v -0.153980 -0.134287 -0.311648
v -0.152508 -0.139070 -0.311739
v -0.154165 -0.134352 -0.311739
v -0.152701 -0.139138 -0.311808
v -0.154359 -0.134420 -0.311808
v -0.152901 -0.139208 -0.311855
v -0.154559 -0.134491 -0.311855
v -0.153104 -0.139279 -0.311878
v -0.154762 -0.134562 -0.311878
v -0.153308 -0.139351 -0.311878
v -0.154966 -0.134634 -0.311878
v -0.153511 -0.139422 -0.311855
v -0.155169 -0.134705 -0.311855
v -0.153711 -0.139492 -0.311808
v -0.155369 -0.134775 -0.311808
v -0.153905 -0.139560 -0.311739
v -0.155562 -0.134843 -0.311739
v -0.154090 -0.139626 -0.311648
v -0.155748 -0.134908 -0.311648
v -0.154265 -0.139687 -0.311536
v -0.155923 -0.134970 -0.311536
v -0.154428 -0.139744 -0.311405
v -0.156085 -0.135027 -0.311405
v -0.154576 -0.139796 -0.311256
v -0.156234 -0.135079 -0.311256
v -0.154708 -0.139843 -0.311091
v -0.156366 -0.135126 -0.311091
v -0.154823 -0.139883 -0.310912
v -0.156481 -0.135166 -0.310912
v -0.154919 -0.139917 -0.310721
v -0.156576 -0.135200 -0.310721
v -0.154994 -0.139943 -0.310520
v -0.156652 -0.135226 -0.310520
v -0.155049 -0.139963 -0.310311
v -0.156707 -0.135245 -0.310311
v -0.155082 -0.139974 -0.310097
v -0.156740 -0.135257 -0.310097
v -0.155093 -0.139978 -0.309881
v -0.156751 -0.135261 -0.309881
v -0.155082 -0.139974 -0.309665
v -0.156740 -0.135257 -0.309665
v -0.155049 -0.139963 -0.309451
v -0.156707 -0.135245 -0.309451
v -0.154994 -0.139943 -0.309242
v -0.156652 -0.135226 -0.309242
v -0.154919 -0.139917 -0.309041
v -0.156576 -0.135200 -0.309041
v -0.154823 -0.139883 -0.308850
v -0.156481 -0.135166 -0.308850
v -0.154708 -0.139843 -0.308671
v -0.156366 -0.135126 -0.308671
v -0.154576 -0.139796 -0.308506
v -0.156234 -0.135079 -0.308506
v -0.154428 -0.139744 -0.308357
v -0.156085 -0.135027 -0.308357
v -0.154265 -0.139687 -0.308226
v -0.155923 -0.134970 -0.308226
v -0.154090 -0.139626 -0.308114
v -0.155748 -0.134908 -0.308114
v -0.153905 -0.139560 -0.308023
v -0.155562 -0.134843 -0.308023
v -0.153711 -0.139492 -0.307954
v -0.155369 -0.134775 -0.307954
v -0.153511 -0.139422 -0.307907
v -0.155169 -0.134705 -0.307907
v -0.153308 -0.139351 -0.307884
v -0.154966 -0.134634 -0.307884
v -0.153104 -0.139279 -0.307884
v -0.154762 -0.134562 -0.307884
v -0.152901 -0.139208 -0.307907
v -0.154559 -0.134491 -0.307907
v -0.152701 -0.139138 -0.307954
v -0.154359 -0.134420 -0.307954
v -0.152508 -0.139070 -0.308023
v -0.154165 -0.134352 -0.308023
v -0.152322 -0.139004 -0.308114
v -0.153980 -0.134287 -0.308114
v -0.152147 -0.138943 -0.308226
v -0.153805 -0.134226 -0.308226
v -0.151985 -0.138886 -0.308357
v -0.153642 -0.134169 -0.308357
v -0.151836 -0.138834 -0.308506
v -0.153494 -0.134116 -0.308506
v -0.151704 -0.138787 -0.308671
v -0.153362 -0.134070 -0.308671
v -0.151589 -0.138747 -0.308850
v -0.153247 -0.134030 -0.308850
v -0.151494 -0.138713 -0.309041
v -0.153151 -0.133996 -0.309041
v -0.151418 -0.138687 -0.309242
v -0.153076 -0.133969 -0.309242
v -0.151363 -0.138667 -0.309451
v -0.153021 -0.133950 -0.309451
v -0.151330 -0.138656 -0.309665
v -0.152988 -0.133939 -0.309665
v -0.151319 -0.138652 -0.279113
v -0.152977 -0.133935 -0.279113
v -0.151330 -0.138656 -0.279329
v -0.152988 -0.133939 -0.279329
v -0.151363 -0.138667 -0.279543
v -0.153021 -0.133950 -0.279543
v -0.151418 -0.138687 -0.279751
v -0.153076 -0.133969 -0.279751
v -0.151494 -0.138713 -0.279952
v -0.153151 -0.133996 -0.279952
v -0.151589 -0.138747 -0.280144
v -0.153247 -0.134030 -0.280144
v -0.151704 -0.138787 -0.280323
v -0.153362 -0.134070 -0.280323
v -0.151836 -0.138834 -0.280488
v -0.153494 -0.134116 -0.280488
v -0.151985 -0.138886 -0.280637
v -0.153642 -0.134169 -0.280637
v -0.152147 -0.138943 -0.280768
v -0.153805 -0.134226 -0.280768
v -0.152322 -0.139004 -0.280880
v -0.153980 -0.134287 -0.280880
v -0.152508 -0.139070 -0.280971
v -0.154165 -0.134352 -0.280971
v -0.152701 -0.139138 -0.281040
v -0.154359 -0.134420 -0.281040
v -0.152901 -0.139208 -0.281086
v -0.154559 -0.134491 -0.281086
v -0.153104 -0.139279 -0.281110
v -0.154762 -0.134562 -0.281110
v -0.153308 -0.139351 -0.281110
v -0.154966 -0.134634 -0.281110
v -0.153511 -0.139422 -0.281086
v -0.155169 -0.134705 -0.281086
v -0.153711 -0.139492 -0.281040
v -0.155369 -0.134775 -0.281040
v -0.153905 -0.139560 -0.280971
v -0.155562 -0.134843 -0.280971
v -0.154090 -0.139626 -0.280880
v -0.155748 -0.134908 -0.280880
v -0.154265 -0.139687 -0.280768
v -0.155923 -0.134970 -0.280768
v -0.154428 -0.139744 -0.280637
v -0.156085 -0.135027 -0.280637
v -0.154576 -0.139796 -0.280488
v -0.156234 -0.135079 -0.280488
v -0.154708 -0.139843 -0.280323
v -0.156366 -0.135126 -0.280323
v -0.154823 -0.139883 -0.280144
v -0.156481 -0.135166 -0.280144
v -0.154919 -0.139917 -0.279952
v -0.156576 -0.135200 -0.279952
v -0.154994 -0.139943 -0.279751
v -0.156652 -0.135226 -0.279751
v -0.155049 -0.139963 -0.279543
v -0.156707 -0.135245 -0.279543
v -0.155082 -0.139974 -0.279329
v -0.156740 -0.135257 -0.279329
v -0.155093 -0.139978 -0.279113
v -0.156751 -0.135261 -0.279113
v -0.155082 -0.139974 -0.278896
v -0.156740 -0.135257 -0.278896
v -0.155049 -0.139963 -0.278683
v -0.156707 -0.135245 -0.278683
v -0.154994 -0.139943 -0.278474
v -0.156652 -0.135226 -0.278474
v -0.154919 -0.139917 -0.278273
v -0.156576 -0.135200 -0.278273
v -0.154823 -0.139883 -0.278082
v -0.156481 -0.135166 -0.278082
v -0.154708 -0.139843 -0.277902
v -0.156366 -0.135126 -0.277902
v -0.154576 -0.139796 -0.277737
v -0.156234 -0.135079 -0.277737
v -0.154428 -0.139744 -0.277588
v -0.156085 -0.135027 -0.277588
v -0.154265 -0.139687 -0.277457
v -0.155923 -0.134970 -0.277457
v -0.154090 -0.139626 -0.277346
v -0.155748 -0.134908 -0.277346
v -0.153905 -0.139560 -0.277255
v -0.155562 -0.134843 -0.277255
v -0.153711 -0.139492 -0.277186
v -0.155369 -0.134775 -0.277186
v -0.153511 -0.139422 -0.277139
v -0.155169 -0.134705 -0.277139
v -0.153308 -0.139351 -0.277116
v -0.154966 -0.134634 -0.277116
v -0.153104 -0.139279 -0.277116
v -0.154762 -0.134562 -0.277116
v -0.152901 -0.139208 -0.277139
v -0.154559 -0.134491 -0.277139
v -0.152701 -0.139138 -0.277186
v -0.154359 -0.134420 -0.277186
v -0.152508 -0.139070 -0.277255
v -0.154165 -0.134352 -0.277255
v -0.152322 -0.139004 -0.277346
v -0.153980 -0.134287 -0.277346
v -0.152147 -0.138943 -0.277457
v -0.153805 -0.134226 -0.277457
v -0.151985 -0.138886 -0.277588
v -0.153642 -0.134169 -0.277588
v -0.151836 -0.138834 -0.277737
v -0.153494 -0.134116 -0.277737
v -0.151704 -0.138787 -0.277902
v -0.153362 -0.134070 -0.277902
v -0.151589 -0.138747 -0.278082
v -0.153247 -0.134030 -0.278082
v -0.151494 -0.138713 -0.278273
v -0.153151 -0.133996 -0.278273
v -0.151418 -0.138687 -0.278474
v -0.153076 -0.133969 -0.278474
v -0.151363 -0.138667 -0.278683
v -0.153021 -0.133950 -0.278683
v -0.151330 -0.138656 -0.278896
v -0.152988 -0.133939 -0.278896
v -0.151319 -0.138652 -0.248344
v -0.152977 -0.133935 -0.248344
v -0.151330 -0.138656 -0.248561
v -0.152988 -0.133939 -0.248561
v -0.151363 -0.138667 -0.248774
v -0.153021 -0.133950 -0.248774
v -0.151418 -0.138687 -0.248983
v -0.153076 -0.133969 -0.248983
v -0.151494 -0.138713 -0.249184
v -0.153151 -0.133996 -0.249184
v -0.151589 -0.138747 -0.249376
v -0.153247 -0.134030 -0.249376
v -0.151704 -0.138787 -0.249555
v -0.153362 -0.134070 -0.249555
v -0.151836 -0.138834 -0.249720
v -0.153494 -0.134116 -0.249720
v -0.151985 -0.138886 -0.249869
v -0.153642 -0.134169 -0.249869
v -0.152147 -0.138943 -0.250000
v -0.153805 -0.134226 -0.250000
v -0.152322 -0.139004 -0.250111
v -0.153980 -0.134287 -0.250111
v -0.152508 -0.139070 -0.250202
v -0.154165 -0.134352 -0.250202
v -0.152701 -0.139138 -0.250271
v -0.154359 -0.134420 -0.250271
v -0.152901 -0.139208 -0.250318
v -0.154559 -0.134491 -0.250318
v -0.153104 -0.139279 -0.250341
v -0.154762 -0.134562 -0.250341
v -0.153308 -0.139351 -0.250341
v -0.154966 -0.134634 -0.250341
v -0.153511 -0.139422 -0.250318
v -0.155169 -0.134705 -0.250318
v -0.153711 -0.139492 -0.250271
v -0.155369 -0.134775 -0.250271
v -0.153905 -0.139560 -0.250202
v -0.155562 -0.134843 -0.250202
v -0.154090 -0.139626 -0.250111
v -0.155748 -0.134908 -0.250111
v -0.154265 -0.139687 -0.250000
v -0.155923 -0.134970 -0.250000
v -0.154428 -0.139744 -0.249869
v -0.156085 -0.135027 -0.249869
v -0.154576 -0.139796 -0.249720
v -0.156234 -0.135079 -0.249720
v -0.154708 -0.139843 -0.249555
v -0.156366 -0.135126 -0.249555
v -0.154823 -0.139883 -0.249376
v -0.156481 -0.135166 -0.249376
v -0.154919 -0.139917 -0.249184
v -0.156576 -0.135200 -0.249184
v -0.154994 -0.139943 -0.248983
v -0.156652 -0.135226 -0.248983
v -0.155049 -0.139963 -0.248774
v -0.156707 -0.135245 -0.248774
v -0.155082 -0.139974 -0.248561
v -0.156740 -0.135257 -0.248561
v -0.155093 -0.139978 -0.248344
v -0.156751 -0.135261 -0.248344
v -0.155082 -0.139974 -0.248128
v -0.156740 -0.135257 -0.248128
v -0.155049 -0.139963 -0.247914
v -0.156707 -0.135245 -0.247914
v -0.154994 -0.139943 -0.247706
v -0.156652 -0.135226 -0.247706
v -0.154919 -0.139917 -0.247505
v -0.156576 -0.135200 -0.247505
v -0.154823 -0.139883 -0.247313
v -0.156481 -0.135166 -0.247313
v -0.154708 -0.139843 -0.247134
v -0.156366 -0.135126 -0.247134
v -0.154576 -0.139796 -0.246969
v -0.156234 -0.135079 -0.246969
v -0.154428 -0.139744 -0.246820
v -0.156085 -0.135027 -0.246820
v -0.154265 -0.139687 -0.246689
v -0.155923 -0.134970 -0.246689
v -0.154090 -0.139626 -0.246577
v -0.155748 -0.134908 -0.246577
v -0.153905 -0.139560 -0.246486
v -0.155562 -0.134843 -0.246486
v -0.153711 -0.139492 -0.246417
v -0.155369 -0.134775 -0.246417
v -0.153511 -0.139422 -0.246371
v -0.155169 -0.134705 -0.246371
v -0.153308 -0.139351 -0.246347
v -0.154966 -0.134634 -0.246347
v -0.153104 -0.139279 -0.246347
v -0.154762 -0.134562 -0.246347
v -0.152901 -0.139208 -0.246371
v -0.154559 -0.134491 -0.246371
v -0.152701 -0.139138 -0.246417
v -0.154359 -0.134420 -0.246417
v -0.152508 -0.139070 -0.246486
v -0.154165 -0.134352 -0.246486
v -0.152322 -0.139004 -0.246577
v -0.153980 -0.134287 -0.246577
v -0.152147 -0.138943 -0.246689
v -0.153805 -0.134226 -0.246689
v -0.151985 -0.138886 -0.246820
v -0.153642 -0.134169 -0.246820
v -0.151836 -0.138834 -0.246969
v -0.153494 -0.134116 -0.246969
v -0.151704 -0.138787 -0.247134
v -0.153362 -0.134070 -0.247134
v -0.151589 -0.138747 -0.247313
v -0.153247 -0.134030 -0.247313
v -0.151494 -0.138713 -0.247505
v -0.153151 -0.133996 -0.247505
v -0.151418 -0.138687 -0.247706
v -0.153076 -0.133969 -0.247706
v -0.151363 -0.138667 -0.247914
v -0.153021 -0.133950 -0.247914
v -0.151330 -0.138656 -0.248128
v -0.152988 -0.133939 -0.248128
v -0.209733 -0.159180 -0.258390
v -0.211390 -0.154463 -0.258390
v -0.209744 -0.159184 -0.258607
v -0.211401 -0.154467 -0.258607
v -0.209777 -0.159196 -0.258820
v -0.211434 -0.154478 -0.258820
v -0.209831 -0.159215 -0.259029
v -0.211489 -0.154498 -0.259029
v -0.209907 -0.159241 -0.259230
v -0.211565 -0.154524 -0.259230
v -0.210003 -0.159275 -0.259421
v -0.211660 -0.154558 -0.259421
v -0.210117 -0.159315 -0.259601
v -0.211775 -0.154598 -0.259601
v -0.210250 -0.159362 -0.259766
v -0.211907 -0.154645 -0.259766
v -0.210398 -0.159414 -0.259915
v -0.212056 -0.154697 -0.259915
v -0.210561 -0.159471 -0.260046
v -0.212218 -0.154754 -0.260046
v -0.210736 -0.159533 -0.260157
v -0.212393 -0.154815 -0.260157
v -0.210921 -0.159598 -0.260248
v -0.212579 -0.154881 -0.260248
v -0.211115 -0.159666 -0.260317
v -0.212772 -0.154949 -0.260317
v -0.211314 -0.159736 -0.260364
v -0.212972 -0.155019 -0.260364
v -0.211517 -0.159807 -0.260387
v -0.213175 -0.155090 -0.260387
v -0.211722 -0.159879 -0.260387
v -0.213379 -0.155162 -0.260387
v -0.211925 -0.159951 -0.260364
v -0.213583 -0.155233 -0.260364
v -0.212124 -0.160021 -0.260317
v -0.213782 -0.155303 -0.260317
v -0.212318 -0.160089 -0.260248
v -0.213976 -0.155372 -0.260248
v -0.212503 -0.160154 -0.260157
v -0.214161 -0.155437 -0.260157
v -0.212678 -0.160215 -0.260046
v -0.214336 -0.155498 -0.260046
v -0.212841 -0.160273 -0.259915
v -0.214499 -0.155555 -0.259915
v -0.212989 -0.160325 -0.259766
v -0.214647 -0.155607 -0.259766
v -0.213122 -0.160371 -0.259601
v -0.214779 -0.155654 -0.259601
v -0.213236 -0.160411 -0.259421
v -0.214894 -0.155694 -0.259421
v -0.213332 -0.160445 -0.259230
v -0.214990 -0.155728 -0.259230
v -0.213408 -0.160472 -0.259029
v -0.215065 -0.155754 -0.259029
v -0.213462 -0.160491 -0.258820
v -0.215120 -0.155774 -0.258820
v -0.213495 -0.160502 -0.258607
v -0.215153 -0.155785 -0.258607
v -0.213506 -0.160506 -0.258390
v -0.215164 -0.155789 -0.258390
v -0.213495 -0.160502 -0.258174
v -0.215153 -0.155785 -0.258174
v -0.213462 -0.160491 -0.257960
v -0.215120 -0.155774 -0.257960
v -0.213408 -0.160472 -0.257752
v -0.215065 -0.155754 -0.257752
v -0.213332 -0.160445 -0.257551
v -0.214990 -0.155728 -0.257551
v -0.213236 -0.160411 -0.257359
v -0.214894 -0.155694 -0.257359
v -0.213122 -0.160371 -0.257180
v -0.214779 -0.155654 -0.257180
v -0.212989 -0.160325 -0.257015
v -0.214647 -0.155607 -0.257015
v -0.212841 -0.160273 -0.256866
v -0.214499 -0.155555 -0.256866
v -0.212678 -0.160215 -0.256735
v -0.214336 -0.155498 -0.256735
v -0.212503 -0.160154 -0.256623
v -0.214161 -0.155437 -0.256623
v -0.212318 -0.160089 -0.256532
v -0.213976 -0.155372 -0.256532
v -0.212124 -0.160021 -0.256463
v -0.213782 -0.155303 -0.256463
v -0.211925 -0.159951 -0.256417
v -0.213583 -0.155233 -0.256417
v -0.211722 -0.159879 -0.256393
v -0.213379 -0.155162 -0.256393
v -0.211517 -0.159807 -0.256393
v -0.213175 -0.155090 -0.256393
v -0.211314 -0.159736 -0.256417
v -0.212972 -0.155019 -0.256417
v -0.211115 -0.159666 -0.256463
v -0.212772 -0.154949 -0.256463
v -0.210921 -0.159598 -0.256532
v -0.212579 -0.154881 -0.256532
v -0.210736 -0.159533 -0.256623
v -0.212393 -0.154815 -0.256623
v -0.210561 -0.159471 -0.256735
v -0.212218 -0.154754 -0.256735
v -0.210398 -0.159414 -0.256866
v -0.212056 -0.154697 -0.256866
v -0.210250 -0.159362 -0.257015
v -0.211907 -0.154645 -0.257015
v -0.210117 -0.159315 -0.257180
v -0.211775 -0.154598 -0.257180
v -0.210003 -0.159275 -0.257359
v -0.211660 -0.154558 -0.257359
v -0.209907 -0.159241 -0.257551
v -0.211565 -0.154524 -0.257551
v -0.209831 -0.159215 -0.257752
v -0.211489 -0.154498 -0.257752
v -0.209777 -0.159196 -0.257960
v -0.211434 -0.154478 -0.257960
v -0.209744 -0.159184 -0.258174
v -0.211401 -0.154467 -0.258174
v -0.209733 -0.159180 -0.299204
v -0.211390 -0.154463 -0.299204
v -0.209744 -0.159184 -0.299421
v -0.211401 -0.154467 -0.299421
v -0.209777 -0.159196 -0.299634
v -0.211434 -0.154478 -0.299634
v -0.209831 -0.159215 -0.299843
v -0.211489 -0.154498 -0.299843
v -0.209907 -0.159241 -0.300044
v -0.211565 -0.154524 -0.300044
v -0.210003 -0.159275 -0.300236
v -0.211660 -0.154558 -0.300236
v -0.210117 -0.159315 -0.300415
v -0.211775 -0.154598 -0.300415
v -0.210250 -0.159362 -0.300580
v -0.211907 -0.154645 -0.300580
v -0.210398 -0.159414 -0.300729
v -0.212056 -0.154697 -0.300729
v -0.210561 -0.159471 -0.300860
v -0.212218 -0.154754 -0.300860
v -0.210736 -0.159533 -0.300971
v -0.212393 -0.154815 -0.300971
v -0.210921 -0.159598 -0.301062
v -0.212579 -0.154881 -0.301062
v -0.211115 -0.159666 -0.301132
v -0.212772 -0.154949 -0.301132
v -0.211314 -0.159736 -0.301178
v -0.212972 -0.155019 -0.301178
v -0.211517 -0.159807 -0.301201
v -0.213175 -0.155090 -0.301201
v -0.211722 -0.159879 -0.301201
v -0.213379 -0.155162 -0.301201
v -0.211925 -0.159951 -0.301178
v -0.213583 -0.155233 -0.301178
v -0.212124 -0.160021 -0.301132
v -0.213782 -0.155303 -0.301132
v -0.212318 -0.160089 -0.301062
v -0.213976 -0.155372 -0.301062
v -0.212503 -0.160154 -0.300971
v -0.214161 -0.155437 -0.300971
v -0.212678 -0.160215 -0.300860
v -0.214336 -0.155498 -0.300860
v -0.212841 -0.160273 -0.300729
v -0.214499 -0.155555 -0.300729
v -0.212989 -0.160325 -0.300580
v -0.214647 -0.155607 -0.300580
v -0.213122 -0.160371 -0.300415
v -0.214779 -0.155654 -0.300415
v -0.213236 -0.160411 -0.300236
v -0.214894 -0.155694 -0.300236
v -0.213332 -0.160445 -0.300044
v -0.214990 -0.155728 -0.300044
v -0.213408 -0.160472 -0.299843
v -0.215065 -0.155754 -0.299843
v -0.213462 -0.160491 -0.299634
v -0.215120 -0.155774 -0.299634
v -0.213495 -0.160502 -0.299421
v -0.215153 -0.155785 -0.299421
v -0.213506 -0.160506 -0.299204
v -0.215164 -0.155789 -0.299204
v -0.213495 -0.160502 -0.298988
v -0.215153 -0.155785 -0.298988
v -0.213462 -0.160491 -0.298774
v -0.215120 -0.155774 -0.298774
v -0.213408 -0.160472 -0.298566
v -0.215065 -0.155754 -0.298566
v -0.213332 -0.160445 -0.298365
v -0.214990 -0.155728 -0.298365
v -0.213236 -0.160411 -0.298173
v -0.214894 -0.155694 -0.298173
v -0.213122 -0.160371 -0.297994
v -0.214779 -0.155654 -0.297994
v -0.212989 -0.160325 -0.297829
v -0.214647 -0.155607 -0.297829
v -0.212841 -0.160273 -0.297680
v -0.214499 -0.155555 -0.297680
v -0.212678 -0.160215 -0.297549
v -0.214336 -0.155498 -0.297549
v -0.212503 -0.160154 -0.297437
v -0.214161 -0.155437 -0.297437
v -0.212318 -0.160089 -0.297346
v -0.213976 -0.155372 -0.297346
v -0.212124 -0.160021 -0.297277
v -0.213782 -0.155303 -0.297277
v -0.211925 -0.159951 -0.297231
v -0.213583 -0.155233 -0.297231
v -0.211722 -0.159879 -0.297207
v -0.213379 -0.155162 -0.297207
v -0.211517 -0.159807 -0.297207
v -0.213175 -0.155090 -0.297207
v -0.211314 -0.159736 -0.297231
v -0.212972 -0.155019 -0.297231
v -0.211115 -0.159666 -0.297277
v -0.212772 -0.154949 -0.297277
v -0.210921 -0.159598 -0.297346
v -0.212579 -0.154881 -0.297346
v -0.210736 -0.159533 -0.297437
v -0.212393 -0.154815 -0.297437
v -0.210561 -0.159471 -0.297549
v -0.212218 -0.154754 -0.297549
v -0.210398 -0.159414 -0.297680
v -0.212056 -0.154697 -0.297680
v -0.210250 -0.159362 -0.297829
v -0.211907 -0.154645 -0.297829
v -0.210117 -0.159315 -0.297994
v -0.211775 -0.154598 -0.297994
v -0.210003 -0.159275 -0.298173
v -0.211660 -0.154558 -0.298173
v -0.209907 -0.159241 -0.298365
v -0.211565 -0.154524 -0.298365
v -0.209831 -0.159215 -0.298566
v -0.211489 -0.154498 -0.298566
v -0.209777 -0.159196 -0.298774
v -0.211434 -0.154478 -0.298774
v -0.209744 -0.159184 -0.298988
v -0.211401 -0.154467 -0.298988
v -0.209733 -0.159180 -0.340019
v -0.211390 -0.154463 -0.340019
v -0.209744 -0.159184 -0.340235
v -0.211401 -0.154467 -0.340235
v -0.209777 -0.159196 -0.340449
v -0.211434 -0.154478 -0.340449
v -0.209831 -0.159215 -0.340657
v -0.211489 -0.154498 -0.340657
v -0.209907 -0.159241 -0.340858
v -0.211565 -0.154524 -0.340858
v -0.210003 -0.159275 -0.341050
v -0.211660 -0.154558 -0.341050
v -0.210117 -0.159315 -0.341229
v -0.211775 -0.154598 -0.341229
v -0.210250 -0.159362 -0.341394
v -0.211907 -0.154645 -0.341394
v -0.210398 -0.159414 -0.341543
v -0.212056 -0.154697 -0.341543
v -0.210561 -0.159471 -0.341674
v -0.212218 -0.154754 -0.341674
v -0.210736 -0.159533 -0.341786
v -0.212393 -0.154815 -0.341786
v -0.210921 -0.159598 -0.341877
v -0.212579 -0.154881 -0.341877
v -0.211115 -0.159666 -0.341946
v -0.212772 -0.154949 -0.341946
v -0.211314 -0.159736 -0.341992
v -0.212972 -0.155019 -0.341992
v -0.211517 -0.159807 -0.342016
v -0.213175 -0.155090 -0.342016
v -0.211722 -0.159879 -0.342016
v -0.213379 -0.155162 -0.342016
v -0.211925 -0.159951 -0.341992
v -0.213583 -0.155233 -0.341992
v -0.212124 -0.160021 -0.341946
v -0.213782 -0.155303 -0.341946
v -0.212318 -0.160089 -0.341877
v -0.213976 -0.155372 -0.341877
v -0.212503 -0.160154 -0.341786
v -0.214161 -0.155437 -0.341786
v -0.212678 -0.160215 -0.341674
v -0.214336 -0.155498 -0.341674
v -0.212841 -0.160273 -0.341543
v -0.214499 -0.155555 -0.341543
v -0.212989 -0.160325 -0.341394
v -0.214647 -0.155607 -0.341394
v -0.213122 -0.160371 -0.341229
v -0.214779 -0.155654 -0.341229
v -0.213236 -0.160411 -0.341050
v -0.214894 -0.155694 -0.341050
v -0.213332 -0.160445 -0.340858
v -0.214990 -0.155728 -0.340858
v -0.213408 -0.160472 -0.340657
v -0.215065 -0.155754 -0.340657
v -0.213462 -0.160491 -0.340449
v -0.215120 -0.155774 -0.340449
v -0.213495 -0.160502 -0.340235
v -0.215153 -0.155785 -0.340235
v -0.213506 -0.160506 -0.340019
v -0.215164 -0.155789 -0.340019
v -0.213495 -0.160502 -0.339802
v -0.215153 -0.155785 -0.339802
v -0.213462 -0.160491 -0.339589
v -0.215120 -0.155774 -0.339589
v -0.213408 -0.160472 -0.339380
v -0.215065 -0.155754 -0.339380
v -0.213332 -0.160445 -0.339179
v -0.214990 -0.155728 -0.339179
v -0.213236 -0.160411 -0.338987
v -0.214894 -0.155694 -0.338987
v -0.213122 -0.160371 -0.338808
v -0.214779 -0.155654 -0.338808
v -0.212989 -0.160325 -0.338643
v -0.214647 -0.155607 -0.338643
v -0.212841 -0.160273 -0.338494
v -0.214499 -0.155555 -0.338494
v -0.212678 -0.160215 -0.338363
v -0.214336 -0.155498 -0.338363
v -0.212503 -0.160154 -0.338252
v -0.214161 -0.155437 -0.338252
v -0.212318 -0.160089 -0.338161
v -0.213976 -0.155372 -0.338161
v -0.212124 -0.160021 -0.338091
v -0.213782 -0.155303 -0.338091
v -0.211925 -0.159951 -0.338045
v -0.213583 -0.155233 -0.338045
v -0.211722 -0.159879 -0.338022
v -0.213379 -0.155162 -0.338022
v -0.211517 -0.159807 -0.338022
v -0.213175 -0.155090 -0.338022
v -0.211314 -0.159736 -0.338045
v -0.212972 -0.155019 -0.338045
v -0.211115 -0.159666 -0.338091
v -0.212772 -0.154949 -0.338091
v -0.210921 -0.159598 -0.338161
v -0.212579 -0.154881 -0.338161
v -0.210736 -0.159533 -0.338252
v -0.212393 -0.154815 -0.338252
v -0.210561 -0.159471 -0.338363
v -0.212218 -0.154754 -0.338363
v -0.210398 -0.159414 -0.338494
v -0.212056 -0.154697 -0.338494
v -0.210250 -0.159362 -0.338643
v -0.211907 -0.154645 -0.338643
v -0.210117 -0.159315 -0.338808
v -0.211775 -0.154598 -0.338808
v -0.210003 -0.159275 -0.338987
v -0.211660 -0.154558 -0.338987
v -0.209907 -0.159241 -0.339179
v -0.211565 -0.154524 -0.339179
v -0.209831 -0.159215 -0.339380
v -0.211489 -0.154498 -0.339380
v -0.209777 -0.159196 -0.339589
v -0.211434 -0.154478 -0.339589
v -0.209744 -0.159184 -0.339802
v -0.211401 -0.154467 -0.339802
v -0.151319 -0.138652 -0.217576
v -0.152977 -0.133935 -0.217576
v -0.151330 -0.138656 -0.217792
v -0.152988 -0.133939 -0.217792
v -0.151363 -0.138667 -0.218006
v -0.153021 -0.133950 -0.218006
v -0.151418 -0.138687 -0.218215
v -0.153076 -0.133969 -0.218215
v -0.151494 -0.138713 -0.218416
v -0.153151 -0.133996 -0.218416
v -0.151589 -0.138747 -0.218607
v -0.153247 -0.134030 -0.218607
v -0.151704 -0.138787 -0.218786
v -0.153362 -0.134070 -0.218786
v -0.151836 -0.138834 -0.218952
v -0.153494 -0.134116 -0.218952
v -0.151985 -0.138886 -0.219100
v -0.153642 -0.134169 -0.219100
v -0.152147 -0.138943 -0.219232
v -0.153805 -0.134226 -0.219232
v -0.152322 -0.139004 -0.219343
v -0.153980 -0.134287 -0.219343
v -0.152508 -0.139070 -0.219434
v -0.154165 -0.134352 -0.219434
v -0.152701 -0.139138 -0.219503
v -0.154359 -0.134420 -0.219503
v -0.152901 -0.139208 -0.219550
v -0.154559 -0.134491 -0.219550
v -0.153104 -0.139279 -0.219573
v -0.154762 -0.134562 -0.219573
v -0.153308 -0.139351 -0.219573
v -0.154966 -0.134634 -0.219573
v -0.153511 -0.139422 -0.219550
v -0.155169 -0.134705 -0.219550
v -0.153711 -0.139492 -0.219503
v -0.155369 -0.134775 -0.219503
v -0.153905 -0.139560 -0.219434
v -0.155562 -0.134843 -0.219434
v -0.154090 -0.139626 -0.219343
v -0.155748 -0.134908 -0.219343
v -0.154265 -0.139687 -0.219232
v -0.155923 -0.134970 -0.219232
v -0.154428 -0.139744 -0.219100
v -0.156085 -0.135027 -0.219100
v -0.154576 -0.139796 -0.218952
v -0.156234 -0.135079 -0.218952
v -0.154708 -0.139843 -0.218786
v -0.156366 -0.135126 -0.218786
v -0.154823 -0.139883 -0.218607
v -0.156481 -0.135166 -0.218607
v -0.154919 -0.139917 -0.218416
v -0.156576 -0.135200 -0.218416
v -0.154994 -0.139943 -0.218215
v -0.156652 -0.135226 -0.218215
v -0.155049 -0.139963 -0.218006
v -0.156707 -0.135245 -0.218006
v -0.155082 -0.139974 -0.217792
v -0.156740 -0.135257 -0.217792
v -0.155093 -0.139978 -0.217576
v -0.156751 -0.135261 -0.217576
v -0.155082 -0.139974 -0.217360
v -0.156740 -0.135257 -0.217360
v -0.155049 -0.139963 -0.217146
v -0.156707 -0.135245 -0.217146
v -0.154994 -0.139943 -0.216938
v -0.156652 -0.135226 -0.216938
v -0.154919 -0.139917 -0.216736
v -0.156576 -0.135200 -0.216736
v -0.154823 -0.139883 -0.216545
v -0.156481 -0.135166 -0.216545
v -0.154708 -0.139843 -0.216366
v -0.156366 -0.135126 -0.216366
v -0.154576 -0.139796 -0.216201
v -0.156234 -0.135079 -0.216201
v -0.154428 -0.139744 -0.216052
v -0.156085 -0.135027 -0.216052
v -0.154265 -0.139687 -0.215921
v -0.155923 -0.134970 -0.215921
v -0.154090 -0.139626 -0.215809
v -0.155748 -0.134908 -0.215809
v -0.153905 -0.139560 -0.215718
v -0.155562 -0.134843 -0.215718
v -0.153711 -0.139492 -0.215649
v -0.155369 -0.134775 -0.215649
v -0.153511 -0.139422 -0.215602
v -0.155169 -0.134705 -0.215602
v -0.153308 -0.139351 -0.215579
v -0.154966 -0.134634 -0.215579
v -0.153104 -0.139279 -0.215579
v -0.154762 -0.134562 -0.215579
v -0.152901 -0.139208 -0.215602
v -0.154559 -0.134491 -0.215602
v -0.152701 -0.139138 -0.215649
v -0.154359 -0.134420 -0.215649
v -0.152508 -0.139070 -0.215718
v -0.154165 -0.134352 -0.215718
v -0.152322 -0.139004 -0.215809
v -0.153980 -0.134287 -0.215809
v -0.152147 -0.138943 -0.215921
v -0.153805 -0.134226 -0.215921
v -0.151985 -0.138886 -0.216052
v -0.153642 -0.134169 -0.216052
v -0.151836 -0.138834 -0.216201
v -0.153494 -0.134116 -0.216201
v -0.151704 -0.138787 -0.216366
v -0.153362 -0.134070 -0.216366
v -0.151589 -0.138747 -0.216545
v -0.153247 -0.134030 -0.216545
v -0.151494 -0.138713 -0.216736
v -0.153151 -0.133996 -0.216736
v -0.151418 -0.138687 -0.216938
v -0.153076 -0.133969 -0.216938
v -0.151363 -0.138667 -0.217146
v -0.153021 -0.133950 -0.217146
v -0.151330 -0.138656 -0.217360
v -0.152988 -0.133939 -0.217360
v -0.038018 -0.170000 -0.226402
v -0.035035 -0.167000 -0.226726
v -0.038070 -0.170000 -0.226722
v -0.035140 -0.167000 -0.227367
v -0.038157 -0.170000 -0.227035
v -0.035314 -0.167000 -0.227993
v -0.038277 -0.170000 -0.227337
v -0.035555 -0.167000 -0.228597
v -0.038429 -0.170000 -0.227624
v -0.035859 -0.167000 -0.229171
v -0.038612 -0.170000 -0.227893
v -0.036223 -0.167000 -0.229708
v -0.038822 -0.170000 -0.228140
v -0.036644 -0.167000 -0.230204
v -0.039058 -0.170000 -0.228364
v -0.037116 -0.167000 -0.230650
v -0.039316 -0.170000 -0.228560
v -0.037633 -0.167000 -0.231043
v -0.039595 -0.170000 -0.228728
v -0.038190 -0.167000 -0.231378
v -0.039890 -0.170000 -0.228864
v -0.038779 -0.167000 -0.231651
v -0.040197 -0.170000 -0.228968
v -0.039395 -0.167000 -0.231859
v -0.040515 -0.170000 -0.229038
v -0.040029 -0.167000 -0.231998
v -0.040838 -0.170000 -0.229073
v -0.040675 -0.167000 -0.232069
v -0.041162 -0.170000 -0.229073
v -0.041325 -0.167000 -0.232069
v -0.041485 -0.170000 -0.229038
v -0.041971 -0.167000 -0.231998
v -0.041803 -0.170000 -0.228968
v -0.042605 -0.167000 -0.231859
v -0.042110 -0.170000 -0.228864
v -0.043221 -0.167000 -0.231651
v -0.042405 -0.170000 -0.228728
v -0.043810 -0.167000 -0.231378
v -0.042684 -0.170000 -0.228560
v -0.044367 -0.167000 -0.231043
v -0.042942 -0.170000 -0.228364
v -0.044884 -0.167000 -0.230650
v -0.043178 -0.170000 -0.228140
v -0.045356 -0.167000 -0.230204
v -0.043388 -0.170000 -0.227893
v -0.045777 -0.167000 -0.229708
v -0.043571 -0.170000 -0.227624
v -0.046141 -0.167000 -0.229171
v -0.043723 -0.170000 -0.227337
v -0.046445 -0.167000 -0.228597
v -0.043843 -0.170000 -0.227035
v -0.046686 -0.167000 -0.227993
v -0.043930 -0.170000 -0.226722
v -0.046860 -0.167000 -0.227367
v -0.043982 -0.170000 -0.226402
v -0.046965 -0.167000 -0.226726
v -0.044000 -0.170000 -0.226077
v -0.047000 -0.167000 -0.226077
v -0.043982 -0.170000 -0.225753
v -0.046965 -0.167000 -0.225429
v -0.043930 -0.170000 -0.225432
v -0.046860 -0.167000 -0.224788
v -0.043843 -0.170000 -0.225119
v -0.046686 -0.167000 -0.224162
v -0.043723 -0.170000 -0.224818
v -0.046445 -0.167000 -0.223558
v -0.043571 -0.170000 -0.224531
v -0.046141 -0.167000 -0.222984
v -0.043388 -0.170000 -0.224262
v -0.045777 -0.167000 -0.222446
v -0.043178 -0.170000 -0.224014
v -0.045356 -0.167000 -0.221951
v -0.042942 -0.170000 -0.223791
v -0.044884 -0.167000 -0.221504
v -0.042684 -0.170000 -0.223594
v -0.044367 -0.167000 -0.221111
v -0.042405 -0.170000 -0.223427
v -0.043810 -0.167000 -0.220776
v -0.042110 -0.170000 -0.223290
v -0.043221 -0.167000 -0.220503
v -0.041803 -0.170000 -0.223187
v -0.042605 -0.167000 -0.220296
v -0.041485 -0.170000 -0.223117
v -0.041971 -0.167000 -0.220156
v -0.041162 -0.170000 -0.223082
v -0.041325 -0.167000 -0.220086
v -0.040838 -0.170000 -0.223082
v -0.040675 -0.167000 -0.220086
v -0.040515 -0.170000 -0.223117
v -0.040029 -0.167000 -0.220156
v -0.040197 -0.170000 -0.223187
v -0.039395 -0.167000 -0.220296
v -0.039890 -0.170000 -0.223290
v -0.038779 -0.167000 -0.220503
v -0.039595 -0.170000 -0.223427
v -0.038190 -0.167000 -0.220776
v -0.039316 -0.170000 -0.223594
v -0.037633 -0.167000 -0.221111
v -0.039058 -0.170000 -0.223791
v -0.037116 -0.167000 -0.221504
v -0.038822 -0.170000 -0.224014
v -0.036644 -0.167000 -0.221951
v -0.038612 -0.170000 -0.224262
v -0.036223 -0.167000 -0.222446
v -0.038429 -0.170000 -0.224531
v -0.035859 -0.167000 -0.222984
v -0.038277 -0.170000 -0.224818
v -0.035555 -0.167000 -0.223558
v -0.038157 -0.170000 -0.225119
v -0.035314 -0.167000 -0.224162
v -0.038070 -0.170000 -0.225432
v -0.035140 -0.167000 -0.224788
v -0.038018 -0.170000 -0.225753
v -0.035035 -0.167000 -0.225429
v -0.038000 -0.170000 -0.226077
v -0.035000 -0.167000 -0.226077
v -0.038018 -0.170000 -0.183402
v -0.035035 -0.167000 -0.183726
v -0.038070 -0.170000 -0.183722
v -0.035140 -0.167000 -0.184367
v -0.038157 -0.170000 -0.184035
v -0.035314 -0.167000 -0.184993
v -0.038277 -0.170000 -0.184337
v -0.035555 -0.167000 -0.185597
v -0.038429 -0.170000 -0.184624
v -0.035859 -0.167000 -0.186171
v -0.038612 -0.170000 -0.184893
v -0.036223 -0.167000 -0.186708
v -0.038822 -0.170000 -0.185140
v -0.036644 -0.167000 -0.187204
v -0.039058 -0.170000 -0.185364
v -0.037116 -0.167000 -0.187650
v -0.039316 -0.170000 -0.185560
v -0.037633 -0.167000 -0.188043
v -0.039595 -0.170000 -0.185728
v -0.038190 -0.167000 -0.188378
v -0.039890 -0.170000 -0.185864
v -0.038779 -0.167000 -0.188651
v -0.040197 -0.170000 -0.185968
v -0.039395 -0.167000 -0.188859
v -0.040515 -0.170000 -0.186038
v -0.040029 -0.167000 -0.188998
v -0.040838 -0.170000 -0.186073
v -0.040675 -0.167000 -0.189069
v -0.041162 -0.170000 -0.186073
v -0.041325 -0.167000 -0.189069
v -0.041485 -0.170000 -0.186038
v -0.041971 -0.167000 -0.188998
v -0.041803 -0.170000 -0.185968
v -0.042605 -0.167000 -0.188859
v -0.042110 -0.170000 -0.185864
v -0.043221 -0.167000 -0.188651
v -0.042405 -0.170000 -0.185728
v -0.043810 -0.167000 -0.188378
v -0.042684 -0.170000 -0.185560
v -0.044367 -0.167000 -0.188043
v -0.042942 -0.170000 -0.185364
v -0.044884 -0.167000 -0.187650
v -0.043178 -0.170000 -0.185140
v -0.045356 -0.167000 -0.187204
v -0.043388 -0.170000 -0.184893
v -0.045777 -0.167000 -0.186708
v -0.043571 -0.170000 -0.184624
v -0.046141 -0.167000 -0.186171
v -0.043723 -0.170000 -0.184337
v -0.046445 -0.167000 -0.185597
v -0.043843 -0.170000 -0.184035
v -0.046686 -0.167000 -0.184993
v -0.043930 -0.170000 -0.183722
v -0.046860 -0.167000 -0.184367
v -0.043982 -0.170000 -0.183402
v -0.046965 -0.167000 -0.183726
v -0.044000 -0.170000 -0.183077
v -0.047000 -0.167000 -0.183077
v -0.043982 -0.170000 -0.182753
v -0.046965 -0.167000 -0.182429
v -0.043930 -0.170000 -0.182432
v -0.046860 -0.167000 -0.181788
v -0.043843 -0.170000 -0.182119
v -0.046686 -0.167000 -0.181162
v -0.043723 -0.170000 -0.181818
v -0.046445 -0.167000 -0.180558
v -0.043571 -0.170000 -0.181531
v -0.046141 -0.167000 -0.179984
v -0.043388 -0.170000 -0.181262
v -0.045777 -0.167000 -0.179446
v -0.043178 -0.170000 -0.181014
v -0.045356 -0.167000 -0.178951
v -0.042942 -0.170000 -0.180791
v -0.044884 -0.167000 -0.178504
v -0.042684 -0.170000 -0.180594
v -0.044367 -0.167000 -0.178111
v -0.042405 -0.170000 -0.180427
v -0.043810 -0.167000 -0.177776
v -0.042110 -0.170000 -0.180290
v -0.043221 -0.167000 -0.177503
v -0.041803 -0.170000 -0.180187
v -0.042605 -0.167000 -0.177296
v -0.041485 -0.170000 -0.180117
v -0.041971 -0.167000 -0.177156
v -0.041162 -0.170000 -0.180082
v -0.041325 -0.167000 -0.177086
v -0.040838 -0.170000 -0.180082
v -0.040675 -0.167000 -0.177086
v -0.040515 -0.170000 -0.180117
v -0.040029 -0.167000 -0.177156
v -0.040197 -0.170000 -0.180187
v -0.039395 -0.167000 -0.177296
v -0.039890 -0.170000 -0.180290
v -0.038779 -0.167000 -0.177503
v -0.039595 -0.170000 -0.180427
v -0.038190 -0.167000 -0.177776
v -0.039316 -0.170000 -0.180594
v -0.037633 -0.167000 -0.178111
v -0.039058 -0.170000 -0.180791
v -0.037116 -0.167000 -0.178504
v -0.038822 -0.170000 -0.181014
v -0.036644 -0.167000 -0.178951
v -0.038612 -0.170000 -0.181262
v -0.036223 -0.167000 -0.179446
v -0.038429 -0.170000 -0.181531
v -0.035859 -0.167000 -0.179984
v -0.038277 -0.170000 -0.181818
v -0.035555 -0.167000 -0.180558
v -0.038157 -0.170000 -0.182119
v -0.035314 -0.167000 -0.181162
v -0.038070 -0.170000 -0.182432
v -0.035140 -0.167000 -0.181788
v -0.038018 -0.170000 -0.182753
v -0.035035 -0.167000 -0.182429
v -0.038000 -0.170000 -0.183077
v -0.035000 -0.167000 -0.183077
v -0.038018 -0.170000 -0.140402
v -0.035035 -0.167000 -0.140726
v -0.038070 -0.170000 -0.140722
v -0.035140 -0.167000 -0.141367
v -0.038157 -0.170000 -0.141035
v -0.035314 -0.167000 -0.141993
v -0.038277 -0.170000 -0.141337
v -0.035555 -0.167000 -0.142597
v -0.038429 -0.170000 -0.141624
v -0.035859 -0.167000 -0.143171
v -0.038612 -0.170000 -0.141893
v -0.036223 -0.167000 -0.143708
v -0.038822 -0.170000 -0.142140
v -0.036644 -0.167000 -0.144204
v -0.039058 -0.170000 -0.142364
v -0.037116 -0.167000 -0.144650
v -0.039316 -0.170000 -0.142560
v -0.037633 -0.167000 -0.145043
v -0.039595 -0.170000 -0.142728
v -0.038190 -0.167000 -0.145378
v -0.039890 -0.170000 -0.142864
v -0.038779 -0.167000 -0.145651
v -0.040197 -0.170000 -0.142968
v -0.039395 -0.167000 -0.145859
v -0.040515 -0.170000 -0.143038
v -0.040029 -0.167000 -0.145998
v -0.040838 -0.170000 -0.143073
v -0.040675 -0.167000 -0.146069
v -0.041162 -0.170000 -0.143073
v -0.041325 -0.167000 -0.146069
v -0.041485 -0.170000 -0.143038
v -0.041971 -0.167000 -0.145998
v -0.041803 -0.170000 -0.142968
v -0.042605 -0.167000 -0.145859
v -0.042110 -0.170000 -0.142864
v -0.043221 -0.167000 -0.145651
v -0.042405 -0.170000 -0.142728
v -0.043810 -0.167000 -0.145378
v -0.042684 -0.170000 -0.142560
v -0.044367 -0.167000 -0.145043
v -0.042942 -0.170000 -0.142364
v -0.044884 -0.167000 -0.144650
v -0.043178 -0.170000 -0.142140
v -0.045356 -0.167000 -0.144204
v -0.043388 -0.170000 -0.141893
v -0.045777 -0.167000 -0.143708
v -0.043571 -0.170000 -0.141624
v -0.046141 -0.167000 -0.143171
v -0.043723 -0.170000 -0.141337
v -0.046445 -0.167000 -0.142597
v -0.043843 -0.170000 -0.141035
v -0.046686 -0.167000 -0.141993
v -0.043930 -0.170000 -0.140722
v -0.046860 -0.167000 -0.141367
v -0.043982 -0.170000 -0.140402
v -0.046965 -0.167000 -0.140726
v -0.044000 -0.170000 -0.140077
v -0.047000 -0.167000 -0.140077
v -0.043982 -0.170000 -0.139753
v -0.046965 -0.167000 -0.139429
v -0.043930 -0.170000 -0.139432
v -0.046860 -0.167000 -0.138788
v -0.043843 -0.170000 -0.139119
v -0.046686 -0.167000 -0.138162
v -0.043723 -0.170000 -0.138818
v -0.046445 -0.167000 -0.137558
v -0.043571 -0.170000 -0.138531
v -0.046141 -0.167000 -0.136984
v -0.043388 -0.170000 -0.138262
v -0.045777 -0.167000 -0.136446
v -0.043178 -0.170000 -0.138014
v -0.045356 -0.167000 -0.135951
v -0.042942 -0.170000 -0.137791
v -0.044884 -0.167000 -0.135504
v -0.042684 -0.170000 -0.137594
v -0.044367 -0.167000 -0.135111
v -0.042405 -0.170000 -0.137427
v -0.043810 -0.167000 -0.134776
v -0.042110 -0.170000 -0.137290
v -0.043221 -0.167000 -0.134503
v -0.041803 -0.170000 -0.137187
v -0.042605 -0.167000 -0.134296
v -0.041485 -0.170000 -0.137117
v -0.041971 -0.167000 -0.134156
v -0.041162 -0.170000 -0.137082
v -0.041325 -0.167000 -0.134086
v -0.040838 -0.170000 -0.137082
v -0.040675 -0.167000 -0.134086
v -0.040515 -0.170000 -0.137117
v -0.040029 -0.167000 -0.134156
v -0.040197 -0.170000 -0.137187
v -0.039395 -0.167000 -0.134296
v -0.039890 -0.170000 -0.137290
v -0.038779 -0.167000 -0.134503
v -0.039595 -0.170000 -0.137427
v -0.038190 -0.167000 -0.134776
v -0.039316 -0.170000 -0.137594
v -0.037633 -0.167000 -0.135111
v -0.039058 -0.170000 -0.137791
v -0.037116 -0.167000 -0.135504
v -0.038822 -0.170000 -0.138014
v -0.036644 -0.167000 -0.135951
v -0.038612 -0.170000 -0.138262
v -0.036223 -0.167000 -0.136446
v -0.038429 -0.170000 -0.138531
v -0.035859 -0.167000 -0.136984
v -0.038277 -0.170000 -0.138818
v -0.035555 -0.167000 -0.137558
v -0.038157 -0.170000 -0.139119
v -0.035314 -0.167000 -0.138162
v -0.038070 -0.170000 -0.139432
v -0.035140 -0.167000 -0.138788
v -0.038018 -0.170000 -0.139753
v -0.035035 -0.167000 -0.139429
v -0.038000 -0.170000 -0.140077
v -0.035000 -0.167000 -0.140077
v 0.043982 -0.170000 -0.140402
v 0.046965 -0.167000 -0.140726
v 0.043930 -0.170000 -0.140722
v 0.046860 -0.167000 -0.141367
v 0.043843 -0.170000 -0.141035
v 0.046686 -0.167000 -0.141993
v 0.043723 -0.170000 -0.141337
v 0.046445 -0.167000 -0.142597
v 0.043571 -0.170000 -0.141624
v 0.046141 -0.167000 -0.143171
v 0.043388 -0.170000 -0.141893
v 0.045777 -0.167000 -0.143708
v 0.043178 -0.170000 -0.142140
v 0.045356 -0.167000 -0.144204
v 0.042942 -0.170000 -0.142364
v 0.044884 -0.167000 -0.144650
v 0.042684 -0.170000 -0.142560
v 0.044367 -0.167000 -0.145043
v 0.042405 -0.170000 -0.142728
v 0.043810 -0.167000 -0.145378
v 0.042110 -0.170000 -0.142864
v 0.043221 -0.167000 -0.145651
v 0.041803 -0.170000 -0.142968
v 0.042605 -0.167000 -0.145859
v 0.041485 -0.170000 -0.143038
v 0.041971 -0.167000 -0.145998
v 0.041162 -0.170000 -0.143073
v 0.041325 -0.167000 -0.146069
v 0.040838 -0.170000 -0.143073
v 0.040675 -0.167000 -0.146069
v 0.040515 -0.170000 -0.143038
v 0.040029 -0.167000 -0.145998
v 0.040197 -0.170000 -0.142968
v 0.039395 -0.167000 -0.145859
v 0.039890 -0.170000 -0.142864
v 0.038779 -0.167000 -0.145651
v 0.039595 -0.170000 -0.142728
v 0.038190 -0.167000 -0.145378
v 0.039316 -0.170000 -0.142560
v 0.037633 -0.167000 -0.145043
v 0.039058 -0.170000 -0.142364
v 0.037116 -0.167000 -0.144650
v 0.038822 -0.170000 -0.142140
v 0.036644 -0.167000 -0.144204
v 0.038612 -0.170000 -0.141893
v 0.036223 -0.167000 -0.143708
v 0.038429 -0.170000 -0.141624
v 0.035859 -0.167000 -0.143171
v 0.038277 -0.170000 -0.141337
v 0.035555 -0.167000 -0.142597
v 0.038157 -0.170000 -0.141035
v 0.035314 -0.167000 -0.141993
v 0.038070 -0.170000 -0.140722
v 0.035140 -0.167000 -0.141367
v 0.038018 -0.170000 -0.140402
v 0.035035 -0.167000 -0.140726
v 0.038000 -0.170000 -0.140077
v 0.035000 -0.167000 -0.140077
v 0.038018 -0.170000 -0.139753
v 0.035035 -0.167000 -0.139429
v 0.038070 -0.170000 -0.139432
v 0.035140 -0.167000 -0.138788
v 0.038157 -0.170000 -0.139119
v 0.035314 -0.167000 -0.138162
v 0.038277 -0.170000 -0.138818
v 0.035555 -0.167000 -0.137558
v 0.038429 -0.170000 -0.138531
v 0.035859 -0.167000 -0.136984
v 0.038612 -0.170000 -0.138262
v 0.036223 -0.167000 -0.136446
v 0.038822 -0.170000 -0.138014
v 0.036644 -0.167000 -0.135951
v 0.039058 -0.170000 -0.137791
v 0.037116 -0.167000 -0.135504
v 0.039316 -0.170000 -0.137594
v 0.037633 -0.167000 -0.135111
v 0.039595 -0.170000 -0.137427
v 0.038190 -0.167000 -0.134776
v 0.039890 -0.170000 -0.137290
v 0.038779 -0.167000 -0.134503
v 0.040197 -0.170000 -0.137187
v 0.039395 -0.167000 -0.134296
v 0.040515 -0.170000 -0.137117
v 0.040029 -0.167000 -0.134156
v 0.040838 -0.170000 -0.137082
v 0.040675 -0.167000 -0.134086
v 0.041162 -0.170000 -0.137082
v 0.041325 -0.167000 -0.134086
v 0.041485 -0.170000 -0.137117
v 0.041971 -0.167000 -0.134156
v 0.041803 -0.170000 -0.137187
v 0.042605 -0.167000 -0.134296
v 0.042110 -0.170000 -0.137290
v 0.043221 -0.167000 -0.134503
v 0.042405 -0.170000 -0.137427
v 0.043810 -0.167000 -0.134776
v 0.042684 -0.170000 -0.137594
v 0.044367 -0.167000 -0.135111
v 0.042942 -0.170000 -0.137791
v 0.044884 -0.167000 -0.135504
v 0.043178 -0.170000 -0.138014
v 0.045356 -0.167000 -0.135951
v 0.043388 -0.170000 -0.138262
v 0.045777 -0.167000 -0.136446
v 0.043571 -0.170000 -0.138531
v 0.046141 -0.167000 -0.136984
v 0.043723 -0.170000 -0.138818
v 0.046445 -0.167000 -0.137558
v 0.043843 -0.170000 -0.139119
v 0.046686 -0.167000 -0.138162
v 0.043930 -0.170000 -0.139432
v 0.046860 -0.167000 -0.138788
v 0.043982 -0.170000 -0.139753
v 0.046965 -0.167000 -0.139429
v 0.044000 -0.170000 -0.140077
v 0.047000 -0.167000 -0.140077
v 0.043982 -0.170000 -0.183402
v 0.046965 -0.167000 -0.183726
v 0.043930 -0.170000 -0.183722
v 0.046860 -0.167000 -0.184367
v 0.043843 -0.170000 -0.184035
v 0.046686 -0.167000 -0.184993
v 0.043723 -0.170000 -0.184337
v 0.046445 -0.167000 -0.185597
v 0.043571 -0.170000 -0.184624
v 0.046141 -0.167000 -0.186171
v 0.043388 -0.170000 -0.184893
v 0.045777 -0.167000 -0.186708
v 0.043178 -0.170000 -0.185140
v 0.045356 -0.167000 -0.187204
v 0.042942 -0.170000 -0.185364
v 0.044884 -0.167000 -0.187650
v 0.042684 -0.170000 -0.185560
v 0.044367 -0.167000 -0.188043
v 0.042405 -0.170000 -0.185728
v 0.043810 -0.167000 -0.188378
v 0.042110 -0.170000 -0.185864
v 0.043221 -0.167000 -0.188651
v 0.041803 -0.170000 -0.185968
v 0.042605 -0.167000 -0.188859
v 0.041485 -0.170000 -0.186038
v 0.041971 -0.167000 -0.188998
v 0.041162 -0.170000 -0.186073
v 0.041325 -0.167000 -0.189069
v 0.040838 -0.170000 -0.186073
v 0.040675 -0.167000 -0.189069
v 0.040515 -0.170000 -0.186038
v 0.040029 -0.167000 -0.188998
v 0.040197 -0.170000 -0.185968
v 0.039395 -0.167000 -0.188859
v 0.039890 -0.170000 -0.185864
v 0.038779 -0.167000 -0.188651
v 0.039595 -0.170000 -0.185728
v 0.038190 -0.167000 -0.188378
v 0.039316 -0.170000 -0.185560
v 0.037633 -0.167000 -0.188043
v 0.039058 -0.170000 -0.185364
v 0.037116 -0.167000 -0.187650
v 0.038822 -0.170000 -0.185140
v 0.036644 -0.167000 -0.187204
v 0.038612 -0.170000 -0.184893
v 0.036223 -0.167000 -0.186708
v 0.038429 -0.170000 -0.184624
v 0.035859 -0.167000 -0.186171
v 0.038277 -0.170000 -0.184337
v 0.035555 -0.167000 -0.185597
v 0.038157 -0.170000 -0.184035
v 0.035314 -0.167000 -0.184993
v 0.038070 -0.170000 -0.183722
v 0.035140 -0.167000 -0.184367
v 0.038018 -0.170000 -0.183402
v 0.035035 -0.167000 -0.183726
v 0.038000 -0.170000 -0.183077
v 0.035000 -0.167000 -0.183077
v 0.038018 -0.170000 -0.182753
v 0.035035 -0.167000 -0.182429
v 0.038070 -0.170000 -0.182432
v 0.035140 -0.167000 -0.181788
v 0.038157 -0.170000 -0.182119
v 0.035314 -0.167000 -0.181162
v 0.038277 -0.170000 -0.181818
v 0.035555 -0.167000 -0.180558
v 0.038429 -0.170000 -0.181531
v 0.035859 -0.167000 -0.179984
v 0.038612 -0.170000 -0.181262
v 0.036223 -0.167000 -0.179446
v 0.038822 -0.170000 -0.181014
v 0.036644 -0.167000 -0.178951
v 0.039058 -0.170000 -0.180791
v 0.037116 -0.167000 -0.178504
v 0.039316 -0.170000 -0.180594
v 0.037633 -0.167000 -0.178111
v 0.039595 -0.170000 -0.180427
v 0.038190 -0.167000 -0.177776
v 0.039890 -0.170000 -0.180290
v 0.038779 -0.167000 -0.177503
v 0.040197 -0.170000 -0.180187
v 0.039395 -0.167000 -0.177296
v 0.040515 -0.170000 -0.180117
v 0.040029 -0.167000 -0.177156
v 0.040838 -0.170000 -0.180082
v 0.040675 -0.167000 -0.177086
v 0.041162 -0.170000 -0.180082
v 0.041325 -0.167000 -0.177086
v 0.041485 -0.170000 -0.180117
v 0.041971 -0.167000 -0.177156
v 0.041803 -0.170000 -0.180187
v 0.042605 -0.167000 -0.177296
v 0.042110 -0.170000 -0.180290
v 0.043221 -0.167000 -0.177503
v 0.042405 -0.170000 -0.180427
v 0.043810 -0.167000 -0.177776
v 0.042684 -0.170000 -0.180594
v 0.044367 -0.167000 -0.178111
v 0.042942 -0.170000 -0.180791
v 0.044884 -0.167000 -0.178504
v 0.043178 -0.170000 -0.181014
v 0.045356 -0.167000 -0.178951
v 0.043388 -0.170000 -0.181262
v 0.045777 -0.167000 -0.179446
v 0.043571 -0.170000 -0.181531
v 0.046141 -0.167000 -0.179984
v 0.043723 -0.170000 -0.181818
v 0.046445 -0.167000 -0.180558
v 0.043843 -0.170000 -0.182119
v 0.046686 -0.167000 -0.181162
v 0.043930 -0.170000 -0.182432
v 0.046860 -0.167000 -0.181788
v 0.043982 -0.170000 -0.182753
v 0.046965 -0.167000 -0.182429
v 0.044000 -0.170000 -0.183077
v 0.047000 -0.167000 -0.183077
v 0.043982 -0.170000 -0.226402
v 0.046965 -0.167000 -0.226726
v 0.043930 -0.170000 -0.226722
v 0.046860 -0.167000 -0.227367
v 0.043843 -0.170000 -0.227035
v 0.046686 -0.167000 -0.227993
v 0.043723 -0.170000 -0.227337
v 0.046445 -0.167000 -0.228597
v 0.043571 -0.170000 -0.227624
v 0.046141 -0.167000 -0.229171
v 0.043388 -0.170000 -0.227893
v 0.045777 -0.167000 -0.229708
v 0.043178 -0.170000 -0.228140
v 0.045356 -0.167000 -0.230204
v 0.042942 -0.170000 -0.228364
v 0.044884 -0.167000 -0.230650
v 0.042684 -0.170000 -0.228560
v 0.044367 -0.167000 -0.231043
v 0.042405 -0.170000 -0.228728
v 0.043810 -0.167000 -0.231378
v 0.042110 -0.170000 -0.228864
v 0.043221 -0.167000 -0.231651
v 0.041803 -0.170000 -0.228968
v 0.042605 -0.167000 -0.231859
v 0.041485 -0.170000 -0.229038
v 0.041971 -0.167000 -0.231998
v 0.041162 -0.170000 -0.229073
v 0.041325 -0.167000 -0.232069
v 0.040838 -0.170000 -0.229073
v 0.040675 -0.167000 -0.232069
v 0.040515 -0.170000 -0.229038
v 0.040029 -0.167000 -0.231998
v 0.040197 -0.170000 -0.228968
v 0.039395 -0.167000 -0.231859
v 0.039890 -0.170000 -0.228864
v 0.038779 -0.167000 -0.231651
v 0.039595 -0.170000 -0.228728
v 0.038190 -0.167000 -0.231378
v 0.039316 -0.170000 -0.228560
v 0.037633 -0.167000 -0.231043
v 0.039058 -0.170000 -0.228364
v 0.037116 -0.167000 -0.230650
v 0.038822 -0.170000 -0.228140
v 0.036644 -0.167000 -0.230204
v 0.038612 -0.170000 -0.227893
v 0.036223 -0.167000 -0.229708
v 0.038429 -0.170000 -0.227624
v 0.035859 -0.167000 -0.229171
v 0.038277 -0.170000 -0.227337
v 0.035555 -0.167000 -0.228597
v 0.038157 -0.170000 -0.227035
v 0.035314 -0.167000 -0.227993
v 0.038070 -0.170000 -0.226722
v 0.035140 -0.167000 -0.227367
v 0.038018 -0.170000 -0.226402
v 0.035035 -0.167000 -0.226726
v 0.038000 -0.170000 -0.226077
v 0.035000 -0.167000 -0.226077
v 0.038018 -0.170000 -0.225753
v 0.035035 -0.167000 -0.225429
v 0.038070 -0.170000 -0.225432
v 0.035140 -0.167000 -0.224788
v 0.038157 -0.170000 -0.225119
v 0.035314 -0.167000 -0.224162
v 0.038277 -0.170000 -0.224818
v 0.035555 -0.167000 -0.223558
v 0.038429 -0.170000 -0.224531
v 0.035859 -0.167000 -0.222984
v 0.038612 -0.170000 -0.224262
v 0.036223 -0.167000 -0.222446
v 0.038822 -0.170000 -0.224014
v 0.036644 -0.167000 -0.221951
v 0.039058 -0.170000 -0.223791
v 0.037116 -0.167000 -0.221504
v 0.039316 -0.170000 -0.223594
v 0.037633 -0.167000 -0.221111
v 0.039595 -0.170000 -0.223427
v 0.038190 -0.167000 -0.220776
v 0.039890 -0.170000 -0.223290
v 0.038779 -0.167000 -0.220503
v 0.040197 -0.170000 -0.223187
v 0.039395 -0.167000 -0.220296
v 0.040515 -0.170000 -0.223117
v 0.040029 -0.167000 -0.220156
v 0.040838 -0.170000 -0.223082
v 0.040675 -0.167000 -0.220086
v 0.041162 -0.170000 -0.223082
v 0.041325 -0.167000 -0.220086
v 0.041485 -0.170000 -0.223117
v 0.041971 -0.167000 -0.220156
v 0.041803 -0.170000 -0.223187
v 0.042605 -0.167000 -0.220296
v 0.042110 -0.170000 -0.223290
v 0.043221 -0.167000 -0.220503
v 0.042405 -0.170000 -0.223427
v 0.043810 -0.167000 -0.220776
v 0.042684 -0.170000 -0.223594
v 0.044367 -0.167000 -0.221111
v 0.042942 -0.170000 -0.223791
v 0.044884 -0.167000 -0.221504
v 0.043178 -0.170000 -0.224014
v 0.045356 -0.167000 -0.221951
v 0.043388 -0.170000 -0.224262
v 0.045777 -0.167000 -0.222446
v 0.043571 -0.170000 -0.224531
v 0.046141 -0.167000 -0.222984
v 0.043723 -0.170000 -0.224818
v 0.046445 -0.167000 -0.223558
v 0.043843 -0.170000 -0.225119
v 0.046686 -0.167000 -0.224162
v 0.043930 -0.170000 -0.225432
v 0.046860 -0.167000 -0.224788
v 0.043982 -0.170000 -0.225753
v 0.046965 -0.167000 -0.225429
v 0.044000 -0.170000 -0.226077
v 0.047000 -0.167000 -0.226077
v 0.044000 -0.172000 -0.140077
v 0.043982 -0.172000 -0.140402
v 0.043930 -0.172000 -0.140722
v 0.043843 -0.172000 -0.141035
v 0.043723 -0.172000 -0.141337
v 0.043571 -0.172000 -0.141624
v 0.043388 -0.172000 -0.141893
v 0.043178 -0.172000 -0.142140
v 0.042942 -0.172000 -0.142364
v 0.042684 -0.172000 -0.142560
v 0.042405 -0.172000 -0.142728
v 0.042110 -0.172000 -0.142864
v 0.041803 -0.172000 -0.142968
v 0.041485 -0.172000 -0.143038
v 0.041162 -0.172000 -0.143073
v 0.040838 -0.172000 -0.143073
v 0.040515 -0.172000 -0.143038
v 0.040197 -0.172000 -0.142968
v 0.039890 -0.172000 -0.142864
v 0.039595 -0.172000 -0.142728
v 0.039316 -0.172000 -0.142560
v 0.039058 -0.172000 -0.142364
v 0.038822 -0.172000 -0.142140
v 0.038612 -0.172000 -0.141893
v 0.038429 -0.172000 -0.141624
v 0.038277 -0.172000 -0.141337
v 0.038157 -0.172000 -0.141035
v 0.038070 -0.172000 -0.140722
v 0.038018 -0.172000 -0.140402
v 0.038000 -0.172000 -0.140077
v 0.038018 -0.172000 -0.139753
v 0.038070 -0.172000 -0.139432
v 0.038157 -0.172000 -0.139119
v 0.038277 -0.172000 -0.138818
v 0.038429 -0.172000 -0.138531
v 0.038612 -0.172000 -0.138262
v 0.038822 -0.172000 -0.138014
v 0.039058 -0.172000 -0.137791
v 0.039316 -0.172000 -0.137594
v 0.039595 -0.172000 -0.137427
v 0.039890 -0.172000 -0.137290
v 0.040197 -0.172000 -0.137187
v 0.040515 -0.172000 -0.137117
v 0.040838 -0.172000 -0.137082
v 0.041162 -0.172000 -0.137082
v 0.041485 -0.172000 -0.137117
v 0.041803 -0.172000 -0.137187
v 0.042110 -0.172000 -0.137290
v 0.042405 -0.172000 -0.137427
v 0.042684 -0.172000 -0.137594
v 0.042942 -0.172000 -0.137791
v 0.043178 -0.172000 -0.138014
v 0.043388 -0.172000 -0.138262
v 0.043571 -0.172000 -0.138531
v 0.043723 -0.172000 -0.138818
v 0.043843 -0.172000 -0.139119
v 0.043930 -0.172000 -0.139432
v 0.043982 -0.172000 -0.139753
v 0.044000 -0.172000 -0.183077
v 0.043982 -0.172000 -0.183402
v 0.043930 -0.172000 -0.183722
v 0.043843 -0.172000 -0.184035
v 0.043723 -0.172000 -0.184337
v 0.043571 -0.172000 -0.184624
v 0.043388 -0.172000 -0.184893
v 0.043178 -0.172000 -0.185140
v 0.042942 -0.172000 -0.185364
v 0.042684 -0.172000 -0.185560
v 0.042405 -0.172000 -0.185728
v 0.042110 -0.172000 -0.185864
v 0.041803 -0.172000 -0.185968
v 0.041485 -0.172000 -0.186038
v 0.041162 -0.172000 -0.186073
v 0.040838 -0.172000 -0.186073
v 0.040515 -0.172000 -0.186038
v 0.040197 -0.172000 -0.185968
v 0.039890 -0.172000 -0.185864
v 0.039595 -0.172000 -0.185728
v 0.039316 -0.172000 -0.185560
v 0.039058 -0.172000 -0.185364
v 0.038822 -0.172000 -0.185140
v 0.038612 -0.172000 -0.184893
v 0.038429 -0.172000 -0.184624
v 0.038277 -0.172000 -0.184337
v 0.038157 -0.172000 -0.184035
v 0.038070 -0.172000 -0.183722
v 0.038018 -0.172000 -0.183402
v 0.038000 -0.172000 -0.183077
v 0.038018 -0.172000 -0.182753
v 0.038070 -0.172000 -0.182432
v 0.038157 -0.172000 -0.182119
v 0.038277 -0.172000 -0.181818
v 0.038429 -0.172000 -0.181531
v 0.038612 -0.172000 -0.181262
v 0.038822 -0.172000 -0.181014
v 0.039058 -0.172000 -0.180791
v 0.039316 -0.172000 -0.180594
v 0.039595 -0.172000 -0.180427
v 0.039890 -0.172000 -0.180290
v 0.040197 -0.172000 -0.180187
v 0.040515 -0.172000 -0.180117
v 0.040838 -0.172000 -0.180082
v 0.041162 -0.172000 -0.180082
v 0.041485 -0.172000 -0.180117
v 0.041803 -0.172000 -0.180187
v 0.042110 -0.172000 -0.180290
v 0.042405 -0.172000 -0.180427
v 0.042684 -0.172000 -0.180594
v 0.042942 -0.172000 -0.180791
v 0.043178 -0.172000 -0.181014
v 0.043388 -0.172000 -0.181262
v 0.043571 -0.172000 -0.181531
v 0.043723 -0.172000 -0.181818
v 0.043843 -0.172000 -0.182119
v 0.043930 -0.172000 -0.182432
v 0.043982 -0.172000 -0.182753
v 0.044000 -0.172000 -0.226077
v 0.043982 -0.172000 -0.226402
v 0.043930 -0.172000 -0.226722
v 0.043843 -0.172000 -0.227035
v 0.043723 -0.172000 -0.227337
v 0.043571 -0.172000 -0.227624
v 0.043388 -0.172000 -0.227893
v 0.043178 -0.172000 -0.228140
v 0.042942 -0.172000 -0.228364
v 0.042684 -0.172000 -0.228560
v 0.042405 -0.172000 -0.228728
v 0.042110 -0.172000 -0.228864
v 0.041803 -0.172000 -0.228968
v 0.041485 -0.172000 -0.229038
v 0.041162 -0.172000 -0.229073
v 0.040838 -0.172000 -0.229073
v 0.040515 -0.172000 -0.229038
v 0.040197 -0.172000 -0.228968
v 0.039890 -0.172000 -0.228864
v 0.039595 -0.172000 -0.228728
v 0.039316 -0.172000 -0.228560
v 0.039058 -0.172000 -0.228364
v 0.038822 -0.172000 -0.228140
v 0.038612 -0.172000 -0.227893
v 0.038429 -0.172000 -0.227624
v 0.038277 -0.172000 -0.227337
v 0.038157 -0.172000 -0.227035
v 0.038070 -0.172000 -0.226722
v 0.038018 -0.172000 -0.226402
v 0.038000 -0.172000 -0.226077
v 0.038018 -0.172000 -0.225753
v 0.038070 -0.172000 -0.225432
v 0.038157 -0.172000 -0.225119
v 0.038277 -0.172000 -0.224818
v 0.038429 -0.172000 -0.224531
v 0.038612 -0.172000 -0.224262
v 0.038822 -0.172000 -0.224014
v 0.039058 -0.172000 -0.223791
v 0.039316 -0.172000 -0.223594
v 0.039595 -0.172000 -0.223427
v 0.039890 -0.172000 -0.223290
v 0.040197 -0.172000 -0.223187
v 0.040515 -0.172000 -0.223117
v 0.040838 -0.172000 -0.223082
v 0.041162 -0.172000 -0.223082
v 0.041485 -0.172000 -0.223117
v 0.041803 -0.172000 -0.223187
v 0.042110 -0.172000 -0.223290
v 0.042405 -0.172000 -0.223427
v 0.042684 -0.172000 -0.223594
v 0.042942 -0.172000 -0.223791
v 0.043178 -0.172000 -0.224014
v 0.043388 -0.172000 -0.224262
v 0.043571 -0.172000 -0.224531
v 0.043723 -0.172000 -0.224818
v 0.043843 -0.172000 -0.225119
v 0.043930 -0.172000 -0.225432
v 0.043982 -0.172000 -0.225753
v -0.038000 -0.172000 -0.226077
v -0.038018 -0.172000 -0.226402
v -0.038070 -0.172000 -0.226722
v -0.038157 -0.172000 -0.227035
v -0.038277 -0.172000 -0.227337
v -0.038429 -0.172000 -0.227624
v -0.038612 -0.172000 -0.227893
v -0.038822 -0.172000 -0.228140
v -0.039058 -0.172000 -0.228364
v -0.039316 -0.172000 -0.228560
v -0.039595 -0.172000 -0.228728
v -0.039890 -0.172000 -0.228864
v -0.040197 -0.172000 -0.228968
v -0.040515 -0.172000 -0.229038
v -0.040838 -0.172000 -0.229073
v -0.041162 -0.172000 -0.229073
v -0.041485 -0.172000 -0.229038
v -0.041803 -0.172000 -0.228968
v -0.042110 -0.172000 -0.228864
v -0.042405 -0.172000 -0.228728
v -0.042684 -0.172000 -0.228560
v -0.042942 -0.172000 -0.228364
v -0.043178 -0.172000 -0.228140
v -0.043388 -0.172000 -0.227893
v -0.043571 -0.172000 -0.227624
v -0.043723 -0.172000 -0.227337
v -0.043843 -0.172000 -0.227035
v -0.043930 -0.172000 -0.226722
v -0.043982 -0.172000 -0.226402
v -0.044000 -0.172000 -0.226077
v -0.043982 -0.172000 -0.225753
v -0.043930 -0.172000 -0.225432
v -0.043843 -0.172000 -0.225119
v -0.043723 -0.172000 -0.224818
v -0.043571 -0.172000 -0.224531
v -0.043388 -0.172000 -0.224262
v -0.043178 -0.172000 -0.224014
v -0.042942 -0.172000 -0.223791
v -0.042684 -0.172000 -0.223594
v -0.042405 -0.172000 -0.223427
v -0.042110 -0.172000 -0.223290
v -0.041803 -0.172000 -0.223187
v -0.041485 -0.172000 -0.223117
v -0.041162 -0.172000 -0.223082
v -0.040838 -0.172000 -0.223082
v -0.040515 -0.172000 -0.223117
v -0.040197 -0.172000 -0.223187
v -0.039890 -0.172000 -0.223290
v -0.039595 -0.172000 -0.223427
v -0.039316 -0.172000 -0.223594
v -0.039058 -0.172000 -0.223791
v -0.038822 -0.172000 -0.224014
v -0.038612 -0.172000 -0.224262
v -0.038429 -0.172000 -0.224531
v -0.038277 -0.172000 -0.224818
v -0.038157 -0.172000 -0.225119
v -0.038070 -0.172000 -0.225432
v -0.038018 -0.172000 -0.225753
v -0.038000 -0.172000 -0.183077
v -0.038018 -0.172000 -0.183402
v -0.038070 -0.172000 -0.183722
v -0.038157 -0.172000 -0.184035
v -0.038277 -0.172000 -0.184337
v -0.038429 -0.172000 -0.184624
v -0.038612 -0.172000 -0.184893
v -0.038822 -0.172000 -0.185140
v -0.039058 -0.172000 -0.185364
v -0.039316 -0.172000 -0.185560
v -0.039595 -0.172000 -0.185728
v -0.039890 -0.172000 -0.185864
v -0.040197 -0.172000 -0.185968
v -0.040515 -0.172000 -0.186038
v -0.040838 -0.172000 -0.186073
v -0.041162 -0.172000 -0.186073
v -0.041485 -0.172000 -0.186038
v -0.041803 -0.172000 -0.185968
v -0.042110 -0.172000 -0.185864
v -0.042405 -0.172000 -0.185728
v -0.042684 -0.172000 -0.185560
v -0.042942 -0.172000 -0.185364
v -0.043178 -0.172000 -0.185140
v -0.043388 -0.172000 -0.184893
v -0.043571 -0.172000 -0.184624
v -0.043723 -0.172000 -0.184337
v -0.043843 -0.172000 -0.184035
v -0.043930 -0.172000 -0.183722
v -0.043982 -0.172000 -0.183402
v -0.044000 -0.172000 -0.183077
v -0.043982 -0.172000 -0.182753
v -0.043930 -0.172000 -0.182432
v -0.043843 -0.172000 -0.182119
v -0.043723 -0.172000 -0.181818
v -0.043571 -0.172000 -0.181531
v -0.043388 -0.172000 -0.181262
v -0.043178 -0.172000 -0.181014
v -0.042942 -0.172000 -0.180791
v -0.042684 -0.172000 -0.180594
v -0.042405 -0.172000 -0.180427
v -0.042110 -0.172000 -0.180290
v -0.041803 -0.172000 -0.180187
v -0.041485 -0.172000 -0.180117
v -0.041162 -0.172000 -0.180082
v -0.040838 -0.172000 -0.180082
v -0.040515 -0.172000 -0.180117
v -0.040197 -0.172000 -0.180187
v -0.039890 -0.172000 -0.180290
v -0.039595 -0.172000 -0.180427
v -0.039316 -0.172000 -0.180594
v -0.039058 -0.172000 -0.180791
v -0.038822 -0.172000 -0.181014
v -0.038612 -0.172000 -0.181262
v -0.038429 -0.172000 -0.181531
v -0.038277 -0.172000 -0.181818
v -0.038157 -0.172000 -0.182119
v -0.038070 -0.172000 -0.182432
v -0.038018 -0.172000 -0.182753
v -0.038000 -0.172000 -0.140077
v -0.038018 -0.172000 -0.140402
v -0.038070 -0.172000 -0.140722
v -0.038157 -0.172000 -0.141035
v -0.038277 -0.172000 -0.141337
v -0.038429 -0.172000 -0.141624
v -0.038612 -0.172000 -0.141893
v -0.038822 -0.172000 -0.142140
v -0.039058 -0.172000 -0.142364
v -0.039316 -0.172000 -0.142560
v -0.039595 -0.172000 -0.142728
v -0.039890 -0.172000 -0.142864
v -0.040197 -0.172000 -0.142968
v -0.040515 -0.172000 -0.143038
v -0.040838 -0.172000 -0.143073
v -0.041162 -0.172000 -0.143073
v -0.041485 -0.172000 -0.143038
v -0.041803 -0.172000 -0.142968
v -0.042110 -0.172000 -0.142864
v -0.042405 -0.172000 -0.142728
v -0.042684 -0.172000 -0.142560
v -0.042942 -0.172000 -0.142364
v -0.043178 -0.172000 -0.142140
v -0.043388 -0.172000 -0.141893
v -0.043571 -0.172000 -0.141624
v -0.043723 -0.172000 -0.141337
v -0.043843 -0.172000 -0.141035
v -0.043930 -0.172000 -0.140722
v -0.043982 -0.172000 -0.140402
v -0.044000 -0.172000 -0.140077
v -0.043982 -0.172000 -0.139753
v -0.043930 -0.172000 -0.139432
v -0.043843 -0.172000 -0.139119
v -0.043723 -0.172000 -0.138818
v -0.043571 -0.172000 -0.138531
v -0.043388 -0.172000 -0.138262
v -0.043178 -0.172000 -0.138014
v -0.042942 -0.172000 -0.137791
v -0.042684 -0.172000 -0.137594
v -0.042405 -0.172000 -0.137427
v -0.042110 -0.172000 -0.137290
v -0.041803 -0.172000 -0.137187
v -0.041485 -0.172000 -0.137117
v -0.041162 -0.172000 -0.137082
v -0.040838 -0.172000 -0.137082
v -0.040515 -0.172000 -0.137117
v -0.040197 -0.172000 -0.137187
v -0.039890 -0.172000 -0.137290
v -0.039595 -0.172000 -0.137427
v -0.039316 -0.172000 -0.137594
v -0.039058 -0.172000 -0.137791
v -0.038822 -0.172000 -0.138014
v -0.038612 -0.172000 -0.138262
v -0.038429 -0.172000 -0.138531
v -0.038277 -0.172000 -0.138818
v -0.038157 -0.172000 -0.139119
v -0.038070 -0.172000 -0.139432
v -0.038018 -0.172000 -0.139753
v -0.049012 -0.112000 -0.033294
v -0.047023 -0.110000 -0.033510
v -0.049047 -0.112000 -0.033507
v -0.047094 -0.110000 -0.033937
v -0.049105 -0.112000 -0.033716
v -0.047209 -0.110000 -0.034355
v -0.049185 -0.112000 -0.033917
v -0.047370 -0.110000 -0.034757
v -0.049286 -0.112000 -0.034108
v -0.047573 -0.110000 -0.035140
v -0.049408 -0.112000 -0.034288
v -0.047816 -0.110000 -0.035498
v -0.049548 -0.112000 -0.034453
v -0.048096 -0.110000 -0.035828
v -0.049705 -0.112000 -0.034602
v -0.048410 -0.110000 -0.036126
v -0.049878 -0.112000 -0.034733
v -0.048755 -0.110000 -0.036388
v -0.050063 -0.112000 -0.034844
v -0.049126 -0.110000 -0.036611
v -0.050260 -0.112000 -0.034935
v -0.049519 -0.110000 -0.036793
v -0.050465 -0.112000 -0.035004
v -0.049930 -0.110000 -0.036932
v -0.050676 -0.112000 -0.035051
v -0.050353 -0.110000 -0.037025
v -0.050892 -0.112000 -0.035074
v -0.050783 -0.110000 -0.037071
v -0.051108 -0.112000 -0.035074
v -0.051217 -0.110000 -0.037071
v -0.051324 -0.112000 -0.035051
v -0.051647 -0.110000 -0.037025
v -0.051535 -0.112000 -0.035004
v -0.052070 -0.110000 -0.036932
v -0.051740 -0.112000 -0.034935
v -0.052481 -0.110000 -0.036793
v -0.051937 -0.112000 -0.034844
v -0.052874 -0.110000 -0.036611
v -0.052122 -0.112000 -0.034733
v -0.053245 -0.110000 -0.036388
v -0.052295 -0.112000 -0.034602
v -0.053590 -0.110000 -0.036126
v -0.052452 -0.112000 -0.034453
v -0.053904 -0.110000 -0.035828
v -0.052592 -0.112000 -0.034288
v -0.054184 -0.110000 -0.035498
v -0.052714 -0.112000 -0.034108
v -0.054427 -0.110000 -0.035140
v -0.052815 -0.112000 -0.033917
v -0.054630 -0.110000 -0.034757
v -0.052895 -0.112000 -0.033716
v -0.054791 -0.110000 -0.034355
v -0.052953 -0.112000 -0.033507
v -0.054906 -0.110000 -0.033937
v -0.052988 -0.112000 -0.033294
v -0.054977 -0.110000 -0.033510
v -0.053000 -0.112000 -0.033077
v -0.055000 -0.110000 -0.033077
v -0.052988 -0.112000 -0.032861
v -0.054977 -0.110000 -0.032645
v -0.052953 -0.112000 -0.032647
v -0.054906 -0.110000 -0.032217
v -0.052895 -0.112000 -0.032439
v -0.054791 -0.110000 -0.031800
v -0.052815 -0.112000 -0.032238
v -0.054630 -0.110000 -0.031398
v -0.052714 -0.112000 -0.032046
v -0.054427 -0.110000 -0.031015
v -0.052592 -0.112000 -0.031867
v -0.054184 -0.110000 -0.030657
v -0.052452 -0.112000 -0.031702
v -0.053904 -0.110000 -0.030327
v -0.052295 -0.112000 -0.031553
v -0.053590 -0.110000 -0.030029
v -0.052122 -0.112000 -0.031422
v -0.053245 -0.110000 -0.029767
v -0.051937 -0.112000 -0.031310
v -0.052874 -0.110000 -0.029543
v -0.051740 -0.112000 -0.031219
v -0.052481 -0.110000 -0.029361
v -0.051535 -0.112000 -0.031150
v -0.052070 -0.110000 -0.029223
v -0.051324 -0.112000 -0.031104
v -0.051647 -0.110000 -0.029130
v -0.051108 -0.112000 -0.031080
v -0.051217 -0.110000 -0.029083
v -0.050892 -0.112000 -0.031080
v -0.050783 -0.110000 -0.029083
v -0.050676 -0.112000 -0.031104
v -0.050353 -0.110000 -0.029130
v -0.050465 -0.112000 -0.031150
v -0.049930 -0.110000 -0.029223
v -0.050260 -0.112000 -0.031219
v -0.049519 -0.110000 -0.029361
v -0.050063 -0.112000 -0.031310
v -0.049126 -0.110000 -0.029543
v -0.049878 -0.112000 -0.031422
v -0.048755 -0.110000 -0.029767
v -0.049705 -0.112000 -0.031553
v -0.048410 -0.110000 -0.030029
v -0.049548 -0.112000 -0.031702
v -0.048096 -0.110000 -0.030327
v -0.049408 -0.112000 -0.031867
v -0.047816 -0.110000 -0.030657
v -0.049286 -0.112000 -0.032046
v -0.047573 -0.110000 -0.031015
v -0.049185 -0.112000 -0.032238
v -0.047370 -0.110000 -0.031398
v -0.049105 -0.112000 -0.032439
v -0.047209 -0.110000 -0.031800
v -0.049047 -0.112000 -0.032647
v -0.047094 -0.110000 -0.032217
v -0.049012 -0.112000 -0.032861
v -0.047023 -0.110000 -0.032645
v -0.049000 -0.112000 -0.033077
v -0.047000 -0.110000 -0.033077
v -0.049012 -0.112000 0.018706
v -0.047023 -0.110000 0.018490
v -0.049047 -0.112000 0.018493
v -0.047094 -0.110000 0.018063
v -0.049105 -0.112000 0.018284
v -0.047209 -0.110000 0.017645
v -0.049185 -0.112000 0.018083
v -0.047370 -0.110000 0.017243
v -0.049286 -0.112000 0.017892
v -0.047573 -0.110000 0.016860
v -0.049408 -0.112000 0.017712
v -0.047816 -0.110000 0.016502
v -0.049548 -0.112000 0.017547
v -0.048096 -0.110000 0.016172
v -0.049705 -0.112000 0.017398
v -0.048410 -0.110000 0.015874
v -0.049878 -0.112000 0.017267
v -0.048755 -0.110000 0.015612
v -0.050063 -0.112000 0.017156
v -0.049126 -0.110000 0.015389
v -0.050260 -0.112000 0.017065
v -0.049519 -0.110000 0.015207
v -0.050465 -0.112000 0.016996
v -0.049930 -0.110000 0.015068
v -0.050676 -0.112000 0.016949
v -0.050353 -0.110000 0.014975
v -0.050892 -0.112000 0.016926
v -0.050783 -0.110000 0.014929
v -0.051108 -0.112000 0.016926
v -0.051217 -0.110000 0.014929
v -0.051324 -0.112000 0.016949
v -0.051647 -0.110000 0.014975
v -0.051535 -0.112000 0.016996
v -0.052070 -0.110000 0.015068
v -0.051740 -0.112000 0.017065
v -0.052481 -0.110000 0.015207
v -0.051937 -0.112000 0.017156
v -0.052874 -0.110000 0.015389
v -0.052122 -0.112000 0.017267
v -0.053245 -0.110000 0.015612
v -0.052295 -0.112000 0.017398
v -0.053590 -0.110000 0.015874
v -0.052452 -0.112000 0.017547
v -0.053904 -0.110000 0.016172
v -0.052592 -0.112000 0.017712
v -0.054184 -0.110000 0.016502
v -0.052714 -0.112000 0.017892
v -0.054427 -0.110000 0.016860
v -0.052815 -0.112000 0.018083
v -0.054630 -0.110000 0.017243
v -0.052895 -0.112000 0.018284
v -0.054791 -0.110000 0.017645
v -0.052953 -0.112000 0.018493
v -0.054906 -0.110000 0.018063
v -0.052988 -0.112000 0.018706
v -0.054977 -0.110000 0.018490
v -0.053000 -0.112000 0.018923
v -0.055000 -0.110000 0.018923
v -0.052988 -0.112000 0.019139
v -0.054977 -0.110000 0.019355
v -0.052953 -0.112000 0.019353
v -0.054906 -0.110000 0.019783
v -0.052895 -0.112000 0.019561
v -0.054791 -0.110000 0.020200
v -0.052815 -0.112000 0.019762
v -0.054630 -0.110000 0.020602
v -0.052714 -0.112000 0.019954
v -0.054427 -0.110000 0.020985
v -0.052592 -0.112000 0.020133
v -0.054184 -0.110000 0.021343
v -0.052452 -0.112000 0.020298
v -0.053904 -0.110000 0.021673
v -0.052295 -0.112000 0.020447
v -0.053590 -0.110000 0.021971
v -0.052122 -0.112000 0.020578
v -0.053245 -0.110000 0.022233
v -0.051937 -0.112000 0.020690
v -0.052874 -0.110000 0.022457
v -0.051740 -0.112000 0.020781
v -0.052481 -0.110000 0.022639
v -0.051535 -0.112000 0.020850
v -0.052070 -0.110000 0.022777
v -0.051324 -0.112000 0.020896
v -0.051647 -0.110000 0.022870
v -0.051108 -0.112000 0.020920
v -0.051217 -0.110000 0.022917
v -0.050892 -0.112000 0.020920
v -0.050783 -0.110000 0.022917
v -0.050676 -0.112000 0.020896
v -0.050353 -0.110000 0.022870
v -0.050465 -0.112000 0.020850
v -0.049930 -0.110000 0.022777
v -0.050260 -0.112000 0.020781
v -0.049519 -0.110000 0.022639
v -0.050063 -0.112000 0.020690
v -0.049126 -0.110000 0.022457
v -0.049878 -0.112000 0.020578
v -0.048755 -0.110000 0.022233
v -0.049705 -0.112000 0.020447
v -0.048410 -0.110000 0.021971
v -0.049548 -0.112000 0.020298
v -0.048096 -0.110000 0.021673
v -0.049408 -0.112000 0.020133
v -0.047816 -0.110000 0.021343
v -0.049286 -0.112000 0.019954
v -0.047573 -0.110000 0.020985
v -0.049185 -0.112000 0.019762
v -0.047370 -0.110000 0.020602
v -0.049105 -0.112000 0.019561
v -0.047209 -0.110000 0.020200
v -0.049047 -0.112000 0.019353
v -0.047094 -0.110000 0.019783
v -0.049012 -0.112000 0.019139
v -0.047023 -0.110000 0.019355
v -0.049000 -0.112000 0.018923
v -0.047000 -0.110000 0.018923
v -0.049012 -0.112000 -0.085294
v -0.047023 -0.110000 -0.085510
v -0.049047 -0.112000 -0.085507
v -0.047094 -0.110000 -0.085937
v -0.049105 -0.112000 -0.085716
v -0.047209 -0.110000 -0.086355
v -0.049185 -0.112000 -0.085917
v -0.047370 -0.110000 -0.086757
v -0.049286 -0.112000 -0.086108
v -0.047573 -0.110000 -0.087140
v -0.049408 -0.112000 -0.086288
v -0.047816 -0.110000 -0.087498
v -0.049548 -0.112000 -0.086453
v -0.048096 -0.110000 -0.087828
v -0.049705 -0.112000 -0.086602
v -0.048410 -0.110000 -0.088126
v -0.049878 -0.112000 -0.086733
v -0.048755 -0.110000 -0.088388
v -0.050063 -0.112000 -0.086844
v -0.049126 -0.110000 -0.088611
v -0.050260 -0.112000 -0.086935
v -0.049519 -0.110000 -0.088793
v -0.050465 -0.112000 -0.087004
v -0.049930 -0.110000 -0.088932
v -0.050676 -0.112000 -0.087051
v -0.050353 -0.110000 -0.089025
v -0.050892 -0.112000 -0.087074
v -0.050783 -0.110000 -0.089071
v -0.051108 -0.112000 -0.087074
v -0.051217 -0.110000 -0.089071
v -0.051324 -0.112000 -0.087051
v -0.051647 -0.110000 -0.089025
v -0.051535 -0.112000 -0.087004
v -0.052070 -0.110000 -0.088932
v -0.051740 -0.112000 -0.086935
v -0.052481 -0.110000 -0.088793
v -0.051937 -0.112000 -0.086844
v -0.052874 -0.110000 -0.088611
v -0.052122 -0.112000 -0.086733
v -0.053245 -0.110000 -0.088388
v -0.052295 -0.112000 -0.086602
v -0.053590 -0.110000 -0.088126
v -0.052452 -0.112000 -0.086453
v -0.053904 -0.110000 -0.087828
v -0.052592 -0.112000 -0.086288
v -0.054184 -0.110000 -0.087498
v -0.052714 -0.112000 -0.086108
v -0.054427 -0.110000 -0.087140
v -0.052815 -0.112000 -0.085917
v -0.054630 -0.110000 -0.086757
v -0.052895 -0.112000 -0.085716
v -0.054791 -0.110000 -0.086355
v -0.052953 -0.112000 -0.085507
v -0.054906 -0.110000 -0.085937
v -0.052988 -0.112000 -0.085294
v -0.054977 -0.110000 -0.085510
v -0.053000 -0.112000 -0.085077
v -0.055000 -0.110000 -0.085077
v -0.052988 -0.112000 -0.084861
v -0.054977 -0.110000 -0.084645
v -0.052953 -0.112000 -0.084647
v -0.054906 -0.110000 -0.084217
v -0.052895 -0.112000 -0.084439
v -0.054791 -0.110000 -0.083800
v -0.052815 -0.112000 -0.084238
v -0.054630 -0.110000 -0.083398
v -0.052714 -0.112000 -0.084046
v -0.054427 -0.110000 -0.083015
v -0.052592 -0.112000 -0.083867
v -0.054184 -0.110000 -0.082657
v -0.052452 -0.112000 -0.083702
v -0.053904 -0.110000 -0.082327
v -0.052295 -0.112000 -0.083553
v -0.053590 -0.110000 -0.082029
v -0.052122 -0.112000 -0.083422
v -0.053245 -0.110000 -0.081767
v -0.051937 -0.112000 -0.083310
v -0.052874 -0.110000 -0.081543
v -0.051740 -0.112000 -0.083219
v -0.052481 -0.110000 -0.081361
v -0.051535 -0.112000 -0.083150
v -0.052070 -0.110000 -0.081223
v -0.051324 -0.112000 -0.083104
v -0.051647 -0.110000 -0.081130
v -0.051108 -0.112000 -0.083080
v -0.051217 -0.110000 -0.081083
v -0.050892 -0.112000 -0.083080
v -0.050783 -0.110000 -0.081083
v -0.050676 -0.112000 -0.083104
v -0.050353 -0.110000 -0.081130
v -0.050465 -0.112000 -0.083150
v -0.049930 -0.110000 -0.081223
v -0.050260 -0.112000 -0.083219
v -0.049519 -0.110000 -0.081361
v -0.050063 -0.112000 -0.083310
v -0.049126 -0.110000 -0.081543
v -0.049878 -0.112000 -0.083422
v -0.048755 -0.110000 -0.081767
v -0.049705 -0.112000 -0.083553
v -0.048410 -0.110000 -0.082029
v -0.049548 -0.112000 -0.083702
v -0.048096 -0.110000 -0.082327
v -0.049408 -0.112000 -0.083867
v -0.047816 -0.110000 -0.082657
v -0.049286 -0.112000 -0.084046
v -0.047573 -0.110000 -0.083015
v -0.049185 -0.112000 -0.084238
v -0.047370 -0.110000 -0.083398
v -0.049105 -0.112000 -0.084439
v -0.047209 -0.110000 -0.083800
v -0.049047 -0.112000 -0.084647
v -0.047094 -0.110000 -0.084217
v -0.049012 -0.112000 -0.084861
v -0.047023 -0.110000 -0.084645
v -0.049000 -0.112000 -0.085077
v -0.047000 -0.110000 -0.085077
v -0.049012 -0.112000 -0.137294
v -0.047023 -0.110000 -0.137510
v -0.049047 -0.112000 -0.137507
v -0.047094 -0.110000 -0.137937
v -0.049105 -0.112000 -0.137716
v -0.047209 -0.110000 -0.138355
v -0.049185 -0.112000 -0.137917
v -0.047370 -0.110000 -0.138757
v -0.049286 -0.112000 -0.138108
v -0.047573 -0.110000 -0.139140
v -0.049408 -0.112000 -0.138288
v -0.047816 -0.110000 -0.139498
v -0.049548 -0.112000 -0.138453
v -0.048096 -0.110000 -0.139828
v -0.049705 -0.112000 -0.138602
v -0.048410 -0.110000 -0.140126
v -0.049878 -0.112000 -0.138733
v -0.048755 -0.110000 -0.140388
v -0.050063 -0.112000 -0.138844
v -0.049126 -0.110000 -0.140611
v -0.050260 -0.112000 -0.138935
v -0.049519 -0.110000 -0.140793
v -0.050465 -0.112000 -0.139004
v -0.049930 -0.110000 -0.140932
v -0.050676 -0.112000 -0.139051
v -0.050353 -0.110000 -0.141025
v -0.050892 -0.112000 -0.139074
v -0.050783 -0.110000 -0.141071
v -0.051108 -0.112000 -0.139074
v -0.051217 -0.110000 -0.141071
v -0.051324 -0.112000 -0.139051
v -0.051647 -0.110000 -0.141025
v -0.051535 -0.112000 -0.139004
v -0.052070 -0.110000 -0.140932
v -0.051740 -0.112000 -0.138935
v -0.052481 -0.110000 -0.140793
v -0.051937 -0.112000 -0.138844
v -0.052874 -0.110000 -0.140611
v -0.052122 -0.112000 -0.138733
v -0.053245 -0.110000 -0.140388
v -0.052295 -0.112000 -0.138602
v -0.053590 -0.110000 -0.140126
v -0.052452 -0.112000 -0.138453
v -0.053904 -0.110000 -0.139828
v -0.052592 -0.112000 -0.138288
v -0.054184 -0.110000 -0.139498
v -0.052714 -0.112000 -0.138108
v -0.054427 -0.110000 -0.139140
v -0.052815 -0.112000 -0.137917
v -0.054630 -0.110000 -0.138757
v -0.052895 -0.112000 -0.137716
v -0.054791 -0.110000 -0.138355
v -0.052953 -0.112000 -0.137507
v -0.054906 -0.110000 -0.137937
v -0.052988 -0.112000 -0.137294
v -0.054977 -0.110000 -0.137510
v -0.053000 -0.112000 -0.137077
v -0.055000 -0.110000 -0.137077
v -0.052988 -0.112000 -0.136861
v -0.054977 -0.110000 -0.136645
v -0.052953 -0.112000 -0.136647
v -0.054906 -0.110000 -0.136217
v -0.052895 -0.112000 -0.136439
v -0.054791 -0.110000 -0.135800
v -0.052815 -0.112000 -0.136238
v -0.054630 -0.110000 -0.135398
v -0.052714 -0.112000 -0.136046
v -0.054427 -0.110000 -0.135015
v -0.052592 -0.112000 -0.135867
v -0.054184 -0.110000 -0.134657
v -0.052452 -0.112000 -0.135702
v -0.053904 -0.110000 -0.134327
v -0.052295 -0.112000 -0.135553
v -0.053590 -0.110000 -0.134029
v -0.052122 -0.112000 -0.135422
v -0.053245 -0.110000 -0.133767
v -0.051937 -0.112000 -0.135310
v -0.052874 -0.110000 -0.133543
v -0.051740 -0.112000 -0.135219
v -0.052481 -0.110000 -0.133361
v -0.051535 -0.112000 -0.135150
v -0.052070 -0.110000 -0.133223
v -0.051324 -0.112000 -0.135104
v -0.051647 -0.110000 -0.133130
v -0.051108 -0.112000 -0.135080
v -0.051217 -0.110000 -0.133083
v -0.050892 -0.112000 -0.135080
v -0.050783 -0.110000 -0.133083
v -0.050676 -0.112000 -0.135104
v -0.050353 -0.110000 -0.133130
v -0.050465 -0.112000 -0.135150
v -0.049930 -0.110000 -0.133223
v -0.050260 -0.112000 -0.135219
v -0.049519 -0.110000 -0.133361
v -0.050063 -0.112000 -0.135310
v -0.049126 -0.110000 -0.133543
v -0.049878 -0.112000 -0.135422
v -0.048755 -0.110000 -0.133767
v -0.049705 -0.112000 -0.135553
v -0.048410 -0.110000 -0.134029
v -0.049548 -0.112000 -0.135702
v -0.048096 -0.110000 -0.134327
v -0.049408 -0.112000 -0.135867
v -0.047816 -0.110000 -0.134657
v -0.049286 -0.112000 -0.136046
v -0.047573 -0.110000 -0.135015
v -0.049185 -0.112000 -0.136238
v -0.047370 -0.110000 -0.135398
v -0.049105 -0.112000 -0.136439
v -0.047209 -0.110000 -0.135800
v -0.049047 -0.112000 -0.136647
v -0.047094 -0.110000 -0.136217
v -0.049012 -0.112000 -0.136861
v -0.047023 -0.110000 -0.136645
v -0.049000 -0.112000 -0.137077
v -0.047000 -0.110000 -0.137077
v -0.049012 -0.112000 -0.189294
v -0.047023 -0.110000 -0.189510
v -0.049047 -0.112000 -0.189507
v -0.047094 -0.110000 -0.189937
v -0.049105 -0.112000 -0.189716
v -0.047209 -0.110000 -0.190355
v -0.049185 -0.112000 -0.189917
v -0.047370 -0.110000 -0.190757
v -0.049286 -0.112000 -0.190108
v -0.047573 -0.110000 -0.191140
v -0.049408 -0.112000 -0.190288
v -0.047816 -0.110000 -0.191498
v -0.049548 -0.112000 -0.190453
v -0.048096 -0.110000 -0.191828
v -0.049705 -0.112000 -0.190602
v -0.048410 -0.110000 -0.192126
v -0.049878 -0.112000 -0.190733
v -0.048755 -0.110000 -0.192388
v -0.050063 -0.112000 -0.190844
v -0.049126 -0.110000 -0.192611
v -0.050260 -0.112000 -0.190935
v -0.049519 -0.110000 -0.192793
v -0.050465 -0.112000 -0.191004
v -0.049930 -0.110000 -0.192932
v -0.050676 -0.112000 -0.191051
v -0.050353 -0.110000 -0.193025
v -0.050892 -0.112000 -0.191074
v -0.050783 -0.110000 -0.193071
v -0.051108 -0.112000 -0.191074
v -0.051217 -0.110000 -0.193071
v -0.051324 -0.112000 -0.191051
v -0.051647 -0.110000 -0.193025
v -0.051535 -0.112000 -0.191004
v -0.052070 -0.110000 -0.192932
v -0.051740 -0.112000 -0.190935
v -0.052481 -0.110000 -0.192793
v -0.051937 -0.112000 -0.190844
v -0.052874 -0.110000 -0.192611
v -0.052122 -0.112000 -0.190733
v -0.053245 -0.110000 -0.192388
v -0.052295 -0.112000 -0.190602
v -0.053590 -0.110000 -0.192126
v -0.052452 -0.112000 -0.190453
v -0.053904 -0.110000 -0.191828
v -0.052592 -0.112000 -0.190288
v -0.054184 -0.110000 -0.191498
v -0.052714 -0.112000 -0.190108
v -0.054427 -0.110000 -0.191140
v -0.052815 -0.112000 -0.189917
v -0.054630 -0.110000 -0.190757
v -0.052895 -0.112000 -0.189716
v -0.054791 -0.110000 -0.190355
v -0.052953 -0.112000 -0.189507
v -0.054906 -0.110000 -0.189937
v -0.052988 -0.112000 -0.189294
v -0.054977 -0.110000 -0.189510
v -0.053000 -0.112000 -0.189077
v -0.055000 -0.110000 -0.189077
v -0.052988 -0.112000 -0.188861
v -0.054977 -0.110000 -0.188645
v -0.052953 -0.112000 -0.188647
v -0.054906 -0.110000 -0.188217
v -0.052895 -0.112000 -0.188439
v -0.054791 -0.110000 -0.187800
v -0.052815 -0.112000 -0.188238
v -0.054630 -0.110000 -0.187398
v -0.052714 -0.112000 -0.188046
v -0.054427 -0.110000 -0.187015
v -0.052592 -0.112000 -0.187867
v -0.054184 -0.110000 -0.186657
v -0.052452 -0.112000 -0.187702
v -0.053904 -0.110000 -0.186327
v -0.052295 -0.112000 -0.187553
v -0.053590 -0.110000 -0.186029
v -0.052122 -0.112000 -0.187422
v -0.053245 -0.110000 -0.185767
v -0.051937 -0.112000 -0.187310
v -0.052874 -0.110000 -0.185543
v -0.051740 -0.112000 -0.187219
v -0.052481 -0.110000 -0.185361
v -0.051535 -0.112000 -0.187150
v -0.052070 -0.110000 -0.185223
v -0.051324 -0.112000 -0.187104
v -0.051647 -0.110000 -0.185130
v -0.051108 -0.112000 -0.187080
v -0.051217 -0.110000 -0.185083
v -0.050892 -0.112000 -0.187080
v -0.050783 -0.110000 -0.185083
v -0.050676 -0.112000 -0.187104
v -0.050353 -0.110000 -0.185130
v -0.050465 -0.112000 -0.187150
v -0.049930 -0.110000 -0.185223
v -0.050260 -0.112000 -0.187219
v -0.049519 -0.110000 -0.185361
v -0.050063 -0.112000 -0.187310
v -0.049126 -0.110000 -0.185543
v -0.049878 -0.112000 -0.187422
v -0.048755 -0.110000 -0.185767
v -0.049705 -0.112000 -0.187553
v -0.048410 -0.110000 -0.186029
v -0.049548 -0.112000 -0.187702
v -0.048096 -0.110000 -0.186327
v -0.049408 -0.112000 -0.187867
v -0.047816 -0.110000 -0.186657
v -0.049286 -0.112000 -0.188046
v -0.047573 -0.110000 -0.187015
v -0.049185 -0.112000 -0.188238
v -0.047370 -0.110000 -0.187398
v -0.049105 -0.112000 -0.188439
v -0.047209 -0.110000 -0.187800
v -0.049047 -0.112000 -0.188647
v -0.047094 -0.110000 -0.188217
v -0.049012 -0.112000 -0.188861
v -0.047023 -0.110000 -0.188645
v -0.049000 -0.112000 -0.189077
v -0.047000 -0.110000 -0.189077
v -0.049012 -0.112000 -0.241294
v -0.047023 -0.110000 -0.241510
v -0.049047 -0.112000 -0.241507
v -0.047094 -0.110000 -0.241937
v -0.049105 -0.112000 -0.241716
v -0.047209 -0.110000 -0.242355
v -0.049185 -0.112000 -0.241917
v -0.047370 -0.110000 -0.242757
v -0.049286 -0.112000 -0.242108
v -0.047573 -0.110000 -0.243140
v -0.049408 -0.112000 -0.242288
v -0.047816 -0.110000 -0.243498
v -0.049548 -0.112000 -0.242453
v -0.048096 -0.110000 -0.243828
v -0.049705 -0.112000 -0.242602
v -0.048410 -0.110000 -0.244126
v -0.049878 -0.112000 -0.242733
v -0.048755 -0.110000 -0.244388
v -0.050063 -0.112000 -0.242844
v -0.049126 -0.110000 -0.244611
v -0.050260 -0.112000 -0.242935
v -0.049519 -0.110000 -0.244793
v -0.050465 -0.112000 -0.243004
v -0.049930 -0.110000 -0.244932
v -0.050676 -0.112000 -0.243051
v -0.050353 -0.110000 -0.245025
v -0.050892 -0.112000 -0.243074
v -0.050783 -0.110000 -0.245071
v -0.051108 -0.112000 -0.243074
v -0.051217 -0.110000 -0.245071
v -0.051324 -0.112000 -0.243051
v -0.051647 -0.110000 -0.245025
v -0.051535 -0.112000 -0.243004
v -0.052070 -0.110000 -0.244932
v -0.051740 -0.112000 -0.242935
v -0.052481 -0.110000 -0.244793
v -0.051937 -0.112000 -0.242844
v -0.052874 -0.110000 -0.244611
v -0.052122 -0.112000 -0.242733
v -0.053245 -0.110000 -0.244388
v -0.052295 -0.112000 -0.242602
v -0.053590 -0.110000 -0.244126
v -0.052452 -0.112000 -0.242453
v -0.053904 -0.110000 -0.243828
v -0.052592 -0.112000 -0.242288
v -0.054184 -0.110000 -0.243498
v -0.052714 -0.112000 -0.242108
v -0.054427 -0.110000 -0.243140
v -0.052815 -0.112000 -0.241917
v -0.054630 -0.110000 -0.242757
v -0.052895 -0.112000 -0.241716
v -0.054791 -0.110000 -0.242355
v -0.052953 -0.112000 -0.241507
v -0.054906 -0.110000 -0.241937
v -0.052988 -0.112000 -0.241294
v -0.054977 -0.110000 -0.241510
v -0.053000 -0.112000 -0.241077
v -0.055000 -0.110000 -0.241077
v -0.052988 -0.112000 -0.240861
v -0.054977 -0.110000 -0.240645
v -0.052953 -0.112000 -0.240647
v -0.054906 -0.110000 -0.240217
v -0.052895 -0.112000 -0.240439
v -0.054791 -0.110000 -0.239800
v -0.052815 -0.112000 -0.240238
v -0.054630 -0.110000 -0.239398
v -0.052714 -0.112000 -0.240046
v -0.054427 -0.110000 -0.239015
v -0.052592 -0.112000 -0.239867
v -0.054184 -0.110000 -0.238657
v -0.052452 -0.112000 -0.239702
v -0.053904 -0.110000 -0.238327
v -0.052295 -0.112000 -0.239553
v -0.053590 -0.110000 -0.238029
v -0.052122 -0.112000 -0.239422
v -0.053245 -0.110000 -0.237767
v -0.051937 -0.112000 -0.239310
v -0.052874 -0.110000 -0.237543
v -0.051740 -0.112000 -0.239219
v -0.052481 -0.110000 -0.237361
v -0.051535 -0.112000 -0.239150
v -0.052070 -0.110000 -0.237223
v -0.051324 -0.112000 -0.239104
v -0.051647 -0.110000 -0.237130
v -0.051108 -0.112000 -0.239080
v -0.051217 -0.110000 -0.237083
v -0.050892 -0.112000 -0.239080
v -0.050783 -0.110000 -0.237083
v -0.050676 -0.112000 -0.239104
v -0.050353 -0.110000 -0.237130
v -0.050465 -0.112000 -0.239150
v -0.049930 -0.110000 -0.237223
v -0.050260 -0.112000 -0.239219
v -0.049519 -0.110000 -0.237361
v -0.050063 -0.112000 -0.239310
v -0.049126 -0.110000 -0.237543
v -0.049878 -0.112000 -0.239422
v -0.048755 -0.110000 -0.237767
v -0.049705 -0.112000 -0.239553
v -0.048410 -0.110000 -0.238029
v -0.049548 -0.112000 -0.239702
v -0.048096 -0.110000 -0.238327
v -0.049408 -0.112000 -0.239867
v -0.047816 -0.110000 -0.238657
v -0.049286 -0.112000 -0.240046
v -0.047573 -0.110000 -0.239015
v -0.049185 -0.112000 -0.240238
v -0.047370 -0.110000 -0.239398
v -0.049105 -0.112000 -0.240439
v -0.047209 -0.110000 -0.239800
v -0.049047 -0.112000 -0.240647
v -0.047094 -0.110000 -0.240217
v -0.049012 -0.112000 -0.240861
v -0.047023 -0.110000 -0.240645
v -0.049000 -0.112000 -0.241077
v -0.047000 -0.110000 -0.241077
v 0.052988 -0.112000 -0.241294
v 0.054977 -0.110000 -0.241510
v 0.052953 -0.112000 -0.241507
v 0.054906 -0.110000 -0.241937
v 0.052895 -0.112000 -0.241716
v 0.054791 -0.110000 -0.242355
v 0.052815 -0.112000 -0.241917
v 0.054630 -0.110000 -0.242757
v 0.052714 -0.112000 -0.242108
v 0.054427 -0.110000 -0.243140
v 0.052592 -0.112000 -0.242288
v 0.054184 -0.110000 -0.243498
v 0.052452 -0.112000 -0.242453
v 0.053904 -0.110000 -0.243828
v 0.052295 -0.112000 -0.242602
v 0.053590 -0.110000 -0.244126
v 0.052122 -0.112000 -0.242733
v 0.053245 -0.110000 -0.244388
v 0.051937 -0.112000 -0.242844
v 0.052874 -0.110000 -0.244611
v 0.051740 -0.112000 -0.242935
v 0.052481 -0.110000 -0.244793
v 0.051535 -0.112000 -0.243004
v 0.052070 -0.110000 -0.244932
v 0.051324 -0.112000 -0.243051
v 0.051647 -0.110000 -0.245025
v 0.051108 -0.112000 -0.243074
v 0.051217 -0.110000 -0.245071
v 0.050892 -0.112000 -0.243074
v 0.050783 -0.110000 -0.245071
v 0.050676 -0.112000 -0.243051
v 0.050353 -0.110000 -0.245025
v 0.050465 -0.112000 -0.243004
v 0.049930 -0.110000 -0.244932
v 0.050260 -0.112000 -0.242935
v 0.049519 -0.110000 -0.244793
v 0.050063 -0.112000 -0.242844
v 0.049126 -0.110000 -0.244611
v 0.049878 -0.112000 -0.242733
v 0.048755 -0.110000 -0.244388
v 0.049705 -0.112000 -0.242602
v 0.048410 -0.110000 -0.244126
v 0.049548 -0.112000 -0.242453
v 0.048096 -0.110000 -0.243828
v 0.049408 -0.112000 -0.242288
v 0.047816 -0.110000 -0.243498
v 0.049286 -0.112000 -0.242108
v 0.047573 -0.110000 -0.243140
v 0.049185 -0.112000 -0.241917
v 0.047370 -0.110000 -0.242757
v 0.049105 -0.112000 -0.241716
v 0.047209 -0.110000 -0.242355
v 0.049047 -0.112000 -0.241507
v 0.047094 -0.110000 -0.241937
v 0.049012 -0.112000 -0.241294
v 0.047023 -0.110000 -0.241510
v 0.049000 -0.112000 -0.241077
v 0.047000 -0.110000 -0.241077
v 0.049012 -0.112000 -0.240861
v 0.047023 -0.110000 -0.240645
v 0.049047 -0.112000 -0.240647
v 0.047094 -0.110000 -0.240217
v 0.049105 -0.112000 -0.240439
v 0.047209 -0.110000 -0.239800
v 0.049185 -0.112000 -0.240238
v 0.047370 -0.110000 -0.239398
v 0.049286 -0.112000 -0.240046
v 0.047573 -0.110000 -0.239015
v 0.049408 -0.112000 -0.239867
v 0.047816 -0.110000 -0.238657
v 0.049548 -0.112000 -0.239702
v 0.048096 -0.110000 -0.238327
v 0.049705 -0.112000 -0.239553
v 0.048410 -0.110000 -0.238029
v 0.049878 -0.112000 -0.239422
v 0.048755 -0.110000 -0.237767
v 0.050063 -0.112000 -0.239310
v 0.049126 -0.110000 -0.237543
v 0.050260 -0.112000 -0.239219
v 0.049519 -0.110000 -0.237361
v 0.050465 -0.112000 -0.239150
v 0.049930 -0.110000 -0.237223
v 0.050676 -0.112000 -0.239104
v 0.050353 -0.110000 -0.237130
v 0.050892 -0.112000 -0.239080
v 0.050783 -0.110000 -0.237083
v 0.051108 -0.112000 -0.239080
v 0.051217 -0.110000 -0.237083
v 0.051324 -0.112000 -0.239104
v 0.051647 -0.110000 -0.237130
v 0.051535 -0.112000 -0.239150
v 0.052070 -0.110000 -0.237223
v 0.051740 -0.112000 -0.239219
v 0.052481 -0.110000 -0.237361
v 0.051937 -0.112000 -0.239310
v 0.052874 -0.110000 -0.237543
v 0.052122 -0.112000 -0.239422
v 0.053245 -0.110000 -0.237767
v 0.052295 -0.112000 -0.239553
v 0.053590 -0.110000 -0.238029
v 0.052452 -0.112000 -0.239702
v 0.053904 -0.110000 -0.238327
v 0.052592 -0.112000 -0.239867
v 0.054184 -0.110000 -0.238657
v 0.052714 -0.112000 -0.240046
v 0.054427 -0.110000 -0.239015
v 0.052815 -0.112000 -0.240238
v 0.054630 -0.110000 -0.239398
v 0.052895 -0.112000 -0.240439
v 0.054791 -0.110000 -0.239800
v 0.052953 -0.112000 -0.240647
v 0.054906 -0.110000 -0.240217
v 0.052988 -0.112000 -0.240861
v 0.054977 -0.110000 -0.240645
v 0.053000 -0.112000 -0.241077
v 0.055000 -0.110000 -0.241077
v 0.052988 -0.112000 -0.189294
v 0.054977 -0.110000 -0.189510
v 0.052953 -0.112000 -0.189507
v 0.054906 -0.110000 -0.189937
v 0.052895 -0.112000 -0.189716
v 0.054791 -0.110000 -0.190355
v 0.052815 -0.112000 -0.189917
v 0.054630 -0.110000 -0.190757
v 0.052714 -0.112000 -0.190108
v 0.054427 -0.110000 -0.191140
v 0.052592 -0.112000 -0.190288
v 0.054184 -0.110000 -0.191498
v 0.052452 -0.112000 -0.190453
v 0.053904 -0.110000 -0.191828
v 0.052295 -0.112000 -0.190602
v 0.053590 -0.110000 -0.192126
v 0.052122 -0.112000 -0.190733
v 0.053245 -0.110000 -0.192388
v 0.051937 -0.112000 -0.190844
v 0.052874 -0.110000 -0.192611
v 0.051740 -0.112000 -0.190935
v 0.052481 -0.110000 -0.192793
v 0.051535 -0.112000 -0.191004
v 0.052070 -0.110000 -0.192932
v 0.051324 -0.112000 -0.191051
v 0.051647 -0.110000 -0.193025
v 0.051108 -0.112000 -0.191074
v 0.051217 -0.110000 -0.193071
v 0.050892 -0.112000 -0.191074
v 0.050783 -0.110000 -0.193071
v 0.050676 -0.112000 -0.191051
v 0.050353 -0.110000 -0.193025
v 0.050465 -0.112000 -0.191004
v 0.049930 -0.110000 -0.192932
v 0.050260 -0.112000 -0.190935
v 0.049519 -0.110000 -0.192793
v 0.050063 -0.112000 -0.190844
v 0.049126 -0.110000 -0.192611
v 0.049878 -0.112000 -0.190733
v 0.048755 -0.110000 -0.192388
v 0.049705 -0.112000 -0.190602
v 0.048410 -0.110000 -0.192126
v 0.049548 -0.112000 -0.190453
v 0.048096 -0.110000 -0.191828
v 0.049408 -0.112000 -0.190288
v 0.047816 -0.110000 -0.191498
v 0.049286 -0.112000 -0.190108
v 0.047573 -0.110000 -0.191140
v 0.049185 -0.112000 -0.189917
v 0.047370 -0.110000 -0.190757
v 0.049105 -0.112000 -0.189716
v 0.047209 -0.110000 -0.190355
v 0.049047 -0.112000 -0.189507
v 0.047094 -0.110000 -0.189937
v 0.049012 -0.112000 -0.189294
v 0.047023 -0.110000 -0.189510
v 0.049000 -0.112000 -0.189077
v 0.047000 -0.110000 -0.189077
v 0.049012 -0.112000 -0.188861
v 0.047023 -0.110000 -0.188645
v 0.049047 -0.112000 -0.188647
v 0.047094 -0.110000 -0.188217
v 0.049105 -0.112000 -0.188439
v 0.047209 -0.110000 -0.187800
v 0.049185 -0.112000 -0.188238
v 0.047370 -0.110000 -0.187398
v 0.049286 -0.112000 -0.188046
v 0.047573 -0.110000 -0.187015
v 0.049408 -0.112000 -0.187867
v 0.047816 -0.110000 -0.186657
v 0.049548 -0.112000 -0.187702
v 0.048096 -0.110000 -0.186327
v 0.049705 -0.112000 -0.187553
v 0.048410 -0.110000 -0.186029
v 0.049878 -0.112000 -0.187422
v 0.048755 -0.110000 -0.185767
v 0.050063 -0.112000 -0.187310
v 0.049126 -0.110000 -0.185543
v 0.050260 -0.112000 -0.187219
v 0.049519 -0.110000 -0.185361
v 0.050465 -0.112000 -0.187150
v 0.049930 -0.110000 -0.185223
v 0.050676 -0.112000 -0.187104
v 0.050353 -0.110000 -0.185130
v 0.050892 -0.112000 -0.187080
v 0.050783 -0.110000 -0.185083
v 0.051108 -0.112000 -0.187080
v 0.051217 -0.110000 -0.185083
v 0.051324 -0.112000 -0.187104
v 0.051647 -0.110000 -0.185130
v 0.051535 -0.112000 -0.187150
v 0.052070 -0.110000 -0.185223
v 0.051740 -0.112000 -0.187219
v 0.052481 -0.110000 -0.185361
v 0.051937 -0.112000 -0.187310
v 0.052874 -0.110000 -0.185543
v 0.052122 -0.112000 -0.187422
v 0.053245 -0.110000 -0.185767
v 0.052295 -0.112000 -0.187553
v 0.053590 -0.110000 -0.186029
v 0.052452 -0.112000 -0.187702
v 0.053904 -0.110000 -0.186327
v 0.052592 -0.112000 -0.187867
v 0.054184 -0.110000 -0.186657
v 0.052714 -0.112000 -0.188046
v 0.054427 -0.110000 -0.187015
v 0.052815 -0.112000 -0.188238
v 0.054630 -0.110000 -0.187398
v 0.052895 -0.112000 -0.188439
v 0.054791 -0.110000 -0.187800
v 0.052953 -0.112000 -0.188647
v 0.054906 -0.110000 -0.188217
v 0.052988 -0.112000 -0.188861
v 0.054977 -0.110000 -0.188645
v 0.053000 -0.112000 -0.189077
v 0.055000 -0.110000 -0.189077
v 0.052988 -0.112000 -0.137294
v 0.054977 -0.110000 -0.137510
v 0.052953 -0.112000 -0.137507
v 0.054906 -0.110000 -0.137937
v 0.052895 -0.112000 -0.137716
v 0.054791 -0.110000 -0.138355
v 0.052815 -0.112000 -0.137917
v 0.054630 -0.110000 -0.138757
v 0.052714 -0.112000 -0.138108
v 0.054427 -0.110000 -0.139140
v 0.052592 -0.112000 -0.138288
v 0.054184 -0.110000 -0.139498
v 0.052452 -0.112000 -0.138453
v 0.053904 -0.110000 -0.139828
v 0.052295 -0.112000 -0.138602
v 0.053590 -0.110000 -0.140126
v 0.052122 -0.112000 -0.138733
v 0.053245 -0.110000 -0.140388
v 0.051937 -0.112000 -0.138844
v 0.052874 -0.110000 -0.140611
v 0.051740 -0.112000 -0.138935
v 0.052481 -0.110000 -0.140793
v 0.051535 -0.112000 -0.139004
v 0.052070 -0.110000 -0.140932
v 0.051324 -0.112000 -0.139051
v 0.051647 -0.110000 -0.141025
v 0.051108 -0.112000 -0.139074
v 0.051217 -0.110000 -0.141071
v 0.050892 -0.112000 -0.139074
v 0.050783 -0.110000 -0.141071
v 0.050676 -0.112000 -0.139051
v 0.050353 -0.110000 -0.141025
v 0.050465 -0.112000 -0.139004
v 0.049930 -0.110000 -0.140932
v 0.050260 -0.112000 -0.138935
v 0.049519 -0.110000 -0.140793
v 0.050063 -0.112000 -0.138844
v 0.049126 -0.110000 -0.140611
v 0.049878 -0.112000 -0.138733
v 0.048755 -0.110000 -0.140388
v 0.049705 -0.112000 -0.138602
v 0.048410 -0.110000 -0.140126
v 0.049548 -0.112000 -0.138453
v 0.048096 -0.110000 -0.139828
v 0.049408 -0.112000 -0.138288
v 0.047816 -0.110000 -0.139498
v 0.049286 -0.112000 -0.138108
v 0.047573 -0.110000 -0.139140
v 0.049185 -0.112000 -0.137917
v 0.047370 -0.110000 -0.138757
v 0.049105 -0.112000 -0.137716
v 0.047209 -0.110000 -0.138355
v 0.049047 -0.112000 -0.137507
v 0.047094 -0.110000 -0.137937
v 0.049012 -0.112000 -0.137294
v 0.047023 -0.110000 -0.137510
v 0.049000 -0.112000 -0.137077
v 0.047000 -0.110000 -0.137077
v 0.049012 -0.112000 -0.136861
v 0.047023 -0.110000 -0.136645
v 0.049047 -0.112000 -0.136647
v 0.047094 -0.110000 -0.136217
v 0.049105 -0.112000 -0.136439
v 0.047209 -0.110000 -0.135800
v 0.049185 -0.112000 -0.136238
v 0.047370 -0.110000 -0.135398
v 0.049286 -0.112000 -0.136046
v 0.047573 -0.110000 -0.135015
v 0.049408 -0.112000 -0.135867
v 0.047816 -0.110000 -0.134657
v 0.049548 -0.112000 -0.135702
v 0.048096 -0.110000 -0.134327
v 0.049705 -0.112000 -0.135553
v 0.048410 -0.110000 -0.134029
v 0.049878 -0.112000 -0.135422
v 0.048755 -0.110000 -0.133767
v 0.050063 -0.112000 -0.135310
v 0.049126 -0.110000 -0.133543
v 0.050260 -0.112000 -0.135219
v 0.049519 -0.110000 -0.133361
v 0.050465 -0.112000 -0.135150
v 0.049930 -0.110000 -0.133223
v 0.050676 -0.112000 -0.135104
v 0.050353 -0.110000 -0.133130
v 0.050892 -0.112000 -0.135080
v 0.050783 -0.110000 -0.133083
v 0.051108 -0.112000 -0.135080
v 0.051217 -0.110000 -0.133083
v 0.051324 -0.112000 -0.135104
v 0.051647 -0.110000 -0.133130
v 0.051535 -0.112000 -0.135150
v 0.052070 -0.110000 -0.133223
v 0.051740 -0.112000 -0.135219
v 0.052481 -0.110000 -0.133361
v 0.051937 -0.112000 -0.135310
v 0.052874 -0.110000 -0.133543
v 0.052122 -0.112000 -0.135422
v 0.053245 -0.110000 -0.133767
v 0.052295 -0.112000 -0.135553
v 0.053590 -0.110000 -0.134029
v 0.052452 -0.112000 -0.135702
v 0.053904 -0.110000 -0.134327
v 0.052592 -0.112000 -0.135867
v 0.054184 -0.110000 -0.134657
v 0.052714 -0.112000 -0.136046
v 0.054427 -0.110000 -0.135015
v 0.052815 -0.112000 -0.136238
v 0.054630 -0.110000 -0.135398
v 0.052895 -0.112000 -0.136439
v 0.054791 -0.110000 -0.135800
v 0.052953 -0.112000 -0.136647
v 0.054906 -0.110000 -0.136217
v 0.052988 -0.112000 -0.136861
v 0.054977 -0.110000 -0.136645
v 0.053000 -0.112000 -0.137077
v 0.055000 -0.110000 -0.137077
v 0.052988 -0.112000 -0.085294
v 0.054977 -0.110000 -0.085510
v 0.052953 -0.112000 -0.085507
v 0.054906 -0.110000 -0.085937
v 0.052895 -0.112000 -0.085716
v 0.054791 -0.110000 -0.086355
v 0.052815 -0.112000 -0.085917
v 0.054630 -0.110000 -0.086757
v 0.052714 -0.112000 -0.086108
v 0.054427 -0.110000 -0.087140
v 0.052592 -0.112000 -0.086288
v 0.054184 -0.110000 -0.087498
v 0.052452 -0.112000 -0.086453
v 0.053904 -0.110000 -0.087828
v 0.052295 -0.112000 -0.086602
v 0.053590 -0.110000 -0.088126
v 0.052122 -0.112000 -0.086733
v 0.053245 -0.110000 -0.088388
v 0.051937 -0.112000 -0.086844
v 0.052874 -0.110000 -0.088611
v 0.051740 -0.112000 -0.086935
v 0.052481 -0.110000 -0.088793
v 0.051535 -0.112000 -0.087004
v 0.052070 -0.110000 -0.088932
v 0.051324 -0.112000 -0.087051
v 0.051647 -0.110000 -0.089025
v 0.051108 -0.112000 -0.087074
v 0.051217 -0.110000 -0.089071
v 0.050892 -0.112000 -0.087074
v 0.050783 -0.110000 -0.089071
v 0.050676 -0.112000 -0.087051
v 0.050353 -0.110000 -0.089025
v 0.050465 -0.112000 -0.087004
v 0.049930 -0.110000 -0.088932
v 0.050260 -0.112000 -0.086935
v 0.049519 -0.110000 -0.088793
v 0.050063 -0.112000 -0.086844
v 0.049126 -0.110000 -0.088611
v 0.049878 -0.112000 -0.086733
v 0.048755 -0.110000 -0.088388
v 0.049705 -0.112000 -0.086602
v 0.048410 -0.110000 -0.088126
v 0.049548 -0.112000 -0.086453
v 0.048096 -0.110000 -0.087828
v 0.049408 -0.112000 -0.086288
v 0.047816 -0.110000 -0.087498
v 0.049286 -0.112000 -0.086108
v 0.047573 -0.110000 -0.087140
v 0.049185 -0.112000 -0.085917
v 0.047370 -0.110000 -0.086757
v 0.049105 -0.112000 -0.085716
v 0.047209 -0.110000 -0.086355
v 0.049047 -0.112000 -0.085507
v 0.047094 -0.110000 -0.085937
v 0.049012 -0.112000 -0.085294
v 0.047023 -0.110000 -0.085510
v 0.049000 -0.112000 -0.085077
v 0.047000 -0.110000 -0.085077
v 0.049012 -0.112000 -0.084861
v 0.047023 -0.110000 -0.084645
v 0.049047 -0.112000 -0.084647
v 0.047094 -0.110000 -0.084217
v 0.049105 -0.112000 -0.084439
v 0.047209 -0.110000 -0.083800
v 0.049185 -0.112000 -0.084238
v 0.047370 -0.110000 -0.083398
v 0.049286 -0.112000 -0.084046
v 0.047573 -0.110000 -0.083015
v 0.049408 -0.112000 -0.083867
v 0.047816 -0.110000 -0.082657
v 0.049548 -0.112000 -0.083702
v 0.048096 -0.110000 -0.082327
v 0.049705 -0.112000 -0.083553
v 0.048410 -0.110000 -0.082029
v 0.049878 -0.112000 -0.083422
v 0.048755 -0.110000 -0.081767
v 0.050063 -0.112000 -0.083310
v 0.049126 -0.110000 -0.081543
v 0.050260 -0.112000 -0.083219
v 0.049519 -0.110000 -0.081361
v 0.050465 -0.112000 -0.083150
v 0.049930 -0.110000 -0.081223
v 0.050676 -0.112000 -0.083104
v 0.050353 -0.110000 -0.081130
v 0.050892 -0.112000 -0.083080
v 0.050783 -0.110000 -0.081083
v 0.051108 -0.112000 -0.083080
v 0.051217 -0.110000 -0.081083
v 0.051324 -0.112000 -0.083104
v 0.051647 -0.110000 -0.081130
v 0.051535 -0.112000 -0.083150
v 0.052070 -0.110000 -0.081223
v 0.051740 -0.112000 -0.083219
v 0.052481 -0.110000 -0.081361
v 0.051937 -0.112000 -0.083310
v 0.052874 -0.110000 -0.081543
v 0.052122 -0.112000 -0.083422
v 0.053245 -0.110000 -0.081767
v 0.052295 -0.112000 -0.083553
v 0.053590 -0.110000 -0.082029
v 0.052452 -0.112000 -0.083702
v 0.053904 -0.110000 -0.082327
v 0.052592 -0.112000 -0.083867
v 0.054184 -0.110000 -0.082657
v 0.052714 -0.112000 -0.084046
v 0.054427 -0.110000 -0.083015
v 0.052815 -0.112000 -0.084238
v 0.054630 -0.110000 -0.083398
v 0.052895 -0.112000 -0.084439
v 0.054791 -0.110000 -0.083800
v 0.052953 -0.112000 -0.084647
v 0.054906 -0.110000 -0.084217
v 0.052988 -0.112000 -0.084861
v 0.054977 -0.110000 -0.084645
v 0.053000 -0.112000 -0.085077
v 0.055000 -0.110000 -0.085077
v 0.052988 -0.112000 -0.033294
v 0.054977 -0.110000 -0.033510
v 0.052953 -0.112000 -0.033507
v 0.054906 -0.110000 -0.033937
v 0.052895 -0.112000 -0.033716
v 0.054791 -0.110000 -0.034355
v 0.052815 -0.112000 -0.033917
v 0.054630 -0.110000 -0.034757
v 0.052714 -0.112000 -0.034108
v 0.054427 -0.110000 -0.035140
v 0.052592 -0.112000 -0.034288
v 0.054184 -0.110000 -0.035498
v 0.052452 -0.112000 -0.034453
v 0.053904 -0.110000 -0.035828
v 0.052295 -0.112000 -0.034602
v 0.053590 -0.110000 -0.036126
v 0.052122 -0.112000 -0.034733
v 0.053245 -0.110000 -0.036388
v 0.051937 -0.112000 -0.034844
v 0.052874 -0.110000 -0.036611
v 0.051740 -0.112000 -0.034935
v 0.052481 -0.110000 -0.036793
v 0.051535 -0.112000 -0.035004
v 0.052070 -0.110000 -0.036932
v 0.051324 -0.112000 -0.035051
v 0.051647 -0.110000 -0.037025
v 0.051108 -0.112000 -0.035074
v 0.051217 -0.110000 -0.037071
v 0.050892 -0.112000 -0.035074
v 0.050783 -0.110000 -0.037071
v 0.050676 -0.112000 -0.035051
v 0.050353 -0.110000 -0.037025
v 0.050465 -0.112000 -0.035004
v 0.049930 -0.110000 -0.036932
v 0.050260 -0.112000 -0.034935
v 0.049519 -0.110000 -0.036793
v 0.050063 -0.112000 -0.034844
v 0.049126 -0.110000 -0.036611
v 0.049878 -0.112000 -0.034733
v 0.048755 -0.110000 -0.036388
v 0.049705 -0.112000 -0.034602
v 0.048410 -0.110000 -0.036126
v 0.049548 -0.112000 -0.034453
v 0.048096 -0.110000 -0.035828
v 0.049408 -0.112000 -0.034288
v 0.047816 -0.110000 -0.035498
v 0.049286 -0.112000 -0.034108
v 0.047573 -0.110000 -0.035140
v 0.049185 -0.112000 -0.033917
v 0.047370 -0.110000 -0.034757
v 0.049105 -0.112000 -0.033716
v 0.047209 -0.110000 -0.034355
v 0.049047 -0.112000 -0.033507
v 0.047094 -0.110000 -0.033937
v 0.049012 -0.112000 -0.033294
v 0.047023 -0.110000 -0.033510
v 0.049000 -0.112000 -0.033077
v 0.047000 -0.110000 -0.033077
v 0.049012 -0.112000 -0.032861
v 0.047023 -0.110000 -0.032645
v 0.049047 -0.112000 -0.032647
v 0.047094 -0.110000 -0.032217
v 0.049105 -0.112000 -0.032439
v 0.047209 -0.110000 -0.031800
v 0.049185 -0.112000 -0.032238
v 0.047370 -0.110000 -0.031398
v 0.049286 -0.112000 -0.032046
v 0.047573 -0.110000 -0.031015
v 0.049408 -0.112000 -0.031867
v 0.047816 -0.110000 -0.030657
v 0.049548 -0.112000 -0.031702
v 0.048096 -0.110000 -0.030327
v 0.049705 -0.112000 -0.031553
v 0.048410 -0.110000 -0.030029
v 0.049878 -0.112000 -0.031422
v 0.048755 -0.110000 -0.029767
v 0.050063 -0.112000 -0.031310
v 0.049126 -0.110000 -0.029543
v 0.050260 -0.112000 -0.031219
v 0.049519 -0.110000 -0.029361
v 0.050465 -0.112000 -0.031150
v 0.049930 -0.110000 -0.029223
v 0.050676 -0.112000 -0.031104
v 0.050353 -0.110000 -0.029130
v 0.050892 -0.112000 -0.031080
v 0.050783 -0.110000 -0.029083
v 0.051108 -0.112000 -0.031080
v 0.051217 -0.110000 -0.029083
v 0.051324 -0.112000 -0.031104
v 0.051647 -0.110000 -0.029130
v 0.051535 -0.112000 -0.031150
v 0.052070 -0.110000 -0.029223
v 0.051740 -0.112000 -0.031219
v 0.052481 -0.110000 -0.029361
v 0.051937 -0.112000 -0.031310
v 0.052874 -0.110000 -0.029543
v 0.052122 -0.112000 -0.031422
v 0.053245 -0.110000 -0.029767
v 0.052295 -0.112000 -0.031553
v 0.053590 -0.110000 -0.030029
v 0.052452 -0.112000 -0.031702
v 0.053904 -0.110000 -0.030327
v 0.052592 -0.112000 -0.031867
v 0.054184 -0.110000 -0.030657
v 0.052714 -0.112000 -0.032046
v 0.054427 -0.110000 -0.031015
v 0.052815 -0.112000 -0.032238
v 0.054630 -0.110000 -0.031398
v 0.052895 -0.112000 -0.032439
v 0.054791 -0.110000 -0.031800
v 0.052953 -0.112000 -0.032647
v 0.054906 -0.110000 -0.032217
v 0.052988 -0.112000 -0.032861
v 0.054977 -0.110000 -0.032645
v 0.053000 -0.112000 -0.033077
v 0.055000 -0.110000 -0.033077
v 0.052988 -0.112000 0.018706
v 0.054977 -0.110000 0.018490
v 0.052953 -0.112000 0.018493
v 0.054906 -0.110000 0.018063
v 0.052895 -0.112000 0.018284
v 0.054791 -0.110000 0.017645
v 0.052815 -0.112000 0.018083
v 0.054630 -0.110000 0.017243
v 0.052714 -0.112000 0.017892
v 0.054427 -0.110000 0.016860
v 0.052592 -0.112000 0.017712
v 0.054184 -0.110000 0.016502
v 0.052452 -0.112000 0.017547
v 0.053904 -0.110000 0.016172
v 0.052295 -0.112000 0.017398
v 0.053590 -0.110000 0.015874
v 0.052122 -0.112000 0.017267
v 0.053245 -0.110000 0.015612
v 0.051937 -0.112000 0.017156
v 0.052874 -0.110000 0.015389
v 0.051740 -0.112000 0.017065
v 0.052481 -0.110000 0.015207
v 0.051535 -0.112000 0.016996
v 0.052070 -0.110000 0.015068
v 0.051324 -0.112000 0.016949
v 0.051647 -0.110000 0.014975
v 0.051108 -0.112000 0.016926
v 0.051217 -0.110000 0.014929
v 0.050892 -0.112000 0.016926
v 0.050783 -0.110000 0.014929
v 0.050676 -0.112000 0.016949
v 0.050353 -0.110000 0.014975
v 0.050465 -0.112000 0.016996
v 0.049930 -0.110000 0.015068
v 0.050260 -0.112000 0.017065
v 0.049519 -0.110000 0.015207
v 0.050063 -0.112000 0.017156
v 0.049126 -0.110000 0.015389
v 0.049878 -0.112000 0.017267
v 0.048755 -0.110000 0.015612
v 0.049705 -0.112000 0.017398
v 0.048410 -0.110000 0.015874
v 0.049548 -0.112000 0.017547
v 0.048096 -0.110000 0.016172
v 0.049408 -0.112000 0.017712
v 0.047816 -0.110000 0.016502
v 0.049286 -0.112000 0.017892
v 0.047573 -0.110000 0.016860
v 0.049185 -0.112000 0.018083
v 0.047370 -0.110000 0.017243
v 0.049105 -0.112000 0.018284
v 0.047209 -0.110000 0.017645
v 0.049047 -0.112000 0.018493
v 0.047094 -0.110000 0.018063
v 0.049012 -0.112000 0.018706
v 0.047023 -0.110000 0.018490
v 0.049000 -0.112000 0.018923
v 0.047000 -0.110000 0.018923
v 0.049012 -0.112000 0.019139
v 0.047023 -0.110000 0.019355
v 0.049047 -0.112000 0.019353
v 0.047094 -0.110000 0.019783
v 0.049105 -0.112000 0.019561
v 0.047209 -0.110000 0.020200
v 0.049185 -0.112000 0.019762
v 0.047370 -0.110000 0.020602
v 0.049286 -0.112000 0.019954
v 0.047573 -0.110000 0.020985
v 0.049408 -0.112000 0.020133
v 0.047816 -0.110000 0.021343
v 0.049548 -0.112000 0.020298
v 0.048096 -0.110000 0.021673
v 0.049705 -0.112000 0.020447
v 0.048410 -0.110000 0.021971
v 0.049878 -0.112000 0.020578
v 0.048755 -0.110000 0.022233
v 0.050063 -0.112000 0.020690
v 0.049126 -0.110000 0.022457
v 0.050260 -0.112000 0.020781
v 0.049519 -0.110000 0.022639
v 0.050465 -0.112000 0.020850
v 0.049930 -0.110000 0.022777
v 0.050676 -0.112000 0.020896
v 0.050353 -0.110000 0.022870
v 0.050892 -0.112000 0.020920
v 0.050783 -0.110000 0.022917
v 0.051108 -0.112000 0.020920
v 0.051217 -0.110000 0.022917
v 0.051324 -0.112000 0.020896
v 0.051647 -0.110000 0.022870
v 0.051535 -0.112000 0.020850
v 0.052070 -0.110000 0.022777
v 0.051740 -0.112000 0.020781
v 0.052481 -0.110000 0.022639
v 0.051937 -0.112000 0.020690
v 0.052874 -0.110000 0.022457
v 0.052122 -0.112000 0.020578
v 0.053245 -0.110000 0.022233
v 0.052295 -0.112000 0.020447
v 0.053590 -0.110000 0.021971
v 0.052452 -0.112000 0.020298
v 0.053904 -0.110000 0.021673
v 0.052592 -0.112000 0.020133
v 0.054184 -0.110000 0.021343
v 0.052714 -0.112000 0.019954
v 0.054427 -0.110000 0.020985
v 0.052815 -0.112000 0.019762
v 0.054630 -0.110000 0.020602
v 0.052895 -0.112000 0.019561
v 0.054791 -0.110000 0.020200
v 0.052953 -0.112000 0.019353
v 0.054906 -0.110000 0.019783
v 0.052988 -0.112000 0.019139
v 0.054977 -0.110000 0.019355
v 0.053000 -0.112000 0.018923
v 0.055000 -0.110000 0.018923
v 0.053000 -0.115000 -0.137077
v 0.052988 -0.115000 -0.137294
v 0.052953 -0.115000 -0.137507
v 0.052895 -0.115000 -0.137716
v 0.052815 -0.115000 -0.137917
v 0.052714 -0.115000 -0.138108
v 0.052592 -0.115000 -0.138288
v 0.052452 -0.115000 -0.138453
v 0.052295 -0.115000 -0.138602
v 0.052122 -0.115000 -0.138733
v 0.051937 -0.115000 -0.138844
v 0.051740 -0.115000 -0.138935
v 0.051535 -0.115000 -0.139004
v 0.051324 -0.115000 -0.139051
v 0.051108 -0.115000 -0.139074
v 0.050892 -0.115000 -0.139074
v 0.050676 -0.115000 -0.139051
v 0.050465 -0.115000 -0.139004
v 0.050260 -0.115000 -0.138935
v 0.050063 -0.115000 -0.138844
v 0.049878 -0.115000 -0.138733
v 0.049705 -0.115000 -0.138602
v 0.049548 -0.115000 -0.138453
v 0.049408 -0.115000 -0.138288
v 0.049286 -0.115000 -0.138108
v 0.049185 -0.115000 -0.137917
v 0.049105 -0.115000 -0.137716
v 0.049047 -0.115000 -0.137507
v 0.049012 -0.115000 -0.137294
v 0.049000 -0.115000 -0.137077
v 0.049012 -0.115000 -0.136861
v 0.049047 -0.115000 -0.136647
v 0.049105 -0.115000 -0.136439
v 0.049185 -0.115000 -0.136238
v 0.049286 -0.115000 -0.136046
v 0.049408 -0.115000 -0.135867
v 0.049548 -0.115000 -0.135702
v 0.049705 -0.115000 -0.135553
v 0.049878 -0.115000 -0.135422
v 0.050063 -0.115000 -0.135310
v 0.050260 -0.115000 -0.135219
v 0.050465 -0.115000 -0.135150
v 0.050676 -0.115000 -0.135104
v 0.050892 -0.115000 -0.135080
v 0.051108 -0.115000 -0.135080
v 0.051324 -0.115000 -0.135104
v 0.051535 -0.115000 -0.135150
v 0.051740 -0.115000 -0.135219
v 0.051937 -0.115000 -0.135310
v 0.052122 -0.115000 -0.135422
v 0.052295 -0.115000 -0.135553
v 0.052452 -0.115000 -0.135702
v 0.052592 -0.115000 -0.135867
v 0.052714 -0.115000 -0.136046
v 0.052815 -0.115000 -0.136238
v 0.052895 -0.115000 -0.136439
v 0.052953 -0.115000 -0.136647
v 0.052988 -0.115000 -0.136861
v 0.053000 -0.115000 -0.189077
v 0.052988 -0.115000 -0.189294
v 0.052953 -0.115000 -0.189507
v 0.052895 -0.115000 -0.189716
v 0.052815 -0.115000 -0.189917
v 0.052714 -0.115000 -0.190108
v 0.052592 -0.115000 -0.190288
v 0.052452 -0.115000 -0.190453
v 0.052295 -0.115000 -0.190602
v 0.052122 -0.115000 -0.190733
v 0.051937 -0.115000 -0.190844
v 0.051740 -0.115000 -0.190935
v 0.051535 -0.115000 -0.191004
v 0.051324 -0.115000 -0.191051
v 0.051108 -0.115000 -0.191074
v 0.050892 -0.115000 -0.191074
v 0.050676 -0.115000 -0.191051
v 0.050465 -0.115000 -0.191004
v 0.050260 -0.115000 -0.190935
v 0.050063 -0.115000 -0.190844
v 0.049878 -0.115000 -0.190733
v 0.049705 -0.115000 -0.190602
v 0.049548 -0.115000 -0.190453
v 0.049408 -0.115000 -0.190288
v 0.049286 -0.115000 -0.190108
v 0.049185 -0.115000 -0.189917
v 0.049105 -0.115000 -0.189716
v 0.049047 -0.115000 -0.189507
v 0.049012 -0.115000 -0.189294
v 0.049000 -0.115000 -0.189077
v 0.049012 -0.115000 -0.188861
v 0.049047 -0.115000 -0.188647
v 0.049105 -0.115000 -0.188439
v 0.049185 -0.115000 -0.188238
v 0.049286 -0.115000 -0.188046
v 0.049408 -0.115000 -0.187867
v 0.049548 -0.115000 -0.187702
v 0.049705 -0.115000 -0.187553
v 0.049878 -0.115000 -0.187422
v 0.050063 -0.115000 -0.187310
v 0.050260 -0.115000 -0.187219
v 0.050465 -0.115000 -0.187150
v 0.050676 -0.115000 -0.187104
v 0.050892 -0.115000 -0.187080
v 0.051108 -0.115000 -0.187080
v 0.051324 -0.115000 -0.187104
v 0.051535 -0.115000 -0.187150
v 0.051740 -0.115000 -0.187219
v 0.051937 -0.115000 -0.187310
v 0.052122 -0.115000 -0.187422
v 0.052295 -0.115000 -0.187553
v 0.052452 -0.115000 -0.187702
v 0.052592 -0.115000 -0.187867
v 0.052714 -0.115000 -0.188046
v 0.052815 -0.115000 -0.188238
v 0.052895 -0.115000 -0.188439
v 0.052953 -0.115000 -0.188647
v 0.052988 -0.115000 -0.188861
v 0.053000 -0.115000 -0.241077
v 0.052988 -0.115000 -0.241294
v 0.052953 -0.115000 -0.241507
v 0.052895 -0.115000 -0.241716
v 0.052815 -0.115000 -0.241917
v 0.052714 -0.115000 -0.242108
v 0.052592 -0.115000 -0.242288
v 0.052452 -0.115000 -0.242453
v 0.052295 -0.115000 -0.242602
v 0.052122 -0.115000 -0.242733
v 0.051937 -0.115000 -0.242844
v 0.051740 -0.115000 -0.242935
v 0.051535 -0.115000 -0.243004
v 0.051324 -0.115000 -0.243051
v 0.051108 -0.115000 -0.243074
v 0.050892 -0.115000 -0.243074
v 0.050676 -0.115000 -0.243051
v 0.050465 -0.115000 -0.243004
v 0.050260 -0.115000 -0.242935
v 0.050063 -0.115000 -0.242844
v 0.049878 -0.115000 -0.242733
v 0.049705 -0.115000 -0.242602
v 0.049548 -0.115000 -0.242453
v 0.049408 -0.115000 -0.242288
v 0.049286 -0.115000 -0.242108
v 0.049185 -0.115000 -0.241917
v 0.049105 -0.115000 -0.241716
v 0.049047 -0.115000 -0.241507
v 0.049012 -0.115000 -0.241294
v 0.049000 -0.115000 -0.241077
v 0.049012 -0.115000 -0.240861
v 0.049047 -0.115000 -0.240647
v 0.049105 -0.115000 -0.240439
v 0.049185 -0.115000 -0.240238
v 0.049286 -0.115000 -0.240046
v 0.049408 -0.115000 -0.239867
v 0.049548 -0.115000 -0.239702
v 0.049705 -0.115000 -0.239553
v 0.049878 -0.115000 -0.239422
v 0.050063 -0.115000 -0.239310
v 0.050260 -0.115000 -0.239219
v 0.050465 -0.115000 -0.239150
v 0.050676 -0.115000 -0.239104
v 0.050892 -0.115000 -0.239080
v 0.051108 -0.115000 -0.239080
v 0.051324 -0.115000 -0.239104
v 0.051535 -0.115000 -0.239150
v 0.051740 -0.115000 -0.239219
v 0.051937 -0.115000 -0.239310
v 0.052122 -0.115000 -0.239422
v 0.052295 -0.115000 -0.239553
v 0.052452 -0.115000 -0.239702
v 0.052592 -0.115000 -0.239867
v 0.052714 -0.115000 -0.240046
v 0.052815 -0.115000 -0.240238
v 0.052895 -0.115000 -0.240439
v 0.052953 -0.115000 -0.240647
v 0.052988 -0.115000 -0.240861
v -0.049000 -0.115000 -0.241077
v -0.049012 -0.115000 -0.241294
v -0.049047 -0.115000 -0.241507
v -0.049105 -0.115000 -0.241716
v -0.049185 -0.115000 -0.241917
v -0.049286 -0.115000 -0.242108
v -0.049408 -0.115000 -0.242288
v -0.049548 -0.115000 -0.242453
v -0.049705 -0.115000 -0.242602
v -0.049878 -0.115000 -0.242733
v -0.050063 -0.115000 -0.242844
v -0.050260 -0.115000 -0.242935
v -0.050465 -0.115000 -0.243004
v -0.050676 -0.115000 -0.243051
v -0.050892 -0.115000 -0.243074
v -0.051108 -0.115000 -0.243074
v -0.051324 -0.115000 -0.243051
v -0.051535 -0.115000 -0.243004
v -0.051740 -0.115000 -0.242935
v -0.051937 -0.115000 -0.242844
v -0.052122 -0.115000 -0.242733
v -0.052295 -0.115000 -0.242602
v -0.052452 -0.115000 -0.242453
v -0.052592 -0.115000 -0.242288
v -0.052714 -0.115000 -0.242108
v -0.052815 -0.115000 -0.241917
v -0.052895 -0.115000 -0.241716
v -0.052953 -0.115000 -0.241507
v -0.052988 -0.115000 -0.241294
v -0.053000 -0.115000 -0.241077
v -0.052988 -0.115000 -0.240861
v -0.052953 -0.115000 -0.240647
v -0.052895 -0.115000 -0.240439
v -0.052815 -0.115000 -0.240238
v -0.052714 -0.115000 -0.240046
v -0.052592 -0.115000 -0.239867
v -0.052452 -0.115000 -0.239702
v -0.052295 -0.115000 -0.239553
v -0.052122 -0.115000 -0.239422
v -0.051937 -0.115000 -0.239310
v -0.051740 -0.115000 -0.239219
v -0.051535 -0.115000 -0.239150
v -0.051324 -0.115000 -0.239104
v -0.051108 -0.115000 -0.239080
v -0.050892 -0.115000 -0.239080
v -0.050676 -0.115000 -0.239104
v -0.050465 -0.115000 -0.239150
v -0.050260 -0.115000 -0.239219
v -0.050063 -0.115000 -0.239310
v -0.049878 -0.115000 -0.239422
v -0.049705 -0.115000 -0.239553
v -0.049548 -0.115000 -0.239702
v -0.049408 -0.115000 -0.239867
v -0.049286 -0.115000 -0.240046
v -0.049185 -0.115000 -0.240238
v -0.049105 -0.115000 -0.240439
v -0.049047 -0.115000 -0.240647
v -0.049012 -0.115000 -0.240861
v -0.049000 -0.115000 -0.189077
v -0.049012 -0.115000 -0.189294
v -0.049047 -0.115000 -0.189507
v -0.049105 -0.115000 -0.189716
v -0.049185 -0.115000 -0.189917
v -0.049286 -0.115000 -0.190108
v -0.049408 -0.115000 -0.190288
v -0.049548 -0.115000 -0.190453
v -0.049705 -0.115000 -0.190602
v -0.049878 -0.115000 -0.190733
v -0.050063 -0.115000 -0.190844
v -0.050260 -0.115000 -0.190935
v -0.050465 -0.115000 -0.191004
v -0.050676 -0.115000 -0.191051
v -0.050892 -0.115000 -0.191074
v -0.051108 -0.115000 -0.191074
v -0.051324 -0.115000 -0.191051
v -0.051535 -0.115000 -0.191004
v -0.051740 -0.115000 -0.190935
v -0.051937 -0.115000 -0.190844
v -0.052122 -0.115000 -0.190733
v -0.052295 -0.115000 -0.190602
v -0.052452 -0.115000 -0.190453
v -0.052592 -0.115000 -0.190288
v -0.052714 -0.115000 -0.190108
v -0.052815 -0.115000 -0.189917
v -0.052895 -0.115000 -0.189716
v -0.052953 -0.115000 -0.189507
v -0.052988 -0.115000 -0.189294
v -0.053000 -0.115000 -0.189077
v -0.052988 -0.115000 -0.188861
v -0.052953 -0.115000 -0.188647
v -0.052895 -0.115000 -0.188439
v -0.052815 -0.115000 -0.188238
v -0.052714 -0.115000 -0.188046
v -0.052592 -0.115000 -0.187867
v -0.052452 -0.115000 -0.187702
v -0.052295 -0.115000 -0.187553
v -0.052122 -0.115000 -0.187422
v -0.051937 -0.115000 -0.187310
v -0.051740 -0.115000 -0.187219
v -0.051535 -0.115000 -0.187150
v -0.051324 -0.115000 -0.187104
v -0.051108 -0.115000 -0.187080
v -0.050892 -0.115000 -0.187080
v -0.050676 -0.115000 -0.187104
v -0.050465 -0.115000 -0.187150
v -0.050260 -0.115000 -0.187219
v -0.050063 -0.115000 -0.187310
v -0.049878 -0.115000 -0.187422
v -0.049705 -0.115000 -0.187553
v -0.049548 -0.115000 -0.187702
v -0.049408 -0.115000 -0.187867
v -0.049286 -0.115000 -0.188046
v -0.049185 -0.115000 -0.188238
v -0.049105 -0.115000 -0.188439
v -0.049047 -0.115000 -0.188647
v -0.049012 -0.115000 -0.188861
v -0.049000 -0.115000 -0.137077
v -0.049012 -0.115000 -0.137294
v -0.049047 -0.115000 -0.137507
v -0.049105 -0.115000 -0.137716
v -0.049185 -0.115000 -0.137917
v -0.049286 -0.115000 -0.138108
v -0.049408 -0.115000 -0.138288
v -0.049548 -0.115000 -0.138453
v -0.049705 -0.115000 -0.138602
v -0.049878 -0.115000 -0.138733
v -0.050063 -0.115000 -0.138844
v -0.050260 -0.115000 -0.138935
v -0.050465 -0.115000 -0.139004
v -0.050676 -0.115000 -0.139051
v -0.050892 -0.115000 -0.139074
v -0.051108 -0.115000 -0.139074
v -0.051324 -0.115000 -0.139051
v -0.051535 -0.115000 -0.139004
v -0.051740 -0.115000 -0.138935
v -0.051937 -0.115000 -0.138844
v -0.052122 -0.115000 -0.138733
v -0.052295 -0.115000 -0.138602
v -0.052452 -0.115000 -0.138453
v -0.052592 -0.115000 -0.138288
v -0.052714 -0.115000 -0.138108
v -0.052815 -0.115000 -0.137917
v -0.052895 -0.115000 -0.137716
v -0.052953 -0.115000 -0.137507
v -0.052988 -0.115000 -0.137294
v -0.053000 -0.115000 -0.137077
v -0.052988 -0.115000 -0.136861
v -0.052953 -0.115000 -0.136647
v -0.052895 -0.115000 -0.136439
v -0.052815 -0.115000 -0.136238
v -0.052714 -0.115000 -0.136046
v -0.052592 -0.115000 -0.135867
v -0.052452 -0.115000 -0.135702
v -0.052295 -0.115000 -0.135553
v -0.052122 -0.115000 -0.135422
v -0.051937 -0.115000 -0.135310
v -0.051740 -0.115000 -0.135219
v -0.051535 -0.115000 -0.135150
v -0.051324 -0.115000 -0.135104
v -0.051108 -0.115000 -0.135080
v -0.050892 -0.115000 -0.135080
v -0.050676 -0.115000 -0.135104
v -0.050465 -0.115000 -0.135150
v -0.050260 -0.115000 -0.135219
v -0.050063 -0.115000 -0.135310
v -0.049878 -0.115000 -0.135422
v -0.049705 -0.115000 -0.135553
v -0.049548 -0.115000 -0.135702
v -0.049408 -0.115000 -0.135867
v -0.049286 -0.115000 -0.136046
v -0.049185 -0.115000 -0.136238
v -0.049105 -0.115000 -0.136439
v -0.049047 -0.115000 -0.136647
v -0.049012 -0.115000 -0.136861
v -0.049000 -0.115000 -0.085077
v -0.049012 -0.115000 -0.085294
v -0.049047 -0.115000 -0.085507
v -0.049105 -0.115000 -0.085716
v -0.049185 -0.115000 -0.085917
v -0.049286 -0.115000 -0.086108
v -0.049408 -0.115000 -0.086288
v -0.049548 -0.115000 -0.086453
v -0.049705 -0.115000 -0.086602
v -0.049878 -0.115000 -0.086733
v -0.050063 -0.115000 -0.086844
v -0.050260 -0.115000 -0.086935
v -0.050465 -0.115000 -0.087004
v -0.050676 -0.115000 -0.087051
v -0.050892 -0.115000 -0.087074
v -0.051108 -0.115000 -0.087074
v -0.051324 -0.115000 -0.087051
v -0.051535 -0.115000 -0.087004
v -0.051740 -0.115000 -0.086935
v -0.051937 -0.115000 -0.086844
v -0.052122 -0.115000 -0.086733
v -0.052295 -0.115000 -0.086602
v -0.052452 -0.115000 -0.086453
v -0.052592 -0.115000 -0.086288
v -0.052714 -0.115000 -0.086108
v -0.052815 -0.115000 -0.085917
v -0.052895 -0.115000 -0.085716
v -0.052953 -0.115000 -0.085507
v -0.052988 -0.115000 -0.085294
v -0.053000 -0.115000 -0.085077
v -0.052988 -0.115000 -0.084861
v -0.052953 -0.115000 -0.084647
v -0.052895 -0.115000 -0.084439
v -0.052815 -0.115000 -0.084238
v -0.052714 -0.115000 -0.084046
v -0.052592 -0.115000 -0.083867
v -0.052452 -0.115000 -0.083702
v -0.052295 -0.115000 -0.083553
v -0.052122 -0.115000 -0.083422
v -0.051937 -0.115000 -0.083310
v -0.051740 -0.115000 -0.083219
v -0.051535 -0.115000 -0.083150
v -0.051324 -0.115000 -0.083104
v -0.051108 -0.115000 -0.083080
v -0.050892 -0.115000 -0.083080
v -0.050676 -0.115000 -0.083104
v -0.050465 -0.115000 -0.083150
v -0.050260 -0.115000 -0.083219
v -0.050063 -0.115000 -0.083310
v -0.049878 -0.115000 -0.083422
v -0.049705 -0.115000 -0.083553
v -0.049548 -0.115000 -0.083702
v -0.049408 -0.115000 -0.083867
v -0.049286 -0.115000 -0.084046
v -0.049185 -0.115000 -0.084238
v -0.049105 -0.115000 -0.084439
v -0.049047 -0.115000 -0.084647
v -0.049012 -0.115000 -0.084861
v -0.049000 -0.115000 -0.033077
v -0.049012 -0.115000 -0.033294
v -0.049047 -0.115000 -0.033507
v -0.049105 -0.115000 -0.033716
v -0.049185 -0.115000 -0.033917
v -0.049286 -0.115000 -0.034108
v -0.049408 -0.115000 -0.034288
v -0.049548 -0.115000 -0.034453
v -0.049705 -0.115000 -0.034602
v -0.049878 -0.115000 -0.034733
v -0.050063 -0.115000 -0.034844
v -0.050260 -0.115000 -0.034935
v -0.050465 -0.115000 -0.035004
v -0.050676 -0.115000 -0.035051
v -0.050892 -0.115000 -0.035074
v -0.051108 -0.115000 -0.035074
v -0.051324 -0.115000 -0.035051
v -0.051535 -0.115000 -0.035004
v -0.051740 -0.115000 -0.034935
v -0.051937 -0.115000 -0.034844
v -0.052122 -0.115000 -0.034733
v -0.052295 -0.115000 -0.034602
v -0.052452 -0.115000 -0.034453
v -0.052592 -0.115000 -0.034288
v -0.052714 -0.115000 -0.034108
v -0.052815 -0.115000 -0.033917
v -0.052895 -0.115000 -0.033716
v -0.052953 -0.115000 -0.033507
v -0.052988 -0.115000 -0.033294
v -0.053000 -0.115000 -0.033077
v -0.052988 -0.115000 -0.032861
v -0.052953 -0.115000 -0.032647
v -0.052895 -0.115000 -0.032439
v -0.052815 -0.115000 -0.032238
v -0.052714 -0.115000 -0.032046
v -0.052592 -0.115000 -0.031867
v -0.052452 -0.115000 -0.031702
v -0.052295 -0.115000 -0.031553
v -0.052122 -0.115000 -0.031422
v -0.051937 -0.115000 -0.031310
v -0.051740 -0.115000 -0.031219
v -0.051535 -0.115000 -0.031150
v -0.051324 -0.115000 -0.031104
v -0.051108 -0.115000 -0.031080
v -0.050892 -0.115000 -0.031080
v -0.050676 -0.115000 -0.031104
v -0.050465 -0.115000 -0.031150
v -0.050260 -0.115000 -0.031219
v -0.050063 -0.115000 -0.031310
v -0.049878 -0.115000 -0.031422
v -0.049705 -0.115000 -0.031553
v -0.049548 -0.115000 -0.031702
v -0.049408 -0.115000 -0.031867
v -0.049286 -0.115000 -0.032046
v -0.049185 -0.115000 -0.032238
v -0.049105 -0.115000 -0.032439
v -0.049047 -0.115000 -0.032647
v -0.049012 -0.115000 -0.032861
v 0.053000 -0.115000 -0.085077
v 0.052988 -0.115000 -0.085294
v 0.052953 -0.115000 -0.085507
v 0.052895 -0.115000 -0.085716
v 0.052815 -0.115000 -0.085917
v 0.052714 -0.115000 -0.086108
v 0.052592 -0.115000 -0.086288
v 0.052452 -0.115000 -0.086453
v 0.052295 -0.115000 -0.086602
v 0.052122 -0.115000 -0.086733
v 0.051937 -0.115000 -0.086844
v 0.051740 -0.115000 -0.086935
v 0.051535 -0.115000 -0.087004
v 0.051324 -0.115000 -0.087051
v 0.051108 -0.115000 -0.087074
v 0.050892 -0.115000 -0.087074
v 0.050676 -0.115000 -0.087051
v 0.050465 -0.115000 -0.087004
v 0.050260 -0.115000 -0.086935
v 0.050063 -0.115000 -0.086844
v 0.049878 -0.115000 -0.086733
v 0.049705 -0.115000 -0.086602
v 0.049548 -0.115000 -0.086453
v 0.049408 -0.115000 -0.086288
v 0.049286 -0.115000 -0.086108
v 0.049185 -0.115000 -0.085917
v 0.049105 -0.115000 -0.085716
v 0.049047 -0.115000 -0.085507
v 0.049012 -0.115000 -0.085294
v 0.049000 -0.115000 -0.085077
v 0.049012 -0.115000 -0.084861
v 0.049047 -0.115000 -0.084647
v 0.049105 -0.115000 -0.084439
v 0.049185 -0.115000 -0.084238
v 0.049286 -0.115000 -0.084046
v 0.049408 -0.115000 -0.083867
v 0.049548 -0.115000 -0.083702
v 0.049705 -0.115000 -0.083553
v 0.049878 -0.115000 -0.083422
v 0.050063 -0.115000 -0.083310
v 0.050260 -0.115000 -0.083219
v 0.050465 -0.115000 -0.083150
v 0.050676 -0.115000 -0.083104
v 0.050892 -0.115000 -0.083080
v 0.051108 -0.115000 -0.083080
v 0.051324 -0.115000 -0.083104
v 0.051535 -0.115000 -0.083150
v 0.051740 -0.115000 -0.083219
v 0.051937 -0.115000 -0.083310
v 0.052122 -0.115000 -0.083422
v 0.052295 -0.115000 -0.083553
v 0.052452 -0.115000 -0.083702
v 0.052592 -0.115000 -0.083867
v 0.052714 -0.115000 -0.084046
v 0.052815 -0.115000 -0.084238
v 0.052895 -0.115000 -0.084439
v 0.052953 -0.115000 -0.084647
v 0.052988 -0.115000 -0.084861
v 0.053000 -0.115000 -0.033077
v 0.052988 -0.115000 -0.033294
v 0.052953 -0.115000 -0.033507
v 0.052895 -0.115000 -0.033716
v 0.052815 -0.115000 -0.033917
v 0.052714 -0.115000 -0.034108
v 0.052592 -0.115000 -0.034288
v 0.052452 -0.115000 -0.034453
v 0.052295 -0.115000 -0.034602
v 0.052122 -0.115000 -0.034733
v 0.051937 -0.115000 -0.034844
v 0.051740 -0.115000 -0.034935
v 0.051535 -0.115000 -0.035004
v 0.051324 -0.115000 -0.035051
v 0.051108 -0.115000 -0.035074
v 0.050892 -0.115000 -0.035074
v 0.050676 -0.115000 -0.035051
v 0.050465 -0.115000 -0.035004
v 0.050260 -0.115000 -0.034935
v 0.050063 -0.115000 -0.034844
v 0.049878 -0.115000 -0.034733
v 0.049705 -0.115000 -0.034602
v 0.049548 -0.115000 -0.034453
v 0.049408 -0.115000 -0.034288
v 0.049286 -0.115000 -0.034108
v 0.049185 -0.115000 -0.033917
v 0.049105 -0.115000 -0.033716
v 0.049047 -0.115000 -0.033507
v 0.049012 -0.115000 -0.033294
v 0.049000 -0.115000 -0.033077
v 0.049012 -0.115000 -0.032861
v 0.049047 -0.115000 -0.032647
v 0.049105 -0.115000 -0.032439
v 0.049185 -0.115000 -0.032238
v 0.049286 -0.115000 -0.032046
v 0.049408 -0.115000 -0.031867
v 0.049548 -0.115000 -0.031702
v 0.049705 -0.115000 -0.031553
v 0.049878 -0.115000 -0.031422
v 0.050063 -0.115000 -0.031310
v 0.050260 -0.115000 -0.031219
v 0.050465 -0.115000 -0.031150
v 0.050676 -0.115000 -0.031104
v 0.050892 -0.115000 -0.031080
v 0.051108 -0.115000 -0.031080
v 0.051324 -0.115000 -0.031104
v 0.051535 -0.115000 -0.031150
v 0.051740 -0.115000 -0.031219
v 0.051937 -0.115000 -0.031310
v 0.052122 -0.115000 -0.031422
v 0.052295 -0.115000 -0.031553
v 0.052452 -0.115000 -0.031702
v 0.052592 -0.115000 -0.031867
v 0.052714 -0.115000 -0.032046
v 0.052815 -0.115000 -0.032238
v 0.052895 -0.115000 -0.032439
v 0.052953 -0.115000 -0.032647
v 0.052988 -0.115000 -0.032861
v 0.053000 -0.115000 0.018923
v 0.052988 -0.115000 0.018706
v 0.052953 -0.115000 0.018493
v 0.052895 -0.115000 0.018284
v 0.052815 -0.115000 0.018083
v 0.052714 -0.115000 0.017892
v 0.052592 -0.115000 0.017712
v 0.052452 -0.115000 0.017547
v 0.052295 -0.115000 0.017398
v 0.052122 -0.115000 0.017267
v 0.051937 -0.115000 0.017156
v 0.051740 -0.115000 0.017065
v 0.051535 -0.115000 0.016996
v 0.051324 -0.115000 0.016949
v 0.051108 -0.115000 0.016926
v 0.050892 -0.115000 0.016926
v 0.050676 -0.115000 0.016949
v 0.050465 -0.115000 0.016996
v 0.050260 -0.115000 0.017065
v 0.050063 -0.115000 0.017156
v 0.049878 -0.115000 0.017267
v 0.049705 -0.115000 0.017398
v 0.049548 -0.115000 0.017547
v 0.049408 -0.115000 0.017712
v 0.049286 -0.115000 0.017892
v 0.049185 -0.115000 0.018083
v 0.049105 -0.115000 0.018284
v 0.049047 -0.115000 0.018493
v 0.049012 -0.115000 0.018706
v 0.049000 -0.115000 0.018923
v 0.049012 -0.115000 0.019139
v 0.049047 -0.115000 0.019353
v 0.049105 -0.115000 0.019561
v 0.049185 -0.115000 0.019762
v 0.049286 -0.115000 0.019954
v 0.049408 -0.115000 0.020133
v 0.049548 -0.115000 0.020298
v 0.049705 -0.115000 0.020447
v 0.049878 -0.115000 0.020578
v 0.050063 -0.115000 0.020690
v 0.050260 -0.115000 0.020781
v 0.050465 -0.115000 0.020850
v 0.050676 -0.115000 0.020896
v 0.050892 -0.115000 0.020920
v 0.051108 -0.115000 0.020920
v 0.051324 -0.115000 0.020896
v 0.051535 -0.115000 0.020850
v 0.051740 -0.115000 0.020781
v 0.051937 -0.115000 0.020690
v 0.052122 -0.115000 0.020578
v 0.052295 -0.115000 0.020447
v 0.052452 -0.115000 0.020298
v 0.052592 -0.115000 0.020133
v 0.052714 -0.115000 0.019954
v 0.052815 -0.115000 0.019762
v 0.052895 -0.115000 0.019561
v 0.052953 -0.115000 0.019353
v 0.052988 -0.115000 0.019139
v -0.049000 -0.115000 0.018923
v -0.049012 -0.115000 0.018706
v -0.049047 -0.115000 0.018493
v -0.049105 -0.115000 0.018284
v -0.049185 -0.115000 0.018083
v -0.049286 -0.115000 0.017892
v -0.049408 -0.115000 0.017712
v -0.049548 -0.115000 0.017547
v -0.049705 -0.115000 0.017398
v -0.049878 -0.115000 0.017267
v -0.050063 -0.115000 0.017156
v -0.050260 -0.115000 0.017065
v -0.050465 -0.115000 0.016996
v -0.050676 -0.115000 0.016949
v -0.050892 -0.115000 0.016926
v -0.051108 -0.115000 0.016926
v -0.051324 -0.115000 0.016949
v -0.051535 -0.115000 0.016996
v -0.051740 -0.115000 0.017065
v -0.051937 -0.115000 0.017156
v -0.052122 -0.115000 0.017267
v -0.052295 -0.115000 0.017398
v -0.052452 -0.115000 0.017547
v -0.052592 -0.115000 0.017712
v -0.052714 -0.115000 0.017892
v -0.052815 -0.115000 0.018083
v -0.052895 -0.115000 0.018284
v -0.052953 -0.115000 0.018493
v -0.052988 -0.115000 0.018706
v -0.053000 -0.115000 0.018923
v -0.052988 -0.115000 0.019139
v -0.052953 -0.115000 0.019353
v -0.052895 -0.115000 0.019561
v -0.052815 -0.115000 0.019762
v -0.052714 -0.115000 0.019954
v -0.052592 -0.115000 0.020133
v -0.052452 -0.115000 0.020298
v -0.052295 -0.115000 0.020447
v -0.052122 -0.115000 0.020578
v -0.051937 -0.115000 0.020690
v -0.051740 -0.115000 0.020781
v -0.051535 -0.115000 0.020850
v -0.051324 -0.115000 0.020896
v -0.051108 -0.115000 0.020920
v -0.050892 -0.115000 0.020920
v -0.050676 -0.115000 0.020896
v -0.050465 -0.115000 0.020850
v -0.050260 -0.115000 0.020781
v -0.050063 -0.115000 0.020690
v -0.049878 -0.115000 0.020578
v -0.049705 -0.115000 0.020447
v -0.049548 -0.115000 0.020298
v -0.049408 -0.115000 0.020133
v -0.049286 -0.115000 0.019954
v -0.049185 -0.115000 0.019762
v -0.049105 -0.115000 0.019561
v -0.049047 -0.115000 0.019353
v -0.049012 -0.115000 0.019139
v -0.209907 -0.153942 -0.321740
v -0.209907 -0.153942 -0.334809
v -0.224301 -0.159000 -0.334809
v -0.084871 -0.110000 -0.263507
v -0.084871 -0.110000 -0.273385
v -0.118924 -0.121967 -0.273385
v -0.208425 -0.153421 -0.318129
v -0.208425 -0.153421 -0.321740
v -0.209907 -0.153942 -0.254300
v -0.208425 -0.153421 -0.250995
v -0.161491 -0.136927 -0.245254
v -0.118924 -0.121967 -0.293078
v -0.159121 -0.136094 -0.310684
v -0.143308 -0.130537 -0.310684
v -0.159121 -0.136094 -0.293078
v -0.119164 -0.122052 -0.296539
v -0.107540 -0.117967 -0.289730
v -0.113255 -0.119975 -0.293078
v -0.118924 -0.121967 -0.296399
v -0.155024 -0.134654 -0.317548
v -0.155916 -0.134967 -0.318070
v -0.159121 -0.136094 -0.319948
v -0.208425 -0.153421 -0.281277
v -0.208425 -0.153421 -0.288951
v -0.209907 -0.153942 -0.293078
v -0.161491 -0.136927 -0.275089
v -0.161491 -0.136927 -0.281440
v -0.208425 -0.153421 -0.297409
v -0.161491 -0.136927 -0.291414
v -0.159121 -0.136094 -0.281277
v -0.159121 -0.136094 -0.273385
v -0.161491 -0.136927 -0.273385
v -0.159121 -0.136094 -0.263507
v -0.209907 -0.153942 -0.273385
v -0.209907 -0.153942 -0.263507
v -0.208425 -0.153421 -0.263507
v -0.208425 -0.153421 -0.269657
v -0.161491 -0.136927 -0.260039
v -0.161491 -0.136927 -0.266623
v -0.159121 -0.136094 -0.254300
v -0.161491 -0.136927 -0.254300
v -0.159121 -0.136094 -0.250670
v -0.161491 -0.136927 -0.252209
v -0.208425 -0.153421 -0.250670
v -0.209907 -0.153942 -0.250670
v -0.208425 -0.153421 -0.242076
v -0.209907 -0.153942 -0.242076
v -0.208425 -0.153421 -0.240449
v -0.209907 -0.153942 -0.235388
v -0.161491 -0.136927 -0.237808
v -0.159121 -0.136094 -0.235388
v -0.161491 -0.136927 -0.242076
v -0.159121 -0.136094 -0.242076
v -0.161491 -0.136927 -0.307599
v -0.161491 -0.136927 -0.297976
v -0.161223 -0.136833 -0.321179
v -0.161491 -0.136927 -0.321336
v -0.161491 -0.136927 -0.315591
v -0.159665 -0.136285 -0.320267
v -0.161058 -0.136775 -0.321083
v -0.208425 -0.153421 -0.331600
v -0.208592 -0.153480 -0.340954
v -0.189144 -0.146645 -0.321740
v -0.172910 -0.140940 -0.321740
v -0.118924 -0.121967 -0.281277
v -0.084871 -0.110000 -0.276449
v -0.091582 -0.112358 -0.280381
v -0.093111 -0.112896 -0.281277
v -0.159121 -0.136094 -0.220869
v -0.131419 -0.126358 -0.021680
v -0.131889 -0.126524 -0.021923
v -0.134079 -0.127293 -0.022882
v -0.132324 -0.126677 -0.022209
v -0.118924 -0.121967 -0.220869
v -0.133728 -0.127170 -0.023954
v -0.133820 -0.127202 -0.024185
v -0.133899 -0.127230 -0.024420
v -0.133964 -0.127253 -0.024660
v -0.134014 -0.127270 -0.024905
v -0.159121 -0.136094 -0.013501
v -0.118924 -0.121967 -0.185448
v -0.131597 -0.126421 -0.179121
v -0.084871 -0.110000 -0.000526
v -0.118924 -0.121967 0.009707
v -0.084871 -0.110000 0.029367
v -0.133371 -0.127044 -0.023301
v -0.133503 -0.127091 -0.023512
v -0.133622 -0.127133 -0.023730
v -0.134079 -0.127293 -0.025656
v -0.134079 -0.127293 -0.175229
v -0.134005 -0.127267 -0.176032
v -0.134046 -0.127282 -0.175768
v -0.134071 -0.127290 -0.175500
v -0.133947 -0.127247 -0.176293
v -0.133873 -0.127221 -0.176548
v -0.133783 -0.127189 -0.176798
v -0.133678 -0.127152 -0.177042
v -0.132899 -0.126879 -0.022715
v -0.133068 -0.126938 -0.022902
v -0.133226 -0.126993 -0.023097
v -0.133557 -0.127110 -0.177279
v -0.133421 -0.127062 -0.177508
v -0.133271 -0.127009 -0.177728
v -0.134050 -0.127283 -0.025153
v -0.134072 -0.127291 -0.025403
v -0.132526 -0.126748 -0.022368
v -0.132718 -0.126815 -0.022537
v -0.133106 -0.126951 -0.177940
v -0.132927 -0.126889 -0.178141
v -0.132735 -0.126821 -0.178333
v -0.132531 -0.126749 -0.178514
v -0.132314 -0.126673 -0.178684
v -0.132086 -0.126593 -0.178842
v -0.131847 -0.126509 -0.178988
v -0.209907 -0.153942 -0.220869
v -0.209907 -0.153942 -0.042823
v -0.224301 -0.159000 -0.220869
v -0.224301 -0.159000 -0.051132
v -0.224301 -0.159000 -0.358132
v -0.209907 -0.153942 -0.349700
v -0.214210 -0.155454 -0.352221
v -0.210461 -0.154136 -0.350024
v -0.210134 -0.154021 -0.349833
v -0.209272 -0.153719 -0.349328
v -0.208592 -0.153480 -0.348930
v -0.084871 -0.110000 -0.202449
v -0.084871 -0.110000 -0.220869
v -0.118924 -0.121967 -0.235388
v -0.084871 -0.110000 -0.235388
v -0.118924 -0.121967 -0.242076
v -0.084871 -0.110000 -0.242076
v -0.118924 -0.121967 -0.250670
v -0.084871 -0.110000 -0.250670
v -0.118924 -0.121967 -0.254300
v -0.084871 -0.110000 -0.254300
v -0.118924 -0.121967 -0.263507
v -0.208425 -0.153421 -0.258983
v -0.161491 -0.136927 -0.222162
v -0.161491 -0.136927 -0.231776
v -0.208425 -0.153421 -0.232967
v -0.208425 -0.153421 -0.222162
v -0.224301 -0.159000 -0.254300
v -0.224301 -0.159000 -0.263507
v -0.224301 -0.159000 -0.235388
v -0.224301 -0.159000 -0.242076
v -0.224301 -0.159000 -0.250670
v -0.224301 -0.159000 -0.273385
v -0.224301 -0.159000 -0.281277
v -0.209907 -0.153942 -0.281277
v -0.224301 -0.159000 -0.293078
v -0.209907 -0.153942 -0.310684
v -0.208425 -0.153421 -0.309487
v -0.208425 -0.153421 -0.277938
v -0.224301 -0.159000 -0.310684
v -0.224301 -0.159000 -0.321740
v 0.219732 -0.157395 -0.263507
v 0.159121 -0.136094 -0.263507
v 0.084871 -0.110000 -0.263507
v 0.084871 -0.110000 -0.251602
v 0.159121 -0.136094 -0.319948
v 0.119164 -0.122052 -0.296539
v 0.113255 -0.119975 -0.293078
v 0.159121 -0.136094 -0.293078
v 0.219732 -0.157395 -0.297590
v 0.219732 -0.157395 -0.321740
v 0.209907 -0.153942 -0.321740
v 0.209907 -0.153942 -0.297590
v 0.219732 -0.157395 -0.293078
v 0.209907 -0.153942 -0.293078
v 0.159121 -0.136094 -0.297590
v 0.161491 -0.136927 -0.297976
v 0.161491 -0.136927 -0.307599
v 0.161491 -0.136927 -0.321336
v 0.161223 -0.136833 -0.321179
v 0.161491 -0.136927 -0.315591
v 0.161058 -0.136775 -0.321083
v 0.159665 -0.136285 -0.320267
v 0.208425 -0.153421 -0.321740
v 0.208425 -0.153421 -0.318129
v 0.208425 -0.153421 -0.309487
v 0.177530 -0.142563 -0.297590
v 0.209907 -0.153942 -0.281277
v 0.208425 -0.153421 -0.288951
v 0.161491 -0.136927 -0.275089
v 0.161491 -0.136927 -0.281440
v 0.208425 -0.153421 -0.297409
v 0.208425 -0.153421 -0.297590
v 0.209907 -0.153942 -0.251602
v 0.208425 -0.153421 -0.250995
v 0.209907 -0.153942 -0.242076
v 0.208425 -0.153421 -0.242076
v 0.208425 -0.153421 -0.240449
v 0.161491 -0.136927 -0.245254
v 0.159121 -0.136094 -0.251602
v 0.161491 -0.136927 -0.242076
v 0.159121 -0.136094 -0.242076
v 0.161491 -0.136927 -0.237808
v 0.159121 -0.136094 -0.235388
v 0.209907 -0.153942 -0.235388
v 0.208425 -0.153421 -0.258983
v 0.209907 -0.153942 -0.263507
v 0.161491 -0.136927 -0.252209
v 0.209907 -0.153942 -0.273385
v 0.208425 -0.153421 -0.269657
v 0.208425 -0.153421 -0.263507
v 0.208425 -0.153421 -0.331600
v 0.208592 -0.153480 -0.340954
v 0.189144 -0.146645 -0.321740
v 0.172910 -0.140940 -0.321740
v 0.209907 -0.153942 -0.349700
v 0.209272 -0.153719 -0.349328
v 0.208592 -0.153480 -0.348930
v 0.224301 -0.159000 -0.051132
v 0.219732 -0.157395 -0.093104
v 0.219732 -0.157395 -0.048495
v 0.209907 -0.153942 -0.093104
v 0.209907 -0.153942 -0.042823
v 0.159121 -0.136094 -0.093104
v 0.159121 -0.136094 -0.013501
v 0.131889 -0.126524 -0.021923
v 0.131419 -0.126358 -0.021680
v 0.134079 -0.127293 -0.022882
v 0.084871 -0.110000 -0.000526
v 0.084871 -0.110000 0.029367
v 0.134072 -0.127291 -0.025403
v 0.134050 -0.127283 -0.025153
v 0.134014 -0.127270 -0.024905
v 0.133964 -0.127253 -0.024660
v 0.133899 -0.127230 -0.024420
v 0.133820 -0.127202 -0.024185
v 0.133728 -0.127170 -0.023954
v 0.133622 -0.127133 -0.023730
v 0.133503 -0.127091 -0.023512
v 0.133371 -0.127044 -0.023301
v 0.133226 -0.126993 -0.023097
v 0.133068 -0.126938 -0.022902
v 0.132899 -0.126879 -0.022715
v 0.132718 -0.126815 -0.022537
v 0.132526 -0.126748 -0.022368
v 0.132324 -0.126677 -0.022209
v 0.084871 -0.110000 -0.202449
v 0.084871 -0.110000 -0.220869
v 0.159121 -0.136094 -0.220869
v 0.134079 -0.127293 -0.093104
v 0.134079 -0.127293 -0.025656
v 0.134079 -0.127293 -0.175229
v 0.134071 -0.127290 -0.175500
v 0.131597 -0.126421 -0.179121
v 0.133873 -0.127221 -0.176548
v 0.133947 -0.127247 -0.176293
v 0.134005 -0.127267 -0.176032
v 0.134046 -0.127282 -0.175768
v 0.133557 -0.127110 -0.177279
v 0.133678 -0.127152 -0.177042
v 0.133783 -0.127189 -0.176798
v 0.133106 -0.126951 -0.177940
v 0.133271 -0.127009 -0.177728
v 0.133421 -0.127062 -0.177508
v 0.132531 -0.126749 -0.178514
v 0.132735 -0.126821 -0.178333
v 0.132927 -0.126889 -0.178141
v 0.131847 -0.126509 -0.178988
v 0.132086 -0.126593 -0.178842
v 0.132314 -0.126673 -0.178684
v 0.159121 -0.136094 -0.273385
v 0.084871 -0.110000 -0.273385
v 0.091582 -0.112358 -0.280381
v 0.084871 -0.110000 -0.276449
v 0.093111 -0.112896 -0.281277
v 0.159121 -0.136094 -0.281277
v 0.107540 -0.117967 -0.289730
v 0.120957 -0.122682 -0.297590
v 0.155024 -0.134654 -0.317548
v 0.141623 -0.129945 -0.309697
v 0.155916 -0.134967 -0.318070
v 0.219732 -0.157395 -0.355456
v 0.214210 -0.155454 -0.352221
v 0.210461 -0.154136 -0.350024
v 0.210134 -0.154021 -0.349833
v 0.224301 -0.159000 -0.321740
v 0.224301 -0.159000 -0.358132
v 0.161491 -0.136927 -0.266623
v 0.161491 -0.136927 -0.273385
v 0.161491 -0.136927 -0.291414
v 0.208425 -0.153421 -0.281277
v 0.208425 -0.153421 -0.277938
v 0.161491 -0.136927 -0.260039
v 0.084871 -0.110000 -0.242076
v 0.084871 -0.110000 -0.235388
v 0.161491 -0.136927 -0.231776
v 0.161491 -0.136927 -0.222162
v 0.208425 -0.153421 -0.222162
v 0.209907 -0.153942 -0.220869
v 0.208425 -0.153421 -0.232967
v 0.219732 -0.157395 -0.251602
v 0.219732 -0.157395 -0.281277
v 0.219732 -0.157395 -0.273385
v 0.219732 -0.157395 -0.220869
v 0.219732 -0.157395 -0.242076
v 0.219732 -0.157395 -0.235388
v 0.224301 -0.159000 -0.093104
v 0.224301 -0.159000 -0.220869
v 0.224301 -0.159000 -0.235388
v 0.224301 -0.159000 -0.242076
v 0.224301 -0.159000 -0.251602
v 0.224301 -0.159000 -0.263507
v 0.224301 -0.159000 -0.273385
v 0.224301 -0.159000 -0.281277
v 0.224301 -0.159000 -0.293078
v 0.224301 -0.159000 -0.297590
v -0.018898 -0.136285 -0.401539
v -0.007362 -0.136285 -0.408199
v -0.008147 -0.136833 -0.409558
v -0.099048 -0.134967 -0.350903
v -0.098498 -0.134967 -0.351220
v -0.100387 -0.136285 -0.354491
v -0.021041 -0.110000 -0.313302
v -0.011838 -0.110000 -0.318615
v -0.047172 -0.134654 -0.379816
v -0.114689 -0.137043 -0.348741
v -0.119719 -0.137043 -0.345838
v -0.119417 -0.136833 -0.345316
v -0.139563 -0.136285 -0.331872
v -0.131456 -0.134654 -0.331154
v -0.080961 -0.110000 -0.278707
v -0.161267 -0.155454 -0.382787
v -0.003002 -0.155454 -0.474162
v -0.070895 -0.134967 -0.367157
v -0.137225 -0.134654 -0.327823
v -0.137675 -0.134967 -0.328602
v 0.000000 -0.131148 -0.395447
v 0.000000 -0.123100 -0.368807
v 0.000000 -0.134654 -0.407050
v -0.005024 -0.134654 -0.404150
v 0.000000 -0.136285 -0.412449
v 0.000000 -0.134967 -0.408088
v -0.017009 -0.134967 -0.398268
v -0.016560 -0.134654 -0.397490
v -0.033209 -0.136285 -0.393276
v -0.038581 -0.134967 -0.385813
v -0.040470 -0.136285 -0.389084
v -0.031320 -0.134967 -0.390005
v -0.033993 -0.136833 -0.394635
v -0.041254 -0.136833 -0.390443
v -0.056824 -0.134967 -0.375281
v -0.056375 -0.134654 -0.374502
v -0.070445 -0.134654 -0.366379
v -0.072783 -0.136285 -0.370428
v -0.058713 -0.136285 -0.378551
v -0.084133 -0.154021 -0.422580
v -0.074496 -0.153719 -0.427141
v -0.083698 -0.153719 -0.421828
v -0.074930 -0.154021 -0.427893
v -0.076983 -0.155454 -0.431449
v -0.084297 -0.154136 -0.422865
v -0.075094 -0.154136 -0.428178
v -0.086185 -0.155454 -0.426136
v -0.046370 -0.155454 -0.449123
v -0.050216 -0.154136 -0.442542
v -0.044482 -0.154136 -0.445852
v -0.052104 -0.155454 -0.445813
v -0.051453 -0.159000 -0.457926
v -0.057187 -0.159000 -0.454616
v -0.001114 -0.154136 -0.470891
v -0.013798 -0.154136 -0.463567
v -0.015687 -0.155454 -0.466838
v -0.020769 -0.159000 -0.475641
v -0.008085 -0.159000 -0.482965
v -0.091855 -0.136285 -0.359417
v -0.089967 -0.134967 -0.356146
v -0.101171 -0.136833 -0.355850
v -0.092640 -0.136833 -0.360776
v -0.118633 -0.136285 -0.343957
v -0.116744 -0.134967 -0.340686
v -0.123985 -0.134967 -0.336505
v -0.125874 -0.136285 -0.339776
v -0.126658 -0.136833 -0.341135
v -0.165148 -0.154136 -0.376186
v -0.159378 -0.154136 -0.379517
v -0.167036 -0.155454 -0.379457
v -0.172118 -0.159000 -0.388260
v -0.166349 -0.159000 -0.391591
v -0.146105 -0.155454 -0.391541
v -0.128409 -0.155454 -0.401758
v -0.144217 -0.154136 -0.388270
v -0.126521 -0.154136 -0.398487
v -0.126357 -0.154021 -0.398202
v -0.144053 -0.154021 -0.387985
v -0.187829 -0.155454 -0.367452
v -0.185941 -0.154136 -0.364181
v -0.185776 -0.154021 -0.363896
v -0.041556 -0.137043 -0.390965
v -0.046313 -0.137043 -0.388218
v -0.074133 -0.153466 -0.426513
v -0.067738 -0.153466 -0.430205
v -0.077410 -0.153466 -0.424621
v -0.059404 -0.137043 -0.380660
v -0.059497 -0.136833 -0.379910
v -0.052046 -0.137043 -0.384909
v -0.050295 -0.136833 -0.385224
v -0.065456 -0.153719 -0.432361
v -0.150552 -0.137043 -0.328036
v -0.166591 -0.140635 -0.330666
v -0.156326 -0.136927 -0.324318
v -0.161276 -0.136927 -0.321460
v -0.161141 -0.136833 -0.321226
v -0.140348 -0.136833 -0.333231
v -0.141548 -0.137043 -0.333234
v -0.193925 -0.153466 -0.357351
v -0.184979 -0.153466 -0.362516
v -0.185342 -0.153719 -0.363144
v -0.183020 -0.153466 -0.363647
v -0.174634 -0.153466 -0.368489
v -0.135463 -0.137043 -0.336747
v -0.202142 -0.153480 -0.352654
v -0.192912 -0.159000 -0.376255
v -0.000000 -0.159000 -0.487632
v 0.000000 -0.155454 -0.475895
v 0.000000 -0.154136 -0.471534
v 0.000000 -0.153719 -0.470152
v -0.000515 -0.153719 -0.469854
v 0.000000 -0.153359 -0.468962
v -0.013200 -0.153719 -0.462531
v 0.000000 -0.144509 -0.439668
v 0.000000 -0.136833 -0.414261
v 0.000000 -0.137602 -0.416809
v -0.012537 -0.146350 -0.438523
v -0.013973 -0.153466 -0.461247
v -0.022736 -0.153466 -0.456188
v -0.023098 -0.153719 -0.456816
v -0.025202 -0.153466 -0.454763
v 0.000000 -0.119099 -0.355565
v -0.022294 -0.134654 -0.394179
v -0.123536 -0.134654 -0.335727
v -0.010659 -0.137043 -0.408803
v -0.019142 -0.137043 -0.403906
v -0.019682 -0.136833 -0.402898
v -0.043362 -0.153466 -0.444279
v -0.032472 -0.153466 -0.450566
v -0.032348 -0.153719 -0.451476
v -0.164719 -0.153466 -0.374214
v -0.164549 -0.153719 -0.375149
v -0.147474 -0.145830 -0.358898
v -0.158780 -0.153719 -0.378480
v -0.134579 -0.136833 -0.336562
v -0.134880 -0.137043 -0.337084
v -0.043883 -0.153719 -0.444816
v -0.049617 -0.153719 -0.441505
v -0.038841 -0.146199 -0.422839
v -0.025717 -0.137043 -0.400109
v -0.033143 -0.137043 -0.395822
v -0.039321 -0.137043 -0.392256
v -0.125373 -0.153719 -0.397768
v -0.125923 -0.153719 -0.397450
v -0.150859 -0.153719 -0.383053
v -0.148263 -0.153466 -0.383714
v -0.143618 -0.153719 -0.387233
v -0.101654 -0.137043 -0.356267
v -0.102023 -0.137043 -0.356054
v -0.101721 -0.136833 -0.355532
v -0.108780 -0.137043 -0.352153
v -0.121627 -0.137043 -0.344736
v -0.127628 -0.137043 -0.341271
v -0.157011 -0.153466 -0.378664
v -0.150497 -0.153466 -0.382425
v -0.115125 -0.153466 -0.402847
v -0.089261 -0.137043 -0.363423
v -0.086952 -0.136833 -0.364060
v -0.092941 -0.137043 -0.361298
v -0.095849 -0.137043 -0.359619
v -0.124828 -0.153466 -0.397245
v -0.116841 -0.153719 -0.402693
v -0.035111 -0.110000 -0.305178
v -0.048495 -0.110000 -0.297451
v -0.083829 -0.134654 -0.358652
v -0.054183 -0.110000 -0.294167
v -0.089518 -0.134654 -0.355368
v -0.062715 -0.110000 -0.289241
v -0.098049 -0.134654 -0.350442
v -0.063265 -0.110000 -0.288924
v -0.098599 -0.134654 -0.350124
v -0.116295 -0.134654 -0.339908
v -0.131906 -0.134967 -0.331932
v -0.084279 -0.134967 -0.359430
v -0.038132 -0.134654 -0.385035
v 0.000000 -0.113114 -0.335757
v -0.030871 -0.134654 -0.389227
v -0.022743 -0.134967 -0.394958
v -0.133794 -0.136285 -0.335203
v -0.100937 -0.136285 -0.354173
v -0.086167 -0.136285 -0.362701
v -0.047622 -0.134967 -0.380594
v -0.049510 -0.136285 -0.383865
v -0.140147 -0.153466 -0.388400
v -0.130927 -0.153466 -0.393723
v -0.073568 -0.136833 -0.371787
v -0.050682 -0.153466 -0.440053
v -0.057832 -0.153466 -0.435925
v -0.058195 -0.153719 -0.436553
v -0.060627 -0.153466 -0.434311
v -0.002798 -0.110000 -0.323834
v -0.025625 -0.137043 -0.400163
v -0.025416 -0.136833 -0.399587
v -0.024631 -0.136285 -0.398228
v -0.000000 -0.110000 -0.325449
v -0.083972 -0.137043 -0.366476
v -0.108783 -0.153466 -0.406508
v -0.111153 -0.153719 -0.405977
v -0.099723 -0.153466 -0.411739
v -0.097769 -0.153719 -0.413705
v -0.076899 -0.137043 -0.370560
v -0.116478 -0.153466 -0.402065
v -0.064414 -0.137043 -0.377768
v -0.083730 -0.153466 -0.420972
v -0.092931 -0.153466 -0.415661
v -0.071552 -0.137043 -0.373647
v -0.098203 -0.154021 -0.414457
v -0.111587 -0.154021 -0.406729
v -0.117275 -0.154021 -0.403445
v -0.125807 -0.154021 -0.398520
v -0.151293 -0.154021 -0.383805
v -0.159214 -0.154021 -0.379232
v -0.164983 -0.154021 -0.375901
v 0.000000 -0.154021 -0.471154
v -0.000949 -0.154021 -0.470606
v -0.013634 -0.154021 -0.463282
v -0.023532 -0.154021 -0.457568
v -0.032782 -0.154021 -0.452227
v -0.044317 -0.154021 -0.445567
v -0.050051 -0.154021 -0.442257
v -0.058629 -0.154021 -0.437305
v -0.065890 -0.154021 -0.433113
v -0.151458 -0.154136 -0.384090
v -0.098367 -0.154136 -0.414741
v -0.111751 -0.154136 -0.407014
v -0.117440 -0.154136 -0.403730
v -0.125971 -0.154136 -0.398804
v -0.023697 -0.154136 -0.457853
v -0.032946 -0.154136 -0.452512
v -0.058793 -0.154136 -0.437590
v -0.066054 -0.154136 -0.433397
v -0.153346 -0.155454 -0.387360
v -0.100256 -0.155454 -0.418012
v -0.113640 -0.155454 -0.410285
v -0.119328 -0.155454 -0.407001
v -0.127859 -0.155454 -0.402075
v -0.060681 -0.155454 -0.440860
v -0.067943 -0.155454 -0.436668
v -0.025585 -0.155454 -0.461123
v -0.034835 -0.155454 -0.455783
v -0.065764 -0.159000 -0.449664
v -0.073025 -0.159000 -0.445471
v -0.082065 -0.159000 -0.440252
v -0.091268 -0.159000 -0.434939
v -0.105338 -0.159000 -0.426815
v -0.118722 -0.159000 -0.419088
v -0.124411 -0.159000 -0.415804
v -0.132942 -0.159000 -0.410878
v -0.133492 -0.159000 -0.410561
v -0.151188 -0.159000 -0.400344
v -0.158429 -0.159000 -0.396164
v -0.030668 -0.159000 -0.469926
v -0.039917 -0.159000 -0.464586
v 0.131456 -0.134654 -0.331154
v 0.137225 -0.134654 -0.327823
v 0.137675 -0.134967 -0.328602
v 0.216117 -0.159000 -0.362857
v 0.125971 -0.154136 -0.398804
v 0.052104 -0.155454 -0.445813
v 0.040470 -0.136285 -0.389084
v 0.148373 -0.134654 -0.321387
v 0.139563 -0.136285 -0.331872
v 0.150710 -0.136285 -0.325436
v 0.016560 -0.134654 -0.397490
v 0.017009 -0.134967 -0.398268
v 0.018898 -0.136285 -0.401539
v 0.038581 -0.134967 -0.385813
v 0.033209 -0.136285 -0.393276
v 0.031320 -0.134967 -0.390005
v 0.033993 -0.136833 -0.394635
v 0.041254 -0.136833 -0.390443
v 0.064718 -0.134654 -0.369685
v 0.056375 -0.134654 -0.374502
v 0.067056 -0.136285 -0.373734
v 0.058713 -0.136285 -0.378551
v 0.065168 -0.134967 -0.370464
v 0.056824 -0.134967 -0.375281
v 0.083207 -0.154021 -0.423114
v 0.066054 -0.154136 -0.433397
v 0.067943 -0.155454 -0.436668
v 0.083372 -0.154136 -0.423399
v 0.085260 -0.155454 -0.426670
v 0.065890 -0.154021 -0.433113
v 0.082773 -0.153719 -0.422363
v 0.065456 -0.153719 -0.432361
v 0.050216 -0.154136 -0.442542
v 0.046370 -0.155454 -0.449123
v 0.044482 -0.154136 -0.445852
v 0.051453 -0.159000 -0.457926
v 0.057187 -0.159000 -0.454616
v 0.023697 -0.154136 -0.457853
v 0.025585 -0.155454 -0.461123
v 0.030668 -0.159000 -0.469926
v 0.098498 -0.134967 -0.351220
v 0.086167 -0.136285 -0.362701
v 0.100387 -0.136285 -0.354491
v 0.084279 -0.134967 -0.359430
v 0.086952 -0.136833 -0.364060
v 0.101171 -0.136833 -0.355850
v 0.118633 -0.136285 -0.343957
v 0.123985 -0.134967 -0.336505
v 0.116744 -0.134967 -0.340686
v 0.125874 -0.136285 -0.339776
v 0.126658 -0.136833 -0.341135
v 0.119417 -0.136833 -0.345316
v 0.165148 -0.154136 -0.376186
v 0.159378 -0.154136 -0.379517
v 0.161267 -0.155454 -0.382787
v 0.167036 -0.155454 -0.379457
v 0.166349 -0.159000 -0.391591
v 0.172118 -0.159000 -0.388260
v 0.127859 -0.155454 -0.402075
v 0.136659 -0.155454 -0.396995
v 0.134771 -0.154136 -0.393724
v 0.134606 -0.154021 -0.393439
v 0.125807 -0.154021 -0.398520
v 0.196192 -0.154136 -0.358262
v 0.209146 -0.154136 -0.350783
v 0.211035 -0.155454 -0.354054
v 0.198081 -0.155454 -0.361533
v 0.208982 -0.154021 -0.350498
v 0.196028 -0.154021 -0.357977
v 0.150552 -0.137043 -0.328036
v 0.141548 -0.137043 -0.333234
v 0.140348 -0.136833 -0.333231
v 0.164719 -0.153466 -0.374214
v 0.174634 -0.153466 -0.368489
v 0.175696 -0.153719 -0.368713
v 0.164549 -0.153719 -0.375149
v 0.158780 -0.153719 -0.378480
v 0.147474 -0.145830 -0.358898
v 0.134880 -0.137043 -0.337084
v 0.127628 -0.137043 -0.341271
v 0.193925 -0.153466 -0.357351
v 0.195594 -0.153719 -0.357225
v 0.184979 -0.153466 -0.362516
v 0.185342 -0.153719 -0.363144
v 0.183020 -0.153466 -0.363647
v 0.151495 -0.136833 -0.326795
v 0.161141 -0.136833 -0.321226
v 0.156326 -0.136927 -0.324318
v 0.161276 -0.136927 -0.321460
v 0.119719 -0.137043 -0.345838
v 0.114689 -0.137043 -0.348741
v 0.140147 -0.153466 -0.388400
v 0.108780 -0.137043 -0.352153
v 0.109971 -0.136833 -0.350770
v 0.143618 -0.153719 -0.387233
v 0.134172 -0.153719 -0.392687
v 0.133809 -0.153466 -0.392059
v 0.130927 -0.153466 -0.393723
v 0.125373 -0.153719 -0.397768
v 0.101654 -0.137043 -0.356267
v 0.121627 -0.137043 -0.344736
v 0.019682 -0.136833 -0.402898
v 0.019142 -0.137043 -0.403906
v 0.010659 -0.137043 -0.408803
v 0.013973 -0.153466 -0.461247
v 0.038841 -0.146199 -0.422839
v 0.033143 -0.137043 -0.395822
v 0.058195 -0.153719 -0.436553
v 0.049617 -0.153719 -0.441505
v 0.050682 -0.153466 -0.440053
v 0.039321 -0.137043 -0.392256
v 0.058572 -0.136833 -0.380445
v 0.046313 -0.137043 -0.388218
v 0.041556 -0.137043 -0.390965
v 0.059404 -0.137043 -0.380660
v 0.058873 -0.137043 -0.380967
v 0.052046 -0.137043 -0.384909
v 0.060627 -0.153466 -0.434311
v 0.057832 -0.153466 -0.435925
v 0.025416 -0.136833 -0.399587
v 0.025717 -0.137043 -0.400109
v 0.025625 -0.137043 -0.400163
v 0.032472 -0.153466 -0.450566
v 0.043362 -0.153466 -0.444279
v 0.043883 -0.153719 -0.444816
v 0.067841 -0.136833 -0.375093
v 0.073568 -0.136833 -0.371787
v 0.071552 -0.137043 -0.373647
v 0.092042 -0.153719 -0.417011
v 0.091679 -0.153466 -0.416383
v 0.092931 -0.153466 -0.415661
v 0.097769 -0.153719 -0.413705
v 0.083730 -0.153466 -0.420972
v 0.083698 -0.153719 -0.421828
v 0.064414 -0.137043 -0.377768
v 0.068142 -0.137043 -0.375616
v 0.059497 -0.136833 -0.379910
v 0.077410 -0.153466 -0.424621
v 0.067738 -0.153466 -0.430205
v 0.023098 -0.153719 -0.456816
v 0.023532 -0.154021 -0.457568
v 0.208205 -0.153480 -0.349153
v 0.208548 -0.153719 -0.349747
v 0.202142 -0.153480 -0.352654
v 0.166591 -0.140635 -0.330666
v 0.080961 -0.110000 -0.278707
v 0.062715 -0.110000 -0.289241
v 0.098049 -0.134654 -0.350442
v 0.048495 -0.110000 -0.297451
v 0.083829 -0.134654 -0.358652
v 0.035111 -0.110000 -0.305178
v 0.070445 -0.134654 -0.366379
v 0.029384 -0.110000 -0.308484
v 0.021041 -0.110000 -0.313302
v 0.020115 -0.110000 -0.313836
v 0.055449 -0.134654 -0.375037
v 0.002798 -0.110000 -0.323834
v 0.038132 -0.134654 -0.385035
v 0.030871 -0.134654 -0.389227
v 0.055899 -0.134967 -0.375815
v 0.070895 -0.134967 -0.367157
v 0.116295 -0.134654 -0.339908
v 0.123536 -0.134654 -0.335727
v 0.131906 -0.134967 -0.331932
v 0.057787 -0.136285 -0.379086
v 0.072783 -0.136285 -0.370428
v 0.022736 -0.153466 -0.456188
v 0.025202 -0.153466 -0.454763
v 0.024631 -0.136285 -0.398228
v 0.022743 -0.134967 -0.394958
v 0.022294 -0.134654 -0.394179
v 0.109186 -0.136285 -0.349411
v 0.107298 -0.134967 -0.346140
v 0.106849 -0.134654 -0.345361
v 0.071514 -0.110000 -0.284161
v 0.157011 -0.153466 -0.378664
v 0.150497 -0.153466 -0.382425
v 0.150859 -0.153719 -0.383053
v 0.148263 -0.153466 -0.383714
v 0.135463 -0.137043 -0.336747
v 0.134579 -0.136833 -0.336562
v 0.133794 -0.136285 -0.335203
v 0.076899 -0.137043 -0.370560
v 0.083972 -0.137043 -0.366476
v 0.108783 -0.153466 -0.406508
v 0.111153 -0.153719 -0.405977
v 0.099723 -0.153466 -0.411739
v 0.115125 -0.153466 -0.402847
v 0.089261 -0.137043 -0.363423
v 0.095849 -0.137043 -0.359619
v 0.124828 -0.153466 -0.397245
v 0.058629 -0.154021 -0.437305
v 0.050051 -0.154021 -0.442257
v 0.044317 -0.154021 -0.445567
v 0.185776 -0.154021 -0.363896
v 0.176130 -0.154021 -0.369465
v 0.164983 -0.154021 -0.375901
v 0.159214 -0.154021 -0.379232
v 0.151293 -0.154021 -0.383805
v 0.144053 -0.154021 -0.387985
v 0.111587 -0.154021 -0.406729
v 0.098203 -0.154021 -0.414457
v 0.092476 -0.154021 -0.417763
v 0.084133 -0.154021 -0.422580
v 0.058793 -0.154136 -0.437590
v 0.111751 -0.154136 -0.407014
v 0.098367 -0.154136 -0.414741
v 0.092640 -0.154136 -0.418048
v 0.084297 -0.154136 -0.422865
v 0.185941 -0.154136 -0.364181
v 0.176295 -0.154136 -0.369750
v 0.151458 -0.154136 -0.384090
v 0.144217 -0.154136 -0.388270
v 0.060681 -0.155454 -0.440860
v 0.113640 -0.155454 -0.410285
v 0.100256 -0.155454 -0.418012
v 0.094529 -0.155454 -0.421319
v 0.086185 -0.155454 -0.426136
v 0.153346 -0.155454 -0.387360
v 0.146105 -0.155454 -0.391541
v 0.187829 -0.155454 -0.367452
v 0.178183 -0.155454 -0.373021
v 0.158429 -0.159000 -0.396164
v 0.151188 -0.159000 -0.400344
v 0.141742 -0.159000 -0.405798
v 0.132942 -0.159000 -0.410878
v 0.118722 -0.159000 -0.419088
v 0.105338 -0.159000 -0.426815
v 0.099611 -0.159000 -0.430122
v 0.091268 -0.159000 -0.434939
v 0.090343 -0.159000 -0.435473
v 0.073025 -0.159000 -0.445471
v 0.065764 -0.159000 -0.449664
v 0.203163 -0.159000 -0.370336
v 0.192912 -0.159000 -0.376255
v 0.183266 -0.159000 -0.381824
v -0.162289 -0.199000 -0.348445
v -0.159251 -0.199000 -0.348445
v -0.159251 -0.199000 -0.346216
v -0.151785 -0.199000 -0.340742
v 0.208425 -0.199000 -0.277938
v 0.201175 -0.199000 -0.275549
v 0.198514 -0.199000 -0.275549
v -0.159251 -0.199000 -0.013576
v -0.159251 -0.199000 -0.071897
v -0.140848 -0.199000 -0.071897
v 0.095849 -0.199000 -0.359619
v 0.097293 -0.199000 -0.361493
v 0.097293 -0.199000 -0.348445
v 0.052046 -0.199000 -0.384909
v 0.059404 -0.199000 -0.380660
v 0.062521 -0.199000 -0.370061
v 0.111736 -0.199000 -0.369167
v 0.111736 -0.199000 -0.370061
v 0.112435 -0.199000 -0.370061
v 0.135463 -0.199000 -0.336747
v 0.140392 -0.199000 -0.340742
v 0.140848 -0.199000 -0.340742
v -0.083730 -0.199000 -0.420972
v -0.077410 -0.199000 -0.424621
v -0.064414 -0.199000 -0.377768
v -0.059404 -0.199000 -0.380660
v -0.047704 -0.199000 -0.370061
v -0.062521 -0.199000 -0.370061
v -0.046313 -0.199000 -0.388218
v -0.052046 -0.199000 -0.384909
v -0.060627 -0.199000 -0.434311
v -0.067738 -0.199000 -0.430205
v -0.070656 -0.199000 -0.370061
v -0.071552 -0.199000 -0.373647
v -0.050682 -0.199000 -0.440053
v -0.062521 -0.199000 -0.451536
v -0.070656 -0.199000 -0.446839
v -0.083335 -0.199000 -0.439519
v -0.159251 -0.199000 -0.259416
v -0.161491 -0.199000 -0.259416
v -0.161491 -0.199000 -0.260039
v -0.161491 -0.199000 -0.266623
v -0.208425 -0.199000 -0.269657
v -0.208425 -0.199000 -0.277938
v -0.161491 -0.199000 -0.281440
v -0.159251 -0.199000 -0.275549
v -0.161491 -0.199000 -0.275089
v -0.208425 -0.199000 -0.297409
v -0.224301 -0.199000 -0.275549
v -0.224301 -0.199000 -0.293464
v -0.208425 -0.199000 -0.288951
v -0.208425 -0.199000 -0.250995
v -0.208425 -0.199000 -0.240449
v -0.224301 -0.199000 -0.235388
v -0.159251 -0.199000 -0.235388
v -0.161491 -0.199000 -0.237808
v -0.161491 -0.199000 -0.245254
v -0.224301 -0.199000 -0.259416
v -0.208425 -0.199000 -0.259416
v -0.208425 -0.199000 -0.258983
v -0.161491 -0.199000 -0.252209
v -0.208425 -0.199000 -0.309487
v -0.224301 -0.199000 -0.312539
v -0.161491 -0.199000 -0.321336
v -0.156326 -0.199000 -0.324318
v -0.161491 -0.199000 -0.315591
v -0.159251 -0.199000 -0.312539
v -0.161491 -0.199000 -0.307599
v -0.208425 -0.199000 -0.331600
v -0.208592 -0.199000 -0.340954
v -0.159251 -0.199000 -0.333915
v -0.150552 -0.199000 -0.328036
v -0.141548 -0.199000 -0.333234
v -0.159251 -0.199000 -0.293464
v -0.161491 -0.199000 -0.291414
v -0.161491 -0.199000 -0.297976
v -0.208425 -0.199000 -0.318129
v -0.224301 -0.199000 -0.340742
v -0.224301 -0.199000 -0.348445
v -0.208592 -0.199000 -0.348445
v -0.183020 -0.199000 -0.363647
v -0.193925 -0.199000 -0.357351
v -0.224301 -0.199000 -0.358132
v -0.208592 -0.199000 -0.348930
v -0.202142 -0.199000 -0.352654
v -0.195336 -0.199000 -0.348445
v -0.159251 -0.199000 -0.326127
v -0.182881 -0.199000 -0.340742
v -0.169351 -0.199000 -0.340742
v -0.180747 -0.199000 -0.348445
v 0.148040 -0.199000 -0.370061
v 0.154414 -0.199000 -0.365062
v 0.142825 -0.199000 -0.365062
v 0.140848 -0.199000 -0.353013
v 0.140848 -0.199000 -0.363166
v 0.135704 -0.199000 -0.348445
v 0.126228 -0.199000 -0.349148
v 0.126228 -0.199000 -0.348445
v 0.125495 -0.199000 -0.348445
v 0.121627 -0.199000 -0.344736
v 0.157011 -0.199000 -0.378664
v 0.164719 -0.199000 -0.374214
v 0.160044 -0.199000 -0.370061
v 0.174634 -0.199000 -0.368489
v 0.201175 -0.199000 -0.371484
v 0.140848 -0.199000 -0.406314
v 0.148263 -0.199000 -0.383714
v 0.140848 -0.199000 -0.375989
v 0.193925 -0.199000 -0.357351
v 0.183020 -0.199000 -0.363647
v 0.201175 -0.199000 -0.365062
v 0.140848 -0.199000 -0.341111
v 0.149898 -0.199000 -0.348445
v 0.170404 -0.199000 -0.365062
v 0.201175 -0.199000 -0.370061
v 0.141548 -0.199000 -0.333234
v 0.140848 -0.199000 -0.312539
v 0.126228 -0.199000 -0.312539
v 0.127628 -0.199000 -0.341271
v 0.202142 -0.199000 -0.352654
v 0.201175 -0.199000 -0.352056
v 0.195336 -0.199000 -0.348445
v 0.182881 -0.199000 -0.340742
v 0.150552 -0.199000 -0.328036
v 0.156326 -0.199000 -0.324318
v 0.161491 -0.199000 -0.321336
v 0.161491 -0.199000 -0.315591
v 0.111736 -0.199000 -0.423122
v 0.126228 -0.199000 -0.414755
v 0.124828 -0.199000 -0.397245
v 0.126228 -0.199000 -0.387711
v 0.111736 -0.199000 -0.348445
v 0.101654 -0.199000 -0.356267
v 0.108528 -0.199000 -0.365062
v 0.100041 -0.199000 -0.365062
v 0.103892 -0.199000 -0.370061
v 0.111736 -0.199000 -0.380246
v 0.130927 -0.199000 -0.393723
v 0.140147 -0.199000 -0.388400
v 0.126228 -0.199000 -0.372316
v 0.126228 -0.199000 -0.370061
v 0.124277 -0.199000 -0.370061
v 0.126228 -0.199000 -0.365062
v 0.119950 -0.199000 -0.365062
v 0.108780 -0.199000 -0.352153
v 0.111736 -0.199000 -0.355570
v 0.114689 -0.199000 -0.348741
v 0.126228 -0.199000 -0.360761
v 0.126228 -0.199000 -0.340742
v 0.111736 -0.199000 -0.340742
v 0.135157 -0.199000 -0.370061
v 0.130357 -0.199000 -0.365062
v 0.140848 -0.199000 -0.293464
v 0.161491 -0.199000 -0.291414
v 0.161491 -0.199000 -0.281440
v 0.196829 -0.199000 -0.293464
v 0.208425 -0.199000 -0.288951
v 0.161491 -0.199000 -0.297976
v 0.161491 -0.199000 -0.307599
v 0.208425 -0.199000 -0.331600
v 0.201175 -0.199000 -0.312539
v 0.208425 -0.199000 -0.309487
v 0.216446 -0.199000 -0.312539
v 0.208425 -0.199000 -0.297409
v 0.216446 -0.199000 -0.293464
v 0.201175 -0.199000 -0.293464
v 0.019142 -0.199000 -0.403906
v 0.032472 -0.199000 -0.450566
v 0.025625 -0.199000 -0.400163
v 0.025202 -0.199000 -0.454763
v 0.013973 -0.199000 -0.461247
v -0.000000 -0.199000 -0.487632
v 0.010659 -0.199000 -0.408803
v -0.000000 -0.199000 -0.370061
v 0.046313 -0.199000 -0.388218
v 0.047704 -0.199000 -0.392696
v 0.047704 -0.199000 -0.370061
v 0.039321 -0.199000 -0.392256
v 0.043362 -0.199000 -0.444279
v 0.047704 -0.199000 -0.460091
v 0.060627 -0.199000 -0.434311
v 0.067738 -0.199000 -0.430205
v 0.033143 -0.199000 -0.395822
v 0.050682 -0.199000 -0.440053
v 0.062521 -0.199000 -0.451536
v 0.077410 -0.199000 -0.424621
v 0.083730 -0.199000 -0.420972
v 0.083335 -0.199000 -0.439519
v 0.092931 -0.199000 -0.415661
v 0.097293 -0.199000 -0.431461
v 0.064414 -0.199000 -0.377768
v 0.071552 -0.199000 -0.373647
v 0.076899 -0.199000 -0.370560
v 0.099723 -0.199000 -0.411739
v 0.108783 -0.199000 -0.406508
v 0.093616 -0.199000 -0.370061
v 0.083972 -0.199000 -0.366476
v 0.097293 -0.199000 -0.375665
v 0.111736 -0.199000 -0.397681
v 0.115125 -0.199000 -0.402847
v 0.083335 -0.199000 -0.365062
v 0.090336 -0.199000 -0.365062
v 0.089261 -0.199000 -0.363423
v -0.025202 -0.199000 -0.454763
v -0.025414 -0.199000 -0.472960
v -0.013973 -0.199000 -0.461247
v -0.010659 -0.199000 -0.408803
v -0.019142 -0.199000 -0.403906
v -0.025414 -0.199000 -0.370061
v -0.033143 -0.199000 -0.395822
v -0.025625 -0.199000 -0.400163
v -0.032473 -0.199000 -0.370061
v -0.039321 -0.199000 -0.392256
v -0.043362 -0.199000 -0.444279
v -0.047704 -0.199000 -0.460091
v -0.032472 -0.199000 -0.450566
v -0.032473 -0.199000 -0.468884
v -0.097293 -0.199000 -0.431461
v -0.092931 -0.199000 -0.415661
v -0.115125 -0.199000 -0.402847
v -0.124828 -0.199000 -0.397245
v -0.126228 -0.199000 -0.414755
v -0.108783 -0.199000 -0.406508
v -0.099723 -0.199000 -0.411739
v -0.076899 -0.199000 -0.370560
v -0.140147 -0.199000 -0.388400
v -0.140848 -0.199000 -0.406314
v -0.130927 -0.199000 -0.393723
v -0.126228 -0.199000 -0.387711
v -0.112435 -0.199000 -0.370061
v -0.103892 -0.199000 -0.370061
v -0.100041 -0.199000 -0.365062
v -0.154414 -0.199000 -0.365062
v -0.159251 -0.199000 -0.369357
v -0.159251 -0.199000 -0.370061
v -0.160044 -0.199000 -0.370061
v -0.159251 -0.199000 -0.395689
v -0.164719 -0.199000 -0.374214
v -0.203639 -0.199000 -0.370061
v -0.174634 -0.199000 -0.368489
v -0.170404 -0.199000 -0.365062
v -0.212299 -0.199000 -0.365062
v -0.140848 -0.199000 -0.002951
v -0.126228 -0.199000 -0.071897
v -0.126228 -0.199000 0.005490
v -0.097293 -0.199000 -0.071897
v -0.097293 -0.199000 0.022196
v -0.083335 -0.199000 -0.071897
v -0.083335 -0.199000 0.030254
v -0.070656 -0.199000 -0.071897
v -0.070656 -0.199000 0.037574
v -0.062521 -0.199000 -0.071897
v -0.062521 -0.199000 0.042271
v -0.047704 -0.199000 -0.071897
v -0.047704 -0.199000 0.050826
v -0.032473 -0.199000 -0.071897
v -0.032473 -0.199000 0.059619
v -0.025414 -0.199000 -0.071897
v -0.025414 -0.199000 0.063695
v -0.000000 -0.199000 -0.071897
v 0.000000 -0.199000 0.078368
v 0.047704 -0.199000 -0.071897
v 0.047704 -0.199000 0.050826
v 0.062521 -0.199000 -0.071897
v 0.062521 -0.199000 0.042271
v 0.083335 -0.199000 -0.071897
v 0.083335 -0.199000 0.030254
v 0.097293 -0.199000 -0.071897
v 0.097293 -0.199000 0.022196
v 0.111736 -0.199000 -0.071897
v 0.111736 -0.199000 0.013857
v 0.126228 -0.199000 -0.071897
v 0.126228 -0.199000 0.005490
v 0.140848 -0.199000 -0.071897
v 0.140848 -0.199000 -0.002951
v 0.201175 -0.199000 -0.071897
v 0.201175 -0.199000 -0.037781
v 0.216446 -0.199000 -0.071897
v 0.216446 -0.199000 -0.046598
v 0.212299 -0.199000 -0.365062
v 0.216446 -0.199000 -0.362667
v 0.208592 -0.199000 -0.348930
v 0.208592 -0.199000 -0.348445
v 0.203639 -0.199000 -0.370061
v 0.161491 -0.199000 -0.259416
v 0.161491 -0.199000 -0.252209
v 0.140848 -0.199000 -0.235388
v 0.208425 -0.199000 -0.240449
v 0.208425 -0.199000 -0.250995
v 0.216446 -0.199000 -0.259416
v 0.161491 -0.199000 -0.275089
v 0.161491 -0.199000 -0.266623
v 0.140848 -0.199000 -0.259416
v 0.161491 -0.199000 -0.260039
v 0.208425 -0.199000 -0.269657
v 0.216446 -0.199000 -0.235388
v 0.201175 -0.199000 -0.235388
v 0.161491 -0.199000 -0.237808
v 0.161491 -0.199000 -0.245254
v 0.208425 -0.199000 -0.258983
v 0.208425 -0.199000 -0.259416
v 0.216446 -0.199000 -0.275549
v 0.208425 -0.199000 -0.318129
v 0.216446 -0.199000 -0.340742
v 0.201175 -0.199000 -0.336960
v 0.208592 -0.199000 -0.340954
v 0.216446 -0.199000 -0.348445
v -0.126228 -0.199000 -0.372316
v -0.135157 -0.199000 -0.370061
v -0.140848 -0.199000 -0.375989
v -0.148263 -0.199000 -0.383714
v -0.157011 -0.199000 -0.378664
v -0.148040 -0.199000 -0.370061
v -0.135704 -0.199000 -0.348445
v -0.140848 -0.199000 -0.353013
v -0.140848 -0.199000 -0.363166
v -0.142825 -0.199000 -0.365062
v -0.126228 -0.199000 -0.348445
v -0.126228 -0.199000 -0.340742
v -0.127628 -0.199000 -0.341271
v -0.149898 -0.199000 -0.348445
v -0.140848 -0.199000 -0.341111
v -0.140848 -0.199000 -0.340742
v -0.140392 -0.199000 -0.340742
v -0.140848 -0.199000 -0.312539
v -0.135463 -0.199000 -0.336747
v -0.126228 -0.199000 -0.312539
v -0.159251 -0.199000 -0.356024
v -0.126228 -0.199000 -0.360761
v -0.119950 -0.199000 -0.365062
v -0.108780 -0.199000 -0.352153
v -0.101654 -0.199000 -0.356267
v -0.097293 -0.199000 -0.348445
v -0.114689 -0.199000 -0.348741
v -0.126228 -0.199000 -0.365062
v -0.126228 -0.199000 -0.370061
v -0.124277 -0.199000 -0.370061
v -0.126228 -0.199000 -0.349148
v -0.125495 -0.199000 -0.348445
v -0.121627 -0.199000 -0.344736
v -0.097293 -0.199000 -0.340742
v -0.130357 -0.199000 -0.365062
v -0.090336 -0.199000 -0.365062
v -0.083972 -0.199000 -0.366476
v -0.083335 -0.199000 -0.365062
v -0.070656 -0.199000 -0.365062
v -0.093616 -0.199000 -0.370061
v -0.097293 -0.199000 -0.375665
v -0.089261 -0.199000 -0.363423
v -0.083335 -0.199000 -0.348445
v -0.095849 -0.199000 -0.359619
v -0.097293 -0.199000 -0.361493
v -0.108528 -0.199000 -0.365062
v 0.062521 -0.199000 -0.365062
v 0.047704 -0.199000 -0.365062
v -0.000000 -0.199000 -0.365062
v -0.025414 -0.199000 -0.365062
v -0.032473 -0.199000 -0.365062
v -0.047704 -0.199000 -0.365062
v -0.062521 -0.199000 -0.365062
v 0.083335 -0.199000 -0.348445
v 0.062521 -0.199000 -0.348445
v 0.047704 -0.199000 -0.348445
v -0.000000 -0.199000 -0.348445
v -0.025414 -0.199000 -0.348445
v -0.032473 -0.199000 -0.348445
v -0.047704 -0.199000 -0.348445
v -0.062521 -0.199000 -0.348445
v -0.070656 -0.199000 -0.348445
v 0.097293 -0.199000 -0.340742
v 0.083335 -0.199000 -0.340742
v 0.062521 -0.199000 -0.340742
v 0.047704 -0.199000 -0.340742
v -0.000000 -0.199000 -0.340742
v -0.025414 -0.199000 -0.340742
v -0.032473 -0.199000 -0.340742
v -0.047704 -0.199000 -0.340742
v -0.062521 -0.199000 -0.340742
v -0.070656 -0.199000 -0.340742
v -0.083335 -0.199000 -0.340742
v 0.111736 -0.199000 -0.312539
v 0.097293 -0.199000 -0.312539
v 0.083335 -0.199000 -0.312539
v 0.062521 -0.199000 -0.312539
v 0.047704 -0.199000 -0.312539
v -0.000000 -0.199000 -0.312539
v -0.025414 -0.199000 -0.312539
v -0.032473 -0.199000 -0.312539
v -0.047704 -0.199000 -0.312539
v -0.062521 -0.199000 -0.312539
v -0.070656 -0.199000 -0.312539
v -0.083335 -0.199000 -0.312539
v -0.097293 -0.199000 -0.312539
v 0.195406 -0.199000 -0.312539
v 0.126228 -0.199000 -0.293464
v 0.111736 -0.199000 -0.293464
v 0.097293 -0.199000 -0.293464
v 0.083335 -0.199000 -0.293464
v 0.062521 -0.199000 -0.293464
v 0.047704 -0.199000 -0.293464
v -0.000000 -0.199000 -0.293464
v -0.025414 -0.199000 -0.293464
v -0.032473 -0.199000 -0.293464
v -0.047704 -0.199000 -0.293464
v -0.062521 -0.199000 -0.293464
v -0.070656 -0.199000 -0.293464
v -0.083335 -0.199000 -0.293464
v -0.097293 -0.199000 -0.293464
v -0.126228 -0.199000 -0.293464
v -0.140848 -0.199000 -0.293464
v 0.140848 -0.199000 -0.275549
v 0.126228 -0.199000 -0.275549
v 0.111736 -0.199000 -0.275549
v 0.097293 -0.199000 -0.275549
v 0.083335 -0.199000 -0.275549
v 0.062521 -0.199000 -0.275549
v 0.047704 -0.199000 -0.275549
v -0.000000 -0.199000 -0.275549
v -0.025414 -0.199000 -0.275549
v -0.032473 -0.199000 -0.275549
v -0.047704 -0.199000 -0.275549
v -0.062521 -0.199000 -0.275549
v -0.070656 -0.199000 -0.275549
v -0.083335 -0.199000 -0.275549
v -0.097293 -0.199000 -0.275549
v -0.126228 -0.199000 -0.275549
v -0.140848 -0.199000 -0.275549
v 0.126228 -0.199000 -0.259416
v 0.111736 -0.199000 -0.259416
v 0.097293 -0.199000 -0.259416
v 0.083335 -0.199000 -0.259416
v 0.062521 -0.199000 -0.259416
v 0.047704 -0.199000 -0.259416
v -0.000000 -0.199000 -0.259416
v -0.025414 -0.199000 -0.259416
v -0.032473 -0.199000 -0.259416
v -0.047704 -0.199000 -0.259416
v -0.062521 -0.199000 -0.259416
v -0.070656 -0.199000 -0.259416
v -0.083335 -0.199000 -0.259416
v -0.097293 -0.199000 -0.259416
v -0.126228 -0.199000 -0.259416
v -0.140848 -0.199000 -0.259416
v 0.126228 -0.199000 -0.235388
v 0.111736 -0.199000 -0.235388
v 0.097293 -0.199000 -0.235388
v 0.083335 -0.199000 -0.235388
v 0.062521 -0.199000 -0.235388
v 0.047704 -0.199000 -0.235388
v -0.000000 -0.199000 -0.235388
v -0.025414 -0.199000 -0.235388
v -0.032473 -0.199000 -0.235388
v -0.047704 -0.199000 -0.235388
v -0.062521 -0.199000 -0.235388
v -0.070656 -0.199000 -0.235388
v -0.083335 -0.199000 -0.235388
v -0.097293 -0.199000 -0.235388
v -0.126228 -0.199000 -0.235388
v -0.140848 -0.199000 -0.235388
v -0.208425 -0.199000 -0.222162
v -0.161491 -0.199000 -0.222162
v -0.224301 -0.199000 -0.051132
v -0.224301 -0.199000 -0.071897
v -0.208425 -0.199000 -0.232967
v -0.161491 -0.199000 -0.231776
v 0.161491 -0.199000 -0.222162
v 0.161491 -0.199000 -0.231776
v 0.208425 -0.199000 -0.232967
v 0.208425 -0.199000 -0.222162
v 0.201175 -0.199000 -0.222162
v 0.224301 -0.199000 -0.358132
v 0.224301 -0.199000 -0.348445
v 0.224301 -0.199000 -0.340742
v 0.224301 -0.199000 -0.312539
v 0.224301 -0.199000 -0.293464
v 0.224301 -0.199000 -0.275549
v 0.224301 -0.199000 -0.259416
v 0.224301 -0.199000 -0.235388
v 0.224301 -0.199000 -0.071897
v 0.224301 -0.199000 -0.051132
v 0.129079 -0.110000 -0.171955
v 0.129079 -0.110000 -0.028930
v 0.047000 -0.110000 -0.257314
v -0.129053 -0.110000 -0.028425
v -0.128975 -0.110000 -0.027927
v -0.114870 -0.110000 -0.035953
v 0.084871 -0.110000 -0.202449
v 0.084870 -0.110000 -0.184632
v 0.126849 -0.110000 -0.176013
v 0.114870 -0.110000 -0.167312
v -0.084870 -0.110000 -0.184632
v -0.084871 -0.110000 -0.202449
v -0.114870 -0.110000 -0.167312
v -0.126849 -0.110000 -0.176013
v -0.127073 -0.110000 -0.175863
v 0.127493 -0.110000 -0.175528
v 0.127288 -0.110000 -0.175701
v 0.127073 -0.110000 -0.175863
v 0.000000 -0.110000 -0.284449
v 0.114870 -0.110000 -0.035953
v 0.129053 -0.110000 -0.028425
v -0.047000 -0.110000 -0.257314
v -0.084935 -0.110000 -0.000670
v -0.084870 -0.110000 -0.018632
v -0.126689 -0.110000 -0.024776
v -0.127112 -0.110000 -0.025051
v -0.127502 -0.110000 -0.025366
v -0.129049 -0.110000 -0.172496
v -0.129071 -0.110000 -0.172227
v -0.129079 -0.110000 -0.171955
v -0.129079 -0.110000 -0.028930
v 0.129071 -0.110000 -0.172227
v 0.129049 -0.110000 -0.172496
v 0.129012 -0.110000 -0.172764
v 0.128669 -0.110000 -0.026973
v 0.128847 -0.110000 -0.027441
v 0.128975 -0.110000 -0.027927
v 0.126689 -0.110000 -0.024776
v 0.084935 -0.110000 -0.000670
v 0.084870 -0.110000 -0.018632
v 0.047000 -0.110000 0.032757
v 0.000000 -0.110000 0.078368
v 0.000000 -0.110000 0.059892
v -0.047000 -0.110000 0.032757
v -0.127288 -0.110000 -0.175701
v -0.127493 -0.110000 -0.175528
v -0.127688 -0.110000 -0.175343
v 0.128044 -0.110000 -0.174944
v 0.127872 -0.110000 -0.175149
v 0.127688 -0.110000 -0.175343
v -0.128894 -0.110000 -0.173288
v -0.128960 -0.110000 -0.173028
v -0.129012 -0.110000 -0.172764
v 0.128960 -0.110000 -0.173028
v 0.128894 -0.110000 -0.173288
v 0.128813 -0.110000 -0.173544
v 0.127112 -0.110000 -0.025051
v 0.127502 -0.110000 -0.025366
v 0.127856 -0.110000 -0.025720
v -0.128847 -0.110000 -0.027441
v -0.128669 -0.110000 -0.026973
v -0.128443 -0.110000 -0.026527
v -0.128610 -0.110000 -0.174040
v -0.128719 -0.110000 -0.173795
v -0.128813 -0.110000 -0.173544
v 0.128171 -0.110000 -0.026108
v 0.128443 -0.110000 -0.026527
v -0.128171 -0.110000 -0.026108
v -0.127856 -0.110000 -0.025720
v 0.128719 -0.110000 -0.173795
v 0.128610 -0.110000 -0.174040
v 0.128488 -0.110000 -0.174277
v -0.127872 -0.110000 -0.175149
v -0.128044 -0.110000 -0.174944
v -0.128205 -0.110000 -0.174730
v 0.128353 -0.110000 -0.174508
v 0.128205 -0.110000 -0.174730
v -0.128353 -0.110000 -0.174508
v -0.128488 -0.110000 -0.174277
v -0.114870 -0.159000 -0.035953
v -0.114870 -0.159000 -0.167312
v -0.084870 -0.159000 -0.018632
v -0.084870 -0.159000 -0.184632
v 0.114870 -0.159000 -0.167312
v 0.114870 -0.159000 -0.035953
v 0.084870 -0.159000 -0.018632
v 0.084870 -0.159000 -0.184632
v -0.084828 -0.110026 -0.000599
v 0.084828 -0.110026 -0.000599
v 0.000000 -0.167000 0.059892
v -0.047000 -0.167000 0.032757
v -0.047000 -0.167000 -0.257314
v 0.000000 -0.167000 -0.284449
v 0.047000 -0.167000 -0.257314
v 0.047000 -0.167000 0.032757
v -0.051000 -0.115000 0.018923
v 0.051000 -0.115000 0.018923
v 0.051000 -0.115000 -0.033077
v 0.051000 -0.115000 -0.085077
v -0.051000 -0.115000 -0.033077
v -0.051000 -0.115000 -0.085077
v -0.051000 -0.115000 -0.137077
v -0.051000 -0.115000 -0.189077
v -0.051000 -0.115000 -0.241077
v 0.051000 -0.115000 -0.241077
v 0.051000 -0.115000 -0.189077
v 0.051000 -0.115000 -0.137077
v -0.041000 -0.172000 -0.140077
v -0.041000 -0.172000 -0.183077
v -0.041000 -0.172000 -0.226077
v 0.041000 -0.172000 -0.226077
v 0.041000 -0.172000 -0.183077
v 0.041000 -0.172000 -0.140077
v -0.153206 -0.139315 -0.217576
v -0.211619 -0.159843 -0.340019
v -0.211619 -0.159843 -0.299204
v -0.211619 -0.159843 -0.258390
v 0.153206 -0.139315 -0.248344
v 0.153206 -0.139315 -0.279113
v 0.153206 -0.139315 -0.309881
v 0.211619 -0.159843 -0.217576
v 0.199292 -0.159475 -0.356615
v 0.128649 -0.159451 -0.397322
v 0.162696 -0.159557 -0.378017
v 0.121839 -0.140440 -0.338331
v 0.095983 -0.140684 -0.354067
v 0.011330 -0.159711 -0.465915
v 0.006158 -0.139872 -0.403238
v 0.147694 -0.140196 -0.322595
v 0.034535 -0.140494 -0.388914
v 0.060013 -0.140254 -0.373411
v 0.080994 -0.159351 -0.424506
v 0.047291 -0.159596 -0.444774
v 0.211619 -0.159843 -0.258390
v 0.211619 -0.159843 -0.299204
v 0.211619 -0.159843 -0.340019
v 0.153206 -0.139315 -0.217576
v -0.147694 -0.140196 -0.322595
v -0.006158 -0.139872 -0.403238
v -0.034535 -0.140494 -0.388914
v -0.060013 -0.140254 -0.373411
v -0.080994 -0.159351 -0.424506
v -0.047291 -0.159596 -0.444774
v -0.011330 -0.159711 -0.465915
v -0.095983 -0.140684 -0.354067
v -0.121839 -0.140440 -0.338331
v -0.162696 -0.159557 -0.378017
v -0.128649 -0.159451 -0.397322
v -0.199292 -0.159475 -0.356615
v -0.211619 -0.159843 -0.217576
v -0.153206 -0.139315 -0.309881
v -0.153206 -0.139315 -0.279113
v -0.153206 -0.139315 -0.248344
vn -0.0534 -0.2803 -0.9584
vn -0.1596 -0.2599 -0.9524
vn -0.1595 -0.2600 -0.9524
vn -0.2638 -0.2365 -0.9351
vn -0.2640 -0.2365 -0.9351
vn -0.3651 -0.2104 -0.9069
vn -0.3650 -0.2103 -0.9069
vn -0.4621 -0.1817 -0.8680
vn -0.4619 -0.1816 -0.8681
vn -0.5536 -0.1509 -0.8190
vn -0.5535 -0.1510 -0.8190
vn -0.6384 -0.1183 -0.7605
vn -0.6386 -0.1184 -0.7603
vn -0.7161 -0.0844 -0.6929
vn -0.7161 -0.0845 -0.6928
vn -0.7852 -0.0495 -0.6173
vn -0.7853 -0.0495 -0.6172
vn -0.8452 -0.0140 -0.5343
vn -0.8952 0.0216 -0.4452
vn -0.8952 0.0217 -0.4452
vn -0.9347 0.0571 -0.3507
vn -0.9347 0.0570 -0.3507
vn -0.9633 0.0918 -0.2524
vn -0.9633 0.0918 -0.2523
vn -0.9806 0.1255 -0.1508
vn -0.9863 0.1577 -0.0476
vn -0.9806 0.1880 0.0561
vn -0.9806 0.1880 0.0562
vn -0.9633 0.2162 0.1592
vn -0.9633 0.2161 0.1594
vn -0.9347 0.2418 0.2604
vn -0.9347 0.2418 0.2605
vn -0.8952 0.2645 0.3587
vn -0.8952 0.2646 0.3587
vn -0.8452 0.2841 0.4527
vn -0.8451 0.2842 0.4527
vn -0.7852 0.3006 0.5413
vn -0.7852 0.3005 0.5414
vn -0.7160 0.3133 0.6238
vn -0.7161 0.3134 0.6237
vn -0.6386 0.3225 0.6987
vn -0.6385 0.3225 0.6988
vn -0.5535 0.3279 0.7656
vn -0.5536 0.3278 0.7656
vn -0.4620 0.3294 0.8234
vn -0.3651 0.3270 0.8717
vn -0.3651 0.3271 0.8716
vn -0.2639 0.3209 0.9096
vn -0.2638 0.3208 0.9097
vn -0.1596 0.3110 0.9369
vn -0.1596 0.3109 0.9370
vn -0.0534 0.2973 0.9533
vn -0.0535 0.2974 0.9533
vn 0.0534 0.2802 0.9584
vn 0.0534 0.2803 0.9584
vn 0.1596 0.2599 0.9524
vn 0.2638 0.2365 0.9351
vn 0.2640 0.2365 0.9351
vn 0.3650 0.2103 0.9069
vn 0.3651 0.2103 0.9069
vn 0.4621 0.1817 0.8680
vn 0.4620 0.1817 0.8681
vn 0.5536 0.1509 0.8190
vn 0.6384 0.1184 0.7605
vn 0.6386 0.1184 0.7604
vn 0.7161 0.0845 0.6928
vn 0.7161 0.0844 0.6929
vn 0.7852 0.0495 0.6172
vn 0.7853 0.0495 0.6172
vn 0.8451 0.0140 0.5344
vn 0.8452 0.0140 0.5343
vn 0.8951 -0.0217 0.4452
vn 0.8952 -0.0217 0.4451
vn 0.9347 -0.0570 0.3508
vn 0.9347 -0.0571 0.3508
vn 0.9633 -0.0918 0.2521
vn 0.9632 -0.0918 0.2524
vn 0.9806 -0.1254 0.1508
vn 0.9805 -0.1255 0.1511
vn 0.9863 -0.1577 0.0476
vn 0.9805 -0.1880 -0.0563
vn 0.9806 -0.1880 -0.0561
vn 0.9633 -0.2162 -0.1592
vn 0.9633 -0.2161 -0.1593
vn 0.9347 -0.2417 -0.2605
vn 0.9347 -0.2418 -0.2605
vn 0.8952 -0.2645 -0.3587
vn 0.8952 -0.2646 -0.3587
vn 0.8452 -0.2842 -0.4527
vn 0.7852 -0.3006 -0.5414
vn 0.7853 -0.3005 -0.5413
vn 0.7161 -0.3134 -0.6237
vn 0.7160 -0.3133 -0.6238
vn 0.6385 -0.3224 -0.6988
vn 0.5535 -0.3279 -0.7656
vn 0.5536 -0.3278 -0.7656
vn 0.4620 -0.3293 -0.8235
vn 0.4620 -0.3294 -0.8234
vn 0.3651 -0.3270 -0.8716
vn 0.3651 -0.3270 -0.8717
vn 0.2639 -0.3209 -0.9096
vn 0.2638 -0.3209 -0.9096
vn 0.1596 -0.3109 -0.9370
vn 0.1596 -0.3109 -0.9369
vn 0.0534 -0.2974 -0.9533
vn 0.0534 -0.2973 -0.9533
vn -0.0534 -0.2802 -0.9584
vn -0.3651 -0.2103 -0.9069
vn -0.4620 -0.1818 -0.8681
vn -0.4620 -0.1817 -0.8681
vn -0.5536 -0.1508 -0.8190
vn -0.6385 -0.1183 -0.7605
vn -0.6386 -0.1184 -0.7604
vn -0.7161 -0.0845 -0.6929
vn -0.7160 -0.0845 -0.6930
vn -0.7852 -0.0495 -0.6172
vn -0.8451 -0.0140 -0.5344
vn -0.9347 0.0570 -0.3508
vn -0.9347 0.0571 -0.3508
vn -0.9633 0.2161 0.1593
vn -0.9633 0.2162 0.1593
vn -0.9347 0.2417 0.2605
vn -0.8452 0.2842 0.4527
vn -0.7852 0.3006 0.5414
vn -0.6386 0.3224 0.6988
vn -0.5535 0.3278 0.7656
vn -0.1595 0.3109 0.9370
vn -0.0535 0.2973 0.9533
vn -0.0534 0.2974 0.9533
vn 0.1595 0.2599 0.9524
vn 0.2639 0.2364 0.9351
vn 0.3652 0.2102 0.9069
vn 0.4620 0.1818 0.8681
vn 0.5535 0.1510 0.8190
vn 0.5535 0.1508 0.8191
vn 0.6385 0.1184 0.7604
vn 0.7160 0.0845 0.6929
vn 0.7853 0.0496 0.6172
vn 0.8952 -0.0216 0.4452
vn 0.8952 -0.0217 0.4452
vn 0.9633 -0.0918 0.2523
vn 0.9806 -0.1254 0.1509
vn 0.9806 -0.1255 0.1508
vn 0.9863 -0.1576 0.0476
vn 0.9633 -0.2162 -0.1593
vn 0.7852 -0.3005 -0.5414
vn 0.6385 -0.3225 -0.6988
vn 0.6386 -0.3224 -0.6988
vn 0.3652 -0.3270 -0.8716
vn 0.2638 -0.3208 -0.9097
vn -0.1595 -0.2599 -0.9524
vn -0.2639 -0.2364 -0.9351
vn -0.4620 -0.1816 -0.8681
vn -0.5535 -0.1509 -0.8191
vn -0.5535 -0.1509 -0.8190
vn -0.8451 -0.0141 -0.5344
vn -0.9806 0.1255 -0.1509
vn -0.9863 0.1577 -0.0477
vn -0.9863 0.1576 -0.0476
vn -0.9633 0.2161 0.1592
vn -0.7161 0.3133 0.6237
vn -0.6385 0.3225 0.6987
vn -0.4620 0.3294 0.8235
vn -0.1595 0.3110 0.9369
vn 0.2639 0.2365 0.9351
vn 0.4620 0.1816 0.8681
vn 0.5535 0.1509 0.8191
vn 0.6385 0.1184 0.7605
vn 0.7161 0.0845 0.6929
vn 0.7852 0.0495 0.6173
vn 0.8452 0.0139 0.5343
vn 0.8952 -0.0216 0.4451
vn 0.9806 -0.1879 -0.0562
vn 0.9806 -0.1881 -0.0561
vn 0.9633 -0.2161 -0.1592
vn 0.5536 -0.3278 -0.7655
vn 0.3650 -0.3271 -0.8717
vn 0.2638 -0.3208 -0.9096
vn 0.1596 -0.3110 -0.9369
vn -0.0533 -0.2803 -0.9584
vn -0.2639 -0.2365 -0.9351
vn -0.4621 -0.1816 -0.8681
vn -0.7160 -0.0845 -0.6929
vn -0.8952 0.0217 -0.4451
vn -0.9806 0.1254 -0.1509
vn -0.7852 0.3005 0.5415
vn -0.4620 0.3293 0.8235
vn -0.3652 0.3270 0.8716
vn -0.2638 0.3208 0.9096
vn -0.1596 0.3109 0.9369
vn 0.1596 0.2599 0.9523
vn 0.4621 0.1816 0.8680
vn 0.6386 0.1183 0.7604
vn 0.9806 -0.1255 0.1509
vn 0.9806 -0.1880 -0.0562
vn 0.8952 -0.2645 -0.3588
vn 0.8952 -0.2645 -0.3586
vn 0.8451 -0.2842 -0.4528
vn 0.7853 -0.3005 -0.5414
vn 0.6385 -0.3225 -0.6987
vn 0.5535 -0.3278 -0.7656
vn 0.3651 -0.3271 -0.8716
vn -0.1596 -0.2599 -0.9523
vn -0.4621 -0.1816 -0.8680
vn -0.5535 -0.1508 -0.8191
vn -0.5535 -0.1510 -0.8191
vn -0.6385 -0.1184 -0.7605
vn -0.9806 0.1254 -0.1508
vn -0.9347 0.2418 0.2606
vn -0.8951 0.2645 0.3588
vn -0.7161 0.3133 0.6238
vn 0.7161 0.0844 0.6928
vn 0.7852 0.0496 0.6172
vn 0.8452 0.0141 0.5343
vn 0.9347 -0.0570 0.3509
vn 0.9347 -0.0571 0.3507
vn 0.9633 -0.0918 0.2524
vn 0.9863 -0.1577 0.0477
vn 0.9347 -0.2418 -0.2606
vn 0.8452 -0.2842 -0.4526
vn 0.8451 -0.2842 -0.4527
vn 0.7161 -0.3133 -0.6237
vn 0.6386 -0.3225 -0.6987
vn 0.0535 -0.2974 -0.9533
vn -0.6386 -0.1183 -0.7604
vn -0.8451 0.2842 0.4528
vn -0.2639 0.3208 0.9096
vn -0.2638 0.3209 0.9096
vn 0.3652 0.2103 0.9069
vn 0.9347 -0.2418 -0.2604
vn 0.8451 -0.2843 -0.4527
vn 0.4620 -0.3294 -0.8235
vn -0.3652 -0.2103 -0.9069
vn -0.6385 -0.1184 -0.7604
vn -0.9806 0.1879 0.0561
vn 0.1595 0.2600 0.9524
vn 0.1596 0.2598 0.9524
vn 0.2639 -0.3208 -0.9096
vn 0.1595 -0.3109 -0.9370
vn -0.0533 -0.2802 -0.9585
vn -0.1596 -0.2598 -0.9524
vn -0.9347 0.0570 -0.3509
vn -0.9863 0.1576 -0.0477
vn -0.6385 0.3224 0.6988
vn -0.4620 0.3293 0.8234
vn -0.3652 0.3271 0.8716
vn 0.3651 0.2104 0.9069
vn 0.4621 0.1816 0.8681
vn 0.5535 0.1509 0.8190
vn 0.8451 0.0141 0.5344
vn 0.9863 -0.1576 0.0477
vn 0.8952 -0.2646 -0.3586
vn 0.3650 -0.3270 -0.8717
vn -0.9632 0.0918 -0.2524
vn -0.9806 0.1255 -0.1507
vn -0.9806 0.1880 0.0560
vn -0.9348 0.2417 0.2604
vn -0.7161 0.3134 0.6236
vn -0.3650 0.3270 0.8717
vn 0.0534 0.2802 0.9585
vn 0.9347 -0.0570 0.3507
vn 0.9633 -0.0919 0.2522
vn 0.9864 -0.1576 0.0476
vn 0.9633 -0.2161 -0.1594
vn 0.8951 -0.2645 -0.3588
vn 0.6386 -0.3225 -0.6988
vn 0.3652 -0.3271 -0.8716
vn -0.4619 -0.1817 -0.8681
vn -0.7852 -0.0496 -0.6173
vn -0.8951 0.0217 -0.4452
vn -0.8951 0.0216 -0.4453
vn -0.9348 0.0570 -0.3507
vn -0.9633 0.0918 -0.2522
vn -0.9806 0.1880 0.0559
vn -0.9806 0.1880 0.0563
vn -0.8952 0.2646 0.3586
vn -0.7851 0.3005 0.5415
vn -0.5536 0.3279 0.7655
vn 0.2638 0.2364 0.9351
vn 0.3650 0.2104 0.9069
vn 0.6385 0.1183 0.7605
vn 0.9348 -0.0571 0.3506
vn 0.9633 -0.0919 0.2523
vn 0.1596 -0.3108 -0.9370
vn -0.7160 -0.0844 -0.6930
vn -0.8951 0.0216 -0.4452
vn -0.9806 0.1255 -0.1506
vn -0.9805 0.1255 -0.1509
vn -0.9863 0.1577 -0.0475
vn -0.9633 0.2162 0.1591
vn -0.8952 0.2645 0.3588
vn -0.8452 0.2842 0.4526
vn -0.7853 0.3005 0.5414
vn -0.4621 0.3294 0.8234
vn -0.2640 0.3209 0.9096
vn -0.1594 0.3109 0.9370
vn 0.4619 0.1817 0.8681
vn 0.7160 0.0844 0.6930
vn 0.8951 -0.0217 0.4453
vn 0.9633 -0.0918 0.2522
vn 0.9805 -0.1254 0.1510
vn 0.9806 -0.1256 0.1507
vn 0.9806 -0.1879 -0.0561
vn 0.9633 -0.2161 -0.1591
vn 0.9347 -0.2417 -0.2606
vn 0.7161 -0.3133 -0.6238
vn 0.5535 -0.3279 -0.7655
vn 0.5535 -0.3278 -0.7657
vn 0.4621 -0.3293 -0.8234
vn -0.2638 -0.2364 -0.9351
vn -0.7853 -0.0495 -0.6171
vn -0.9806 0.1254 -0.1506
vn -0.9805 0.1255 -0.1510
vn -0.9864 0.1576 -0.0476
vn -0.9805 0.1880 0.0563
vn -0.9632 0.2162 0.1595
vn -0.9633 0.2161 0.1591
vn -0.8952 0.2645 0.3586
vn -0.1595 0.3108 0.9370
vn 0.2638 0.2364 0.9352
vn 0.9348 -0.2417 -0.2604
vn 0.7160 -0.3134 -0.6238
vn -0.9421 0.3311 0.0540
vn -0.9421 0.3310 0.0542
vn -0.9310 0.3272 0.1615
vn -0.9310 0.3272 0.1619
vn -0.9091 0.3195 0.2675
vn -0.9091 0.3194 0.2675
vn -0.8765 0.3080 0.3701
vn -0.8765 0.3080 0.3699
vn -0.8335 0.2930 0.4685
vn -0.8336 0.2929 0.4684
vn -0.7808 0.2744 0.5612
vn -0.7807 0.2744 0.5614
vn -0.7190 0.2526 0.6474
vn -0.7191 0.2528 0.6473
vn -0.6488 0.2280 0.7260
vn -0.6487 0.2280 0.7261
vn -0.5710 0.2006 0.7961
vn -0.5710 0.2007 0.7961
vn -0.4864 0.1709 0.8569
vn -0.3962 0.1393 0.9075
vn -0.3962 0.1392 0.9075
vn -0.3012 0.1059 0.9477
vn -0.2028 0.0713 0.9766
vn -0.1020 0.0359 0.9941
vn -0.1020 0.0358 0.9941
vn -0.0000 -0.0000 1.0000
vn 0.1020 -0.0359 0.9941
vn 0.2028 -0.0713 0.9766
vn 0.2028 -0.0712 0.9766
vn 0.3013 -0.1059 0.9476
vn 0.3012 -0.1059 0.9477
vn 0.3962 -0.1392 0.9076
vn 0.3962 -0.1393 0.9076
vn 0.4864 -0.1709 0.8568
vn 0.4864 -0.1709 0.8569
vn 0.5710 -0.2007 0.7961
vn 0.5710 -0.2006 0.7961
vn 0.6488 -0.2280 0.7260
vn 0.7189 -0.2527 0.6475
vn 0.7190 -0.2526 0.6474
vn 0.7809 -0.2745 0.5611
vn 0.7808 -0.2744 0.5614
vn 0.8337 -0.2930 0.4682
vn 0.8335 -0.2930 0.4685
vn 0.8765 -0.3080 0.3701
vn 0.9091 -0.3194 0.2675
vn 0.9090 -0.3195 0.2677
vn 0.9310 -0.3272 0.1619
vn 0.9310 -0.3272 0.1615
vn 0.9420 -0.3311 0.0542
vn 0.9421 -0.3310 -0.0542
vn 0.9420 -0.3311 -0.0542
vn 0.9310 -0.3272 -0.1617
vn 0.9090 -0.3194 -0.2677
vn 0.9091 -0.3195 -0.2675
vn 0.8764 -0.3080 -0.3701
vn 0.8765 -0.3080 -0.3701
vn 0.8335 -0.2930 -0.4685
vn 0.8337 -0.2929 -0.4682
vn 0.7808 -0.2744 -0.5614
vn 0.7810 -0.2745 -0.5611
vn 0.7189 -0.2526 -0.6476
vn 0.7190 -0.2527 -0.6474
vn 0.6488 -0.2280 -0.7260
vn 0.5710 -0.2006 -0.7961
vn 0.4864 -0.1710 -0.8568
vn 0.4865 -0.1709 -0.8568
vn 0.3961 -0.1392 -0.9076
vn 0.3013 -0.1059 -0.9476
vn 0.3012 -0.1059 -0.9477
vn 0.2028 -0.0713 -0.9766
vn 0.2028 -0.0712 -0.9766
vn 0.1021 -0.0359 -0.9941
vn 0.1020 -0.0358 -0.9941
vn -0.0000 -0.0000 -1.0000
vn -0.0000 -0.0001 -1.0000
vn -0.1021 0.0359 -0.9941
vn -0.2028 0.0713 -0.9766
vn -0.3012 0.1058 -0.9477
vn -0.3012 0.1059 -0.9477
vn -0.3962 0.1392 -0.9076
vn -0.4864 0.1709 -0.8569
vn -0.4864 0.1710 -0.8568
vn -0.5711 0.2007 -0.7960
vn -0.5709 0.2006 -0.7961
vn -0.6487 0.2280 -0.7261
vn -0.6488 0.2280 -0.7260
vn -0.7190 0.2527 -0.6474
vn -0.7191 0.2527 -0.6473
vn -0.7809 0.2744 -0.5612
vn -0.7808 0.2744 -0.5614
vn -0.8336 0.2930 -0.4683
vn -0.8335 0.2929 -0.4685
vn -0.8765 0.3080 -0.3701
vn -0.8765 0.3081 -0.3699
vn -0.9091 0.3195 -0.2675
vn -0.9310 0.3272 -0.1619
vn -0.9311 0.3272 -0.1615
vn -0.9420 0.3311 -0.0542
vn -0.9421 0.3311 -0.0540
vn -0.9420 0.3311 0.0543
vn -0.9421 0.3310 0.0540
vn -0.9310 0.3273 0.1616
vn -0.8764 0.3079 0.3703
vn -0.8764 0.3080 0.3702
vn -0.8336 0.2930 0.4683
vn -0.7809 0.2744 0.5611
vn -0.7808 0.2743 0.5613
vn -0.7191 0.2527 0.6474
vn -0.7190 0.2528 0.6474
vn -0.6488 0.2279 0.7260
vn -0.5709 0.2007 0.7961
vn -0.5709 0.2005 0.7962
vn -0.4864 0.1710 0.8568
vn -0.4865 0.1709 0.8568
vn -0.3962 0.1391 0.9076
vn -0.3961 0.1393 0.9076
vn -0.3012 0.1058 0.9477
vn -0.1021 0.0359 0.9941
vn 0.1021 -0.0359 0.9941
vn 0.1020 -0.0358 0.9941
vn 0.3012 -0.1058 0.9477
vn 0.3961 -0.1393 0.9076
vn 0.3961 -0.1391 0.9076
vn 0.4865 -0.1709 0.8568
vn 0.4865 -0.1710 0.8568
vn 0.5709 -0.2006 0.7961
vn 0.6488 -0.2282 0.7259
vn 0.6488 -0.2278 0.7261
vn 0.7190 -0.2528 0.6474
vn 0.7809 -0.2743 0.5613
vn 0.7810 -0.2744 0.5610
vn 0.8336 -0.2930 0.4683
vn 0.8764 -0.3080 0.3703
vn 0.8764 -0.3079 0.3702
vn 0.9091 -0.3195 0.2675
vn 0.9310 -0.3273 0.1616
vn 0.9310 -0.3272 0.1618
vn 0.9421 -0.3310 0.0540
vn 0.9421 -0.3310 0.0543
vn 0.9421 -0.3310 -0.0541
vn 0.9310 -0.3272 -0.1618
vn 0.9310 -0.3272 -0.1616
vn 0.9091 -0.3194 -0.2675
vn 0.9090 -0.3195 -0.2675
vn 0.8764 -0.3080 -0.3702
vn 0.8764 -0.3079 -0.3703
vn 0.8336 -0.2929 -0.4683
vn 0.8335 -0.2929 -0.4685
vn 0.7808 -0.2744 -0.5612
vn 0.7809 -0.2744 -0.5612
vn 0.7191 -0.2527 -0.6473
vn 0.7191 -0.2528 -0.6473
vn 0.6489 -0.2281 -0.7259
vn 0.5709 -0.2007 -0.7961
vn 0.5709 -0.2006 -0.7961
vn 0.4864 -0.1709 -0.8569
vn 0.3961 -0.1393 -0.9076
vn 0.3014 -0.1059 -0.9476
vn 0.1019 -0.0357 -0.9942
vn 0.1019 -0.0359 -0.9941
vn -0.1019 0.0359 -0.9941
vn -0.1019 0.0358 -0.9941
vn -0.3014 0.1059 -0.9476
vn -0.3013 0.1059 -0.9476
vn -0.3961 0.1392 -0.9076
vn -0.3962 0.1394 -0.9075
vn -0.4863 0.1709 -0.8569
vn -0.6488 0.2281 -0.7260
vn -0.6488 0.2279 -0.7260
vn -0.7808 0.2744 -0.5612
vn -0.7808 0.2745 -0.5612
vn -0.8764 0.3079 -0.3703
vn -0.8764 0.3080 -0.3702
vn -0.9090 0.3195 -0.2675
vn -0.9091 0.3194 -0.2675
vn -0.9310 0.3272 -0.1616
vn -0.9421 0.3310 -0.0541
vn -0.9421 0.3310 -0.0542
vn -0.9421 0.3310 0.0543
vn -0.9310 0.3271 0.1619
vn -0.9090 0.3195 0.2675
vn -0.8764 0.3079 0.3702
vn -0.8764 0.3080 0.3701
vn -0.8335 0.2929 0.4685
vn -0.7809 0.2744 0.5612
vn -0.7808 0.2744 0.5613
vn -0.5710 0.2006 0.7960
vn -0.4863 0.1709 0.8569
vn -0.3962 0.1393 0.9076
vn -0.3961 0.1392 0.9076
vn -0.2028 0.0712 0.9766
vn -0.0000 0.0001 1.0000
vn 0.1021 -0.0358 0.9941
vn 0.3961 -0.1392 0.9076
vn 0.4864 -0.1708 0.8569
vn 0.4864 -0.1710 0.8568
vn 0.6489 -0.2281 0.7259
vn 0.7191 -0.2527 0.6474
vn 0.7808 -0.2744 0.5613
vn 0.8335 -0.2929 0.4685
vn 0.8764 -0.3080 0.3702
vn 0.8764 -0.3080 0.3701
vn 0.9090 -0.3195 0.2675
vn 0.9310 -0.3271 0.1618
vn 0.9421 -0.3311 0.0540
vn 0.9420 -0.3311 0.0543
vn 0.9421 -0.3311 -0.0541
vn 0.9310 -0.3273 -0.1618
vn 0.8764 -0.3080 -0.3703
vn 0.7809 -0.2745 -0.5612
vn 0.7191 -0.2527 -0.6474
vn 0.6489 -0.2280 -0.7259
vn 0.5709 -0.2006 -0.7962
vn 0.3012 -0.1058 -0.9477
vn 0.2029 -0.0713 -0.9766
vn -0.0000 0.0001 -1.0000
vn -0.2029 0.0713 -0.9766
vn -0.3962 0.1393 -0.9075
vn -0.5709 0.2007 -0.7961
vn -0.7191 0.2527 -0.6474
vn -0.8335 0.2930 -0.4685
vn -0.8336 0.2929 -0.4683
vn -0.8764 0.3080 -0.3703
vn -0.9420 0.3311 -0.0541
vn -0.9310 0.3272 0.1616
vn -0.8764 0.3080 0.3703
vn -0.3962 0.1392 0.9076
vn 0.5709 -0.2007 0.7961
vn 0.6489 -0.2280 0.7259
vn 0.7810 -0.2745 0.5611
vn 0.9310 -0.3272 0.1616
vn 0.9420 -0.3310 0.0543
vn 0.8336 -0.2930 -0.4683
vn 0.8335 -0.2928 -0.4686
vn 0.7808 -0.2745 -0.5612
vn 0.7809 -0.2744 -0.5611
vn 0.6488 -0.2281 -0.7260
vn 0.3013 -0.1058 -0.9477
vn 0.3013 -0.1060 -0.9476
vn 0.1020 -0.0359 -0.9941
vn -0.1020 0.0358 -0.9941
vn -0.1020 0.0359 -0.9941
vn -0.2028 0.0712 -0.9766
vn -0.3013 0.1060 -0.9476
vn -0.3962 0.1393 -0.9076
vn -0.5710 0.2007 -0.7961
vn -0.8335 0.2929 -0.4686
vn -0.9421 0.3311 -0.0541
vn -0.9420 0.3311 0.0542
vn -0.9311 0.3272 0.1615
vn -0.8765 0.3081 0.3699
vn -0.8334 0.2929 0.4686
vn -0.7190 0.2527 0.6474
vn -0.7191 0.2527 0.6473
vn -0.5709 0.2006 0.7961
vn -0.0000 -0.0001 1.0000
vn 0.7189 -0.2526 0.6476
vn 0.7190 -0.2527 0.6474
vn 0.7810 -0.2745 0.5610
vn 0.7808 -0.2743 0.5613
vn 0.8336 -0.2929 0.4682
vn 0.8334 -0.2929 0.4686
vn 0.8765 -0.3081 0.3700
vn 0.9090 -0.3194 0.2677
vn 0.9311 -0.3272 0.1615
vn 0.9421 -0.3310 0.0542
vn 0.8336 -0.2930 -0.4682
vn 0.7809 -0.2745 -0.5611
vn 0.7190 -0.2526 -0.6475
vn 0.4864 -0.1709 -0.8568
vn 0.3961 -0.1391 -0.9076
vn 0.3014 -0.1060 -0.9476
vn 0.1019 -0.0358 -0.9941
vn -0.5710 0.2006 -0.7960
vn -0.5708 0.2007 -0.7962
vn -0.6487 0.2281 -0.7261
vn -0.7192 0.2527 -0.6473
vn -0.7807 0.2744 -0.5614
vn -0.8336 0.2929 -0.4684
vn -0.8765 0.3080 -0.3699
vn -0.9310 0.3271 -0.1619
vn -0.9310 0.3272 -0.1615
vn -0.9420 0.3311 -0.0540
vn -0.7808 0.2745 0.5612
vn -0.7807 0.2745 0.5614
vn -0.6489 0.2281 0.7259
vn -0.3013 0.1060 0.9476
vn -0.3013 0.1059 0.9476
vn -0.1019 0.0359 0.9941
vn 0.1019 -0.0359 0.9941
vn 0.1019 -0.0358 0.9941
vn 0.3014 -0.1059 0.9476
vn 0.5709 -0.2005 0.7961
vn 0.8336 -0.2930 0.4682
vn 0.9310 -0.3271 0.1619
vn 0.9090 -0.3196 -0.2675
vn 0.8764 -0.3081 -0.3700
vn 0.8335 -0.2929 -0.4686
vn 0.8336 -0.2929 -0.4682
vn 0.7808 -0.2743 -0.5613
vn 0.7810 -0.2745 -0.5610
vn 0.7189 -0.2527 -0.6476
vn 0.6488 -0.2279 -0.7260
vn 0.5710 -0.2007 -0.7960
vn 0.5710 -0.2006 -0.7960
vn -0.3962 0.1391 -0.9076
vn -0.4863 0.1710 -0.8569
vn -0.7191 0.2528 -0.6473
vn -0.7808 0.2744 -0.5613
vn -0.8765 0.3081 -0.3700
vn -0.8766 0.3079 -0.3699
vn -0.9090 0.3196 -0.2675
vn -0.9421 0.3310 -0.0540
vn -0.9090 0.3196 0.2675
vn -0.8765 0.3080 0.3700
vn -0.7808 0.2744 0.5614
vn -0.6487 0.2279 0.7261
vn -0.5710 0.2007 0.7960
vn -0.1021 0.0358 0.9941
vn 0.5710 -0.2007 0.7960
vn 0.5710 -0.2006 0.7960
vn 0.6488 -0.2279 0.7260
vn 0.6488 -0.2282 0.7260
vn 0.7189 -0.2525 0.6476
vn 0.7809 -0.2744 0.5611
vn 0.8337 -0.2929 0.4682
vn 0.8765 -0.3080 0.3700
vn 0.9310 -0.3273 -0.1617
vn 0.9090 -0.3195 -0.2677
vn 0.7190 -0.2528 -0.6474
vn 0.3013 -0.1058 -0.9476
vn 0.2029 -0.0714 -0.9766
vn -0.4864 0.1708 -0.8569
vn -0.5710 0.2007 -0.7960
vn -0.5708 0.2006 -0.7962
vn -0.6489 0.2280 -0.7259
vn -0.7190 0.2528 -0.6474
vn -0.7191 0.2526 -0.6473
vn -0.8764 0.3080 -0.3701
vn 0.3962 -0.1393 0.9075
vn 0.7191 -0.2528 0.6473
vn 0.9421 -0.3311 -0.0542
vn 0.9420 -0.3311 -0.0541
vn -0.5710 0.2006 -0.7961
vn -0.0534 -0.2973 -0.9533
vn -0.0534 -0.2974 -0.9533
vn -0.1596 -0.3109 -0.9369
vn -0.1596 -0.3109 -0.9370
vn -0.2640 -0.3208 -0.9096
vn -0.2638 -0.3209 -0.9096
vn -0.3651 -0.3270 -0.8717
vn -0.3651 -0.3271 -0.8716
vn -0.4621 -0.3293 -0.8234
vn -0.4620 -0.3294 -0.8234
vn -0.5535 -0.3278 -0.7656
vn -0.5535 -0.3280 -0.7655
vn -0.6385 -0.3224 -0.6989
vn -0.6386 -0.3224 -0.6988
vn -0.7161 -0.3134 -0.6236
vn -0.7160 -0.3134 -0.6238
vn -0.7852 -0.3006 -0.5413
vn -0.7852 -0.3006 -0.5414
vn -0.8451 -0.2841 -0.4528
vn -0.8452 -0.2842 -0.4526
vn -0.8952 -0.2645 -0.3588
vn -0.8952 -0.2645 -0.3586
vn -0.9347 -0.2418 -0.2605
vn -0.9347 -0.2417 -0.2605
vn -0.9633 -0.2162 -0.1591
vn -0.9633 -0.2161 -0.1594
vn -0.9806 -0.1880 -0.0561
vn -0.9805 -0.1880 -0.0563
vn -0.9863 -0.1577 0.0477
vn -0.9863 -0.1577 0.0475
vn -0.9805 -0.1254 0.1511
vn -0.9806 -0.1255 0.1508
vn -0.9633 -0.0918 0.2523
vn -0.9633 -0.0918 0.2522
vn -0.9347 -0.0571 0.3508
vn -0.9347 -0.0570 0.3508
vn -0.8952 -0.0217 0.4452
vn -0.8452 0.0140 0.5343
vn -0.8451 0.0140 0.5345
vn -0.7852 0.0495 0.6172
vn -0.7853 0.0495 0.6172
vn -0.7161 0.0844 0.6929
vn -0.6385 0.1184 0.7605
vn -0.5536 0.1509 0.8190
vn -0.4621 0.1817 0.8680
vn -0.4620 0.1817 0.8681
vn -0.3650 0.2103 0.9069
vn -0.3651 0.2103 0.9069
vn -0.2638 0.2365 0.9351
vn -0.2640 0.2365 0.9351
vn -0.1596 0.2599 0.9524
vn -0.0534 0.2803 0.9584
vn -0.0534 0.2802 0.9585
vn 0.0534 0.2973 0.9533
vn 0.0535 0.2973 0.9533
vn 0.1596 0.3109 0.9369
vn 0.2639 0.3208 0.9096
vn 0.2638 0.3209 0.9096
vn 0.3651 0.3270 0.8716
vn 0.3651 0.3270 0.8717
vn 0.4620 0.3294 0.8234
vn 0.4620 0.3294 0.8235
vn 0.5536 0.3279 0.7656
vn 0.5535 0.3279 0.7656
vn 0.6385 0.3225 0.6988
vn 0.6386 0.3225 0.6987
vn 0.7161 0.3133 0.6237
vn 0.7160 0.3133 0.6238
vn 0.7852 0.3005 0.5414
vn 0.7852 0.3006 0.5413
vn 0.8451 0.2842 0.4528
vn 0.8452 0.2842 0.4526
vn 0.8952 0.2646 0.3586
vn 0.8952 0.2645 0.3588
vn 0.9347 0.2418 0.2604
vn 0.9347 0.2418 0.2605
vn 0.9633 0.2161 0.1593
vn 0.9633 0.2162 0.1593
vn 0.9806 0.1880 0.0562
vn 0.9806 0.1880 0.0561
vn 0.9863 0.1577 -0.0476
vn 0.9806 0.1255 -0.1508
vn 0.9633 0.0918 -0.2523
vn 0.9632 0.0918 -0.2524
vn 0.9348 0.0570 -0.3507
vn 0.9347 0.0571 -0.3507
vn 0.8951 0.0216 -0.4452
vn 0.8952 0.0216 -0.4451
vn 0.8452 -0.0139 -0.5343
vn 0.8451 -0.0140 -0.5344
vn 0.7853 -0.0495 -0.6172
vn 0.7852 -0.0495 -0.6172
vn 0.7161 -0.0844 -0.6929
vn 0.7161 -0.0845 -0.6929
vn 0.6385 -0.1184 -0.7605
vn 0.6386 -0.1183 -0.7604
vn 0.5536 -0.1509 -0.8190
vn 0.5535 -0.1510 -0.8190
vn 0.4620 -0.1816 -0.8681
vn 0.4620 -0.1817 -0.8681
vn 0.3651 -0.2103 -0.9069
vn 0.3650 -0.2103 -0.9069
vn 0.2639 -0.2364 -0.9351
vn 0.2639 -0.2365 -0.9351
vn 0.1596 -0.2599 -0.9524
vn 0.1595 -0.2599 -0.9524
vn 0.0534 -0.2803 -0.9584
vn 0.0534 -0.2802 -0.9584
vn -0.2638 -0.3208 -0.9097
vn -0.3652 -0.3270 -0.8716
vn -0.5535 -0.3279 -0.7656
vn -0.6385 -0.3225 -0.6988
vn -0.6386 -0.3225 -0.6988
vn -0.7161 -0.3134 -0.6237
vn -0.7161 -0.3133 -0.6237
vn -0.8452 -0.2842 -0.4527
vn -0.8952 -0.2646 -0.3587
vn -0.8952 -0.2645 -0.3587
vn -0.9633 -0.2162 -0.1593
vn -0.9633 -0.2161 -0.1593
vn -0.9863 -0.1577 0.0476
vn -0.9863 -0.1576 0.0476
vn -0.9806 -0.1255 0.1509
vn -0.8952 -0.0216 0.4452
vn -0.8451 0.0140 0.5344
vn -0.7161 0.0845 0.6929
vn -0.7160 0.0844 0.6930
vn -0.6385 0.1184 0.7604
vn -0.6386 0.1184 0.7604
vn -0.5535 0.1509 0.8191
vn -0.3652 0.2103 0.9069
vn -0.1596 0.2599 0.9523
vn -0.1595 0.2599 0.9524
vn -0.0534 0.2802 0.9584
vn 0.0535 0.2974 0.9533
vn 0.1595 0.3109 0.9370
vn 0.2638 0.3208 0.9096
vn 0.3651 0.3271 0.8716
vn 0.7161 0.3134 0.6237
vn 0.7852 0.3006 0.5414
vn 0.8452 0.2842 0.4527
vn 0.8952 0.2645 0.3587
vn 0.8952 0.2646 0.3587
vn 0.9347 0.2417 0.2605
vn 0.9347 0.0570 -0.3508
vn 0.9347 0.0571 -0.3508
vn 0.8952 0.0217 -0.4452
vn 0.8451 -0.0141 -0.5344
vn 0.7160 -0.0845 -0.6929
vn 0.6385 -0.1184 -0.7604
vn 0.5535 -0.1509 -0.8191
vn 0.2638 -0.2365 -0.9351
vn 0.2640 -0.2365 -0.9351
vn 0.1595 -0.2600 -0.9524
vn -0.1596 -0.3110 -0.9369
vn -0.2638 -0.3208 -0.9096
vn -0.4620 -0.3294 -0.8235
vn -0.5536 -0.3278 -0.7655
vn -0.6385 -0.3225 -0.6987
vn -0.9806 -0.1880 -0.0562
vn -0.8952 -0.0217 0.4451
vn -0.7852 0.0495 0.6173
vn -0.5535 0.1510 0.8190
vn -0.3651 0.2104 0.9069
vn -0.2639 0.2365 0.9351
vn 0.4620 0.3293 0.8234
vn 0.6385 0.3226 0.6987
vn 0.6386 0.3224 0.6988
vn 0.9633 0.2161 0.1592
vn 0.9863 0.1576 -0.0476
vn 0.9806 0.1255 -0.1509
vn 0.8452 -0.0140 -0.5343
vn 0.7160 -0.0845 -0.6930
vn 0.6386 -0.1184 -0.7604
vn 0.5535 -0.1509 -0.8190
vn 0.3651 -0.2104 -0.9069
vn 0.2638 -0.2364 -0.9351
vn -0.2639 -0.3208 -0.9096
vn -0.4620 -0.3293 -0.8235
vn -0.6386 -0.3225 -0.6987
vn -0.7853 -0.3005 -0.5414
vn -0.8451 -0.2842 -0.4527
vn -0.8451 -0.2842 -0.4528
vn -0.9347 -0.2418 -0.2606
vn -0.9633 -0.2162 -0.1592
vn -0.8451 0.0141 0.5344
vn -0.6386 0.1183 0.7604
vn -0.5535 0.1509 0.8190
vn -0.5535 0.1508 0.8191
vn -0.4620 0.1817 0.8680
vn 0.1596 0.3109 0.9370
vn 0.3652 0.3270 0.8716
vn 0.4620 0.3293 0.8235
vn 0.5535 0.3278 0.7656
vn 0.6385 0.3225 0.6987
vn 0.9863 0.1577 -0.0477
vn 0.9806 0.1254 -0.1508
vn 0.9633 0.0919 -0.2523
vn 0.4621 -0.1816 -0.8680
vn 0.0533 -0.2803 -0.9584
vn -0.0535 -0.2973 -0.9533
vn -0.3650 -0.3270 -0.8717
vn -0.7852 -0.3005 -0.5414
vn -0.8951 -0.2645 -0.3588
vn -0.8952 -0.2646 -0.3586
vn -0.9806 -0.1255 0.1507
vn -0.9633 -0.0918 0.2524
vn -0.9633 -0.0917 0.2524
vn -0.9347 -0.0571 0.3507
vn -0.8952 -0.0216 0.4451
vn -0.8951 -0.0217 0.4453
vn -0.7161 0.0844 0.6928
vn -0.2639 0.2364 0.9351
vn -0.1596 0.2598 0.9524
vn 0.0534 0.2974 0.9533
vn 0.2638 0.3208 0.9097
vn 0.3652 0.3271 0.8716
vn 0.6386 0.3226 0.6987
vn 0.8451 0.2842 0.4527
vn 0.9633 0.2162 0.1592
vn 0.9805 0.1881 0.0561
vn 0.9864 0.1576 -0.0476
vn 0.8952 0.0217 -0.4451
vn 0.7852 -0.0495 -0.6173
vn 0.2640 -0.2364 -0.9351
vn 0.1596 -0.2599 -0.9523
vn -0.4620 -0.3293 -0.8234
vn -0.7160 -0.3133 -0.6238
vn -0.9805 -0.1881 -0.0561
vn -0.9864 -0.1576 0.0476
vn -0.7160 0.0845 0.6929
vn -0.6385 0.1183 0.7605
vn -0.4620 0.1818 0.8681
vn 0.2639 0.3209 0.9096
vn 0.9806 0.1254 -0.1509
vn 0.7852 -0.0496 -0.6172
vn 0.5535 -0.1508 -0.8191
vn -0.1595 -0.3109 -0.9370
vn -0.2639 -0.3209 -0.9096
vn -0.9806 -0.1881 -0.0561
vn -0.7852 0.0496 0.6172
vn -0.6385 0.1183 0.7604
vn -0.5536 0.1508 0.8190
vn 0.1596 0.3110 0.9369
vn 0.1596 0.3108 0.9370
vn 0.7160 -0.0844 -0.6930
vn 0.3652 -0.2102 -0.9069
vn -0.3650 -0.3271 -0.8717
vn -0.7853 -0.3005 -0.5413
vn -0.4621 0.1816 0.8680
vn 0.4621 0.3294 0.8234
vn 0.6385 0.3224 0.6988
vn 0.7853 0.3006 0.5413
vn 0.9347 0.2417 0.2606
vn 0.9348 0.2417 0.2604
vn 0.9806 0.1879 0.0561
vn 0.9633 0.0918 -0.2524
vn 0.7161 -0.0845 -0.6928
vn 0.4621 -0.1817 -0.8680
vn 0.2638 -0.2366 -0.9351
vn 0.1596 -0.2598 -0.9524
vn 0.0534 -0.2802 -0.9585
vn -0.5536 -0.3279 -0.7656
vn -0.9633 -0.2161 -0.1592
vn -0.9806 -0.1254 0.1509
vn -0.9633 -0.0919 0.2523
vn -0.9347 -0.0570 0.3507
vn -0.8951 -0.0217 0.4452
vn 0.7852 0.3005 0.5415
vn 0.9633 0.2161 0.1595
vn 0.9806 0.1880 0.0560
vn 0.9806 0.1255 -0.1507
vn 0.9632 0.0918 -0.2525
vn 0.8951 0.0217 -0.4452
vn 0.5536 -0.1510 -0.8190
vn 0.1596 -0.2600 -0.9523
vn -0.0533 -0.2973 -0.9533
vn -0.3651 -0.3269 -0.8717
vn -0.4621 -0.3294 -0.8234
vn -0.7161 -0.3133 -0.6238
vn -0.9348 -0.2417 -0.2604
vn -0.9805 -0.1255 0.1509
vn -0.9348 -0.0571 0.3506
vn -0.8951 -0.0216 0.4453
vn -0.7853 0.0496 0.6172
vn -0.7162 0.0845 0.6928
vn -0.4620 0.1816 0.8681
vn 0.9347 0.2418 0.2606
vn 0.9633 0.2161 0.1594
vn 0.9633 0.2161 0.1591
vn 0.9863 0.1577 -0.0475
vn 0.9806 0.1255 -0.1506
vn 0.9805 0.1254 -0.1510
vn 0.9633 0.0918 -0.2522
vn 0.7162 -0.0844 -0.6928
vn 0.4619 -0.1816 -0.8681
vn -0.3652 -0.3271 -0.8716
vn -0.5536 -0.3278 -0.7656
vn -0.5534 -0.3279 -0.7656
vn -0.9347 -0.2418 -0.2604
vn -0.9347 -0.2417 -0.2606
vn -0.9806 -0.1880 -0.0560
vn -0.9633 -0.0918 0.2521
vn -0.7160 0.0845 0.6930
vn -0.4619 0.1817 0.8681
vn -0.3652 0.2102 0.9069
vn -0.2638 0.2366 0.9351
vn -0.1595 0.2600 0.9524
vn 0.1595 0.3110 0.9370
vn 0.2640 0.3209 0.9096
vn 0.3650 0.3270 0.8717
vn 0.7853 0.3005 0.5414
vn 0.8952 0.0216 -0.4452
vn 0.7853 -0.0495 -0.6171
vn 0.6384 -0.1184 -0.7605
vn -0.2640 -0.3209 -0.9096
vn -0.9806 -0.1881 -0.0560
vn -0.9806 -0.1254 0.1508
vn -0.8951 -0.0216 0.4452
vn 0.5535 0.3279 0.7655
vn 0.7161 0.3134 0.6236
vn 0.7851 0.3005 0.5415
vn 0.9806 0.1880 0.0563
vn 0.9348 0.0571 -0.3507
vn 0.9347 0.0570 -0.3509
vn 0.6385 -0.1183 -0.7605
vn 0.5536 -0.1508 -0.8190
vn -0.9420 -0.3311 0.0542
vn -0.9310 -0.3272 0.1617
vn -0.9090 -0.3195 0.2677
vn -0.9091 -0.3194 0.2675
vn -0.8764 -0.3081 0.3701
vn -0.8765 -0.3079 0.3701
vn -0.8335 -0.2929 0.4685
vn -0.8336 -0.2930 0.4682
vn -0.7807 -0.2744 0.5614
vn -0.7809 -0.2744 0.5611
vn -0.7189 -0.2526 0.6475
vn -0.7190 -0.2527 0.6474
vn -0.6488 -0.2280 0.7260
vn -0.5710 -0.2007 0.7961
vn -0.5710 -0.2006 0.7961
vn -0.4864 -0.1709 0.8569
vn -0.4864 -0.1709 0.8568
vn -0.3962 -0.1393 0.9076
vn -0.3962 -0.1392 0.9076
vn -0.3013 -0.1059 0.9476
vn -0.3012 -0.1059 0.9477
vn -0.2028 -0.0713 0.9766
vn -0.1020 -0.0358 0.9941
vn -0.1020 -0.0359 0.9941
vn 0.1020 0.0359 0.9941
vn 0.1020 0.0358 0.9941
vn 0.2028 0.0712 0.9766
vn 0.3012 0.1059 0.9477
vn 0.3962 0.1392 0.9075
vn 0.3962 0.1393 0.9075
vn 0.4864 0.1709 0.8569
vn 0.5711 0.2007 0.7960
vn 0.5709 0.2006 0.7961
vn 0.6487 0.2280 0.7261
vn 0.6488 0.2280 0.7260
vn 0.7190 0.2527 0.6474
vn 0.7191 0.2527 0.6473
vn 0.7808 0.2744 0.5612
vn 0.7807 0.2744 0.5614
vn 0.8336 0.2929 0.4684
vn 0.8335 0.2930 0.4685
vn 0.8765 0.3079 0.3701
vn 0.8765 0.3081 0.3699
vn 0.9091 0.3194 0.2675
vn 0.9091 0.3195 0.2675
vn 0.9310 0.3272 0.1619
vn 0.9310 0.3272 0.1615
vn 0.9420 0.3311 0.0542
vn 0.9421 0.3310 0.0540
vn 0.9421 0.3311 -0.0540
vn 0.9420 0.3311 -0.0542
vn 0.9311 0.3271 -0.1615
vn 0.9310 0.3272 -0.1619
vn 0.9091 0.3195 -0.2675
vn 0.8764 0.3080 -0.3701
vn 0.8765 0.3080 -0.3699
vn 0.8335 0.2929 -0.4685
vn 0.8336 0.2929 -0.4684
vn 0.7808 0.2745 -0.5612
vn 0.7808 0.2743 -0.5614
vn 0.7190 0.2527 -0.6474
vn 0.7191 0.2527 -0.6473
vn 0.6488 0.2280 -0.7260
vn 0.6487 0.2280 -0.7261
vn 0.5710 0.2007 -0.7961
vn 0.5710 0.2006 -0.7961
vn 0.4864 0.1709 -0.8569
vn 0.3962 0.1393 -0.9076
vn 0.3962 0.1392 -0.9076
vn 0.3012 0.1059 -0.9477
vn 0.2028 0.0713 -0.9766
vn 0.1021 0.0359 -0.9941
vn 0.1020 0.0359 -0.9941
vn -0.1020 -0.0359 -0.9941
vn -0.1021 -0.0359 -0.9941
vn -0.2028 -0.0712 -0.9766
vn -0.2028 -0.0713 -0.9766
vn -0.3013 -0.1059 -0.9476
vn -0.3012 -0.1059 -0.9477
vn -0.3961 -0.1392 -0.9076
vn -0.4865 -0.1710 -0.8568
vn -0.4864 -0.1709 -0.8569
vn -0.5710 -0.2006 -0.7961
vn -0.6488 -0.2280 -0.7260
vn -0.7189 -0.2526 -0.6476
vn -0.7190 -0.2527 -0.6474
vn -0.7810 -0.2744 -0.5611
vn -0.7808 -0.2744 -0.5613
vn -0.8337 -0.2930 -0.4682
vn -0.8335 -0.2930 -0.4685
vn -0.8765 -0.3080 -0.3701
vn -0.8764 -0.3080 -0.3701
vn -0.9091 -0.3195 -0.2675
vn -0.9090 -0.3194 -0.2677
vn -0.9310 -0.3272 -0.1619
vn -0.9311 -0.3271 -0.1615
vn -0.9420 -0.3311 -0.0542
vn -0.9421 -0.3310 -0.0542
vn -0.9421 -0.3310 0.0542
vn -0.9421 -0.3310 0.0541
vn -0.9310 -0.3272 0.1618
vn -0.9310 -0.3273 0.1616
vn -0.9090 -0.3196 0.2675
vn -0.8764 -0.3080 0.3702
vn -0.8764 -0.3079 0.3703
vn -0.8336 -0.2930 0.4683
vn -0.8335 -0.2930 0.4685
vn -0.7809 -0.2744 0.5612
vn -0.7809 -0.2745 0.5611
vn -0.7191 -0.2527 0.6474
vn -0.7190 -0.2528 0.6474
vn -0.6488 -0.2279 0.7260
vn -0.6489 -0.2281 0.7259
vn -0.5709 -0.2006 0.7961
vn -0.4864 -0.1710 0.8568
vn -0.4865 -0.1708 0.8568
vn -0.3961 -0.1392 0.9076
vn -0.3012 -0.1058 0.9477
vn -0.1021 -0.0359 0.9941
vn 0.1021 0.0359 0.9941
vn 0.1021 0.0358 0.9941
vn 0.2028 0.0713 0.9766
vn 0.3013 0.1059 0.9476
vn 0.3012 0.1058 0.9477
vn 0.3961 0.1392 0.9076
vn 0.3962 0.1393 0.9076
vn 0.4865 0.1711 0.8568
vn 0.5709 0.2007 0.7961
vn 0.6488 0.2279 0.7260
vn 0.7191 0.2527 0.6474
vn 0.7190 0.2528 0.6474
vn 0.7809 0.2744 0.5612
vn 0.8336 0.2930 0.4683
vn 0.8764 0.3079 0.3703
vn 0.8764 0.3080 0.3702
vn 0.9090 0.3196 0.2675
vn 0.9310 0.3273 0.1616
vn 0.9421 0.3310 0.0541
vn 0.9421 0.3310 -0.0543
vn 0.9421 0.3310 -0.0540
vn 0.9310 0.3272 -0.1616
vn 0.9091 0.3194 -0.2675
vn 0.9090 0.3195 -0.2675
vn 0.8764 0.3080 -0.3703
vn 0.8764 0.3079 -0.3702
vn 0.8336 0.2930 -0.4683
vn 0.7809 0.2745 -0.5612
vn 0.7808 0.2744 -0.5613
vn 0.7191 0.2526 -0.6473
vn 0.7191 0.2528 -0.6473
vn 0.6487 0.2281 -0.7260
vn 0.5709 0.2006 -0.7961
vn 0.4863 0.1709 -0.8569
vn 0.4864 0.1708 -0.8569
vn 0.3962 0.1394 -0.9075
vn 0.3961 0.1391 -0.9076
vn 0.3013 0.1060 -0.9476
vn 0.3013 0.1059 -0.9476
vn 0.1019 0.0358 -0.9941
vn -0.1019 -0.0358 -0.9941
vn -0.3961 -0.1391 -0.9076
vn -0.3961 -0.1393 -0.9076
vn -0.4864 -0.1708 -0.8569
vn -0.4864 -0.1710 -0.8568
vn -0.5709 -0.2006 -0.7961
vn -0.6488 -0.2282 -0.7259
vn -0.7191 -0.2528 -0.6473
vn -0.7191 -0.2526 -0.6473
vn -0.7809 -0.2745 -0.5611
vn -0.8335 -0.2929 -0.4685
vn -0.8336 -0.2930 -0.4683
vn -0.8764 -0.3079 -0.3703
vn -0.8764 -0.3080 -0.3702
vn -0.9090 -0.3195 -0.2675
vn -0.9091 -0.3194 -0.2675
vn -0.9310 -0.3272 -0.1616
vn -0.9310 -0.3272 -0.1618
vn -0.9421 -0.3310 -0.0540
vn -0.9420 -0.3311 -0.0543
vn -0.9421 -0.3311 0.0541
vn -0.9310 -0.3272 0.1616
vn -0.8764 -0.3080 0.3701
vn -0.8336 -0.2929 0.4683
vn -0.7808 -0.2744 0.5612
vn -0.7809 -0.2745 0.5612
vn -0.3961 -0.1391 0.9076
vn -0.3961 -0.1393 0.9076
vn -0.2028 -0.0712 0.9766
vn 0.3962 0.1391 0.9076
vn 0.4863 0.1709 0.8569
vn 0.4864 0.1710 0.8568
vn 0.5710 0.2006 0.7960
vn 0.5710 0.2007 0.7961
vn 0.8335 0.2929 0.4685
vn 0.8336 0.2929 0.4683
vn 0.8764 0.3080 0.3701
vn 0.9310 0.3272 0.1616
vn 0.9421 0.3311 0.0541
vn 0.9421 0.3310 0.0542
vn 0.9420 0.3311 -0.0543
vn 0.8764 0.3080 -0.3702
vn 0.7809 0.2744 -0.5612
vn 0.7191 0.2527 -0.6474
vn 0.5709 0.2006 -0.7962
vn 0.3961 0.1392 -0.9076
vn 0.3012 0.1058 -0.9477
vn 0.2029 0.0713 -0.9766
vn 0.2029 0.0714 -0.9766
vn 0.1019 0.0359 -0.9941
vn -0.1019 -0.0359 -0.9941
vn -0.2030 -0.0714 -0.9766
vn -0.2029 -0.0712 -0.9766
vn -0.5709 -0.2007 -0.7961
vn -0.6489 -0.2280 -0.7259
vn -0.7191 -0.2527 -0.6474
vn -0.7808 -0.2745 -0.5613
vn -0.7809 -0.2744 -0.5611
vn -0.8764 -0.3080 -0.3703
vn -0.9310 -0.3273 -0.1618
vn -0.9421 -0.3311 -0.0540
vn -0.9421 -0.3310 -0.0543
vn -0.9420 -0.3311 0.0541
vn -0.9091 -0.3195 0.2675
vn -0.8764 -0.3080 0.3703
vn -0.6489 -0.2280 0.7259
vn -0.5709 -0.2007 0.7961
vn 0.3962 0.1392 0.9076
vn 0.5710 0.2006 0.7961
vn 0.8764 0.3080 0.3703
vn 0.9420 0.3311 0.0541
vn 0.9421 0.3311 0.0542
vn 0.9311 0.3271 -0.1616
vn 0.8335 0.2928 -0.4686
vn 0.7809 0.2745 -0.5611
vn 0.2028 0.0712 -0.9766
vn -0.1020 -0.0358 -0.9941
vn -0.3013 -0.1058 -0.9476
vn -0.6488 -0.2281 -0.7260
vn -0.7809 -0.2745 -0.5610
vn -0.8335 -0.2928 -0.4686
vn -0.9311 -0.3271 -0.1616
vn -0.9310 -0.3271 0.1617
vn -0.9090 -0.3194 0.2677
vn -0.8765 -0.3080 0.3701
vn -0.8765 -0.3081 0.3700
vn -0.8334 -0.2929 0.4686
vn -0.8336 -0.2929 0.4682
vn -0.7808 -0.2743 0.5613
vn -0.7810 -0.2745 0.5610
vn -0.7189 -0.2527 0.6476
vn -0.4865 -0.1710 0.8568
vn 0.4865 0.1709 0.8568
vn 0.5708 0.2007 0.7962
vn 0.7809 0.2745 0.5612
vn 0.7808 0.2743 0.5613
vn 0.8334 0.2929 0.4686
vn 0.8765 0.3081 0.3700
vn 0.8766 0.3080 0.3699
vn 0.9311 0.3272 0.1615
vn 0.9421 0.3311 0.0540
vn 0.9311 0.3272 -0.1615
vn 0.8765 0.3080 -0.3701
vn 0.7808 0.2744 -0.5612
vn 0.7807 0.2744 -0.5614
vn 0.7191 0.2526 -0.6474
vn 0.7192 0.2528 -0.6472
vn 0.6488 0.2279 -0.7260
vn 0.5709 0.2007 -0.7961
vn 0.3962 0.1393 -0.9075
vn 0.3013 0.1058 -0.9476
vn -0.3014 -0.1059 -0.9476
vn -0.3013 -0.1060 -0.9476
vn -0.4864 -0.1709 -0.8568
vn -0.7190 -0.2527 -0.6475
vn -0.7191 -0.2526 -0.6474
vn -0.7808 -0.2744 -0.5614
vn -0.8336 -0.2930 -0.4682
vn -0.9090 -0.3195 -0.2677
vn -0.9311 -0.3272 -0.1615
vn -0.9090 -0.3195 0.2675
vn -0.8337 -0.2929 0.4682
vn -0.7808 -0.2744 0.5614
vn -0.7189 -0.2526 0.6476
vn -0.5709 -0.2005 0.7961
vn -0.3014 -0.1059 0.9476
vn -0.1019 -0.0358 0.9941
vn -0.1019 -0.0359 0.9941
vn 0.1019 0.0359 0.9941
vn 0.1019 0.0358 0.9941
vn 0.3013 0.1060 0.9476
vn 0.6489 0.2280 0.7259
vn 0.7807 0.2745 0.5614
vn 0.8765 0.3080 0.3701
vn 0.8765 0.3080 0.3699
vn 0.9090 0.3195 0.2675
vn 0.9310 0.3271 0.1619
vn 0.9090 0.3196 -0.2675
vn 0.8765 0.3079 -0.3701
vn 0.8765 0.3081 -0.3698
vn 0.8334 0.2930 -0.4686
vn 0.8336 0.2928 -0.4684
vn 0.5710 0.2007 -0.7960
vn 0.5710 0.2006 -0.7960
vn 0.3962 0.1391 -0.9076
vn -0.5710 -0.2006 -0.7960
vn -0.5710 -0.2007 -0.7960
vn -0.6488 -0.2279 -0.7260
vn -0.7810 -0.2745 -0.5610
vn -0.7808 -0.2743 -0.5613
vn -0.8337 -0.2928 -0.4683
vn -0.8334 -0.2930 -0.4686
vn -0.8764 -0.3081 -0.3700
vn -0.8765 -0.3079 -0.3701
vn -0.9090 -0.3196 -0.2675
vn -0.9310 -0.3273 0.1617
vn -0.9311 -0.3271 0.1617
vn -0.8765 -0.3080 0.3700
vn -0.5710 -0.2006 0.7960
vn -0.5710 -0.2007 0.7960
vn -0.4864 -0.1708 0.8569
vn -0.3013 -0.1058 0.9476
vn -0.1021 -0.0358 0.9941
vn 0.6487 0.2279 0.7261
vn 0.7191 0.2528 0.6473
vn 0.8765 0.3080 0.3700
vn 0.9310 0.3273 0.1615
vn 0.9420 0.3311 0.0540
vn 0.9420 0.3312 -0.0540
vn 0.9421 0.3310 -0.0542
vn 0.7807 0.2745 -0.5614
vn 0.6489 0.2280 -0.7259
vn 0.2030 0.0714 -0.9766
vn 0.2029 0.0712 -0.9766
vn -0.2029 -0.0713 -0.9766
vn -0.2029 -0.0714 -0.9766
vn -0.4864 -0.1711 -0.8568
vn -0.5709 -0.2005 -0.7961
vn -0.7189 -0.2527 -0.6476
vn -0.8337 -0.2929 -0.4682
vn -0.9420 -0.3312 -0.0542
vn -0.8764 -0.3081 0.3702
vn -0.7191 -0.2528 0.6473
vn -0.3962 -0.1393 0.9075
vn 0.8764 0.3081 0.3702
vn 0.9420 0.3311 -0.0540
vn 0.9310 0.3271 -0.1619
vn 0.8336 0.2929 -0.4683
vn 0.4864 0.1710 -0.8569
vn -0.6489 -0.2281 -0.7259
vn -0.9310 -0.3271 -0.1618
vn -0.9420 -0.3311 -0.0540
vn -0.9420 -0.3310 -0.0543
vn -0.6983 0.7066 0.1145
vn -0.6818 0.7066 0.1893
vn -0.6574 0.7066 0.2619
vn -0.6252 0.7066 0.3315
vn -0.5857 0.7066 0.3971
vn -0.5393 0.7066 0.4581
vn -0.4866 0.7066 0.5137
vn -0.4282 0.7066 0.5633
vn -0.3648 0.7066 0.6063
vn -0.2971 0.7066 0.6423
vn -0.2971 0.7066 0.6422
vn -0.2259 0.7066 0.6706
vn -0.1521 0.7066 0.6911
vn -0.0765 0.7066 0.7035
vn -0.0000 0.7066 0.7076
vn 0.0765 0.7066 0.7035
vn 0.1521 0.7066 0.6911
vn 0.2259 0.7066 0.6706
vn 0.2971 0.7066 0.6422
vn 0.3648 0.7066 0.6063
vn 0.4282 0.7066 0.5634
vn 0.4282 0.7066 0.5633
vn 0.4866 0.7066 0.5137
vn 0.5393 0.7066 0.4581
vn 0.5857 0.7066 0.3971
vn 0.6252 0.7066 0.3315
vn 0.6252 0.7066 0.3314
vn 0.6574 0.7066 0.2619
vn 0.6819 0.7066 0.1893
vn 0.6818 0.7066 0.1893
vn 0.6983 0.7066 0.1145
vn 0.7066 0.7066 0.0383
vn 0.7066 0.7066 -0.0383
vn 0.6983 0.7066 -0.1145
vn 0.6818 0.7066 -0.1893
vn 0.6574 0.7066 -0.2619
vn 0.6252 0.7066 -0.3315
vn 0.5857 0.7066 -0.3971
vn 0.5393 0.7066 -0.4581
vn 0.4866 0.7066 -0.5137
vn 0.4283 0.7066 -0.5633
vn 0.4282 0.7066 -0.5633
vn 0.3648 0.7065 -0.6064
vn 0.3648 0.7066 -0.6063
vn 0.2972 0.7066 -0.6422
vn 0.2971 0.7066 -0.6422
vn 0.2259 0.7066 -0.6706
vn 0.1521 0.7066 -0.6911
vn 0.0765 0.7066 -0.7035
vn -0.0000 0.7066 -0.7076
vn -0.0765 0.7066 -0.7035
vn -0.1521 0.7066 -0.6911
vn -0.2259 0.7066 -0.6706
vn -0.2260 0.7066 -0.6706
vn -0.2971 0.7066 -0.6422
vn -0.3648 0.7066 -0.6063
vn -0.4283 0.7066 -0.5633
vn -0.4282 0.7066 -0.5633
vn -0.4866 0.7066 -0.5137
vn -0.5393 0.7066 -0.4581
vn -0.5857 0.7066 -0.3971
vn -0.6252 0.7066 -0.3314
vn -0.6252 0.7066 -0.3315
vn -0.6574 0.7066 -0.2619
vn -0.6819 0.7066 -0.1893
vn -0.6818 0.7066 -0.1893
vn -0.6983 0.7066 -0.1145
vn -0.7066 0.7066 -0.0383
vn -0.7066 0.7066 0.0383
vn -0.6819 0.7066 0.1893
vn -0.6252 0.7066 0.3314
vn -0.4283 0.7066 0.5633
vn 0.2972 0.7066 0.6422
vn 0.3648 0.7066 0.6064
vn 0.4283 0.7066 0.5633
vn 0.6819 0.7066 -0.1893
vn 0.6252 0.7066 -0.3314
vn 0.5393 0.7065 -0.4581
vn -0.2972 0.7066 -0.6422
vn -0.3648 0.7066 -0.6064
vn -0.7065 0.7066 -0.0383
vn -0.3648 0.7065 0.6064
vn -0.2972 0.7066 0.6422
vn -0.2260 0.7066 0.6706
vn 0.4866 0.7066 0.5138
vn 0.4867 0.7066 -0.5137
vn 0.3648 0.7066 -0.6064
vn -0.5394 0.7066 -0.4581
vn -0.3648 0.7066 0.6064
vn -0.4282 0.7066 -0.5634
vn -0.4866 0.7066 0.5138
vn 0.6573 0.7066 0.2619
vn 0.5394 0.7066 -0.4581
vn 0.2260 0.7066 0.6706
vn 0.5394 0.7066 0.4581
vn 0.6573 0.7066 -0.2619
vn 0.5393 0.7067 -0.4581
vn 0.2260 0.7066 -0.6706
vn -0.9985 -0.0000 0.0541
vn -0.9868 -0.0000 0.1618
vn -0.9635 -0.0000 0.2675
vn -0.9636 -0.0000 0.2675
vn -0.9290 -0.0000 0.3701
vn -0.9290 -0.0000 0.3702
vn -0.8835 -0.0000 0.4684
vn -0.8277 -0.0000 0.5612
vn -0.7621 -0.0000 0.6474
vn -0.6877 -0.0000 0.7260
vn -0.6052 -0.0000 0.7961
vn -0.5155 -0.0000 0.8569
vn -0.4199 -0.0000 0.9076
vn -0.3193 -0.0000 0.9477
vn -0.2150 -0.0000 0.9766
vn -0.1081 -0.0000 0.9941
vn 0.1081 -0.0000 0.9941
vn 0.2150 -0.0000 0.9766
vn 0.3193 -0.0000 0.9477
vn 0.4199 -0.0000 0.9076
vn 0.5155 -0.0000 0.8569
vn 0.6052 -0.0000 0.7961
vn 0.6877 -0.0000 0.7260
vn 0.7621 -0.0000 0.6474
vn 0.7622 -0.0000 0.6474
vn 0.8277 -0.0000 0.5612
vn 0.8835 -0.0000 0.4684
vn 0.9290 -0.0000 0.3701
vn 0.9635 -0.0000 0.2675
vn 0.9868 -0.0000 0.1618
vn 0.9985 -0.0000 0.0541
vn 0.9985 -0.0000 0.0542
vn 0.9985 -0.0000 -0.0542
vn 0.9985 -0.0000 -0.0541
vn 0.9868 -0.0000 -0.1618
vn 0.9635 -0.0000 -0.2675
vn 0.9290 -0.0000 -0.3701
vn 0.8835 -0.0000 -0.4684
vn 0.8277 -0.0000 -0.5612
vn 0.7622 -0.0000 -0.6474
vn 0.7621 -0.0000 -0.6474
vn 0.6877 -0.0000 -0.7260
vn 0.6052 -0.0000 -0.7961
vn 0.5156 -0.0000 -0.8569
vn 0.5156 -0.0000 -0.8568
vn 0.4199 -0.0000 -0.9076
vn 0.3193 -0.0000 -0.9477
vn 0.2150 -0.0000 -0.9766
vn 0.1081 -0.0000 -0.9941
vn -0.1081 -0.0000 -0.9941
vn -0.2150 -0.0000 -0.9766
vn -0.3193 -0.0000 -0.9477
vn -0.4199 -0.0000 -0.9076
vn -0.5156 -0.0000 -0.8569
vn -0.5156 -0.0000 -0.8568
vn -0.6052 -0.0000 -0.7961
vn -0.6877 -0.0000 -0.7260
vn -0.7621 -0.0000 -0.6474
vn -0.8277 -0.0000 -0.5612
vn -0.8835 -0.0000 -0.4684
vn -0.9290 -0.0000 -0.3702
vn -0.9290 -0.0000 -0.3701
vn -0.9636 -0.0000 -0.2675
vn -0.9635 -0.0000 -0.2675
vn -0.9868 -0.0000 -0.1618
vn -0.9985 -0.0000 -0.0541
vn 0.5155 -0.0000 -0.8569
vn -0.5155 -0.0000 -0.8569
vn -0.5156 -0.0000 0.8568
vn -0.5156 -0.0000 0.8569
vn 0.5156 -0.0000 0.8568
vn 0.5156 -0.0000 0.8569
vn -0.9985 -0.0000 0.0542
vn -0.7622 -0.0000 0.6474
vn 0.9290 -0.0000 0.3702
vn 0.9636 -0.0000 0.2675
vn 0.9636 -0.0000 -0.2675
vn 0.9290 -0.0000 -0.3702
vn -0.7622 -0.0000 -0.6474
vn -0.9985 -0.0000 -0.0542
vn -0.4282 0.7066 0.5634
vn -0.6573 0.7066 0.2619
vn -0.4867 0.7065 0.5138
vn 0.2971 0.7066 0.6423
vn 0.6819 0.7065 0.1893
vn 0.6574 0.7066 -0.2620
vn 0.5857 0.7065 -0.3971
vn 0.4283 0.7066 -0.5634
vn -0.6573 0.7066 -0.2619
vn -0.6819 0.7065 -0.1893
vn -0.7065 0.7067 -0.0383
vn -0.6574 0.7065 0.2619
vn -0.4867 0.7066 0.5137
vn 0.7065 0.7067 -0.0383
vn -0.5393 0.7065 -0.4582
vn -0.6574 0.7066 -0.2620
vn -0.1521 0.7066 0.6910
vn 0.2971 0.7065 0.6423
vn 0.7065 0.7066 0.0383
vn 0.4282 0.7066 -0.5634
vn 0.1522 0.7066 -0.6911
vn -0.1522 0.7066 -0.6911
vn -0.2971 0.7066 -0.6423
vn -0.4867 0.7066 -0.5137
vn -0.6984 0.7065 -0.1145
vn -0.2260 0.7066 0.6705
vn 0.4867 0.7065 0.5138
vn 0.2971 0.7065 -0.6423
vn 0.1522 0.7066 -0.6910
vn -0.5857 0.7065 -0.3971
vn -0.5394 0.7065 0.4581
vn 0.5394 0.7065 0.4581
vn 0.6819 0.7065 -0.1893
vn 0.4283 0.7065 -0.5634
vn -0.6252 0.7065 0.3315
vn 0.4867 0.7066 0.5137
vn 0.6984 0.7065 0.1145
vn 0.2971 0.7066 -0.6423
vn -0.3193 -0.0000 0.9476
vn 0.3193 -0.0000 0.9476
vn 0.1082 -0.0000 -0.9941
vn -0.1082 -0.0000 -0.9941
vn 0.6051 -0.0000 -0.7961
vn -0.6051 -0.0000 -0.7961
vn -0.3316 0.9434 -0.0000
vn -0.3315 0.9435 0.0001
vn -0.3315 0.9434 -0.0001
vn -0.3316 0.9434 0.0001
vn -0.3315 0.9435 -0.0000
vn -0.3315 0.9434 -0.0000
vn -0.3317 0.9434 0.0001
vn -0.3314 0.9435 -0.0000
vn -0.3317 0.9434 -0.0000
vn -0.3315 0.9435 -0.0001
vn -0.3316 0.9434 -0.0001
vn -0.3315 0.9434 0.0001
vn -0.3315 0.9434 -0.0002
vn -0.3315 0.9434 0.0002
vn -0.3318 0.9434 -0.0000
vn -0.3316 0.9434 0.0002
vn -0.3317 0.9434 -0.0001
vn -0.3317 0.9434 0.0003
vn -0.3318 0.9434 -0.0003
vn -0.3313 0.9435 0.0002
vn -0.3313 0.9435 0.0003
vn -0.3318 0.9433 -0.0007
vn -0.3318 0.9434 -0.0001
vn -0.3314 0.9435 0.0002
vn -0.3321 0.9432 0.0001
vn -0.3313 0.9435 -0.0000
vn -0.3319 0.9433 -0.0000
vn -0.3312 0.9435 0.0002
vn -0.3314 0.9435 -0.0001
vn -0.3314 0.9435 0.0001
vn -0.3314 0.9435 -0.0007
vn 0.3315 0.9434 0.0001
vn 0.3316 0.9434 -0.0000
vn 0.3314 0.9435 -0.0000
vn 0.3315 0.9434 -0.0001
vn 0.3315 0.9434 -0.0000
vn 0.3315 0.9435 -0.0000
vn 0.3316 0.9434 0.0001
vn 0.3315 0.9435 0.0001
vn 0.3316 0.9434 -0.0001
vn 0.3315 0.9435 -0.0001
vn 0.3317 0.9434 -0.0000
vn 0.3315 0.9434 -0.0003
vn 0.3316 0.9434 0.0002
vn 0.3319 0.9433 -0.0003
vn 0.3314 0.9435 -0.0001
vn 0.3321 0.9432 -0.0003
vn 0.3323 0.9432 -0.0000
vn 0.3312 0.9435 0.0002
vn 0.3319 0.9433 -0.0000
vn 0.3317 0.9434 0.0001
vn 0.3313 0.9435 -0.0000
vn 0.3308 0.9437 -0.0004
vn 0.3317 0.9434 -0.0001
vn 0.3314 0.9435 0.0001
vn 0.3316 0.9434 -0.0002
vn -0.1647 0.9442 -0.2853
vn -0.1647 0.9442 -0.2852
vn -0.1645 0.9443 -0.2850
vn -0.1644 0.9444 -0.2848
vn -0.1641 0.9445 -0.2844
vn -0.1648 0.9441 -0.2855
vn -0.1646 0.9443 -0.2851
vn -0.1648 0.9441 -0.2854
vn -0.1648 0.9442 -0.2854
vn -0.1646 0.9442 -0.2852
vn -0.1648 0.9442 -0.2853
vn -0.1647 0.9442 -0.2854
vn -0.1646 0.9442 -0.2851
vn -0.1650 0.9440 -0.2859
vn -0.1645 0.9443 -0.2849
vn -0.1647 0.9441 -0.2854
vn -0.1649 0.9441 -0.2856
vn -0.1643 0.9445 -0.2846
vn -0.1644 0.9443 -0.2851
vn -0.1649 0.9441 -0.2855
vn -0.1650 0.9440 -0.2857
vn -0.1649 0.9440 -0.2856
vn -0.1644 0.9443 -0.2849
vn -0.1647 0.9442 -0.2851
vn -0.1655 0.9438 -0.2862
vn -0.1648 0.9441 -0.2853
vn -0.1646 0.9442 -0.2853
vn -0.1645 0.9443 -0.2851
vn -0.1647 0.9441 -0.2855
vn -0.1645 0.9441 -0.2856
vn -0.1645 0.9442 -0.2854
vn -0.1650 0.9441 -0.2855
vn -0.1652 0.9440 -0.2857
vn -0.1650 0.9441 -0.2853
vn -0.1652 0.9438 -0.2863
vn -0.1647 0.9439 -0.2861
vn -0.1641 0.9446 -0.2843
vn -0.1652 0.9439 -0.2860
vn -0.1646 0.9443 -0.2850
vn -0.1645 0.9445 -0.2845
vn -0.1648 0.9442 -0.2852
vn 0.1647 0.9442 -0.2853
vn 0.1647 0.9442 -0.2854
vn 0.1648 0.9441 -0.2854
vn 0.1646 0.9442 -0.2852
vn 0.1645 0.9444 -0.2849
vn 0.1647 0.9442 -0.2852
vn 0.1648 0.9442 -0.2854
vn 0.1648 0.9441 -0.2856
vn 0.1648 0.9442 -0.2853
vn 0.1646 0.9443 -0.2850
vn 0.1646 0.9442 -0.2851
vn 0.1648 0.9441 -0.2855
vn 0.1646 0.9443 -0.2851
vn 0.1645 0.9444 -0.2848
vn 0.1646 0.9442 -0.2853
vn 0.1644 0.9444 -0.2848
vn 0.1647 0.9441 -0.2854
vn 0.1645 0.9443 -0.2849
vn 0.1650 0.9440 -0.2859
vn 0.1649 0.9440 -0.2857
vn 0.1645 0.9443 -0.2851
vn 0.1647 0.9441 -0.2855
vn 0.1645 0.9443 -0.2850
vn 0.1646 0.9443 -0.2849
vn 0.1649 0.9442 -0.2852
vn 0.1650 0.9440 -0.2857
vn 0.1649 0.9441 -0.2855
vn 0.1645 0.9443 -0.2852
vn 0.1649 0.9441 -0.2856
vn 0.1648 0.9442 -0.2852
vn 0.1650 0.9440 -0.2856
vn 0.1640 0.9445 -0.2847
vn 0.1647 0.9441 -0.2856
vn 0.1643 0.9444 -0.2846
vn 0.1650 0.9440 -0.2858
vn 0.1647 0.9442 -0.2851
vn 0.1653 0.9438 -0.2861
vn 0.1670 0.9430 -0.2878
vn -0.0000 -1.0000 -0.0000
vn 0.9607 0.2778 -0.0000
vn -0.0000 1.0000 -0.0000
vn -0.9607 0.2778 -0.0000
vn 1.0000 -0.0000 -0.0000
vn 0.5000 -0.0000 -0.8660
vn -1.0000 -0.0000 -0.0000
vn -0.5000 -0.0000 0.8660
vn 0.5000 -0.0000 0.8660
vn -0.5000 -0.0000 -0.8660
vn -0.5084 0.2998 -0.8073
vn -0.0981 0.9655 0.2414
vn -0.1422 0.6999 0.6999
vn -0.3241 -0.9347 0.1459
vn -0.1361 0.9058 -0.4012
vn -0.4771 0.2936 0.8283
vn -0.4778 0.2948 0.8275
vn 0.5084 0.2998 -0.8073
vn 0.0995 0.7960 0.5970
vn 0.3241 -0.9347 0.1459
vn 0.1361 0.9058 -0.4012
vn 0.4778 0.2948 0.8275
vn 0.4771 0.2936 0.8283
vn -0.5189 0.3015 0.7999
vn -0.5971 0.3125 0.7388
vn -0.6519 0.3188 0.6880
vn -0.6693 0.3208 0.6702
vn -0.6864 0.3219 0.6521
vn -0.7192 0.3243 0.6144
vn -0.7348 0.3255 0.5950
vn -0.7503 0.3259 0.5752
vn -0.7794 0.3266 0.5347
vn -0.7931 0.3270 0.5139
vn -0.8065 0.3265 0.4928
vn -0.8318 0.3256 0.4496
vn -0.8434 0.3252 0.4277
vn -0.8548 0.3239 0.4055
vn -0.8758 0.3214 0.3601
vn -0.8854 0.3202 0.3371
vn -0.8946 0.3181 0.3140
vn -0.9111 0.3140 0.2670
vn -0.9184 0.3120 0.2433
vn -0.9254 0.3091 0.2194
vn -0.9374 0.3034 0.1712
vn -0.9424 0.3006 0.1469
vn -0.9470 0.2970 0.1225
vn -0.9542 0.2898 0.0737
vn -0.9569 0.2863 0.0491
vn -0.9591 0.2820 0.0246
vn -0.5300 0.3032 -0.7919
vn -0.5300 0.3031 -0.7919
vn -0.5721 0.3092 -0.7596
vn -0.5722 0.3092 -0.7596
vn -0.6127 0.3144 -0.7251
vn -0.6514 0.3187 -0.6886
vn -0.6514 0.3187 -0.6885
vn -0.6883 0.3220 -0.6501
vn -0.6884 0.3221 -0.6499
vn -0.7232 0.3245 -0.6096
vn -0.7232 0.3245 -0.6097
vn -0.7561 0.3260 -0.5675
vn -0.7868 0.3267 -0.5236
vn -0.7867 0.3266 -0.5238
vn -0.8152 0.3263 -0.4785
vn -0.8153 0.3263 -0.4784
vn -0.8414 0.3250 -0.4318
vn -0.8414 0.3250 -0.4319
vn -0.8650 0.3228 -0.3840
vn -0.8651 0.3228 -0.3839
vn -0.8863 0.3197 -0.3351
vn -0.8863 0.3197 -0.3350
vn -0.9050 0.3156 -0.2851
vn -0.9050 0.3157 -0.2852
vn -0.9211 0.3107 -0.2345
vn -0.9211 0.3107 -0.2344
vn -0.9347 0.3049 -0.1829
vn -0.9346 0.3049 -0.1832
vn -0.9455 0.2981 -0.1310
vn -0.9455 0.2982 -0.1311
vn -0.9536 0.2906 -0.0787
vn -0.9536 0.2906 -0.0789
vn -0.9590 0.2823 -0.0264
vn -0.9590 0.2822 -0.0262
vn 0.9591 0.2820 0.0246
vn 0.9569 0.2863 0.0491
vn 0.9542 0.2898 0.0737
vn 0.9470 0.2970 0.1225
vn 0.9424 0.3006 0.1469
vn 0.9374 0.3034 0.1712
vn 0.9254 0.3091 0.2194
vn 0.9184 0.3120 0.2433
vn 0.9111 0.3140 0.2670
vn 0.8946 0.3181 0.3140
vn 0.8854 0.3202 0.3371
vn 0.8758 0.3214 0.3601
vn 0.8548 0.3239 0.4055
vn 0.8434 0.3252 0.4277
vn 0.8318 0.3256 0.4496
vn 0.8065 0.3265 0.4928
vn 0.7931 0.3270 0.5139
vn 0.7794 0.3266 0.5347
vn 0.7503 0.3259 0.5752
vn 0.7348 0.3255 0.5950
vn 0.7192 0.3243 0.6144
vn 0.6864 0.3219 0.6521
vn 0.6693 0.3208 0.6702
vn 0.6519 0.3188 0.6880
vn 0.5971 0.3125 0.7388
vn 0.5189 0.3015 0.7999
vn 0.9590 0.2822 -0.0262
vn 0.9590 0.2823 -0.0264
vn 0.9536 0.2906 -0.0789
vn 0.9536 0.2906 -0.0787
vn 0.9455 0.2982 -0.1311
vn 0.9455 0.2981 -0.1310
vn 0.9346 0.3049 -0.1832
vn 0.9347 0.3049 -0.1829
vn 0.9211 0.3107 -0.2344
vn 0.9211 0.3107 -0.2345
vn 0.9050 0.3157 -0.2852
vn 0.9050 0.3156 -0.2851
vn 0.8863 0.3197 -0.3350
vn 0.8863 0.3197 -0.3351
vn 0.8651 0.3228 -0.3839
vn 0.8650 0.3228 -0.3840
vn 0.8414 0.3250 -0.4319
vn 0.8414 0.3250 -0.4318
vn 0.8153 0.3263 -0.4784
vn 0.8152 0.3263 -0.4785
vn 0.7867 0.3266 -0.5238
vn 0.7868 0.3267 -0.5236
vn 0.7561 0.3260 -0.5675
vn 0.7232 0.3245 -0.6097
vn 0.7232 0.3245 -0.6096
vn 0.6884 0.3221 -0.6499
vn 0.6883 0.3220 -0.6501
vn 0.6514 0.3187 -0.6885
vn 0.6514 0.3187 -0.6886
vn 0.6127 0.3144 -0.7251
vn 0.5722 0.3092 -0.7596
vn 0.5721 0.3092 -0.7596
vn 0.5300 0.3031 -0.7919
vn 0.5300 0.3032 -0.7919
vn -0.0023 1.0000 -0.0000
vn 0.0001 1.0000 -0.0000
vn -0.0001 1.0000 -0.0000
vn 0.0015 1.0000 -0.0000
vn -0.0002 1.0000 -0.0000
vn -0.0003 1.0000 -0.0000
vn -0.0015 1.0000 -0.0000
vn 0.0009 1.0000 -0.0000
vn 0.0003 1.0000 -0.0000
vn -0.0254 -0.0000 0.9997
vn 0.0254 -0.0000 0.9997
vn -0.0562 -0.0000 -0.9984
vn 0.1214 -0.0000 0.9926
vn -0.1428 -0.0000 -0.9897
vn 0.2008 -0.0000 0.9796
vn -0.8913 -0.0000 -0.4535
vn 0.9129 -0.0000 0.4082
vn -0.9254 -0.0000 -0.3790
vn 0.9449 -0.0000 0.3273
vn -0.7923 -0.0000 -0.6102
vn 0.8361 -0.0000 0.5485
vn -0.8500 -0.0000 -0.5268
vn 0.8746 -0.0000 0.4848
vn -0.9785 -0.0000 -0.2063
vn 0.9909 -0.0000 0.1346
vn -0.9550 -0.0000 -0.2966
vn 0.9729 -0.0000 0.2313
vn 0.9550 -0.0000 -0.2966
vn -0.9729 -0.0000 0.2313
vn 0.7562 -0.0000 -0.6544
vn -0.7879 -0.0000 0.6158
vn -0.7214 -0.0000 0.6925
vn 0.6921 -0.0000 -0.7218
vn 0.8500 -0.0000 -0.5268
vn -0.8746 -0.0000 0.4848
vn 0.7923 -0.0000 -0.6102
vn -0.8361 -0.0000 0.5485
vn -0.9909 -0.0000 0.1346
vn 0.9785 -0.0000 -0.2063
vn -0.9129 -0.0000 0.4082
vn 0.8913 -0.0000 -0.4535
vn -0.9449 -0.0000 0.3273
vn 0.9254 -0.0000 -0.3790
vn -0.2833 -0.0000 0.9590
vn 0.2344 -0.0000 -0.9722
vn -0.3594 -0.0000 0.9332
vn 0.3221 -0.0000 -0.9467
vn -0.2008 -0.0000 0.9796
vn 0.1428 -0.0000 -0.9897
vn -0.1214 -0.0000 0.9926
vn 0.0562 -0.0000 -0.9984
vn -0.5914 -0.0000 0.8064
vn 0.5600 -0.0000 -0.8285
vn -0.6641 -0.0000 0.7477
vn -0.6640 -0.0000 0.7477
vn 0.6296 -0.0000 -0.7769
vn -0.4553 -0.0000 0.8903
vn 0.3946 -0.0000 -0.9189
vn 0.4741 -0.0000 -0.8805
vn -0.5260 -0.0000 0.8505
vn 0.6641 -0.0000 0.7477
vn -0.6296 -0.0000 -0.7769
vn 0.5914 -0.0000 0.8064
vn -0.5600 -0.0000 -0.8285
vn 0.7879 -0.0000 0.6158
vn -0.7562 -0.0000 -0.6544
vn 0.7214 -0.0000 0.6925
vn -0.6921 -0.0000 -0.7218
vn 0.3594 -0.0000 0.9332
vn -0.3221 -0.0000 -0.9467
vn 0.2833 -0.0000 0.9590
vn -0.2344 -0.0000 -0.9722
vn 0.5260 -0.0000 0.8505
vn 0.5001 -0.0000 -0.8660
vn -0.4741 -0.0000 -0.8805
vn 0.4553 -0.0000 0.8903
vn -0.3946 -0.0000 -0.9189
vn -0.9980 -0.0000 0.0631
vn 0.9930 -0.0000 -0.1183
vn 0.9980 -0.0000 0.0631
vn -0.9930 -0.0000 -0.1183
usemtl back_shell
f 577//323 578//323 579//323
f 578//323 580//323 579//323
f 579//324 580//324 581//324
f 580//324 582//324 581//324
f 581//325 582//325 583//325
f 582//326 584//326 583//326
f 583//327 584//327 585//327
f 584//327 586//327 585//327
f 585//328 586//328 587//328
f 586//328 588//328 587//328
f 587//329 588//329 589//329
f 588//329 590//329 589//329
f 589//330 590//330 591//330
f 590//330 592//330 591//330
f 591//331 592//331 593//331
f 592//331 594//331 593//331
f 593//332 594//332 595//332
f 594//332 596//332 595//332
f 595//333 596//333 597//333
f 596//333 598//333 597//333
f 597//334 598//334 599//334
f 598//334 600//334 599//334
f 599//335 600//335 601//335
f 600//335 602//335 601//335
f 601//336 602//336 603//336
f 602//336 604//336 603//336
f 603//337 604//337 605//337
f 604//337 606//337 605//337
f 605//338 606//338 607//338
f 606//338 608//338 607//338
f 607//339 608//339 609//339
f 608//339 610//339 609//339
f 609//340 610//340 611//340
f 610//340 612//340 611//340
f 611//341 612//341 613//341
f 612//341 614//341 613//341
f 613//342 614//342 615//342
f 614//342 616//342 615//342
f 615//343 616//343 617//343
f 616//343 618//343 617//343
f 617//344 618//344 619//344
f 618//344 620//344 619//344
f 619//345 620//345 621//345
f 620//345 622//345 621//345
f 621//346 622//346 623//346
f 622//346 624//346 623//346
f 623//347 624//347 625//347
f 624//347 626//347 625//347
f 625//348 626//348 627//348
f 626//348 628//348 627//348
f 627//349 628//349 629//349
f 628//349 630//349 629//349
f 629//350 630//350 631//350
f 630//351 632//351 631//351
f 631//352 632//352 633//352
f 632//352 634//352 633//352
f 633//353 634//353 635//353
f 634//353 636//353 635//353
f 635//354 636//354 637//354
f 636//354 638//354 637//354
f 637//355 638//355 639//355
f 638//355 640//355 639//355
f 639//356 640//356 641//356
f 640//357 642//357 641//357
f 641//358 642//358 643//358
f 642//358 644//358 643//358
f 643//359 644//359 645//359
f 644//359 646//359 645//359
f 645//360 646//360 647//360
f 646//360 648//360 647//360
f 647//361 648//361 649//361
f 648//361 650//361 649//361
f 649//362 650//362 651//362
f 650//362 652//362 651//362
f 651//363 652//363 653//363
f 652//363 654//363 653//363
f 653//364 654//364 655//364
f 654//364 656//364 655//364
f 655//365 656//365 657//365
f 656//365 658//365 657//365
f 657//366 658//366 659//366
f 658//366 660//366 659//366
f 659//367 660//367 661//367
f 660//367 662//367 661//367
f 661//368 662//368 663//368
f 662//368 664//368 663//368
f 663//369 664//369 665//369
f 664//369 666//369 665//369
f 665//370 666//370 667//370
f 666//370 668//370 667//370
f 667//371 668//371 669//371
f 668//371 670//371 669//371
f 669//372 670//372 671//372
f 670//372 672//372 671//372
f 671//373 672//373 673//373
f 672//373 674//373 673//373
f 673//374 674//374 675//374
f 674//374 676//374 675//374
f 675//375 676//375 677//375
f 676//375 678//375 677//375
f 677//376 678//376 679//376
f 678//376 680//376 679//376
f 679//377 680//377 681//377
f 680//377 682//377 681//377
f 681//378 682//378 683//378
f 682//378 684//378 683//378
f 683//379 684//379 685//379
f 684//379 686//379 685//379
f 685//380 686//380 687//380
f 686//380 688//380 687//380
f 687//381 688//381 689//381
f 688//382 690//382 689//382
f 689//383 690//383 691//383
f 690//383 692//383 691//383
f 691//384 692//384 577//384
f 692//384 578//384 577//384
f 693//385 694//385 695//385
f 694//385 696//385 695//385
f 697//338 693//338 698//338
f 693//338 695//338 698//338
f 699//369 700//369 701//369
f 700//369 702//369 701//369
f 703//385 699//385 704//385
f 699//385 701//385 704//385
f 705//338 703//338 706//338
f 703//338 704//338 706//338
f 700//386 705//386 702//386
f 705//386 706//386 702//386
f 707//386 708//386 709//386
f 708//386 710//386 709//386
f 709//386 710//386 711//386
f 710//386 712//386 711//386
f 713//369 708//369 714//369
f 708//369 707//369 714//369
f 715//385 716//385 717//385
f 716//385 718//385 717//385
f 717//385 718//385 714//385
f 718//385 713//385 714//385
f 719//369 720//369 721//369
f 720//369 722//369 721//369
f 721//369 722//369 715//369
f 722//369 716//369 715//369
f 723//385 720//385 724//385
f 720//385 719//385 724//385
f 725//387 726//387 727//387
f 662//387 728//387 729//387
f 588//387 586//387 730//387
f 588//387 730//387 590//387
f 580//387 731//387 582//387
f 731//387 730//387 582//387
f 582//387 730//387 584//387
f 730//387 586//387 584//387
f 732//387 594//387 592//387
f 733//387 606//387 604//387
f 602//387 600//387 734//387
f 600//387 598//387 734//387
f 734//387 598//387 732//387
f 598//387 596//387 732//387
f 732//387 596//387 594//387
f 616//387 614//387 735//387
f 614//387 612//387 735//387
f 612//387 610//387 735//387
f 735//387 610//387 733//387
f 610//387 608//387 733//387
f 733//387 608//387 606//387
f 616//387 735//387 618//387
f 735//387 736//387 618//387
f 618//387 736//387 620//387
f 737//387 634//387 632//387
f 738//387 630//387 736//387
f 630//387 628//387 736//387
f 736//387 628//387 626//387
f 626//387 624//387 736//387
f 624//387 622//387 736//387
f 736//387 622//387 620//387
f 642//387 640//387 739//387
f 640//387 638//387 739//387
f 739//387 638//387 737//387
f 638//387 636//387 737//387
f 737//387 636//387 634//387
f 662//387 660//387 728//387
f 660//387 658//387 728//387
f 728//387 658//387 740//387
f 658//387 656//387 740//387
f 656//387 654//387 740//387
f 654//387 652//387 740//387
f 740//387 652//387 650//387
f 650//387 648//387 740//387
f 648//387 646//387 740//387
f 740//387 646//387 739//387
f 646//387 644//387 739//387
f 739//387 644//387 642//387
f 741//387 742//387 743//387
f 744//387 680//387 678//387
f 678//387 676//387 744//387
f 676//387 674//387 744//387
f 744//387 674//387 743//387
f 674//387 672//387 743//387
f 672//387 670//387 743//387
f 670//387 668//387 743//387
f 743//387 668//387 741//387
f 668//387 666//387 741//387
f 741//387 666//387 664//387
f 580//387 578//387 731//387
f 578//387 692//387 731//387
f 731//387 692//387 690//387
f 688//387 686//387 745//387
f 686//387 684//387 745//387
f 745//387 684//387 744//387
f 684//387 682//387 744//387
f 744//387 682//387 680//387
f 718//387 746//387 713//387
f 746//387 730//387 713//387
f 713//387 730//387 708//387
f 730//387 747//387 708//387
f 708//387 747//387 710//387
f 747//387 748//387 710//387
f 710//387 748//387 712//387
f 748//387 749//387 712//387
f 712//387 749//387 750//387
f 749//387 751//387 750//387
f 750//387 751//387 723//387
f 751//387 752//387 723//387
f 723//387 752//387 720//387
f 752//387 734//387 720//387
f 720//387 734//387 722//387
f 753//387 735//387 754//387
f 735//387 733//387 754//387
f 754//387 733//387 755//387
f 733//387 756//387 755//387
f 755//387 756//387 757//387
f 756//387 758//387 757//387
f 757//387 758//387 759//387
f 758//387 760//387 759//387
f 759//387 760//387 761//387
f 760//387 762//387 761//387
f 761//387 762//387 763//387
f 762//387 764//387 763//387
f 763//387 764//387 765//387
f 764//387 766//387 765//387
f 765//387 766//387 767//387
f 766//387 737//387 767//387
f 767//387 737//387 738//387
f 737//387 632//387 738//387
f 738//387 632//387 630//387
f 745//387 768//387 769//387
f 742//387 741//387 770//387
f 741//387 771//387 770//387
f 770//387 771//387 727//387
f 771//387 772//387 727//387
f 727//387 772//387 725//387
f 726//387 725//387 773//387
f 725//387 774//387 773//387
f 773//387 774//387 775//387
f 774//387 776//387 775//387
f 775//387 776//387 777//387
f 776//387 778//387 777//387
f 777//387 778//387 769//387
f 778//387 731//387 769//387
f 769//387 731//387 745//387
f 731//387 690//387 745//387
f 745//387 690//387 688//387
f 664//387 662//387 741//387
f 662//387 729//387 741//387
f 741//387 729//387 771//387
f 729//387 779//387 771//387
f 771//387 779//387 780//387
f 779//387 781//387 780//387
f 780//387 781//387 782//387
f 781//387 783//387 782//387
f 782//387 783//387 784//387
f 783//387 785//387 784//387
f 784//387 785//387 766//387
f 785//387 786//387 766//387
f 766//387 786//387 737//387
f 786//387 787//387 737//387
f 737//387 787//387 739//387
f 734//387 700//387 699//387
f 700//387 734//387 705//387
f 734//387 752//387 705//387
f 705//387 752//387 703//387
f 752//387 756//387 703//387
f 703//387 756//387 699//387
f 756//387 733//387 699//387
f 699//387 733//387 734//387
f 733//387 604//387 734//387
f 734//387 604//387 602//387
f 592//387 590//387 732//387
f 590//387 730//387 732//387
f 732//387 730//387 734//387
f 730//387 746//387 734//387
f 734//387 746//387 722//387
f 746//387 718//387 722//387
f 722//387 718//387 716//387
f 697//387 747//387 693//387
f 747//387 730//387 693//387
f 693//387 730//387 694//387
f 730//387 731//387 694//387
f 694//387 731//387 788//387
f 731//387 778//387 788//387
f 788//387 778//387 697//387
f 778//387 747//387 697//387
f 789//369 760//369 790//369
f 760//369 758//369 790//369
f 790//369 758//369 791//369
f 758//369 756//369 791//369
f 791//369 756//369 792//369
f 756//369 752//369 792//369
f 792//369 752//369 793//369
f 752//369 751//369 793//369
f 793//369 751//369 794//369
f 751//369 749//369 794//369
f 795//386 782//386 796//386
f 782//386 784//386 796//386
f 796//386 784//386 797//386
f 784//386 766//386 797//386
f 797//386 766//386 798//386
f 766//386 764//386 798//386
f 798//386 764//386 799//386
f 764//386 762//386 799//386
f 799//386 762//386 789//386
f 762//386 760//386 789//386
f 794//385 749//385 800//385
f 749//385 748//385 800//385
f 800//385 748//385 801//385
f 748//385 747//385 801//385
f 801//385 747//385 802//385
f 747//385 778//385 802//385
f 802//385 778//385 803//385
f 778//385 776//385 803//385
f 803//385 776//385 804//385
f 776//385 774//385 804//385
f 804//338 774//338 805//338
f 774//338 725//338 805//338
f 805//338 725//338 806//338
f 725//338 772//338 806//338
f 806//338 772//338 807//338
f 772//338 771//338 807//338
f 807//338 771//338 808//338
f 771//338 780//338 808//338
f 808//338 780//338 795//338
f 780//338 782//338 795//338
f 667//388 809//388 810//388
f 811//388 681//388 812//388
f 681//388 683//388 812//388
f 812//388 683//388 685//388
f 685//388 687//388 812//388
f 687//388 689//388 812//388
f 812//388 689//388 813//388
f 814//388 663//388 665//388
f 675//388 677//388 811//388
f 677//388 679//388 811//388
f 811//388 679//388 681//388
f 667//388 669//388 809//388
f 669//388 671//388 809//388
f 809//388 671//388 811//388
f 671//388 673//388 811//388
f 811//388 673//388 675//388
f 814//388 815//388 816//388
f 663//388 814//388 661//388
f 814//388 816//388 661//388
f 661//388 816//388 659//388
f 635//388 637//388 817//388
f 637//388 639//388 817//388
f 645//388 818//388 643//388
f 818//388 819//388 643//388
f 643//388 819//388 641//388
f 645//388 647//388 818//388
f 647//388 649//388 818//388
f 818//388 649//388 651//388
f 651//388 653//388 818//388
f 653//388 655//388 818//388
f 818//388 655//388 816//388
f 655//388 657//388 816//388
f 816//388 657//388 659//388
f 817//388 820//388 821//388
f 635//388 817//388 633//388
f 817//388 821//388 633//388
f 633//388 821//388 631//388
f 619//388 621//388 822//388
f 621//388 623//388 822//388
f 623//388 625//388 822//388
f 625//388 627//388 822//388
f 822//388 627//388 821//388
f 627//388 629//388 821//388
f 821//388 629//388 631//388
f 823//388 607//388 609//388
f 611//388 613//388 824//388
f 613//388 615//388 824//388
f 824//388 615//388 822//388
f 615//388 617//388 822//388
f 822//388 617//388 619//388
f 595//388 597//388 825//388
f 597//388 599//388 825//388
f 599//388 601//388 825//388
f 601//388 603//388 825//388
f 825//388 603//388 823//388
f 603//388 605//388 823//388
f 823//388 605//388 607//388
f 593//388 826//388 591//388
f 826//388 589//388 591//388
f 689//388 691//388 813//388
f 691//388 577//388 813//388
f 813//388 577//388 579//388
f 589//388 826//388 587//388
f 826//388 827//388 587//388
f 587//388 827//388 585//388
f 579//388 581//388 827//388
f 581//388 583//388 827//388
f 827//388 583//388 585//388
f 721//388 828//388 719//388
f 828//388 825//388 719//388
f 719//388 825//388 724//388
f 825//388 792//388 724//388
f 724//388 792//388 829//388
f 792//388 793//388 829//388
f 829//388 793//388 711//388
f 793//388 794//388 711//388
f 711//388 794//388 709//388
f 794//388 800//388 709//388
f 709//388 800//388 707//388
f 800//388 801//388 707//388
f 707//388 801//388 714//388
f 801//388 827//388 714//388
f 714//388 827//388 717//388
f 820//388 817//388 830//388
f 817//388 797//388 830//388
f 830//388 797//388 831//388
f 797//388 798//388 831//388
f 798//388 799//388 831//388
f 831//388 799//388 832//388
f 824//388 833//388 834//388
f 832//388 799//388 835//388
f 799//388 789//388 835//388
f 835//388 789//388 836//388
f 789//388 790//388 836//388
f 836//388 790//388 837//388
f 790//388 791//388 837//388
f 837//388 791//388 834//388
f 791//388 823//388 834//388
f 834//388 823//388 824//388
f 823//388 609//388 824//388
f 824//388 609//388 611//388
f 838//388 812//388 839//388
f 812//388 813//388 839//388
f 839//388 813//388 840//388
f 813//388 802//388 840//388
f 840//388 802//388 841//388
f 802//388 803//388 841//388
f 841//388 803//388 842//388
f 803//388 804//388 842//388
f 842//388 804//388 843//388
f 804//388 805//388 843//388
f 843//388 805//388 844//388
f 805//388 806//388 844//388
f 844//388 806//388 845//388
f 806//388 807//388 845//388
f 845//388 807//388 810//388
f 807//388 814//388 810//388
f 810//388 814//388 667//388
f 814//388 665//388 667//388
f 815//388 814//388 846//388
f 814//388 807//388 846//388
f 846//388 807//388 847//388
f 807//388 808//388 847//388
f 847//388 808//388 848//388
f 808//388 795//388 848//388
f 848//388 795//388 849//388
f 795//388 796//388 849//388
f 849//388 796//388 850//388
f 796//388 797//388 850//388
f 850//388 797//388 851//388
f 797//388 817//388 851//388
f 851//388 817//388 819//388
f 817//388 639//388 819//388
f 819//388 639//388 641//388
f 579//388 827//388 813//388
f 827//388 696//388 813//388
f 813//388 696//388 802//388
f 696//388 852//388 802//388
f 802//388 852//388 801//388
f 852//388 698//388 801//388
f 801//388 698//388 827//388
f 698//388 695//388 827//388
f 827//388 695//388 696//388
f 593//388 595//388 826//388
f 595//388 825//388 826//388
f 826//388 825//388 827//388
f 825//388 828//388 827//388
f 827//388 828//388 717//388
f 828//388 721//388 717//388
f 717//388 721//388 715//388
f 706//388 792//388 702//388
f 792//388 825//388 702//388
f 702//388 825//388 701//388
f 825//388 823//388 701//388
f 701//388 823//388 704//388
f 823//388 791//388 704//388
f 704//388 791//388 706//388
f 791//388 792//388 706//388
f 711//338 712//338 829//338
f 712//338 750//338 829//338
f 829//338 750//338 724//338
f 750//338 723//338 724//338
f 830//369 765//369 820//369
f 765//369 767//369 820//369
f 820//369 767//369 821//369
f 767//369 738//369 821//369
f 821//386 738//386 822//386
f 738//386 736//386 822//386
f 822//386 736//386 824//386
f 736//386 735//386 824//386
f 824//386 735//386 833//386
f 735//386 753//386 833//386
f 753//369 754//369 833//369
f 754//369 834//369 833//369
f 754//386 755//386 834//386
f 755//386 837//386 834//386
f 837//338 755//338 836//338
f 755//338 757//338 836//338
f 836//338 757//338 835//338
f 757//338 759//338 835//338
f 835//385 759//385 832//385
f 759//385 761//385 832//385
f 832//385 761//385 831//385
f 761//385 763//385 831//385
f 831//385 763//385 830//385
f 763//385 765//385 830//385
f 769//385 768//385 839//385
f 768//385 838//385 839//385
f 838//338 768//338 812//338
f 768//338 745//338 812//338
f 812//338 745//338 811//338
f 745//338 744//338 811//338
f 811//338 744//338 809//338
f 744//338 743//338 809//338
f 809//385 743//385 810//385
f 743//385 742//385 810//385
f 810//385 742//385 845//385
f 742//385 770//385 845//385
f 845//369 770//369 844//369
f 770//369 727//369 844//369
f 844//369 727//369 843//369
f 727//369 726//369 843//369
f 843//369 726//369 842//369
f 726//369 773//369 842//369
f 842//386 773//386 841//386
f 773//386 775//386 841//386
f 841//386 775//386 840//386
f 775//386 777//386 840//386
f 777//338 769//338 840//338
f 769//338 839//338 840//338
f 728//338 740//338 816//338
f 740//338 818//338 816//338
f 740//386 739//386 818//386
f 739//386 819//386 818//386
f 819//338 739//338 851//338
f 739//338 787//338 851//338
f 851//338 787//338 850//338
f 787//338 786//338 850//338
f 850//385 786//385 849//385
f 786//385 785//385 849//385
f 849//385 785//385 848//385
f 785//385 783//385 848//385
f 848//369 783//369 847//369
f 783//369 781//369 847//369
f 847//369 781//369 846//369
f 781//369 779//369 846//369
f 846//386 779//386 815//386
f 779//386 729//386 815//386
f 815//386 729//386 816//386
f 729//386 728//386 816//386
f 694//369 788//369 696//369
f 788//369 852//369 696//369
f 788//386 697//386 852//386
f 697//386 698//386 852//386
f 853//389 854//389 855//389
f 854//389 856//389 855//389
f 855//389 856//389 857//389
f 857//390 856//390 858//390
f 856//390 859//390 858//390
f 858//391 859//391 860//391
f 859//391 861//391 860//391
f 860//391 861//391 862//391
f 863//392 862//392 864//392
f 862//392 861//392 864//392
f 865//393 866//393 867//393
f 866//393 868//393 867//393
f 869//394 854//394 870//394
f 854//394 853//394 870//394
f 853//395 871//395 870//395
f 871//395 872//395 870//395
f 870//395 872//395 868//395
f 872//395 873//395 868//395
f 868//395 873//395 867//395
f 853//395 855//395 871//395
f 855//395 860//395 871//395
f 871//395 860//395 874//395
f 860//395 862//395 874//395
f 874//395 862//395 873//395
f 862//395 863//395 873//395
f 873//395 863//395 867//395
f 869//396 875//396 854//396
f 875//396 876//396 854//396
f 877//396 859//396 876//396
f 859//396 856//396 876//396
f 876//396 856//396 854//396
f 869//396 866//396 875//396
f 866//396 865//396 875//396
f 875//396 865//396 878//396
f 865//396 864//396 878//396
f 878//396 864//396 877//396
f 864//396 861//396 877//396
f 877//396 861//396 859//396
f 864//397 865//397 863//397
f 865//397 867//397 863//397
f 873//394 878//394 874//394
f 878//394 877//394 874//394
f 874//393 877//393 871//393
f 877//393 876//393 871//393
f 872//390 875//390 873//390
f 875//390 878//390 873//390
f 871//392 876//392 872//392
f 876//392 875//392 872//392
f 860//398 855//398 858//398
f 855//398 857//398 858//398
f 866//399 869//399 868//399
f 869//399 870//399 868//399
f 879//400 880//400 881//400
f 880//400 882//400 881//400
f 881//401 882//401 883//401
f 882//401 884//401 883//401
f 883//402 884//402 885//402
f 884//403 886//403 885//403
f 885//404 886//404 887//404
f 886//404 888//404 887//404
f 887//405 888//405 889//405
f 888//405 890//405 889//405
f 889//406 890//406 891//406
f 890//406 892//406 891//406
f 891//407 892//407 893//407
f 892//407 894//407 893//407
f 893//408 894//408 895//408
f 894//408 896//408 895//408
f 895//409 896//409 897//409
f 896//409 898//409 897//409
f 897//410 898//410 899//410
f 898//410 900//410 899//410
f 899//411 900//411 901//411
f 900//411 902//411 901//411
f 901//412 902//412 903//412
f 902//412 904//412 903//412
f 903//413 904//413 905//413
f 904//413 906//413 905//413
f 905//414 906//414 907//414
f 906//414 908//414 907//414
f 907//415 908//415 909//415
f 908//415 910//415 909//415
f 909//416 910//416 911//416
f 910//416 912//416 911//416
f 911//417 912//417 913//417
f 912//417 914//417 913//417
f 913//418 914//418 915//418
f 914//418 916//418 915//418
f 915//419 916//419 917//419
f 916//419 918//419 917//419
f 917//420 918//420 919//420
f 918//420 920//420 919//420
f 919//421 920//421 921//421
f 920//421 922//421 921//421
f 921//422 922//422 923//422
f 922//422 924//422 923//422
f 923//423 924//423 925//423
f 924//423 926//423 925//423
f 925//424 926//424 927//424
f 926//424 928//424 927//424
f 927//425 928//425 929//425
f 928//425 930//425 929//425
f 929//426 930//426 931//426
f 930//426 932//426 931//426
f 931//427 932//427 933//427
f 932//428 934//428 933//428
f 933//429 934//429 935//429
f 934//429 936//429 935//429
f 935//430 936//430 937//430
f 936//430 938//430 937//430
f 937//431 938//431 939//431
f 938//431 940//431 939//431
f 939//432 940//432 941//432
f 940//432 942//432 941//432
f 941//433 942//433 943//433
f 942//434 944//434 943//434
f 943//435 944//435 945//435
f 944//435 946//435 945//435
f 945//436 946//436 947//436
f 946//436 948//436 947//436
f 947//437 948//437 949//437
f 948//437 950//437 949//437
f 949//438 950//438 951//438
f 950//438 952//438 951//438
f 951//439 952//439 953//439
f 952//439 954//439 953//439
f 953//440 954//440 955//440
f 954//440 956//440 955//440
f 955//441 956//441 957//441
f 956//441 958//441 957//441
f 957//442 958//442 959//442
f 958//442 960//442 959//442
f 959//443 960//443 961//443
f 960//443 962//443 961//443
f 961//444 962//444 963//444
f 962//444 964//444 963//444
f 963//445 964//445 965//445
f 964//445 966//445 965//445
f 965//446 966//446 967//446
f 966//446 968//446 967//446
f 967//447 968//447 969//447
f 968//447 970//447 969//447
f 969//448 970//448 971//448
f 970//448 972//448 971//448
f 971//449 972//449 973//449
f 972//449 974//449 973//449
f 973//450 974//450 975//450
f 974//450 976//450 975//450
f 975//451 976//451 977//451
f 976//451 978//451 977//451
f 977//452 978//452 979//452
f 978//452 980//452 979//452
f 979//453 980//453 981//453
f 980//453 982//453 981//453
f 981//454 982//454 983//454
f 982//454 984//454 983//454
f 983//455 984//455 985//455
f 984//455 986//455 985//455
f 985//456 986//456 987//456
f 986//456 988//456 987//456
f 987//457 988//457 989//457
f 988//457 990//457 989//457
f 989//458 990//458 991//458
f 990//459 992//459 991//459
f 991//460 992//460 993//460
f 992//460 994//460 993//460
f 993//461 994//461 879//461
f 994//461 880//461 879//461
f 995//431 996//431 997//431
f 996//432 998//432 997//432
f 997//432 998//432 999//432
f 998//433 1000//433 999//433
f 999//434 1000//434 1001//434
f 1000//435 1002//435 1001//435
f 1001//435 1002//435 1003//435
f 1002//436 1004//436 1003//436
f 1003//436 1004//436 1005//436
f 1004//437 1006//437 1005//437
f 1005//437 1006//437 1007//437
f 1006//438 1008//438 1007//438
f 1007//438 1008//438 1009//438
f 1008//439 1010//439 1009//439
f 1009//439 1010//439 1011//439
f 1010//440 1012//440 1011//440
f 1011//440 1012//440 1013//440
f 1012//441 1014//441 1013//441
f 1013//441 1014//441 1015//441
f 1014//442 1016//442 1015//442
f 1015//442 1016//442 1017//442
f 1016//443 1018//443 1017//443
f 1017//443 1018//443 1019//443
f 1018//444 1020//444 1019//444
f 1019//444 1020//444 1021//444
f 1020//445 1022//445 1021//445
f 1021//445 1022//445 1023//445
f 1022//446 1024//446 1023//446
f 1023//446 1024//446 1025//446
f 1024//447 1026//447 1025//447
f 1025//447 1026//447 1027//447
f 1026//448 1028//448 1027//448
f 1027//448 1028//448 1029//448
f 1028//449 1030//449 1029//449
f 1029//449 1030//449 1031//449
f 1030//450 1032//450 1031//450
f 1031//450 1032//450 1033//450
f 1032//451 1034//451 1033//451
f 1033//451 1034//451 1035//451
f 1034//452 1036//452 1035//452
f 1035//452 1036//452 1037//452
f 1036//453 1038//453 1037//453
f 1037//453 1038//453 1039//453
f 1038//454 1040//454 1039//454
f 1039//454 1040//454 1041//454
f 1040//455 1042//455 1041//455
f 1041//455 1042//455 1043//455
f 1042//456 1044//456 1043//456
f 1043//456 1044//456 1045//456
f 1044//457 1046//457 1045//457
f 1045//457 1046//457 1047//457
f 1046//458 1048//458 1047//458
f 1047//459 1048//459 1049//459
f 1048//460 1050//460 1049//460
f 1049//460 1050//460 1051//460
f 1050//461 1052//461 1051//461
f 1051//461 1052//461 1053//461
f 1052//400 1054//400 1053//400
f 1053//400 1054//400 1055//400
f 1054//401 1056//401 1055//401
f 1055//401 1056//401 1057//401
f 1056//402 1058//402 1057//402
f 1057//403 1058//403 1059//403
f 1058//404 1060//404 1059//404
f 1059//404 1060//404 1061//404
f 1060//405 1062//405 1061//405
f 1061//405 1062//405 1063//405
f 1062//406 1064//406 1063//406
f 1063//406 1064//406 1065//406
f 1064//407 1066//407 1065//407
f 1065//407 1066//407 1067//407
f 1066//408 1068//408 1067//408
f 1067//408 1068//408 1069//408
f 1068//409 1070//409 1069//409
f 1069//409 1070//409 1071//409
f 1070//410 1072//410 1071//410
f 1071//410 1072//410 1073//410
f 1072//411 1074//411 1073//411
f 1073//411 1074//411 1075//411
f 1074//412 1076//412 1075//412
f 1075//412 1076//412 1077//412
f 1076//413 1078//413 1077//413
f 1077//413 1078//413 1079//413
f 1078//414 1080//414 1079//414
f 1079//414 1080//414 1081//414
f 1080//415 1082//415 1081//415
f 1081//415 1082//415 1083//415
f 1082//416 1084//416 1083//416
f 1083//416 1084//416 1085//416
f 1084//417 1086//417 1085//417
f 1085//417 1086//417 1087//417
f 1086//418 1088//418 1087//418
f 1087//418 1088//418 1089//418
f 1088//419 1090//419 1089//419
f 1089//419 1090//419 1091//419
f 1090//420 1092//420 1091//420
f 1091//420 1092//420 1093//420
f 1092//421 1094//421 1093//421
f 1093//421 1094//421 1095//421
f 1094//422 1096//422 1095//422
f 1095//422 1096//422 1097//422
f 1096//423 1098//423 1097//423
f 1097//423 1098//423 1099//423
f 1098//424 1100//424 1099//424
f 1099//424 1100//424 1101//424
f 1100//425 1102//425 1101//425
f 1101//425 1102//425 1103//425
f 1102//426 1104//426 1103//426
f 1103//426 1104//426 1105//426
f 1104//427 1106//427 1105//427
f 1105//428 1106//428 1107//428
f 1106//429 1108//429 1107//429
f 1107//429 1108//429 1109//429
f 1108//430 1110//430 1109//430
f 1109//430 1110//430 995//430
f 1110//431 996//431 995//431
f 932//462 1047//462 934//462
f 1047//462 1049//462 934//462
f 934//462 1049//462 936//462
f 1049//462 1051//462 936//462
f 936//462 1051//462 938//462
f 1051//462 1053//462 938//462
f 938//462 1053//462 940//462
f 1053//462 1055//462 940//462
f 940//462 1055//462 942//462
f 1055//462 1057//462 942//462
f 942//462 1057//462 944//462
f 1057//462 1059//462 944//462
f 944//462 1059//462 946//462
f 1059//462 1061//462 946//462
f 946//462 1061//462 948//462
f 1061//462 1063//462 948//462
f 948//462 1063//462 950//462
f 1063//462 1065//462 950//462
f 950//462 1065//462 952//462
f 1065//462 1067//462 952//462
f 952//462 1067//462 954//462
f 1067//462 1069//462 954//462
f 954//462 1069//462 956//462
f 1069//462 1071//462 956//462
f 956//462 1071//462 958//462
f 1071//462 1073//462 958//462
f 958//462 1073//462 960//462
f 1073//462 1075//462 960//462
f 960//462 1075//462 962//462
f 1075//462 1077//462 962//462
f 962//462 1077//462 964//462
f 1077//462 1079//462 964//462
f 964//462 1079//462 966//462
f 1079//462 1081//462 966//462
f 966//462 1081//462 968//462
f 1081//462 1083//462 968//462
f 968//462 1083//462 970//462
f 1083//462 1085//462 970//462
f 970//462 1085//462 972//462
f 1085//462 1087//462 972//462
f 972//462 1087//462 974//462
f 1087//462 1089//462 974//462
f 974//462 1089//462 976//462
f 1089//462 1091//462 976//462
f 976//462 1091//462 978//462
f 1091//462 1093//462 978//462
f 978//462 1093//462 980//462
f 1093//462 1095//462 980//462
f 980//462 1095//462 982//462
f 1095//462 1097//462 982//462
f 982//462 1097//462 984//462
f 1097//462 1099//462 984//462
f 984//462 1099//462 986//462
f 1099//462 1101//462 986//462
f 986//462 1101//462 988//462
f 1101//462 1103//462 988//462
f 988//462 1103//462 990//462
f 1103//462 1105//462 990//462
f 990//462 1105//462 992//462
f 1105//462 1107//462 992//462
f 992//462 1107//462 994//462
f 1107//462 1109//462 994//462
f 994//462 1109//462 880//462
f 1109//462 995//462 880//462
f 880//462 995//462 882//462
f 995//462 997//462 882//462
f 882//462 997//462 884//462
f 997//462 999//462 884//462
f 884//462 999//462 886//462
f 999//462 1001//462 886//462
f 886//462 1001//462 888//462
f 1001//462 1003//462 888//462
f 888//462 1003//462 890//462
f 1003//462 1005//462 890//462
f 890//462 1005//462 892//462
f 1005//462 1007//462 892//462
f 892//462 1007//462 894//462
f 1007//462 1009//462 894//462
f 894//462 1009//462 896//462
f 1009//462 1011//462 896//462
f 896//462 1011//462 898//462
f 1011//462 1013//462 898//462
f 898//462 1013//462 900//462
f 1013//462 1015//462 900//462
f 900//462 1015//462 902//462
f 1015//462 1017//462 902//462
f 902//462 1017//462 904//462
f 1017//462 1019//462 904//462
f 904//462 1019//462 906//462
f 1019//462 1021//462 906//462
f 906//462 1021//462 908//462
f 1021//462 1023//462 908//462
f 908//462 1023//462 910//462
f 1023//462 1025//462 910//462
f 910//462 1025//462 912//462
f 1025//462 1027//462 912//462
f 912//462 1027//462 914//462
f 1027//462 1029//462 914//462
f 914//462 1029//462 916//462
f 1029//462 1031//462 916//462
f 916//462 1031//462 918//462
f 1031//462 1033//462 918//462
f 918//462 1033//462 920//462
f 1033//462 1035//462 920//462
f 920//462 1035//462 922//462
f 1035//462 1037//462 922//462
f 922//462 1037//462 924//462
f 1037//462 1039//462 924//462
f 924//462 1039//462 926//462
f 1039//462 1041//462 926//462
f 926//462 1041//462 928//462
f 1041//462 1043//462 928//462
f 928//462 1043//462 930//462
f 1043//462 1045//462 930//462
f 930//462 1045//462 932//462
f 1045//462 1047//462 932//462
f 913//463 1028//463 911//463
f 1028//463 1026//463 911//463
f 911//463 1026//463 909//463
f 1026//463 1024//463 909//463
f 909//463 1024//463 907//463
f 1024//463 1022//463 907//463
f 907//463 1022//463 905//463
f 1022//463 1020//463 905//463
f 905//463 1020//463 903//463
f 1020//463 1018//463 903//463
f 903//463 1018//463 901//463
f 1018//463 1016//463 901//463
f 901//463 1016//463 899//463
f 1016//463 1014//463 899//463
f 899//463 1014//463 897//463
f 1014//463 1012//463 897//463
f 897//463 1012//463 895//463
f 1012//463 1010//463 895//463
f 895//463 1010//463 893//463
f 1010//463 1008//463 893//463
f 893//463 1008//463 891//463
f 1008//463 1006//463 891//463
f 891//463 1006//463 889//463
f 1006//463 1004//463 889//463
f 889//463 1004//463 887//463
f 1004//463 1002//463 887//463
f 887//463 1002//463 885//463
f 1002//463 1000//463 885//463
f 885//463 1000//463 883//463
f 1000//463 998//463 883//463
f 883//463 998//463 881//463
f 998//463 996//463 881//463
f 881//463 996//463 879//463
f 996//463 1110//463 879//463
f 879//463 1110//463 993//463
f 1110//463 1108//463 993//463
f 993//463 1108//463 991//463
f 1108//463 1106//463 991//463
f 991//463 1106//463 989//463
f 1106//463 1104//463 989//463
f 989//463 1104//463 987//463
f 1104//463 1102//463 987//463
f 987//463 1102//463 985//463
f 1102//463 1100//463 985//463
f 985//463 1100//463 983//463
f 1100//463 1098//463 983//463
f 983//463 1098//463 981//463
f 1098//463 1096//463 981//463
f 981//463 1096//463 979//463
f 1096//463 1094//463 979//463
f 979//463 1094//463 977//463
f 1094//463 1092//463 977//463
f 977//463 1092//463 975//463
f 1092//463 1090//463 975//463
f 975//463 1090//463 973//463
f 1090//463 1088//463 973//463
f 973//463 1088//463 971//463
f 1088//463 1086//463 971//463
f 971//463 1086//463 969//463
f 1086//463 1084//463 969//463
f 969//463 1084//463 967//463
f 1084//463 1082//463 967//463
f 967//463 1082//463 965//463
f 1082//463 1080//463 965//463
f 965//463 1080//463 963//463
f 1080//463 1078//463 963//463
f 963//463 1078//463 961//463
f 1078//463 1076//463 961//463
f 961//463 1076//463 959//463
f 1076//463 1074//463 959//463
f 959//463 1074//463 957//463
f 1074//463 1072//463 957//463
f 957//463 1072//463 955//463
f 1072//463 1070//463 955//463
f 955//463 1070//463 953//463
f 1070//463 1068//463 953//463
f 953//463 1068//463 951//463
f 1068//463 1066//463 951//463
f 951//463 1066//463 949//463
f 1066//463 1064//463 949//463
f 949//463 1064//463 947//463
f 1064//463 1062//463 947//463
f 947//463 1062//463 945//463
f 1062//463 1060//463 945//463
f 945//463 1060//463 943//463
f 1060//463 1058//463 943//463
f 943//463 1058//463 941//463
f 1058//463 1056//463 941//463
f 941//463 1056//463 939//463
f 1056//463 1054//463 939//463
f 939//463 1054//463 937//463
f 1054//463 1052//463 937//463
f 937//463 1052//463 935//463
f 1052//463 1050//463 935//463
f 935//463 1050//463 933//463
f 1050//463 1048//463 933//463
f 933//463 1048//463 931//463
f 1048//463 1046//463 931//463
f 931//463 1046//463 929//463
f 1046//463 1044//463 929//463
f 929//463 1044//463 927//463
f 1044//463 1042//463 927//463
f 927//463 1042//463 925//463
f 1042//463 1040//463 925//463
f 925//463 1040//463 923//463
f 1040//463 1038//463 923//463
f 923//463 1038//463 921//463
f 1038//463 1036//463 921//463
f 921//463 1036//463 919//463
f 1036//463 1034//463 919//463
f 919//463 1034//463 917//463
f 1034//463 1032//463 917//463
f 917//463 1032//463 915//463
f 1032//463 1030//463 915//463
f 915//463 1030//463 913//463
f 1030//463 1028//463 913//463
f 1111//464 1112//464 1113//464
f 1112//464 1114//464 1113//464
f 1113//465 1114//465 1115//465
f 1114//465 1116//465 1115//465
f 1115//466 1116//466 1117//466
f 1116//466 1118//466 1117//466
f 1117//467 1118//467 1119//467
f 1118//467 1120//467 1119//467
f 1119//468 1120//468 1121//468
f 1120//468 1122//468 1121//468
f 1121//469 1122//469 1123//469
f 1122//469 1124//469 1123//469
f 1123//470 1124//470 1125//470
f 1124//470 1126//470 1125//470
f 1125//471 1126//471 1127//471
f 1126//471 1128//471 1127//471
f 1127//472 1128//472 1129//472
f 1128//472 1130//472 1129//472
f 1129//473 1130//473 1131//473
f 1130//473 1132//473 1131//473
f 1131//474 1132//474 1133//474
f 1132//474 1134//474 1133//474
f 1133//475 1134//475 1135//475
f 1134//475 1136//475 1135//475
f 1135//476 1136//476 1137//476
f 1136//476 1138//476 1137//476
f 1137//477 1138//477 1139//477
f 1138//477 1140//477 1139//477
f 1139//478 1140//478 1141//478
f 1140//478 1142//478 1141//478
f 1141//479 1142//479 1143//479
f 1142//479 1144//479 1143//479
f 1143//480 1144//480 1145//480
f 1144//480 1146//480 1145//480
f 1145//481 1146//481 1147//481
f 1146//481 1148//481 1147//481
f 1147//482 1148//482 1149//482
f 1148//482 1150//482 1149//482
f 1149//483 1150//483 1151//483
f 1150//483 1152//483 1151//483
f 1151//484 1152//484 1153//484
f 1152//484 1154//484 1153//484
f 1153//485 1154//485 1155//485
f 1154//485 1156//485 1155//485
f 1155//486 1156//486 1157//486
f 1156//486 1158//486 1157//486
f 1157//487 1158//487 1159//487
f 1158//487 1160//487 1159//487
f 1159//488 1160//488 1161//488
f 1160//488 1162//488 1161//488
f 1161//489 1162//489 1163//489
f 1162//489 1164//489 1163//489
f 1163//490 1164//490 1165//490
f 1164//490 1166//490 1165//490
f 1165//491 1166//491 1167//491
f 1166//491 1168//491 1167//491
f 1167//492 1168//492 1169//492
f 1168//492 1170//492 1169//492
f 1169//493 1170//493 1171//493
f 1170//493 1172//493 1171//493
f 1171//494 1172//494 1173//494
f 1172//494 1174//494 1173//494
f 1173//495 1174//495 1175//495
f 1174//495 1176//495 1175//495
f 1175//496 1176//496 1177//496
f 1176//496 1178//496 1177//496
f 1177//497 1178//497 1179//497
f 1178//497 1180//497 1179//497
f 1179//498 1180//498 1181//498
f 1180//498 1182//498 1181//498
f 1181//499 1182//499 1183//499
f 1182//499 1184//499 1183//499
f 1183//500 1184//500 1185//500
f 1184//500 1186//500 1185//500
f 1185//501 1186//501 1187//501
f 1186//501 1188//501 1187//501
f 1187//502 1188//502 1189//502
f 1188//502 1190//502 1189//502
f 1189//503 1190//503 1191//503
f 1190//503 1192//503 1191//503
f 1191//504 1192//504 1193//504
f 1192//504 1194//504 1193//504
f 1193//505 1194//505 1195//505
f 1194//505 1196//505 1195//505
f 1195//506 1196//506 1197//506
f 1196//506 1198//506 1197//506
f 1197//507 1198//507 1199//507
f 1198//507 1200//507 1199//507
f 1199//508 1200//508 1201//508
f 1200//508 1202//508 1201//508
f 1201//509 1202//509 1203//509
f 1202//509 1204//509 1203//509
f 1203//510 1204//510 1205//510
f 1204//510 1206//510 1205//510
f 1205//511 1206//511 1207//511
f 1206//511 1208//511 1207//511
f 1207//512 1208//512 1209//512
f 1208//512 1210//512 1209//512
f 1209//513 1210//513 1211//513
f 1210//513 1212//513 1211//513
f 1211//514 1212//514 1213//514
f 1212//514 1214//514 1213//514
f 1213//515 1214//515 1215//515
f 1214//515 1216//515 1215//515
f 1215//516 1216//516 1217//516
f 1216//516 1218//516 1217//516
f 1217//517 1218//517 1219//517
f 1218//517 1220//517 1219//517
f 1219//518 1220//518 1221//518
f 1220//518 1222//518 1221//518
f 1221//519 1222//519 1223//519
f 1222//519 1224//519 1223//519
f 1223//520 1224//520 1225//520
f 1224//520 1226//520 1225//520
f 1225//521 1226//521 1111//521
f 1226//521 1112//521 1111//521
f 1227//522 1228//522 1229//522
f 1230//522 1231//522 1232//522
f 1233//522 1234//522 1235//522
f 1236//522 1237//522 1238//522
f 1239//522 1229//522 1240//522
f 1229//522 1237//522 1240//522
f 1239//522 1241//522 1229//522
f 1241//522 1242//522 1229//522
f 1229//522 1242//522 1227//522
f 1228//522 1243//522 1229//522
f 1243//522 1244//522 1229//522
f 1229//522 1244//522 1245//522
f 1246//522 1185//522 1247//522
f 1185//522 1187//522 1247//522
f 1248//522 1249//522 1250//522
f 1251//522 1252//522 1253//522
f 1254//522 1255//522 1256//522
f 1255//522 1257//522 1256//522
f 1205//522 1258//522 1203//522
f 1258//522 1201//522 1203//522
f 1131//522 1133//522 1256//522
f 1259//522 1260//522 1261//522
f 1252//522 1262//522 1253//522
f 1262//522 1263//522 1253//522
f 1253//522 1263//522 1232//522
f 1263//522 1264//522 1232//522
f 1232//522 1264//522 1230//522
f 1265//522 1266//522 1238//522
f 1257//522 1267//522 1256//522
f 1267//522 1268//522 1256//522
f 1256//522 1268//522 1269//522
f 1268//522 1270//522 1269//522
f 1269//522 1270//522 1271//522
f 1271//522 1270//522 1272//522
f 1270//522 1273//522 1272//522
f 1272//522 1273//522 1274//522
f 1274//522 1275//522 1272//522
f 1275//522 1276//522 1272//522
f 1272//522 1276//522 1277//522
f 1245//522 1278//522 1229//522
f 1278//522 1272//522 1229//522
f 1229//522 1272//522 1279//522
f 1272//522 1277//522 1279//522
f 1187//522 1189//522 1247//522
f 1189//522 1191//522 1247//522
f 1247//522 1191//522 1193//522
f 1259//522 1261//522 1280//522
f 1281//522 1229//522 1282//522
f 1229//522 1283//522 1282//522
f 1282//522 1283//522 1284//522
f 1284//522 1285//522 1282//522
f 1285//522 1286//522 1282//522
f 1282//522 1286//522 1287//522
f 1281//522 1288//522 1229//522
f 1288//522 1289//522 1229//522
f 1229//522 1289//522 1290//522
f 1265//522 1238//522 1291//522
f 1292//522 1293//522 1294//522
f 1293//522 1295//522 1294//522
f 1135//522 1137//522 1296//522
f 1297//522 1298//522 1133//522
f 1298//522 1299//522 1133//522
f 1133//522 1299//522 1256//522
f 1299//522 1300//522 1256//522
f 1256//522 1300//522 1254//522
f 1231//522 1301//522 1232//522
f 1301//522 1302//522 1232//522
f 1232//522 1302//522 1261//522
f 1302//522 1303//522 1261//522
f 1261//522 1303//522 1280//522
f 1235//522 1234//522 1253//522
f 1234//522 1304//522 1253//522
f 1253//522 1304//522 1251//522
f 1305//522 1306//522 1307//522
f 1306//522 1308//522 1307//522
f 1292//522 1309//522 1293//522
f 1309//522 1310//522 1293//522
f 1293//522 1310//522 1311//522
f 1310//522 1312//522 1311//522
f 1311//522 1312//522 1313//522
f 1314//522 1315//522 1316//522
f 1315//522 1317//522 1316//522
f 1316//522 1317//522 1318//522
f 1317//522 1319//522 1318//522
f 1318//522 1319//522 1320//522
f 1321//522 1177//522 1246//522
f 1177//522 1179//522 1246//522
f 1179//522 1181//522 1246//522
f 1181//522 1183//522 1246//522
f 1246//522 1183//522 1185//522
f 1193//522 1195//522 1247//522
f 1195//522 1197//522 1247//522
f 1247//522 1197//522 1258//522
f 1197//522 1199//522 1258//522
f 1258//522 1199//522 1201//522
f 1296//522 1143//522 1322//522
f 1143//522 1323//522 1322//522
f 1135//522 1296//522 1133//522
f 1296//522 1324//522 1133//522
f 1133//522 1324//522 1297//522
f 1167//522 1169//522 1325//522
f 1169//522 1171//522 1325//522
f 1325//522 1171//522 1326//522
f 1171//522 1173//522 1326//522
f 1326//522 1173//522 1321//522
f 1173//522 1175//522 1321//522
f 1321//522 1175//522 1177//522
f 1290//522 1327//522 1229//522
f 1327//522 1328//522 1229//522
f 1229//522 1328//522 1237//522
f 1328//522 1329//522 1237//522
f 1237//522 1329//522 1238//522
f 1266//522 1330//522 1238//522
f 1330//522 1331//522 1238//522
f 1238//522 1331//522 1236//522
f 1313//522 1332//522 1311//522
f 1332//522 1333//522 1311//522
f 1311//522 1333//522 1314//522
f 1333//522 1334//522 1314//522
f 1314//522 1334//522 1315//522
f 1335//522 1127//522 1256//522
f 1127//522 1129//522 1256//522
f 1256//522 1129//522 1131//522
f 1205//522 1207//522 1258//522
f 1207//522 1209//522 1258//522
f 1258//522 1209//522 1336//522
f 1209//522 1211//522 1336//522
f 1336//522 1211//522 1213//522
f 1137//522 1139//522 1296//522
f 1139//522 1141//522 1296//522
f 1296//522 1141//522 1143//522
f 1149//522 1337//522 1147//522
f 1337//522 1323//522 1147//522
f 1147//522 1323//522 1145//522
f 1323//522 1143//522 1145//522
f 1149//522 1151//522 1337//522
f 1151//522 1153//522 1337//522
f 1337//522 1153//522 1155//522
f 1325//522 1338//522 1167//522
f 1338//522 1339//522 1167//522
f 1167//522 1339//522 1165//522
f 1339//522 1340//522 1165//522
f 1165//522 1340//522 1163//522
f 1340//522 1341//522 1163//522
f 1163//522 1341//522 1161//522
f 1342//522 1343//522 1344//522
f 1345//522 1346//522 1347//522
f 1346//522 1291//522 1347//522
f 1347//522 1291//522 1348//522
f 1291//522 1238//522 1348//522
f 1349//522 1350//522 1351//522
f 1350//522 1250//522 1351//522
f 1351//522 1250//522 1352//522
f 1250//522 1249//522 1352//522
f 1308//522 1353//522 1307//522
f 1353//522 1354//522 1307//522
f 1307//522 1354//522 1293//522
f 1354//522 1355//522 1293//522
f 1293//522 1355//522 1295//522
f 1356//522 1357//522 1217//522
f 1357//522 1358//522 1217//522
f 1217//522 1358//522 1215//522
f 1335//522 1359//522 1127//522
f 1359//522 1360//522 1127//522
f 1127//522 1360//522 1125//522
f 1360//522 1123//522 1125//522
f 1361//522 1362//522 1363//522
f 1362//522 1364//522 1363//522
f 1363//522 1364//522 1365//522
f 1366//522 1367//522 1368//522
f 1349//522 1369//522 1350//522
f 1369//522 1370//522 1350//522
f 1350//522 1370//522 1371//522
f 1372//522 1373//522 1374//522
f 1373//522 1375//522 1374//522
f 1374//522 1375//522 1307//522
f 1375//522 1376//522 1307//522
f 1307//522 1376//522 1305//522
f 1377//522 1378//522 1379//522
f 1378//522 1380//522 1379//522
f 1361//522 1381//522 1362//522
f 1381//522 1382//522 1362//522
f 1362//522 1382//522 1368//522
f 1382//522 1383//522 1368//522
f 1368//522 1383//522 1366//522
f 1367//522 1384//522 1368//522
f 1384//522 1385//522 1368//522
f 1368//522 1385//522 1250//522
f 1385//522 1386//522 1250//522
f 1250//522 1386//522 1248//522
f 1344//522 1387//522 1342//522
f 1387//522 1388//522 1342//522
f 1342//522 1388//522 1389//522
f 1345//522 1390//522 1346//522
f 1390//522 1391//522 1346//522
f 1346//522 1391//522 1392//522
f 1380//522 1336//522 1379//522
f 1336//522 1213//522 1379//522
f 1379//522 1213//522 1393//522
f 1213//522 1215//522 1393//522
f 1393//522 1215//522 1394//522
f 1215//522 1358//522 1394//522
f 1117//522 1119//522 1360//522
f 1119//522 1121//522 1360//522
f 1360//522 1121//522 1123//522
f 1341//522 1395//522 1161//522
f 1395//522 1396//522 1161//522
f 1161//522 1396//522 1159//522
f 1396//522 1397//522 1159//522
f 1159//522 1397//522 1157//522
f 1397//522 1398//522 1157//522
f 1157//522 1398//522 1261//522
f 1356//522 1217//522 1360//522
f 1217//522 1219//522 1360//522
f 1360//522 1219//522 1221//522
f 1221//522 1223//522 1360//522
f 1223//522 1225//522 1360//522
f 1360//522 1225//522 1111//522
f 1111//522 1113//522 1360//522
f 1113//522 1115//522 1360//522
f 1360//522 1115//522 1117//522
f 1365//522 1364//522 1399//522
f 1364//522 1400//522 1399//522
f 1399//522 1400//522 1401//522
f 1400//522 1402//522 1401//522
f 1401//522 1402//522 1403//522
f 1402//522 1404//522 1403//522
f 1403//522 1404//522 1405//522
f 1404//522 1406//522 1405//522
f 1405//522 1406//522 1407//522
f 1406//522 1408//522 1407//522
f 1407//522 1408//522 1409//522
f 1408//522 1410//522 1409//522
f 1409//522 1410//522 1377//522
f 1410//522 1411//522 1377//522
f 1377//522 1411//522 1378//522
f 1155//522 1157//522 1337//522
f 1157//522 1261//522 1337//522
f 1337//522 1261//522 1412//522
f 1261//522 1260//522 1412//522
f 1389//522 1413//522 1342//522
f 1413//522 1414//522 1342//522
f 1342//522 1414//522 1415//522
f 1414//522 1282//522 1415//522
f 1415//522 1282//522 1416//522
f 1282//522 1287//522 1416//522
f 1343//522 1342//522 1320//522
f 1342//522 1417//522 1320//522
f 1320//522 1417//522 1318//522
f 1417//522 1418//522 1318//522
f 1318//522 1418//522 1419//522
f 1418//522 1420//522 1419//522
f 1419//522 1420//522 1421//522
f 1420//522 1422//522 1421//522
f 1421//522 1422//522 1423//522
f 1422//522 1424//522 1423//522
f 1423//522 1424//522 1425//522
f 1424//522 1426//522 1425//522
f 1425//522 1426//522 1427//522
f 1426//522 1428//522 1427//522
f 1427//522 1428//522 1429//522
f 1428//522 1430//522 1429//522
f 1429//522 1430//522 1431//522
f 1430//522 1432//522 1431//522
f 1432//522 1433//522 1431//522
f 1431//522 1433//522 1235//522
f 1433//522 1434//522 1235//522
f 1235//522 1434//522 1233//522
f 1435//522 1436//522 1374//522
f 1436//522 1437//522 1374//522
f 1374//522 1437//522 1372//522
f 1438//522 1439//522 1440//522
f 1439//522 1441//522 1440//522
f 1440//522 1441//522 1442//522
f 1441//522 1443//522 1442//522
f 1442//522 1443//522 1350//522
f 1444//522 1445//522 1446//522
f 1445//522 1447//522 1446//522
f 1446//522 1447//522 1448//522
f 1447//522 1449//522 1448//522
f 1448//522 1449//522 1435//522
f 1449//522 1450//522 1435//522
f 1435//522 1450//522 1436//522
f 1392//522 1442//522 1346//522
f 1442//522 1350//522 1346//522
f 1346//522 1350//522 1451//522
f 1350//522 1371//522 1451//522
f 1446//522 1452//522 1444//522
f 1452//522 1453//522 1444//522
f 1444//522 1453//522 1454//522
f 1453//522 1455//522 1454//522
f 1454//522 1455//522 1456//522
f 1455//522 1457//522 1456//522
f 1456//522 1457//522 1438//522
f 1457//522 1458//522 1438//522
f 1438//522 1458//522 1439//522
f 1459//523 1460//523 1461//523
f 1462//523 1463//523 1464//523
f 1208//523 1206//523 1465//523
f 1206//523 1204//523 1465//523
f 1466//523 1467//523 1468//523
f 1216//523 1214//523 1469//523
f 1214//523 1212//523 1469//523
f 1469//523 1212//523 1465//523
f 1212//523 1210//523 1465//523
f 1465//523 1210//523 1208//523
f 1192//523 1470//523 1194//523
f 1470//523 1196//523 1194//523
f 1464//523 1471//523 1472//523
f 1463//523 1473//523 1464//523
f 1473//523 1474//523 1464//523
f 1464//523 1474//523 1475//523
f 1476//523 1477//523 1478//523
f 1472//523 1479//523 1464//523
f 1479//523 1480//523 1464//523
f 1464//523 1480//523 1462//523
f 1475//523 1481//523 1464//523
f 1481//523 1482//523 1464//523
f 1464//523 1482//523 1483//523
f 1484//523 1485//523 1486//523
f 1485//523 1487//523 1486//523
f 1488//523 1489//523 1490//523
f 1489//523 1491//523 1490//523
f 1492//523 1220//523 1469//523
f 1220//523 1218//523 1469//523
f 1469//523 1218//523 1216//523
f 1204//523 1202//523 1465//523
f 1202//523 1200//523 1465//523
f 1465//523 1200//523 1470//523
f 1200//523 1198//523 1470//523
f 1470//523 1198//523 1196//523
f 1152//523 1150//523 1464//523
f 1150//523 1148//523 1464//523
f 1464//523 1148//523 1146//523
f 1493//523 1494//523 1495//523
f 1494//523 1496//523 1495//523
f 1496//523 1497//523 1495//523
f 1497//523 1498//523 1495//523
f 1495//523 1498//523 1476//523
f 1498//523 1499//523 1476//523
f 1476//523 1499//523 1477//523
f 1478//523 1500//523 1476//523
f 1500//523 1501//523 1476//523
f 1476//523 1501//523 1461//523
f 1501//523 1502//523 1461//523
f 1461//523 1502//523 1459//523
f 1146//523 1144//523 1464//523
f 1144//523 1142//523 1464//523
f 1464//523 1142//523 1471//523
f 1503//523 1504//523 1138//523
f 1130//523 1128//523 1505//523
f 1128//523 1126//523 1505//523
f 1506//523 1507//523 1485//523
f 1508//523 1485//523 1509//523
f 1485//523 1510//523 1509//523
f 1484//523 1511//523 1485//523
f 1511//523 1512//523 1485//523
f 1485//523 1512//523 1513//523
f 1514//523 1515//523 1516//523
f 1517//523 1518//523 1519//523
f 1518//523 1461//523 1519//523
f 1519//523 1461//523 1520//523
f 1461//523 1460//523 1520//523
f 1521//523 1522//523 1523//523
f 1522//523 1524//523 1523//523
f 1521//523 1525//523 1522//523
f 1525//523 1526//523 1522//523
f 1522//523 1526//523 1527//523
f 1526//523 1528//523 1527//523
f 1527//523 1528//523 1529//523
f 1504//523 1530//523 1138//523
f 1530//523 1531//523 1138//523
f 1138//523 1531//523 1532//523
f 1142//523 1140//523 1471//523
f 1140//523 1138//523 1471//523
f 1471//523 1138//523 1533//523
f 1138//523 1532//523 1533//523
f 1534//523 1535//523 1536//523
f 1535//523 1468//523 1536//523
f 1536//523 1468//523 1537//523
f 1468//523 1467//523 1537//523
f 1534//523 1538//523 1535//523
f 1538//523 1539//523 1535//523
f 1535//523 1539//523 1540//523
f 1507//523 1541//523 1485//523
f 1541//523 1542//523 1485//523
f 1485//523 1542//523 1543//523
f 1543//523 1544//523 1485//523
f 1544//523 1545//523 1485//523
f 1485//523 1545//523 1510//523
f 1487//523 1485//523 1546//523
f 1485//523 1547//523 1546//523
f 1546//523 1547//523 1548//523
f 1548//523 1549//523 1546//523
f 1549//523 1550//523 1546//523
f 1546//523 1550//523 1551//523
f 1552//523 1553//523 1554//523
f 1555//523 1556//523 1557//523
f 1514//523 1516//523 1558//523
f 1513//523 1559//523 1560//523
f 1559//523 1516//523 1560//523
f 1560//523 1516//523 1561//523
f 1516//523 1515//523 1561//523
f 1114//523 1112//523 1562//523
f 1112//523 1226//523 1562//523
f 1562//523 1226//523 1563//523
f 1226//523 1224//523 1563//523
f 1563//523 1224//523 1492//523
f 1224//523 1222//523 1492//523
f 1492//523 1222//523 1220//523
f 1513//523 1560//523 1485//523
f 1560//523 1564//523 1485//523
f 1485//523 1564//523 1506//523
f 1483//523 1565//523 1464//523
f 1565//523 1566//523 1464//523
f 1464//523 1566//523 1567//523
f 1566//523 1485//523 1567//523
f 1567//523 1485//523 1568//523
f 1485//523 1508//523 1568//523
f 1556//523 1569//523 1557//523
f 1569//523 1570//523 1557//523
f 1557//523 1570//523 1468//523
f 1570//523 1571//523 1468//523
f 1468//523 1571//523 1466//523
f 1572//523 1573//523 1574//523
f 1573//523 1575//523 1574//523
f 1574//523 1575//523 1576//523
f 1576//523 1575//523 1516//523
f 1575//523 1577//523 1516//523
f 1516//523 1577//523 1558//523
f 1491//523 1578//523 1490//523
f 1578//523 1579//523 1490//523
f 1490//523 1579//523 1522//523
f 1579//523 1580//523 1522//523
f 1522//523 1580//523 1524//523
f 1529//523 1581//523 1527//523
f 1581//523 1582//523 1527//523
f 1527//523 1582//523 1583//523
f 1152//523 1464//523 1154//523
f 1464//523 1584//523 1154//523
f 1154//523 1584//523 1585//523
f 1585//523 1586//523 1154//523
f 1586//523 1587//523 1154//523
f 1154//523 1587//523 1588//523
f 1138//523 1136//523 1503//523
f 1136//523 1134//523 1503//523
f 1503//523 1134//523 1505//523
f 1134//523 1132//523 1505//523
f 1505//523 1132//523 1130//523
f 1126//523 1124//523 1505//523
f 1124//523 1535//523 1505//523
f 1505//523 1535//523 1589//523
f 1535//523 1540//523 1589//523
f 1120//523 1590//523 1122//523
f 1590//523 1591//523 1122//523
f 1122//523 1591//523 1124//523
f 1591//523 1592//523 1124//523
f 1124//523 1592//523 1535//523
f 1572//523 1593//523 1573//523
f 1593//523 1594//523 1573//523
f 1573//523 1594//523 1595//523
f 1582//523 1596//523 1583//523
f 1596//523 1597//523 1583//523
f 1583//523 1597//523 1598//523
f 1597//523 1599//523 1598//523
f 1598//523 1599//523 1600//523
f 1599//523 1601//523 1600//523
f 1600//523 1601//523 1602//523
f 1178//523 1176//523 1603//523
f 1164//523 1162//523 1603//523
f 1162//523 1160//523 1603//523
f 1562//523 1604//523 1114//523
f 1604//523 1605//523 1114//523
f 1114//523 1605//523 1116//523
f 1605//523 1606//523 1116//523
f 1116//523 1606//523 1118//523
f 1606//523 1607//523 1118//523
f 1118//523 1607//523 1120//523
f 1607//523 1608//523 1120//523
f 1120//523 1608//523 1590//523
f 1609//523 1610//523 1554//523
f 1610//523 1611//523 1554//523
f 1554//523 1611//523 1552//523
f 1612//523 1613//523 1614//523
f 1613//523 1615//523 1614//523
f 1615//523 1616//523 1614//523
f 1616//523 1617//523 1614//523
f 1614//523 1617//523 1557//523
f 1617//523 1618//523 1557//523
f 1557//523 1618//523 1555//523
f 1619//523 1620//523 1621//523
f 1620//523 1622//523 1621//523
f 1621//523 1622//523 1490//523
f 1622//523 1623//523 1490//523
f 1490//523 1623//523 1488//523
f 1178//523 1603//523 1180//523
f 1176//523 1174//523 1603//523
f 1174//523 1172//523 1603//523
f 1603//523 1172//523 1170//523
f 1170//523 1168//523 1603//523
f 1168//523 1166//523 1603//523
f 1603//523 1166//523 1164//523
f 1192//523 1190//523 1470//523
f 1190//523 1188//523 1470//523
f 1470//523 1188//523 1624//523
f 1188//523 1186//523 1624//523
f 1624//523 1186//523 1184//523
f 1553//523 1625//523 1554//523
f 1625//523 1626//523 1554//523
f 1554//523 1626//523 1627//523
f 1626//523 1546//523 1627//523
f 1627//523 1546//523 1628//523
f 1546//523 1551//523 1628//523
f 1517//523 1629//523 1518//523
f 1629//523 1630//523 1518//523
f 1518//523 1630//523 1631//523
f 1632//523 1633//523 1634//523
f 1633//523 1635//523 1634//523
f 1634//523 1635//523 1636//523
f 1635//523 1637//523 1636//523
f 1636//523 1637//523 1638//523
f 1637//523 1639//523 1638//523
f 1639//523 1640//523 1638//523
f 1638//523 1640//523 1621//523
f 1640//523 1641//523 1621//523
f 1621//523 1641//523 1619//523
f 1588//523 1642//523 1154//523
f 1642//523 1643//523 1154//523
f 1154//523 1643//523 1156//523
f 1643//523 1603//523 1156//523
f 1156//523 1603//523 1158//523
f 1603//523 1160//523 1158//523
f 1644//523 1645//523 1646//523
f 1645//523 1647//523 1646//523
f 1646//523 1647//523 1648//523
f 1644//523 1624//523 1645//523
f 1624//523 1184//523 1645//523
f 1645//523 1184//523 1603//523
f 1184//523 1182//523 1603//523
f 1603//523 1182//523 1180//523
f 1634//523 1649//523 1632//523
f 1649//523 1650//523 1632//523
f 1632//523 1650//523 1651//523
f 1650//523 1652//523 1651//523
f 1651//523 1652//523 1653//523
f 1652//523 1654//523 1653//523
f 1653//523 1654//523 1655//523
f 1648//523 1647//523 1656//523
f 1647//523 1657//523 1656//523
f 1656//523 1657//523 1658//523
f 1657//523 1659//523 1658//523
f 1658//523 1659//523 1660//523
f 1659//523 1661//523 1660//523
f 1660//523 1661//523 1662//523
f 1661//523 1663//523 1662//523
f 1662//523 1663//523 1664//523
f 1663//523 1665//523 1664//523
f 1664//523 1665//523 1666//523
f 1665//523 1667//523 1666//523
f 1666//523 1667//523 1493//523
f 1667//523 1668//523 1493//523
f 1493//523 1668//523 1494//523
f 1609//523 1554//523 1602//523
f 1554//523 1669//523 1602//523
f 1602//523 1669//523 1600//523
f 1669//523 1670//523 1600//523
f 1600//523 1670//523 1671//523
f 1670//523 1672//523 1671//523
f 1671//523 1672//523 1673//523
f 1672//523 1674//523 1673//523
f 1673//523 1674//523 1675//523
f 1674//523 1676//523 1675//523
f 1675//523 1676//523 1677//523
f 1676//523 1678//523 1677//523
f 1677//523 1678//523 1679//523
f 1678//523 1680//523 1679//523
f 1679//523 1680//523 1681//523
f 1680//523 1682//523 1681//523
f 1681//523 1682//523 1612//523
f 1682//523 1683//523 1612//523
f 1612//523 1683//523 1613//523
f 1654//523 1684//523 1655//523
f 1684//523 1685//523 1655//523
f 1655//523 1685//523 1686//523
f 1685//523 1687//523 1686//523
f 1686//523 1687//523 1688//523
f 1687//523 1689//523 1688//523
f 1688//523 1689//523 1518//523
f 1595//523 1688//523 1573//523
f 1688//523 1518//523 1573//523
f 1573//523 1518//523 1690//523
f 1518//523 1631//523 1690//523
f 1249//464 1467//464 1352//464
f 1467//464 1466//464 1352//464
f 1352//465 1466//465 1351//465
f 1466//465 1571//465 1351//465
f 1351//466 1571//466 1349//466
f 1571//466 1570//466 1349//466
f 1349//467 1570//467 1369//467
f 1570//524 1569//524 1369//524
f 1369//468 1569//468 1370//468
f 1569//468 1556//468 1370//468
f 1370//469 1556//469 1371//469
f 1556//469 1555//469 1371//469
f 1371//470 1555//470 1451//470
f 1555//470 1618//470 1451//470
f 1451//471 1618//471 1346//471
f 1618//471 1617//471 1346//471
f 1346//472 1617//472 1291//472
f 1617//472 1616//472 1291//472
f 1291//473 1616//473 1265//473
f 1616//473 1615//473 1265//473
f 1265//474 1615//474 1266//474
f 1615//474 1613//474 1266//474
f 1266//475 1613//475 1330//475
f 1613//475 1683//475 1330//475
f 1330//476 1683//476 1331//476
f 1683//476 1682//476 1331//476
f 1331//477 1682//477 1236//477
f 1682//477 1680//477 1236//477
f 1236//478 1680//478 1237//478
f 1680//478 1678//478 1237//478
f 1237//479 1678//479 1240//479
f 1678//479 1676//479 1240//479
f 1240//480 1676//480 1239//480
f 1676//480 1674//480 1239//480
f 1239//481 1674//481 1241//481
f 1674//481 1672//481 1241//481
f 1241//482 1672//482 1242//482
f 1672//482 1670//482 1242//482
f 1242//483 1670//483 1227//483
f 1670//525 1669//525 1227//525
f 1227//484 1669//484 1228//484
f 1669//484 1554//484 1228//484
f 1228//485 1554//485 1243//485
f 1554//485 1627//485 1243//485
f 1243//486 1627//486 1244//486
f 1627//486 1628//486 1244//486
f 1244//487 1628//487 1245//487
f 1628//487 1551//487 1245//487
f 1245//488 1551//488 1278//488
f 1551//488 1550//488 1278//488
f 1278//489 1550//489 1272//489
f 1550//489 1549//489 1272//489
f 1272//526 1549//526 1271//526
f 1549//490 1548//490 1271//490
f 1271//491 1548//491 1269//491
f 1548//491 1547//491 1269//491
f 1269//492 1547//492 1256//492
f 1547//492 1485//492 1256//492
f 1256//493 1485//493 1335//493
f 1485//493 1566//493 1335//493
f 1335//494 1566//494 1359//494
f 1566//494 1565//494 1359//494
f 1359//495 1565//495 1360//495
f 1565//527 1483//527 1360//527
f 1360//496 1483//496 1356//496
f 1483//496 1482//496 1356//496
f 1356//497 1482//497 1357//497
f 1482//497 1481//497 1357//497
f 1357//498 1481//498 1358//498
f 1481//498 1475//498 1358//498
f 1358//499 1475//499 1394//499
f 1475//499 1474//499 1394//499
f 1394//500 1474//500 1393//500
f 1474//500 1473//500 1393//500
f 1393//501 1473//501 1379//501
f 1473//501 1463//501 1379//501
f 1379//528 1463//528 1377//528
f 1463//502 1462//502 1377//502
f 1377//503 1462//503 1409//503
f 1462//503 1480//503 1409//503
f 1409//504 1480//504 1407//504
f 1480//504 1479//504 1407//504
f 1407//505 1479//505 1405//505
f 1479//505 1472//505 1405//505
f 1405//506 1472//506 1403//506
f 1472//506 1471//506 1403//506
f 1403//507 1471//507 1401//507
f 1471//507 1533//507 1401//507
f 1401//508 1533//508 1399//508
f 1533//508 1532//508 1399//508
f 1399//509 1532//509 1365//509
f 1532//509 1531//509 1365//509
f 1365//510 1531//510 1363//510
f 1531//510 1530//510 1363//510
f 1363//511 1530//511 1361//511
f 1530//511 1504//511 1361//511
f 1361//512 1504//512 1381//512
f 1504//512 1503//512 1381//512
f 1381//513 1503//513 1382//513
f 1503//513 1505//513 1382//513
f 1382//514 1505//514 1383//514
f 1505//514 1589//514 1383//514
f 1383//515 1589//515 1366//515
f 1589//515 1540//515 1366//515
f 1366//516 1540//516 1367//516
f 1540//516 1539//516 1367//516
f 1367//517 1539//517 1384//517
f 1539//517 1538//517 1384//517
f 1384//529 1538//529 1385//529
f 1538//518 1534//518 1385//518
f 1385//519 1534//519 1386//519
f 1534//519 1536//519 1386//519
f 1386//520 1536//520 1248//520
f 1536//520 1537//520 1248//520
f 1248//521 1537//521 1249//521
f 1537//521 1467//521 1249//521
f 1229//464 1464//464 1283//464
f 1464//464 1567//464 1283//464
f 1283//465 1567//465 1284//465
f 1567//465 1568//465 1284//465
f 1284//466 1568//466 1285//466
f 1568//530 1508//530 1285//530
f 1285//467 1508//467 1286//467
f 1508//467 1509//467 1286//467
f 1286//468 1509//468 1287//468
f 1509//468 1510//468 1287//468
f 1287//469 1510//469 1416//469
f 1510//469 1545//469 1416//469
f 1416//470 1545//470 1415//470
f 1545//470 1544//470 1415//470
f 1415//471 1544//471 1342//471
f 1544//471 1543//471 1342//471
f 1342//472 1543//472 1417//472
f 1543//472 1542//472 1417//472
f 1417//531 1542//531 1418//531
f 1542//473 1541//473 1418//473
f 1418//474 1541//474 1420//474
f 1541//474 1507//474 1420//474
f 1420//475 1507//475 1422//475
f 1507//475 1506//475 1422//475
f 1422//476 1506//476 1424//476
f 1506//476 1564//476 1424//476
f 1424//477 1564//477 1426//477
f 1564//477 1560//477 1426//477
f 1426//478 1560//478 1428//478
f 1560//478 1561//478 1428//478
f 1428//479 1561//479 1430//479
f 1561//479 1515//479 1430//479
f 1430//480 1515//480 1432//480
f 1515//480 1514//480 1432//480
f 1432//481 1514//481 1433//481
f 1514//481 1558//481 1433//481
f 1433//482 1558//482 1434//482
f 1558//482 1577//482 1434//482
f 1434//483 1577//483 1233//483
f 1577//483 1575//483 1233//483
f 1233//484 1575//484 1234//484
f 1575//484 1573//484 1234//484
f 1234//485 1573//485 1304//485
f 1573//485 1690//485 1304//485
f 1304//486 1690//486 1251//486
f 1690//486 1631//486 1251//486
f 1251//487 1631//487 1252//487
f 1631//487 1630//487 1252//487
f 1252//488 1630//488 1262//488
f 1630//488 1629//488 1262//488
f 1262//532 1629//532 1263//532
f 1629//489 1517//489 1263//489
f 1263//490 1517//490 1264//490
f 1517//490 1519//490 1264//490
f 1264//491 1519//491 1230//491
f 1519//491 1520//491 1230//491
f 1230//492 1520//492 1231//492
f 1520//492 1460//492 1231//492
f 1231//493 1460//493 1301//493
f 1460//493 1459//493 1301//493
f 1301//494 1459//494 1302//494
f 1459//494 1502//494 1302//494
f 1302//495 1502//495 1303//495
f 1502//495 1501//495 1303//495
f 1303//496 1501//496 1280//496
f 1501//533 1500//533 1280//533
f 1280//497 1500//497 1259//497
f 1500//497 1478//497 1259//497
f 1259//498 1478//498 1260//498
f 1478//498 1477//498 1260//498
f 1260//499 1477//499 1412//499
f 1477//499 1499//499 1412//499
f 1412//500 1499//500 1337//500
f 1499//500 1498//500 1337//500
f 1337//501 1498//501 1323//501
f 1498//501 1497//501 1323//501
f 1323//502 1497//502 1322//502
f 1497//502 1496//502 1322//502
f 1322//503 1496//503 1296//503
f 1496//503 1494//503 1296//503
f 1296//504 1494//504 1324//504
f 1494//504 1668//504 1324//504
f 1324//505 1668//505 1297//505
f 1668//505 1667//505 1297//505
f 1297//506 1667//506 1298//506
f 1667//506 1665//506 1298//506
f 1298//507 1665//507 1299//507
f 1665//507 1663//507 1299//507
f 1299//508 1663//508 1300//508
f 1663//508 1661//508 1300//508
f 1300//509 1661//509 1254//509
f 1661//509 1659//509 1254//509
f 1254//510 1659//510 1255//510
f 1659//510 1657//510 1255//510
f 1255//511 1657//511 1257//511
f 1657//511 1647//511 1257//511
f 1257//512 1647//512 1267//512
f 1647//534 1645//534 1267//534
f 1267//513 1645//513 1268//513
f 1645//513 1603//513 1268//513
f 1268//514 1603//514 1270//514
f 1603//514 1643//514 1270//514
f 1270//515 1643//515 1273//515
f 1643//515 1642//515 1273//515
f 1273//516 1642//516 1274//516
f 1642//516 1588//516 1274//516
f 1274//517 1588//517 1275//517
f 1588//517 1587//517 1275//517
f 1275//518 1587//518 1276//518
f 1587//518 1586//518 1276//518
f 1276//535 1586//535 1277//535
f 1586//519 1585//519 1277//519
f 1277//520 1585//520 1279//520
f 1585//520 1584//520 1279//520
f 1279//521 1584//521 1229//521
f 1584//521 1464//521 1229//521
f 1445//464 1602//464 1447//464
f 1602//464 1601//464 1447//464
f 1447//465 1601//465 1449//465
f 1601//465 1599//465 1449//465
f 1449//466 1599//466 1450//466
f 1599//466 1597//466 1450//466
f 1450//467 1597//467 1436//467
f 1597//467 1596//467 1436//467
f 1436//468 1596//468 1437//468
f 1596//468 1582//468 1437//468
f 1437//469 1582//469 1372//469
f 1582//469 1581//469 1372//469
f 1372//470 1581//470 1373//470
f 1581//470 1529//470 1373//470
f 1373//471 1529//471 1375//471
f 1529//471 1528//471 1375//471
f 1375//472 1528//472 1376//472
f 1528//472 1526//472 1376//472
f 1376//473 1526//473 1305//473
f 1526//473 1525//473 1305//473
f 1305//474 1525//474 1306//474
f 1525//474 1521//474 1306//474
f 1306//475 1521//475 1308//475
f 1521//475 1523//475 1308//475
f 1308//476 1523//476 1353//476
f 1523//476 1524//476 1353//476
f 1353//477 1524//477 1354//477
f 1524//477 1580//477 1354//477
f 1354//478 1580//478 1355//478
f 1580//478 1579//478 1355//478
f 1355//479 1579//479 1295//479
f 1579//479 1578//479 1295//479
f 1295//480 1578//480 1294//480
f 1578//480 1491//480 1294//480
f 1294//481 1491//481 1292//481
f 1491//481 1489//481 1292//481
f 1292//482 1489//482 1309//482
f 1489//482 1488//482 1309//482
f 1309//483 1488//483 1310//483
f 1488//483 1623//483 1310//483
f 1310//484 1623//484 1312//484
f 1623//484 1622//484 1312//484
f 1312//485 1622//485 1313//485
f 1622//485 1620//485 1313//485
f 1313//486 1620//486 1332//486
f 1620//486 1619//486 1332//486
f 1332//487 1619//487 1333//487
f 1619//487 1641//487 1333//487
f 1333//488 1641//488 1334//488
f 1641//488 1640//488 1334//488
f 1334//489 1640//489 1315//489
f 1640//489 1639//489 1315//489
f 1315//490 1639//490 1317//490
f 1639//490 1637//490 1317//490
f 1317//491 1637//491 1319//491
f 1637//491 1635//491 1319//491
f 1319//492 1635//492 1320//492
f 1635//492 1633//492 1320//492
f 1320//493 1633//493 1343//493
f 1633//493 1632//493 1343//493
f 1343//494 1632//494 1344//494
f 1632//494 1651//494 1344//494
f 1344//495 1651//495 1387//495
f 1651//495 1653//495 1387//495
f 1387//496 1653//496 1388//496
f 1653//496 1655//496 1388//496
f 1388//497 1655//497 1389//497
f 1655//497 1686//497 1389//497
f 1389//498 1686//498 1413//498
f 1686//498 1688//498 1413//498
f 1413//499 1688//499 1414//499
f 1688//499 1595//499 1414//499
f 1414//500 1595//500 1282//500
f 1595//500 1594//500 1282//500
f 1282//501 1594//501 1281//501
f 1594//501 1593//501 1281//501
f 1281//502 1593//502 1288//502
f 1593//502 1572//502 1288//502
f 1288//503 1572//503 1289//503
f 1572//503 1574//503 1289//503
f 1289//504 1574//504 1290//504
f 1574//504 1576//504 1290//504
f 1290//505 1576//505 1327//505
f 1576//505 1516//505 1327//505
f 1327//506 1516//506 1328//506
f 1516//506 1559//506 1328//506
f 1328//507 1559//507 1329//507
f 1559//507 1513//507 1329//507
f 1329//508 1513//508 1238//508
f 1513//508 1512//508 1238//508
f 1238//509 1512//509 1348//509
f 1512//509 1511//509 1348//509
f 1348//510 1511//510 1347//510
f 1511//510 1484//510 1347//510
f 1347//511 1484//511 1345//511
f 1484//511 1486//511 1345//511
f 1345//512 1486//512 1390//512
f 1486//512 1487//512 1390//512
f 1390//513 1487//513 1391//513
f 1487//513 1546//513 1391//513
f 1391//514 1546//514 1392//514
f 1546//514 1626//514 1392//514
f 1392//515 1626//515 1442//515
f 1626//515 1625//515 1442//515
f 1442//516 1625//516 1440//516
f 1625//516 1553//516 1440//516
f 1440//517 1553//517 1438//517
f 1553//517 1552//517 1438//517
f 1438//518 1552//518 1456//518
f 1552//518 1611//518 1456//518
f 1456//519 1611//519 1454//519
f 1611//519 1610//519 1454//519
f 1454//520 1610//520 1444//520
f 1610//520 1609//520 1444//520
f 1444//521 1609//521 1445//521
f 1609//521 1602//521 1445//521
f 1468//493 1350//493 1557//493
f 1350//494 1443//494 1557//494
f 1557//494 1443//494 1614//494
f 1443//495 1441//495 1614//495
f 1614//495 1441//495 1612//495
f 1441//496 1439//496 1612//496
f 1612//496 1439//496 1681//496
f 1439//497 1458//497 1681//497
f 1681//497 1458//497 1679//497
f 1458//498 1457//498 1679//498
f 1679//498 1457//498 1677//498
f 1457//499 1455//499 1677//499
f 1677//499 1455//499 1675//499
f 1455//500 1453//500 1675//500
f 1675//500 1453//500 1673//500
f 1453//501 1452//501 1673//501
f 1673//501 1452//501 1671//501
f 1452//502 1446//502 1671//502
f 1671//502 1446//502 1600//502
f 1446//503 1448//503 1600//503
f 1600//503 1448//503 1598//503
f 1448//504 1435//504 1598//504
f 1598//504 1435//504 1583//504
f 1435//505 1374//505 1583//505
f 1583//505 1374//505 1527//505
f 1374//506 1307//506 1527//506
f 1527//506 1307//506 1522//506
f 1307//507 1293//507 1522//507
f 1522//507 1293//507 1490//507
f 1293//508 1311//508 1490//508
f 1490//508 1311//508 1621//508
f 1311//509 1314//509 1621//509
f 1621//509 1314//509 1638//509
f 1314//510 1316//510 1638//510
f 1638//510 1316//510 1636//510
f 1316//511 1318//511 1636//511
f 1636//511 1318//511 1634//511
f 1318//512 1419//512 1634//512
f 1634//512 1419//512 1649//512
f 1419//513 1421//513 1649//513
f 1649//513 1421//513 1650//513
f 1421//514 1423//514 1650//514
f 1650//514 1423//514 1652//514
f 1423//515 1425//515 1652//515
f 1652//515 1425//515 1654//515
f 1425//516 1427//516 1654//516
f 1654//516 1427//516 1684//516
f 1427//517 1429//517 1684//517
f 1684//517 1429//517 1685//517
f 1429//518 1431//518 1685//518
f 1685//518 1431//518 1687//518
f 1431//535 1235//535 1687//535
f 1687//535 1235//535 1689//535
f 1235//520 1253//520 1689//520
f 1689//520 1253//520 1518//520
f 1253//521 1232//521 1518//521
f 1518//521 1232//521 1461//521
f 1232//464 1261//464 1461//464
f 1461//464 1261//464 1476//464
f 1261//465 1398//465 1476//465
f 1476//465 1398//465 1495//465
f 1398//530 1397//530 1495//530
f 1495//530 1397//530 1493//530
f 1397//467 1396//467 1493//467
f 1493//467 1396//467 1666//467
f 1396//468 1395//468 1666//468
f 1666//468 1395//468 1664//468
f 1395//469 1341//469 1664//469
f 1664//469 1341//469 1662//469
f 1341//470 1340//470 1662//470
f 1662//470 1340//470 1660//470
f 1340//471 1339//471 1660//471
f 1660//471 1339//471 1658//471
f 1339//472 1338//472 1658//472
f 1658//472 1338//472 1656//472
f 1338//473 1325//473 1656//473
f 1656//473 1325//473 1648//473
f 1325//474 1326//474 1648//474
f 1648//474 1326//474 1646//474
f 1326//475 1321//475 1646//475
f 1646//475 1321//475 1644//475
f 1321//476 1246//476 1644//476
f 1644//476 1246//476 1624//476
f 1246//477 1247//477 1624//477
f 1624//477 1247//477 1470//477
f 1247//478 1258//478 1470//478
f 1470//478 1258//478 1465//478
f 1258//479 1336//479 1465//479
f 1465//479 1336//479 1469//479
f 1336//480 1380//480 1469//480
f 1469//480 1380//480 1492//480
f 1380//481 1378//481 1492//481
f 1492//481 1378//481 1563//481
f 1378//482 1411//482 1563//482
f 1563//482 1411//482 1562//482
f 1411//483 1410//483 1562//483
f 1562//483 1410//483 1604//483
f 1410//484 1408//484 1604//484
f 1604//484 1408//484 1605//484
f 1408//485 1406//485 1605//485
f 1605//485 1406//485 1606//485
f 1406//486 1404//486 1606//486
f 1606//486 1404//486 1607//486
f 1404//487 1402//487 1607//487
f 1607//487 1402//487 1608//487
f 1402//488 1400//488 1608//488
f 1608//488 1400//488 1590//488
f 1400//489 1364//489 1590//489
f 1590//489 1364//489 1591//489
f 1364//490 1362//490 1591//490
f 1591//490 1362//490 1592//490
f 1362//491 1368//491 1592//491
f 1592//491 1368//491 1535//491
f 1368//492 1250//492 1535//492
f 1535//492 1250//492 1468//492
f 1250//493 1350//493 1468//493
f 2041//610 2042//610 2043//610
f 2044//611 2045//611 2046//611
f 2045//612 2047//612 2046//612
f 2046//613 2047//613 2048//613
f 2049//614 2050//614 2051//614
f 2050//615 2052//615 2051//615
f 2051//616 2052//616 2053//616
f 2052//617 2054//617 2053//617
f 2053//618 2054//618 2055//618
f 2054//619 2056//619 2055//619
f 2055//620 2056//620 2044//620
f 2056//621 2057//621 2044//621
f 2044//622 2057//622 2045//622
f 2058//623 2059//623 2060//623
f 2059//624 2061//624 2060//624
f 2060//625 2061//625 2062//625
f 2058//626 2063//626 2059//626
f 2063//627 2064//627 2059//627
f 2059//628 2064//628 2049//628
f 2064//629 2065//629 2049//629
f 2049//630 2065//630 2050//630
f 2043//631 2042//631 2066//631
f 2042//632 2067//632 2066//632
f 2067//633 2068//633 2066//633
f 2066//634 2068//634 2061//634
f 2068//635 2069//635 2061//635
f 2061//636 2069//636 2062//636
f 2041//637 2043//637 2070//637
f 2043//638 2071//638 2070//638
f 2070//639 2071//639 2072//639
f 2072//640 2071//640 2073//640
f 2071//641 2074//641 2073//641
f 2073//642 2074//642 2075//642
f 2074//643 2076//643 2075//643
f 2075//644 2076//644 2077//644
f 2078//645 2079//645 2080//645
f 2079//646 2077//646 2080//646
f 2080//647 2077//647 2081//647
f 2077//648 2076//648 2081//648
f 2082//649 2083//649 2084//649
f 2083//650 2085//650 2084//650
f 2085//651 2086//651 2084//651
f 2084//652 2086//652 2087//652
f 2086//653 2088//653 2087//653
f 2087//654 2088//654 2078//654
f 2088//655 2089//655 2078//655
f 2078//656 2089//656 2079//656
f 2090//657 2091//657 2092//657
f 2091//658 2093//658 2092//658
f 2092//659 2093//659 2094//659
f 2084//660 2095//660 2082//660
f 2095//661 2096//661 2082//661
f 2082//662 2096//662 2097//662
f 2096//663 2098//663 2097//663
f 2097//664 2098//664 2099//664
f 2098//665 2094//665 2099//665
f 2099//666 2094//666 2100//666
f 2094//667 2093//667 2100//667
f 2092//668 2101//668 2090//668
f 2101//669 2102//669 2090//669
f 2090//670 2102//670 2103//670
f 2102//671 2104//671 2103//671
f 2104//672 2105//672 2103//672
f 2103//673 2105//673 2106//673
f 2105//674 2107//674 2106//674
f 2106//675 2107//675 2108//675
f 2107//676 2109//676 2108//676
f 2108//677 2109//677 2110//677
f 2109//678 2111//678 2110//678
f 2110//679 2111//679 2112//679
f 2111//680 2113//680 2112//680
f 2112//681 2113//681 2114//681
f 2113//682 2115//682 2114//682
f 2114//683 2115//683 2116//683
f 2116//684 2115//684 2117//684
f 2115//685 2118//685 2117//685
f 2117//686 2118//686 2119//686
f 2118//687 2120//687 2119//687
f 2119//688 2120//688 2121//688
f 2120//689 2122//689 2121//689
f 2122//690 2123//690 2121//690
f 2121//691 2123//691 2124//691
f 2123//692 2125//692 2124//692
f 2124//693 2125//693 2126//693
f 2126//694 2125//694 2127//694
f 2125//695 2128//695 2127//695
f 2127//696 2128//696 2129//696
f 2130//697 2131//697 2132//697
f 2131//698 2133//698 2132//698
f 2132//699 2133//699 2134//699
f 2133//700 2135//700 2134//700
f 2134//701 2135//701 2136//701
f 2135//702 2137//702 2136//702
f 2136//703 2137//703 2138//703
f 2137//704 2129//704 2138//704
f 2138//705 2129//705 2139//705
f 2129//706 2128//706 2139//706
f 2140//707 2141//707 2130//707
f 2141//708 2142//708 2130//708
f 2130//709 2142//709 2131//709
f 2143//710 2144//710 2145//710
f 2144//711 2146//711 2145//711
f 2145//712 2146//712 2147//712
f 2146//713 2148//713 2147//713
f 2147//714 2148//714 2149//714
f 2148//715 2150//715 2149//715
f 2149//716 2150//716 2151//716
f 2150//717 2152//717 2151//717
f 2151//718 2152//718 2153//718
f 2152//719 2154//719 2153//719
f 2153//720 2154//720 2140//720
f 2154//721 2155//721 2140//721
f 2140//722 2155//722 2141//722
f 2156//723 2157//723 2158//723
f 2158//724 2159//724 2156//724
f 2159//725 2160//725 2156//725
f 2156//726 2160//726 2161//726
f 2160//727 2162//727 2161//727
f 2161//728 2162//728 2143//728
f 2162//729 2163//729 2143//729
f 2143//730 2163//730 2144//730
f 2164//731 2165//731 2166//731
f 2165//732 2167//732 2166//732
f 2166//733 2167//733 2168//733
f 2164//734 2169//734 2165//734
f 2169//735 2170//735 2165//735
f 2165//736 2170//736 2157//736
f 2170//737 2171//737 2157//737
f 2157//738 2171//738 2158//738
f 2172//739 2173//739 2174//739
f 2173//740 2175//740 2174//740
f 2174//741 2175//741 2167//741
f 2175//742 2176//742 2167//742
f 2167//743 2176//743 2168//743
f 2177//744 2178//744 2179//744
f 2177//745 2179//745 2180//745
f 2174//746 2181//746 2172//746
f 2181//747 2182//747 2172//747
f 2172//748 2182//748 2183//748
f 2182//749 2178//749 2183//749
f 2183//750 2178//750 2184//750
f 2178//751 2177//751 2184//751
f 2185//752 2186//752 2187//752
f 2186//753 2188//753 2187//753
f 2187//754 2188//754 2189//754
f 2188//755 2180//755 2189//755
f 2189//756 2180//756 2190//756
f 2180//757 2179//757 2190//757
f 2191//758 2192//758 2193//758
f 2192//759 2194//759 2193//759
f 2193//760 2194//760 2195//760
f 2191//761 2196//761 2192//761
f 2196//762 2197//762 2192//762
f 2192//763 2197//763 2185//763
f 2197//764 2198//764 2185//764
f 2185//765 2198//765 2186//765
f 2199//766 2200//766 2201//766
f 2194//767 2202//767 2195//767
f 2202//768 2203//768 2195//768
f 2195//769 2203//769 2204//769
f 2203//770 2205//770 2204//770
f 2204//771 2205//771 2206//771
f 2205//772 2207//772 2206//772
f 2206//773 2207//773 2201//773
f 2207//774 2208//774 2201//774
f 2201//775 2208//775 2199//775
f 2199//776 2209//776 2200//776
f 2209//777 2210//777 2200//777
f 2200//778 2210//778 2211//778
f 2210//779 2212//779 2211//779
f 2211//780 2212//780 2213//780
f 2212//781 2214//781 2213//781
f 2213//782 2214//782 2215//782
f 2215//783 2214//783 2216//783
f 2214//784 2217//784 2216//784
f 2216//785 2217//785 2218//785
f 2217//786 2219//786 2218//786
f 2218//787 2219//787 2220//787
f 2219//788 2221//788 2220//788
f 2221//789 2222//789 2220//789
f 2220//790 2222//790 2223//790
f 2222//791 2224//791 2223//791
f 2223//792 2224//792 2225//792
f 2224//793 2226//793 2225//793
f 2225//794 2226//794 2227//794
f 2226//795 2228//795 2227//795
f 2227//796 2228//796 2229//796
f 2228//797 2230//797 2229//797
f 2230//798 2231//798 2229//798
f 2229//799 2231//799 2232//799
f 2231//800 2233//800 2232//800
f 2232//801 2233//801 2234//801
f 2233//802 2235//802 2234//802
f 2234//803 2235//803 2236//803
f 2235//804 2237//804 2236//804
f 2236//805 2237//805 2238//805
f 2239//806 2240//806 2241//806
f 2240//807 2238//807 2241//807
f 2241//808 2238//808 2242//808
f 2238//809 2237//809 2242//809
f 2243//810 2244//810 2245//810
f 2244//811 2246//811 2245//811
f 2245//812 2246//812 2239//812
f 2246//813 2247//813 2239//813
f 2239//814 2247//814 2240//814
f 2248//815 2249//815 2243//815
f 2249//816 2250//816 2243//816
f 2243//817 2250//817 2244//817
f 2048//818 2047//818 2251//818
f 2047//819 2252//819 2251//819
f 2251//820 2252//820 2253//820
f 2252//821 2254//821 2253//821
f 2253//822 2254//822 2255//822
f 2254//823 2256//823 2255//823
f 2255//824 2256//824 2248//824
f 2256//825 2257//825 2248//825
f 2248//826 2257//826 2249//826
f 2258//827 2259//827 2260//827
f 2261//828 2262//828 2263//828
f 2262//829 2264//829 2263//829
f 2263//830 2264//830 2265//830
f 2266//831 2267//831 2268//831
f 2267//832 2269//832 2268//832
f 2268//833 2269//833 2270//833
f 2269//834 2271//834 2270//834
f 2270//835 2271//835 2272//835
f 2271//836 2273//836 2272//836
f 2272//837 2273//837 2261//837
f 2273//838 2274//838 2261//838
f 2261//839 2274//839 2262//839
f 2275//840 2276//840 2277//840
f 2276//841 2278//841 2277//841
f 2277//842 2278//842 2279//842
f 2275//843 2280//843 2276//843
f 2280//844 2281//844 2276//844
f 2276//845 2281//845 2266//845
f 2281//846 2282//846 2266//846
f 2266//847 2282//847 2267//847
f 2283//848 2284//848 2285//848
f 2285//849 2286//849 2283//849
f 2286//850 2287//850 2283//850
f 2283//851 2287//851 2278//851
f 2287//852 2288//852 2278//852
f 2278//853 2288//853 2279//853
f 2289//854 2290//854 2284//854
f 2290//855 2291//855 2284//855
f 2284//856 2291//856 2285//856
f 2292//857 2293//857 2294//857
f 2293//858 2295//858 2294//858
f 2294//859 2295//859 2289//859
f 2295//860 2296//860 2289//860
f 2289//861 2296//861 2290//861
f 2294//862 2297//862 2292//862
f 2297//863 2298//863 2292//863
f 2292//864 2298//864 2299//864
f 2298//865 2300//865 2299//865
f 2299//866 2300//866 2301//866
f 2260//867 2259//867 2302//867
f 2259//868 2303//868 2302//868
f 2302//869 2303//869 2301//869
f 2303//870 2304//870 2301//870
f 2301//871 2304//871 2299//871
f 2305//872 2306//872 2307//872
f 2306//873 2308//873 2307//873
f 2307//874 2308//874 2309//874
f 2308//875 2310//875 2309//875
f 2310//876 2311//876 2309//876
f 2309//877 2311//877 2312//877
f 2311//878 2313//878 2312//878
f 2312//879 2313//879 2314//879
f 2313//880 2315//880 2314//880
f 2314//881 2315//881 2260//881
f 2315//882 2316//882 2260//882
f 2260//883 2316//883 2258//883
f 2307//884 2317//884 2305//884
f 2317//885 2318//885 2305//885
f 2305//886 2318//886 2319//886
f 2318//887 2320//887 2319//887
f 2320//888 2321//888 2319//888
f 2319//889 2321//889 2322//889
f 2321//890 2323//890 2322//890
f 2322//891 2323//891 2324//891
f 2324//892 2323//892 2325//892
f 2323//893 2326//893 2325//893
f 2325//894 2326//894 2327//894
f 2326//895 2328//895 2327//895
f 2327//896 2328//896 2329//896
f 2328//897 2330//897 2329//897
f 2329//898 2330//898 2331//898
f 2330//899 2332//899 2331//899
f 2331//900 2332//900 2333//900
f 2332//901 2334//901 2333//901
f 2333//902 2334//902 2335//902
f 2334//903 2336//903 2335//903
f 2335//904 2336//904 2337//904
f 2336//905 2338//905 2337//905
f 2338//906 2339//906 2337//906
f 2337//907 2339//907 2340//907
f 2339//908 2341//908 2340//908
f 2340//909 2341//909 2342//909
f 2342//910 2341//910 2343//910
f 2341//911 2344//911 2343//911
f 2343//912 2344//912 2345//912
f 2346//913 2347//913 2348//913
f 2347//914 2345//914 2348//914
f 2348//915 2345//915 2349//915
f 2345//916 2344//916 2349//916
f 2350//917 2351//917 2352//917
f 2351//918 2353//918 2352//918
f 2352//919 2353//919 2346//919
f 2353//920 2354//920 2346//920
f 2346//921 2354//921 2347//921
f 2355//922 2356//922 2350//922
f 2356//923 2357//923 2350//923
f 2350//924 2357//924 2351//924
f 2358//925 2359//925 2360//925
f 2359//926 2361//926 2360//926
f 2360//927 2361//927 2362//927
f 2361//928 2363//928 2362//928
f 2362//929 2363//929 2364//929
f 2363//930 2365//930 2364//930
f 2364//931 2365//931 2366//931
f 2365//932 2367//932 2366//932
f 2366//933 2367//933 2368//933
f 2367//934 2369//934 2368//934
f 2368//935 2369//935 2355//935
f 2369//936 2370//936 2355//936
f 2355//937 2370//937 2356//937
f 2371//938 2372//938 2373//938
f 2373//939 2374//939 2371//939
f 2374//940 2375//940 2371//940
f 2371//941 2375//941 2376//941
f 2375//942 2377//942 2376//942
f 2376//943 2377//943 2358//943
f 2377//944 2378//944 2358//944
f 2358//945 2378//945 2359//945
f 2379//946 2380//946 2381//946
f 2380//947 2382//947 2381//947
f 2381//948 2382//948 2383//948
f 2379//949 2384//949 2380//949
f 2384//950 2385//950 2380//950
f 2380//951 2385//951 2372//951
f 2385//952 2386//952 2372//952
f 2372//953 2386//953 2373//953
f 2387//954 2388//954 2389//954
f 2388//955 2390//955 2389//955
f 2389//956 2390//956 2382//956
f 2390//957 2391//957 2382//957
f 2382//958 2391//958 2383//958
f 2392//959 2393//959 2394//959
f 2393//960 2395//960 2394//960
f 2394//961 2395//961 2396//961
f 2389//962 2397//962 2387//962
f 2397//963 2398//963 2387//963
f 2387//964 2398//964 2399//964
f 2398//965 2392//965 2399//965
f 2399//966 2392//966 2400//966
f 2392//967 2394//967 2400//967
f 2401//968 2402//968 2403//968
f 2402//969 2404//969 2403//969
f 2403//970 2404//970 2405//970
f 2404//971 2396//971 2405//971
f 2405//972 2396//972 2406//972
f 2396//973 2395//973 2406//973
f 2407//974 2408//974 2409//974
f 2408//975 2410//975 2409//975
f 2410//976 2411//976 2409//976
f 2409//977 2411//977 2401//977
f 2411//978 2412//978 2401//978
f 2401//979 2412//979 2402//979
f 2409//980 2413//980 2407//980
f 2413//981 2414//981 2407//981
f 2407//982 2414//982 2415//982
f 2414//983 2416//983 2415//983
f 2416//984 2417//984 2415//984
f 2415//985 2417//985 2418//985
f 2417//986 2419//986 2418//986
f 2418//987 2419//987 2420//987
f 2419//988 2421//988 2420//988
f 2420//989 2421//989 2422//989
f 2421//990 2423//990 2422//990
f 2422//991 2423//991 2424//991
f 2423//992 2425//992 2424//992
f 2425//993 2426//993 2424//993
f 2424//994 2426//994 2427//994
f 2426//995 2428//995 2427//995
f 2427//996 2428//996 2429//996
f 2428//997 2430//997 2429//997
f 2429//998 2430//998 2431//998
f 2430//999 2432//999 2431//999
f 2431//1000 2432//1000 2433//1000
f 2432//1001 2434//1001 2433//1001
f 2433//1002 2434//1002 2435//1002
f 2434//1003 2436//1003 2435//1003
f 2435//1004 2436//1004 2437//1004
f 2436//1005 2438//1005 2437//1005
f 2438//1006 2439//1006 2437//1006
f 2437//1007 2439//1007 2440//1007
f 2440//1008 2439//1008 2441//1008
f 2439//1009 2442//1009 2441//1009
f 2441//1010 2442//1010 2443//1010
f 2442//1011 2444//1011 2443//1011
f 2443//1012 2444//1012 2445//1012
f 2444//1013 2446//1013 2445//1013
f 2446//1014 2447//1014 2445//1014
f 2445//1015 2447//1015 2448//1015
f 2447//1016 2449//1016 2448//1016
f 2448//1017 2449//1017 2450//1017
f 2449//1018 2451//1018 2450//1018
f 2450//1019 2451//1019 2452//1019
f 2451//1020 2453//1020 2452//1020
f 2452//1021 2453//1021 2454//1021
f 2455//1022 2456//1022 2457//1022
f 2456//1023 2458//1023 2457//1023
f 2457//1024 2458//1024 2459//1024
f 2458//1025 2460//1025 2459//1025
f 2459//1026 2460//1026 2461//1026
f 2460//1027 2462//1027 2461//1027
f 2461//1028 2462//1028 2463//1028
f 2462//1029 2454//1029 2463//1029
f 2463//1030 2454//1030 2464//1030
f 2454//1031 2453//1031 2464//1031
f 2465//1032 2466//1032 2455//1032
f 2466//1033 2467//1033 2455//1033
f 2455//1034 2467//1034 2456//1034
f 2265//1035 2264//1035 2468//1035
f 2264//1036 2469//1036 2468//1036
f 2468//1037 2469//1037 2470//1037
f 2469//1038 2471//1038 2470//1038
f 2470//1039 2471//1039 2472//1039
f 2471//1040 2473//1040 2472//1040
f 2472//1041 2473//1041 2465//1041
f 2473//1042 2474//1042 2465//1042
f 2465//1043 2474//1043 2466//1043
f 2475//1044 2476//1044 2477//1044
f 2478//1045 2479//1045 2480//1045
f 2481//1046 2482//1046 2483//1046
f 2484//1047 2485//1047 2486//1047
f 2487//1048 2488//1048 2489//1048
f 2488//1049 2490//1049 2489//1049
f 2491//1050 2492//1050 2493//1050
f 2492//1051 2490//1051 2493//1051
f 2493//1052 2490//1052 2494//1052
f 2490//1053 2488//1053 2494//1053
f 2495//1054 2496//1054 2497//1054
f 2496//1055 2498//1055 2497//1055
f 2497//1056 2498//1056 2499//1056
f 2498//1057 2500//1057 2499//1057
f 2499//1058 2500//1058 2501//1058
f 2500//1059 2502//1059 2501//1059
f 2501//1060 2502//1060 2491//1060
f 2502//1061 2503//1061 2491//1061
f 2491//1062 2503//1062 2492//1062
f 2504//1063 2505//1063 2506//1063
f 2505//1064 2507//1064 2506//1064
f 2506//1065 2507//1065 2508//1065
f 2504//1066 2509//1066 2505//1066
f 2509//1067 2510//1067 2505//1067
f 2505//1068 2510//1068 2495//1068
f 2510//1069 2511//1069 2495//1069
f 2495//1070 2511//1070 2496//1070
f 2512//1071 2513//1071 2514//1071
f 2513//1072 2515//1072 2514//1072
f 2514//1073 2515//1073 2516//1073
f 2515//1074 2517//1074 2516//1074
f 2516//1075 2517//1075 2507//1075
f 2517//1076 2518//1076 2507//1076
f 2507//1077 2518//1077 2508//1077
f 2519//1078 2520//1078 2521//1078
f 2520//1079 2522//1079 2521//1079
f 2521//1080 2522//1080 2523//1080
f 2522//1081 2524//1081 2523//1081
f 2523//1082 2524//1082 2512//1082
f 2524//1083 2525//1083 2512//1083
f 2512//1084 2525//1084 2513//1084
f 2526//1085 2527//1085 2528//1085
f 2527//1086 2519//1086 2528//1086
f 2528//1087 2519//1087 2529//1087
f 2519//1088 2521//1088 2529//1088
f 2530//1089 2531//1089 2532//1089
f 2531//1090 2533//1090 2532//1090
f 2532//1091 2533//1091 2526//1091
f 2533//1092 2534//1092 2526//1092
f 2526//1093 2534//1093 2527//1093
f 2535//1094 2536//1094 2537//1094
f 2536//1095 2538//1095 2537//1095
f 2537//1096 2538//1096 2539//1096
f 2538//1097 2540//1097 2539//1097
f 2540//1098 2541//1098 2539//1098
f 2539//1099 2541//1099 2542//1099
f 2541//1100 2543//1100 2542//1100
f 2542//1101 2543//1101 2544//1101
f 2543//1102 2545//1102 2544//1102
f 2544//1103 2545//1103 2546//1103
f 2545//1104 2547//1104 2546//1104
f 2546//1105 2547//1105 2530//1105
f 2547//1106 2548//1106 2530//1106
f 2530//1107 2548//1107 2531//1107
f 2549//1108 2550//1108 2551//1108
f 2550//1109 2535//1109 2551//1109
f 2551//1110 2535//1110 2552//1110
f 2535//1111 2537//1111 2552//1111
f 2549//1112 2553//1112 2550//1112
f 2553//1113 2554//1113 2550//1113
f 2550//1114 2554//1114 2555//1114
f 2554//1115 2556//1115 2555//1115
f 2555//1116 2556//1116 2557//1116
f 2556//1117 2558//1117 2557//1117
f 2557//1118 2558//1118 2559//1118
f 2485//1119 2484//1119 2558//1119
f 2484//1120 2560//1120 2558//1120
f 2558//1121 2560//1121 2559//1121
f 2561//1122 2562//1122 2563//1122
f 2562//1123 2564//1123 2563//1123
f 2563//1124 2564//1124 2565//1124
f 2564//1125 2566//1125 2565//1125
f 2565//1126 2566//1126 2486//1126
f 2566//1127 2567//1127 2486//1127
f 2486//1128 2567//1128 2484//1128
f 2561//1129 2568//1129 2562//1129
f 2568//1130 2569//1130 2562//1130
f 2562//1131 2569//1131 2570//1131
f 2569//1132 2571//1132 2570//1132
f 2570//1133 2571//1133 2572//1133
f 2572//1134 2571//1134 2573//1134
f 2571//1135 2574//1135 2573//1135
f 2573//1136 2574//1136 2575//1136
f 2576//1137 2577//1137 2578//1137
f 2577//1138 2575//1138 2578//1138
f 2578//1139 2575//1139 2579//1139
f 2575//1140 2574//1140 2579//1140
f 2580//1141 2581//1141 2582//1141
f 2581//1142 2583//1142 2582//1142
f 2582//1143 2583//1143 2576//1143
f 2583//1144 2584//1144 2576//1144
f 2576//1145 2584//1145 2577//1145
f 2585//1146 2586//1146 2587//1146
f 2586//1147 2588//1147 2587//1147
f 2587//1148 2588//1148 2580//1148
f 2588//1149 2589//1149 2580//1149
f 2580//1150 2589//1150 2581//1150
f 2590//1151 2591//1151 2585//1151
f 2591//1152 2592//1152 2585//1152
f 2585//1153 2592//1153 2586//1153
f 2585//1154 2593//1154 2590//1154
f 2593//1155 2594//1155 2590//1155
f 2590//1156 2594//1156 2595//1156
f 2594//1157 2596//1157 2595//1157
f 2595//1158 2596//1158 2597//1158
f 2596//1159 2598//1159 2597//1159
f 2597//1160 2598//1160 2599//1160
f 2598//1161 2600//1161 2599//1161
f 2599//1162 2600//1162 2601//1162
f 2600//1163 2602//1163 2601//1163
f 2601//1164 2602//1164 2603//1164
f 2602//1165 2604//1165 2603//1165
f 2483//1166 2482//1166 2605//1166
f 2482//1167 2606//1167 2605//1167
f 2606//1168 2607//1168 2605//1168
f 2605//1169 2607//1169 2604//1169
f 2607//1170 2608//1170 2604//1170
f 2604//1171 2608//1171 2603//1171
f 2609//1172 2610//1172 2611//1172
f 2610//1173 2612//1173 2611//1173
f 2611//1174 2612//1174 2483//1174
f 2612//1175 2613//1175 2483//1175
f 2483//1176 2613//1176 2481//1176
f 2609//1177 2611//1177 2614//1177
f 2611//1178 2615//1178 2614//1178
f 2614//1179 2615//1179 2616//1179
f 2615//1180 2617//1180 2616//1180
f 2616//1181 2617//1181 2618//1181
f 2617//1182 2619//1182 2618//1182
f 2618//1183 2619//1183 2620//1183
f 2619//1184 2621//1184 2620//1184
f 2620//1185 2621//1185 2622//1185
f 2621//1186 2623//1186 2622//1186
f 2622//1187 2623//1187 2624//1187
f 2623//1188 2625//1188 2624//1188
f 2624//1189 2625//1189 2626//1189
f 2627//1190 2628//1190 2629//1190
f 2625//1191 2630//1191 2626//1191
f 2630//1192 2631//1192 2626//1192
f 2626//1193 2631//1193 2632//1193
f 2631//1194 2633//1194 2632//1194
f 2632//1195 2633//1195 2634//1195
f 2633//1196 2627//1196 2634//1196
f 2634//1197 2627//1197 2635//1197
f 2627//1198 2629//1198 2635//1198
f 2480//1199 2479//1199 2636//1199
f 2479//1200 2637//1200 2636//1200
f 2636//1201 2637//1201 2628//1201
f 2637//1202 2638//1202 2628//1202
f 2628//1203 2638//1203 2629//1203
f 2480//1204 2639//1204 2478//1204
f 2639//1205 2640//1205 2478//1205
f 2478//1206 2640//1206 2641//1206
f 2640//1207 2642//1207 2641//1207
f 2641//1208 2642//1208 2643//1208
f 2642//1209 2644//1209 2643//1209
f 2643//1210 2644//1210 2645//1210
f 2644//1211 2646//1211 2645//1211
f 2645//1212 2646//1212 2647//1212
f 2646//1213 2648//1213 2647//1213
f 2648//1214 2649//1214 2647//1214
f 2647//1215 2649//1215 2650//1215
f 2649//1216 2651//1216 2650//1216
f 2651//1217 2652//1217 2650//1217
f 2650//1218 2652//1218 2653//1218
f 2652//1219 2654//1219 2653//1219
f 2476//1220 2475//1220 2655//1220
f 2475//1221 2656//1221 2655//1221
f 2655//1222 2656//1222 2657//1222
f 2656//1223 2658//1223 2657//1223
f 2657//1224 2658//1224 2654//1224
f 2658//1225 2659//1225 2654//1225
f 2654//1226 2659//1226 2653//1226
f 2660//1227 2661//1227 2662//1227
f 2661//1228 2663//1228 2662//1228
f 2662//1229 2663//1229 2664//1229
f 2663//1230 2665//1230 2664//1230
f 2664//1231 2665//1231 2477//1231
f 2665//1232 2666//1232 2477//1232
f 2477//1233 2666//1233 2475//1233
f 2660//1234 2667//1234 2661//1234
f 2667//1235 2668//1235 2661//1235
f 2661//1236 2668//1236 2669//1236
f 2668//1237 2670//1237 2669//1237
f 2669//1238 2670//1238 2671//1238
f 2670//1239 2672//1239 2671//1239
f 2671//1240 2672//1240 2673//1240
f 2672//1241 2674//1241 2673//1241
f 2673//1242 2674//1242 2675//1242
f 2676//1243 2677//1243 2678//1243
f 2677//1244 2675//1244 2678//1244
f 2678//1245 2675//1245 2679//1245
f 2675//1246 2674//1246 2679//1246
f 2680//1247 2681//1247 2682//1247
f 2680//1248 2682//1248 2683//1248
f 2682//1249 2684//1249 2683//1249
f 2683//1250 2684//1250 2676//1250
f 2684//1251 2685//1251 2676//1251
f 2676//1252 2685//1252 2677//1252
f 2681//1253 2680//1253 2686//1253
f 2680//1254 2687//1254 2686//1254
f 2686//1255 2687//1255 2688//1255
f 2687//1256 2689//1256 2688//1256
f 2688//1257 2689//1257 2690//1257
f 2487//1258 2489//1258 2689//1258
f 2489//1259 2691//1259 2689//1259
f 2689//1260 2691//1260 2690//1260
f 2264//1261 2692//1261 2693//1261
f 2271//1262 2269//1262 2694//1262
f 2375//1263 2374//1263 2695//1263
f 2696//1264 2466//1264 2474//1264
f 2696//1265 2474//1265 2697//1265
f 2466//1266 2696//1266 2467//1266
f 2696//1267 2698//1267 2467//1267
f 2467//1268 2698//1268 2456//1268
f 2456//1269 2698//1269 2458//1269
f 2698//1270 2699//1270 2458//1270
f 2458//1271 2699//1271 2460//1271
f 2700//1272 2454//1272 2699//1272
f 2454//1273 2462//1273 2699//1273
f 2699//1274 2462//1274 2460//1274
f 2701//1275 2450//1275 2700//1275
f 2450//1276 2452//1276 2700//1276
f 2700//1277 2452//1277 2454//1277
f 2702//1278 2445//1278 2701//1278
f 2445//1279 2448//1279 2701//1279
f 2701//1280 2448//1280 2450//1280
f 2703//1281 2440//1281 2704//1281
f 2440//1282 2441//1282 2704//1282
f 2704//1283 2441//1283 2702//1283
f 2441//1284 2443//1284 2702//1284
f 2702//1285 2443//1285 2445//1285
f 2705//1286 2435//1286 2703//1286
f 2435//1287 2437//1287 2703//1287
f 2703//1288 2437//1288 2440//1288
f 2706//1289 2427//1289 2707//1289
f 2427//1290 2429//1290 2707//1290
f 2707//1291 2429//1291 2708//1291
f 2429//1292 2431//1292 2708//1292
f 2708//1293 2431//1293 2705//1293
f 2431//1294 2433//1294 2705//1294
f 2705//1295 2433//1295 2435//1295
f 2709//1296 2422//1296 2706//1296
f 2422//1297 2424//1297 2706//1297
f 2706//1298 2424//1298 2427//1298
f 2710//1299 2415//1299 2711//1299
f 2415//1300 2418//1300 2711//1300
f 2711//1301 2418//1301 2709//1301
f 2418//1302 2420//1302 2709//1302
f 2709//1303 2420//1303 2422//1303
f 2712//1304 2408//1304 2710//1304
f 2408//1305 2407//1305 2710//1305
f 2710//1306 2407//1306 2415//1306
f 2713//1307 2411//1307 2712//1307
f 2411//1308 2410//1308 2712//1308
f 2712//1309 2410//1309 2408//1309
f 2714//1310 2404//1310 2715//1310
f 2404//1311 2402//1311 2715//1311
f 2715//1312 2402//1312 2713//1312
f 2402//1313 2412//1313 2713//1313
f 2713//1314 2412//1314 2411//1314
f 2716//1315 2394//1315 2714//1315
f 2394//1316 2396//1316 2714//1316
f 2714//1317 2396//1317 2404//1317
f 2717//1318 2388//1318 2716//1318
f 2388//1319 2387//1319 2716//1319
f 2387//1320 2399//1320 2716//1320
f 2399//1321 2400//1321 2716//1321
f 2716//1322 2400//1322 2394//1322
f 2381//1323 2718//1323 2379//1323
f 2718//1324 2719//1324 2379//1324
f 2379//1325 2719//1325 2384//1325
f 2381//1326 2383//1326 2718//1326
f 2383//1327 2391//1327 2718//1327
f 2718//1328 2391//1328 2717//1328
f 2391//1329 2390//1329 2717//1329
f 2717//1330 2390//1330 2388//1330
f 2695//1331 2374//1331 2720//1331
f 2374//1332 2373//1332 2720//1332
f 2373//1333 2386//1333 2720//1333
f 2720//1334 2386//1334 2719//1334
f 2386//1335 2385//1335 2719//1335
f 2719//1336 2385//1336 2384//1336
f 2361//1337 2721//1337 2363//1337
f 2721//1338 2722//1338 2363//1338
f 2363//1339 2722//1339 2723//1339
f 2361//1340 2359//1340 2721//1340
f 2359//1341 2378//1341 2721//1341
f 2721//1342 2378//1342 2695//1342
f 2378//1343 2377//1343 2695//1343
f 2695//1344 2377//1344 2375//1344
f 2724//1345 2367//1345 2723//1345
f 2367//1346 2365//1346 2723//1346
f 2723//1347 2365//1347 2363//1347
f 2725//1348 2370//1348 2724//1348
f 2370//1349 2369//1349 2724//1349
f 2724//1350 2369//1350 2367//1350
f 2726//1351 2357//1351 2725//1351
f 2357//1352 2356//1352 2725//1352
f 2725//1353 2356//1353 2370//1353
f 2347//1354 2354//1354 2727//1354
f 2354//1355 2353//1355 2727//1355
f 2727//1356 2353//1356 2726//1356
f 2353//1357 2351//1357 2726//1357
f 2726//1358 2351//1358 2357//1358
f 2347//1359 2727//1359 2345//1359
f 2727//1360 2728//1360 2345//1360
f 2345//1361 2728//1361 2343//1361
f 2343//1362 2728//1362 2342//1362
f 2728//1363 2729//1363 2342//1363
f 2342//1364 2729//1364 2340//1364
f 2340//1365 2729//1365 2337//1365
f 2729//1366 2730//1366 2337//1366
f 2337//1367 2730//1367 2335//1367
f 2335//1368 2730//1368 2333//1368
f 2730//1369 2731//1369 2333//1369
f 2333//1370 2731//1370 2331//1370
f 2731//1371 2732//1371 2331//1371
f 2331//1372 2732//1372 2329//1372
f 2329//1373 2732//1373 2327//1373
f 2732//1374 2733//1374 2327//1374
f 2327//1375 2733//1375 2325//1375
f 2325//1376 2733//1376 2324//1376
f 2733//1377 2734//1377 2324//1377
f 2324//1378 2734//1378 2322//1378
f 2734//1379 2735//1379 2322//1379
f 2322//1380 2735//1380 2319//1380
f 2735//1381 2736//1381 2319//1381
f 2319//1382 2736//1382 2305//1382
f 2305//1383 2736//1383 2306//1383
f 2736//1384 2737//1384 2306//1384
f 2306//1385 2737//1385 2308//1385
f 2738//1386 2313//1386 2739//1386
f 2313//1387 2311//1387 2739//1387
f 2739//1388 2311//1388 2737//1388
f 2311//1389 2310//1389 2737//1389
f 2737//1390 2310//1390 2308//1390
f 2740//1391 2316//1391 2738//1391
f 2316//1392 2315//1392 2738//1392
f 2738//1393 2315//1393 2313//1393
f 2741//1394 2259//1394 2740//1394
f 2259//1395 2258//1395 2740//1395
f 2740//1396 2258//1396 2316//1396
f 2742//1397 2304//1397 2741//1397
f 2304//1398 2303//1398 2741//1398
f 2741//1399 2303//1399 2259//1399
f 2295//1400 2293//1400 2743//1400
f 2293//1401 2292//1401 2743//1401
f 2743//1402 2292//1402 2742//1402
f 2292//1403 2299//1403 2742//1403
f 2742//1404 2299//1404 2304//1404
f 2744//1405 2286//1405 2745//1405
f 2286//1406 2285//1406 2745//1406
f 2285//1407 2291//1407 2745//1407
f 2291//1408 2290//1408 2745//1408
f 2745//1409 2290//1409 2743//1409
f 2290//1410 2296//1410 2743//1410
f 2743//1411 2296//1411 2295//1411
f 2277//1412 2746//1412 2275//1412
f 2746//1413 2747//1413 2275//1413
f 2275//1414 2747//1414 2280//1414
f 2277//1415 2279//1415 2746//1415
f 2279//1416 2288//1416 2746//1416
f 2746//1417 2288//1417 2744//1417
f 2288//1418 2287//1418 2744//1418
f 2744//1419 2287//1419 2286//1419
f 2694//1420 2269//1420 2748//1420
f 2269//1421 2267//1421 2748//1421
f 2267//1422 2282//1422 2748//1422
f 2748//1423 2282//1423 2747//1423
f 2282//1424 2281//1424 2747//1424
f 2747//1425 2281//1425 2280//1425
f 2692//1426 2264//1426 2749//1426
f 2264//1427 2262//1427 2749//1427
f 2262//1428 2274//1428 2749//1428
f 2749//1429 2274//1429 2694//1429
f 2274//1430 2273//1430 2694//1430
f 2694//1431 2273//1431 2271//1431
f 2474//1432 2473//1432 2697//1432
f 2473//1433 2471//1433 2697//1433
f 2697//1434 2471//1434 2693//1434
f 2471//1435 2469//1435 2693//1435
f 2693//1436 2469//1436 2264//1436
f 2047//1437 2750//1437 2751//1437
f 2054//1438 2052//1438 2752//1438
f 2160//1439 2159//1439 2753//1439
f 2754//1440 2249//1440 2257//1440
f 2754//1441 2257//1441 2755//1441
f 2249//1442 2754//1442 2250//1442
f 2754//1443 2756//1443 2250//1443
f 2250//1444 2756//1444 2244//1444
f 2244//1445 2756//1445 2246//1445
f 2756//1446 2757//1446 2246//1446
f 2246//1447 2757//1447 2247//1447
f 2758//1448 2238//1448 2757//1448
f 2238//1449 2240//1449 2757//1449
f 2757//1450 2240//1450 2247//1450
f 2759//1451 2234//1451 2758//1451
f 2234//1452 2236//1452 2758//1452
f 2758//1453 2236//1453 2238//1453
f 2760//1454 2229//1454 2759//1454
f 2229//1455 2232//1455 2759//1455
f 2759//1456 2232//1456 2234//1456
f 2761//1457 2223//1457 2762//1457
f 2223//1458 2225//1458 2762//1458
f 2762//1459 2225//1459 2760//1459
f 2225//1460 2227//1460 2760//1460
f 2760//1461 2227//1461 2229//1461
f 2763//1462 2218//1462 2761//1462
f 2218//1463 2220//1463 2761//1463
f 2761//1464 2220//1464 2223//1464
f 2764//1465 2211//1465 2765//1465
f 2211//1466 2213//1466 2765//1466
f 2765//1467 2213//1467 2766//1467
f 2213//1468 2215//1468 2766//1468
f 2766//1469 2215//1469 2763//1469
f 2215//1470 2216//1470 2763//1470
f 2763//1471 2216//1471 2218//1471
f 2767//1472 2201//1472 2764//1472
f 2201//1473 2200//1473 2764//1473
f 2764//1474 2200//1474 2211//1474
f 2768//1475 2195//1475 2769//1475
f 2195//1476 2204//1476 2769//1476
f 2769//1477 2204//1477 2767//1477
f 2204//1478 2206//1478 2767//1478
f 2767//1479 2206//1479 2201//1479
f 2770//1480 2191//1480 2768//1480
f 2191//1481 2193//1481 2768//1481
f 2768//1482 2193//1482 2195//1482
f 2771//1483 2197//1483 2770//1483
f 2197//1484 2196//1484 2770//1484
f 2770//1485 2196//1485 2191//1485
f 2772//1486 2188//1486 2773//1486
f 2188//1487 2186//1487 2773//1487
f 2773//1488 2186//1488 2771//1488
f 2186//1489 2198//1489 2771//1489
f 2771//1490 2198//1490 2197//1490
f 2774//1491 2177//1491 2772//1491
f 2177//1492 2180//1492 2772//1492
f 2772//1493 2180//1493 2188//1493
f 2775//1494 2173//1494 2774//1494
f 2173//1495 2172//1495 2774//1495
f 2172//1496 2183//1496 2774//1496
f 2183//1497 2184//1497 2774//1497
f 2774//1498 2184//1498 2177//1498
f 2166//1499 2776//1499 2164//1499
f 2776//1500 2777//1500 2164//1500
f 2164//1501 2777//1501 2169//1501
f 2166//1502 2168//1502 2776//1502
f 2168//1503 2176//1503 2776//1503
f 2776//1504 2176//1504 2775//1504
f 2176//1505 2175//1505 2775//1505
f 2775//1506 2175//1506 2173//1506
f 2753//1507 2159//1507 2778//1507
f 2159//1508 2158//1508 2778//1508
f 2158//1509 2171//1509 2778//1509
f 2778//1510 2171//1510 2777//1510
f 2171//1511 2170//1511 2777//1511
f 2777//1512 2170//1512 2169//1512
f 2146//1513 2779//1513 2148//1513
f 2779//1514 2780//1514 2148//1514
f 2148//1515 2780//1515 2781//1515
f 2146//1516 2144//1516 2779//1516
f 2144//1517 2163//1517 2779//1517
f 2779//1518 2163//1518 2753//1518
f 2163//1519 2162//1519 2753//1519
f 2753//1520 2162//1520 2160//1520
f 2782//1521 2152//1521 2781//1521
f 2152//1522 2150//1522 2781//1522
f 2781//1523 2150//1523 2148//1523
f 2783//1524 2155//1524 2782//1524
f 2155//1525 2154//1525 2782//1525
f 2782//1526 2154//1526 2152//1526
f 2784//1527 2142//1527 2783//1527
f 2142//1528 2141//1528 2783//1528
f 2783//1529 2141//1529 2155//1529
f 2137//1530 2135//1530 2785//1530
f 2135//1531 2133//1531 2785//1531
f 2785//1532 2133//1532 2784//1532
f 2133//1533 2131//1533 2784//1533
f 2784//1534 2131//1534 2142//1534
f 2137//1535 2785//1535 2129//1535
f 2785//1536 2786//1536 2129//1536
f 2129//1537 2786//1537 2127//1537
f 2127//1538 2786//1538 2126//1538
f 2786//1539 2787//1539 2126//1539
f 2126//1540 2787//1540 2124//1540
f 2124//1541 2787//1541 2121//1541
f 2787//1542 2788//1542 2121//1542
f 2121//1543 2788//1543 2119//1543
f 2119//1544 2788//1544 2117//1544
f 2788//1545 2789//1545 2117//1545
f 2117//1546 2789//1546 2116//1546
f 2789//1547 2790//1547 2116//1547
f 2116//1548 2790//1548 2114//1548
f 2114//1549 2790//1549 2112//1549
f 2790//1550 2791//1550 2112//1550
f 2112//1551 2791//1551 2110//1551
f 2110//1552 2791//1552 2108//1552
f 2791//1553 2792//1553 2108//1553
f 2108//1554 2792//1554 2106//1554
f 2792//1555 2793//1555 2106//1555
f 2106//1556 2793//1556 2103//1556
f 2793//1557 2794//1557 2103//1557
f 2103//1558 2794//1558 2090//1558
f 2090//1559 2794//1559 2091//1559
f 2794//1560 2795//1560 2091//1560
f 2091//1561 2795//1561 2093//1561
f 2796//1562 2097//1562 2797//1562
f 2097//1563 2099//1563 2797//1563
f 2797//1564 2099//1564 2795//1564
f 2099//1565 2100//1565 2795//1565
f 2795//1566 2100//1566 2093//1566
f 2798//1567 2083//1567 2796//1567
f 2083//1568 2082//1568 2796//1568
f 2796//1569 2082//1569 2097//1569
f 2799//1570 2086//1570 2798//1570
f 2086//1571 2085//1571 2798//1571
f 2798//1572 2085//1572 2083//1572
f 2800//1573 2089//1573 2799//1573
f 2089//1574 2088//1574 2799//1574
f 2799//1575 2088//1575 2086//1575
f 2073//1576 2075//1576 2801//1576
f 2075//1577 2077//1577 2801//1577
f 2801//1578 2077//1578 2800//1578
f 2077//1579 2079//1579 2800//1579
f 2800//1580 2079//1580 2089//1580
f 2802//1581 2067//1581 2803//1581
f 2067//1582 2042//1582 2803//1582
f 2042//1583 2041//1583 2803//1583
f 2041//1584 2070//1584 2803//1584
f 2803//1585 2070//1585 2801//1585
f 2070//1586 2072//1586 2801//1586
f 2801//1587 2072//1587 2073//1587
f 2060//1588 2804//1588 2058//1588
f 2804//1589 2805//1589 2058//1589
f 2058//1590 2805//1590 2063//1590
f 2060//1591 2062//1591 2804//1591
f 2062//1592 2069//1592 2804//1592
f 2804//1593 2069//1593 2802//1593
f 2069//1594 2068//1594 2802//1594
f 2802//1595 2068//1595 2067//1595
f 2752//1596 2052//1596 2806//1596
f 2052//1597 2050//1597 2806//1597
f 2050//1598 2065//1598 2806//1598
f 2806//1599 2065//1599 2805//1599
f 2065//1600 2064//1600 2805//1600
f 2805//1601 2064//1601 2063//1601
f 2750//1602 2047//1602 2807//1602
f 2047//1603 2045//1603 2807//1603
f 2045//1604 2057//1604 2807//1604
f 2807//1605 2057//1605 2752//1605
f 2057//1606 2056//1606 2752//1606
f 2752//1607 2056//1607 2054//1607
f 2257//1608 2256//1608 2755//1608
f 2256//1609 2254//1609 2755//1609
f 2755//1610 2254//1610 2751//1610
f 2254//1611 2252//1611 2751//1611
f 2751//1612 2252//1612 2047//1612
f 2490//1613 2808//1613 2809//1613
f 2500//1614 2498//1614 2810//1614
f 2595//1615 2811//1615 2812//1615
f 2603//1616 2608//1616 2813//1616
f 2814//1617 2686//1617 2688//1617
f 2814//1618 2688//1618 2815//1618
f 2686//1619 2814//1619 2681//1619
f 2814//1620 2816//1620 2681//1620
f 2681//1621 2816//1621 2682//1621
f 2682//1622 2816//1622 2684//1622
f 2816//1623 2817//1623 2684//1623
f 2684//1624 2817//1624 2685//1624
f 2818//1625 2675//1625 2817//1625
f 2675//1626 2677//1626 2817//1626
f 2817//1627 2677//1627 2685//1627
f 2819//1628 2671//1628 2818//1628
f 2671//1629 2673//1629 2818//1629
f 2818//1630 2673//1630 2675//1630
f 2820//1631 2661//1631 2819//1631
f 2661//1632 2669//1632 2819//1632
f 2819//1633 2669//1633 2671//1633
f 2821//1634 2666//1634 2822//1634
f 2666//1635 2665//1635 2822//1635
f 2822//1636 2665//1636 2820//1636
f 2665//1637 2663//1637 2820//1637
f 2820//1638 2663//1638 2661//1638
f 2823//1639 2656//1639 2821//1639
f 2656//1640 2475//1640 2821//1640
f 2821//1641 2475//1641 2666//1641
f 2824//1642 2650//1642 2825//1642
f 2650//1643 2653//1643 2825//1643
f 2825//1644 2653//1644 2826//1644
f 2653//1645 2659//1645 2826//1645
f 2826//1646 2659//1646 2823//1646
f 2659//1647 2658//1647 2823//1647
f 2823//1648 2658//1648 2656//1648
f 2827//1649 2645//1649 2824//1649
f 2645//1650 2647//1650 2824//1650
f 2824//1651 2647//1651 2650//1651
f 2828//1652 2478//1652 2829//1652
f 2478//1653 2641//1653 2829//1653
f 2829//1654 2641//1654 2827//1654
f 2641//1655 2643//1655 2827//1655
f 2827//1656 2643//1656 2645//1656
f 2830//1657 2637//1657 2828//1657
f 2637//1658 2479//1658 2828//1658
f 2828//1659 2479//1659 2478//1659
f 2831//1660 2629//1660 2830//1660
f 2629//1661 2638//1661 2830//1661
f 2830//1662 2638//1662 2637//1662
f 2832//1663 2632//1663 2833//1663
f 2632//1664 2634//1664 2833//1664
f 2833//1665 2634//1665 2831//1665
f 2634//1666 2635//1666 2831//1666
f 2831//1667 2635//1667 2629//1667
f 2834//1668 2624//1668 2832//1668
f 2624//1669 2626//1669 2832//1669
f 2832//1670 2626//1670 2632//1670
f 2835//1671 2616//1671 2834//1671
f 2616//1672 2618//1672 2834//1672
f 2618//1673 2620//1673 2834//1673
f 2620//1674 2622//1674 2834//1674
f 2834//1675 2622//1675 2624//1675
f 2612//1676 2836//1676 2613//1676
f 2836//1677 2837//1677 2613//1677
f 2613//1678 2837//1678 2481//1678
f 2612//1679 2610//1679 2836//1679
f 2610//1680 2609//1680 2836//1680
f 2836//1681 2609//1681 2835//1681
f 2609//1682 2614//1682 2835//1682
f 2835//1683 2614//1683 2616//1683
f 2813//1684 2608//1684 2838//1684
f 2608//1685 2607//1685 2838//1685
f 2607//1686 2606//1686 2838//1686
f 2838//1687 2606//1687 2837//1687
f 2606//1688 2482//1688 2837//1688
f 2837//1689 2482//1689 2481//1689
f 2811//1690 2595//1690 2839//1690
f 2595//1691 2597//1691 2839//1691
f 2597//1692 2599//1692 2839//1692
f 2839//1693 2599//1693 2813//1693
f 2599//1694 2601//1694 2813//1694
f 2813//1695 2601//1695 2603//1695
f 2840//1696 2591//1696 2812//1696
f 2591//1697 2590//1697 2812//1697
f 2812//1698 2590//1698 2595//1698
f 2841//1699 2586//1699 2840//1699
f 2586//1700 2592//1700 2840//1700
f 2840//1701 2592//1701 2591//1701
f 2842//1702 2589//1702 2841//1702
f 2589//1703 2588//1703 2841//1703
f 2841//1704 2588//1704 2586//1704
f 2577//1705 2584//1705 2843//1705
f 2584//1706 2583//1706 2843//1706
f 2843//1707 2583//1707 2842//1707
f 2583//1708 2581//1708 2842//1708
f 2842//1709 2581//1709 2589//1709
f 2577//1710 2843//1710 2575//1710
f 2843//1711 2844//1711 2575//1711
f 2575//1712 2844//1712 2573//1712
f 2573//1713 2844//1713 2572//1713
f 2844//1714 2845//1714 2572//1714
f 2572//1715 2845//1715 2570//1715
f 2570//1716 2845//1716 2562//1716
f 2845//1717 2846//1717 2562//1717
f 2562//1718 2846//1718 2564//1718
f 2564//1719 2846//1719 2566//1719
f 2846//1720 2847//1720 2566//1720
f 2566//1721 2847//1721 2567//1721
f 2847//1722 2848//1722 2567//1722
f 2567//1723 2848//1723 2484//1723
f 2484//1724 2848//1724 2560//1724
f 2848//1725 2849//1725 2560//1725
f 2560//1726 2849//1726 2559//1726
f 2559//1727 2849//1727 2557//1727
f 2849//1728 2850//1728 2557//1728
f 2557//1729 2850//1729 2555//1729
f 2850//1730 2851//1730 2555//1730
f 2555//1731 2851//1731 2550//1731
f 2851//1732 2852//1732 2550//1732
f 2550//1733 2852//1733 2535//1733
f 2535//1734 2852//1734 2536//1734
f 2852//1735 2853//1735 2536//1735
f 2536//1736 2853//1736 2538//1736
f 2854//1737 2543//1737 2855//1737
f 2543//1738 2541//1738 2855//1738
f 2855//1739 2541//1739 2853//1739
f 2541//1740 2540//1740 2853//1740
f 2853//1741 2540//1741 2538//1741
f 2856//1742 2547//1742 2854//1742
f 2547//1743 2545//1743 2854//1743
f 2854//1744 2545//1744 2543//1744
f 2857//1745 2531//1745 2856//1745
f 2531//1746 2548//1746 2856//1746
f 2856//1747 2548//1747 2547//1747
f 2858//1748 2534//1748 2857//1748
f 2534//1749 2533//1749 2857//1749
f 2857//1750 2533//1750 2531//1750
f 2859//1751 2519//1751 2858//1751
f 2519//1752 2527//1752 2858//1752
f 2858//1753 2527//1753 2534//1753
f 2860//1754 2522//1754 2859//1754
f 2522//1755 2520//1755 2859//1755
f 2859//1756 2520//1756 2519//1756
f 2861//1757 2515//1757 2860//1757
f 2515//1758 2513//1758 2860//1758
f 2513//1759 2525//1759 2860//1759
f 2525//1760 2524//1760 2860//1760
f 2860//1761 2524//1761 2522//1761
f 2506//1762 2862//1762 2504//1762
f 2862//1763 2863//1763 2504//1763
f 2504//1764 2863//1764 2509//1764
f 2506//1765 2508//1765 2862//1765
f 2508//1766 2518//1766 2862//1766
f 2862//1767 2518//1767 2861//1767
f 2518//1768 2517//1768 2861//1768
f 2861//1769 2517//1769 2515//1769
f 2810//1770 2498//1770 2864//1770
f 2498//1771 2496//1771 2864//1771
f 2496//1772 2511//1772 2864//1772
f 2864//1773 2511//1773 2863//1773
f 2511//1774 2510//1774 2863//1774
f 2863//1775 2510//1775 2509//1775
f 2808//1776 2490//1776 2865//1776
f 2490//1777 2492//1777 2865//1777
f 2492//1778 2503//1778 2865//1778
f 2865//1779 2503//1779 2810//1779
f 2503//1780 2502//1780 2810//1780
f 2810//1781 2502//1781 2500//1781
f 2688//1782 2690//1782 2815//1782
f 2690//1783 2691//1783 2815//1783
f 2815//1784 2691//1784 2809//1784
f 2691//1785 2489//1785 2809//1785
f 2809//1786 2489//1786 2490//1786
f 2866//1787 2867//1787 2868//1787
f 2867//1787 2869//1787 2868//1787
f 2868//1788 2869//1788 2870//1788
f 2869//1788 2871//1788 2870//1788
f 2870//1789 2871//1789 2872//1789
f 2871//1790 2873//1790 2872//1790
f 2872//1791 2873//1791 2874//1791
f 2873//1791 2875//1791 2874//1791
f 2874//1792 2875//1792 2876//1792
f 2875//1792 2877//1792 2876//1792
f 2876//1793 2877//1793 2878//1793
f 2877//1793 2879//1793 2878//1793
f 2878//1794 2879//1794 2880//1794
f 2879//1794 2881//1794 2880//1794
f 2880//1795 2881//1795 2882//1795
f 2881//1795 2883//1795 2882//1795
f 2882//1796 2883//1796 2884//1796
f 2883//1796 2885//1796 2884//1796
f 2884//1797 2885//1797 2886//1797
f 2885//1797 2887//1797 2886//1797
f 2886//1798 2887//1798 2888//1798
f 2887//1798 2889//1798 2888//1798
f 2888//1799 2889//1799 2890//1799
f 2889//1799 2891//1799 2890//1799
f 2890//1800 2891//1800 2892//1800
f 2891//1800 2893//1800 2892//1800
f 2892//1801 2893//1801 2894//1801
f 2893//1801 2895//1801 2894//1801
f 2894//1802 2895//1802 2896//1802
f 2895//1802 2897//1802 2896//1802
f 2896//1803 2897//1803 2898//1803
f 2897//1803 2899//1803 2898//1803
f 2898//1804 2899//1804 2900//1804
f 2899//1804 2901//1804 2900//1804
f 2900//1805 2901//1805 2902//1805
f 2901//1805 2903//1805 2902//1805
f 2902//1806 2903//1806 2904//1806
f 2903//1806 2905//1806 2904//1806
f 2904//1807 2905//1807 2906//1807
f 2905//1807 2907//1807 2906//1807
f 2906//1808 2907//1808 2908//1808
f 2907//1808 2909//1808 2908//1808
f 2908//1809 2909//1809 2910//1809
f 2909//1809 2911//1809 2910//1809
f 2910//1810 2911//1810 2912//1810
f 2911//1810 2913//1810 2912//1810
f 2912//1811 2913//1811 2914//1811
f 2913//1811 2915//1811 2914//1811
f 2914//1812 2915//1812 2916//1812
f 2915//1812 2917//1812 2916//1812
f 2916//1813 2917//1813 2918//1813
f 2917//1813 2919//1813 2918//1813
f 2918//1814 2919//1814 2920//1814
f 2919//1815 2921//1815 2920//1815
f 2920//1816 2921//1816 2922//1816
f 2921//1816 2923//1816 2922//1816
f 2922//1817 2923//1817 2924//1817
f 2923//1817 2925//1817 2924//1817
f 2924//1818 2925//1818 2926//1818
f 2925//1818 2927//1818 2926//1818
f 2926//1819 2927//1819 2928//1819
f 2927//1819 2929//1819 2928//1819
f 2928//1820 2929//1820 2930//1820
f 2929//1821 2931//1821 2930//1821
f 2930//1822 2931//1822 2932//1822
f 2931//1822 2933//1822 2932//1822
f 2932//1823 2933//1823 2934//1823
f 2933//1823 2935//1823 2934//1823
f 2934//1824 2935//1824 2936//1824
f 2935//1824 2937//1824 2936//1824
f 2936//1825 2937//1825 2938//1825
f 2937//1825 2939//1825 2938//1825
f 2938//1826 2939//1826 2940//1826
f 2939//1826 2941//1826 2940//1826
f 2940//1827 2941//1827 2942//1827
f 2941//1827 2943//1827 2942//1827
f 2942//1828 2943//1828 2944//1828
f 2943//1828 2945//1828 2944//1828
f 2944//1829 2945//1829 2946//1829
f 2945//1829 2947//1829 2946//1829
f 2946//1830 2947//1830 2948//1830
f 2947//1830 2949//1830 2948//1830
f 2948//1831 2949//1831 2950//1831
f 2949//1831 2951//1831 2950//1831
f 2950//1832 2951//1832 2952//1832
f 2951//1832 2953//1832 2952//1832
f 2952//1833 2953//1833 2954//1833
f 2953//1833 2955//1833 2954//1833
f 2954//1834 2955//1834 2956//1834
f 2955//1834 2957//1834 2956//1834
f 2956//1835 2957//1835 2958//1835
f 2957//1835 2959//1835 2958//1835
f 2958//1836 2959//1836 2960//1836
f 2959//1836 2961//1836 2960//1836
f 2960//1837 2961//1837 2962//1837
f 2961//1837 2963//1837 2962//1837
f 2962//1838 2963//1838 2964//1838
f 2963//1838 2965//1838 2964//1838
f 2964//1839 2965//1839 2966//1839
f 2965//1839 2967//1839 2966//1839
f 2966//1840 2967//1840 2968//1840
f 2967//1840 2969//1840 2968//1840
f 2968//1841 2969//1841 2970//1841
f 2969//1841 2971//1841 2970//1841
f 2970//1842 2971//1842 2972//1842
f 2971//1842 2973//1842 2972//1842
f 2972//1843 2973//1843 2974//1843
f 2973//1843 2975//1843 2974//1843
f 2974//1844 2975//1844 2976//1844
f 2975//1844 2977//1844 2976//1844
f 2976//1845 2977//1845 2978//1845
f 2977//1846 2979//1846 2978//1846
f 2978//1847 2979//1847 2980//1847
f 2979//1847 2981//1847 2980//1847
f 2980//1848 2981//1848 2866//1848
f 2981//1848 2867//1848 2866//1848
f 2982//1849 2983//1849 2984//1849
f 2983//1850 2985//1850 2984//1850
f 2984//1850 2985//1850 2986//1850
f 2985//1851 2987//1851 2986//1851
f 2986//1851 2987//1851 2988//1851
f 2987//1852 2989//1852 2988//1852
f 2988//1852 2989//1852 2990//1852
f 2989//1853 2991//1853 2990//1853
f 2990//1853 2991//1853 2992//1853
f 2991//1854 2993//1854 2992//1854
f 2992//1854 2993//1854 2994//1854
f 2993//1855 2995//1855 2994//1855
f 2994//1855 2995//1855 2996//1855
f 2995//1856 2997//1856 2996//1856
f 2996//1856 2997//1856 2998//1856
f 2997//1857 2999//1857 2998//1857
f 2998//1857 2999//1857 3000//1857
f 2999//1858 3001//1858 3000//1858
f 3000//1858 3001//1858 3002//1858
f 3001//1859 3003//1859 3002//1859
f 3002//1859 3003//1859 3004//1859
f 3003//1860 3005//1860 3004//1860
f 3004//1861 3005//1861 3006//1861
f 3005//1862 3007//1862 3006//1862
f 3006//1862 3007//1862 3008//1862
f 3007//1863 3009//1863 3008//1863
f 3008//1863 3009//1863 3010//1863
f 3009//1864 3011//1864 3010//1864
f 3010//1864 3011//1864 3012//1864
f 3011//1865 3013//1865 3012//1865
f 3012//1865 3013//1865 3014//1865
f 3013//1866 3015//1866 3014//1866
f 3014//1866 3015//1866 3016//1866
f 3015//1867 3017//1867 3016//1867
f 3016//1867 3017//1867 3018//1867
f 3017//1868 3019//1868 3018//1868
f 3018//1868 3019//1868 3020//1868
f 3019//1869 3021//1869 3020//1869
f 3020//1869 3021//1869 3022//1869
f 3021//1870 3023//1870 3022//1870
f 3022//1870 3023//1870 3024//1870
f 3023//1871 3025//1871 3024//1871
f 3024//1871 3025//1871 3026//1871
f 3025//1872 3027//1872 3026//1872
f 3026//1872 3027//1872 3028//1872
f 3027//1873 3029//1873 3028//1873
f 3028//1873 3029//1873 3030//1873
f 3029//1874 3031//1874 3030//1874
f 3030//1874 3031//1874 3032//1874
f 3031//1875 3033//1875 3032//1875
f 3032//1875 3033//1875 3034//1875
f 3033//1876 3035//1876 3034//1876
f 3034//1876 3035//1876 3036//1876
f 3035//1877 3037//1877 3036//1877
f 3036//1877 3037//1877 3038//1877
f 3037//1878 3039//1878 3038//1878
f 3038//1878 3039//1878 3040//1878
f 3039//1879 3041//1879 3040//1879
f 3040//1879 3041//1879 3042//1879
f 3041//1880 3043//1880 3042//1880
f 3042//1880 3043//1880 3044//1880
f 3043//1881 3045//1881 3044//1881
f 3044//1881 3045//1881 3046//1881
f 3045//1882 3047//1882 3046//1882
f 3046//1882 3047//1882 3048//1882
f 3047//1883 3049//1883 3048//1883
f 3048//1883 3049//1883 3050//1883
f 3049//1884 3051//1884 3050//1884
f 3050//1884 3051//1884 3052//1884
f 3051//1885 3053//1885 3052//1885
f 3052//1885 3053//1885 3054//1885
f 3053//1886 3055//1886 3054//1886
f 3054//1886 3055//1886 3056//1886
f 3055//1887 3057//1887 3056//1887
f 3056//1887 3057//1887 3058//1887
f 3057//1888 3059//1888 3058//1888
f 3058//1888 3059//1888 3060//1888
f 3059//1889 3061//1889 3060//1889
f 3060//1889 3061//1889 3062//1889
f 3061//1890 3063//1890 3062//1890
f 3062//1891 3063//1891 3064//1891
f 3063//1892 3065//1892 3064//1892
f 3064//1892 3065//1892 3066//1892
f 3065//1893 3067//1893 3066//1893
f 3066//1893 3067//1893 3068//1893
f 3067//1894 3069//1894 3068//1894
f 3068//1894 3069//1894 3070//1894
f 3069//1895 3071//1895 3070//1895
f 3070//1895 3071//1895 3072//1895
f 3071//1896 3073//1896 3072//1896
f 3072//1896 3073//1896 3074//1896
f 3073//1897 3075//1897 3074//1897
f 3074//1897 3075//1897 3076//1897
f 3075//1898 3077//1898 3076//1898
f 3076//1898 3077//1898 3078//1898
f 3077//1899 3079//1899 3078//1899
f 3078//1899 3079//1899 3080//1899
f 3079//1900 3081//1900 3080//1900
f 3080//1900 3081//1900 3082//1900
f 3081//1901 3083//1901 3082//1901
f 3082//1901 3083//1901 3084//1901
f 3083//1902 3085//1902 3084//1902
f 3084//1902 3085//1902 3086//1902
f 3085//1903 3087//1903 3086//1903
f 3086//1903 3087//1903 3088//1903
f 3087//1904 3089//1904 3088//1904
f 3088//1904 3089//1904 3090//1904
f 3089//1905 3091//1905 3090//1905
f 3090//1905 3091//1905 3092//1905
f 3091//1906 3093//1906 3092//1906
f 3092//1906 3093//1906 3094//1906
f 3093//1907 3095//1907 3094//1907
f 3094//1907 3095//1907 3096//1907
f 3095//1908 3097//1908 3096//1908
f 3096//1908 3097//1908 2982//1908
f 3097//1849 2983//1849 2982//1849
f 3098//1909 3099//1909 2421//1909
f 2094//1910 2098//1910 3088//1910
f 2224//1911 2222//1911 3100//1911
f 2149//1912 2151//1912 3094//1912
f 2149//1913 3094//1913 2147//1913
f 2143//1914 2145//1914 3101//1914
f 2151//1915 2153//1915 3094//1915
f 2153//1916 2140//1916 3094//1916
f 3094//1917 2140//1917 2130//1917
f 2174//1918 2167//1918 3102//1918
f 2174//1919 3102//1919 2181//1919
f 2179//1920 2178//1920 3102//1920
f 2178//1921 2182//1921 3102//1921
f 3102//1922 2182//1922 2181//1922
f 2167//1923 2165//1923 3102//1923
f 2165//1924 2157//1924 3102//1924
f 3102//1925 2157//1925 3103//1925
f 2157//1926 2156//1926 3103//1926
f 3103//1927 2156//1927 3101//1927
f 2156//1928 2161//1928 3101//1928
f 3101//1929 2161//1929 2143//1929
f 2207//1930 2205//1930 3104//1930
f 3104//1931 2205//1931 3105//1931
f 2205//1932 2203//1932 3105//1932
f 2203//1933 2202//1933 3105//1933
f 3105//1934 2202//1934 3106//1934
f 2202//1935 2194//1935 3106//1935
f 3106//1936 2194//1936 2192//1936
f 2192//1937 2185//1937 3106//1937
f 2185//1938 2187//1938 3106//1938
f 3106//1939 2187//1939 3107//1939
f 2187//1940 2189//1940 3107//1940
f 3107//1941 2189//1941 3102//1941
f 2189//1942 2190//1942 3102//1942
f 3102//1943 2190//1943 2179//1943
f 2222//1944 2221//1944 3100//1944
f 2221//1945 2219//1945 3100//1945
f 3100//1946 2219//1946 2217//1946
f 2217//1947 2214//1947 3100//1947
f 2214//1948 2212//1948 3100//1948
f 3100//1949 2212//1949 3108//1949
f 2212//1950 2210//1950 3108//1950
f 2210//1951 2209//1951 3108//1951
f 2209//1952 2199//1952 3108//1952
f 3108//1953 2199//1953 3104//1953
f 2199//1954 2208//1954 3104//1954
f 3104//1955 2208//1955 2207//1955
f 2071//1956 2043//1956 3084//1956
f 2043//1957 2066//1957 3084//1957
f 3084//1958 2066//1958 2061//1958
f 2061//1959 2059//1959 3084//1959
f 2059//1960 2049//1960 3084//1960
f 3084//1961 2049//1961 2051//1961
f 2051//1962 2053//1962 3084//1962
f 2053//1963 2055//1963 3084//1963
f 3084//1964 2055//1964 2044//1964
f 2044//1965 2046//1965 3084//1965
f 2046//1966 2048//1966 3084//1966
f 3084//1967 2048//1967 2251//1967
f 2243//1968 3100//1968 2248//1968
f 3100//1969 3109//1969 2248//1969
f 2248//1970 3109//1970 2255//1970
f 3109//1971 3110//1971 2255//1971
f 2255//1972 3110//1972 2253//1972
f 2243//1973 2245//1973 3100//1973
f 2245//1974 2239//1974 3100//1974
f 3100//1975 2239//1975 2241//1975
f 2241//1976 2242//1976 3100//1976
f 2242//1977 2237//1977 3100//1977
f 3100//1978 2237//1978 2235//1978
f 2235//1979 2233//1979 3100//1979
f 2233//1980 2231//1980 3100//1980
f 3100//1981 2231//1981 2230//1981
f 2230//1982 2228//1982 3100//1982
f 2228//1983 2226//1983 3100//1983
f 3100//1984 2226//1984 2224//1984
f 2098//1985 2096//1985 3088//1985
f 2096//1986 2095//1986 3088//1986
f 3088//1987 2095//1987 3086//1987
f 2095//1988 2084//1988 3086//1988
f 2084//1989 2087//1989 3086//1989
f 2087//1990 2078//1990 3086//1990
f 3086//1991 2078//1991 2080//1991
f 2080//1992 2081//1992 3086//1992
f 2081//1993 2076//1993 3086//1993
f 3086//1794 2076//1794 3084//1794
f 2076//1994 2074//1994 3084//1994
f 3084//1995 2074//1995 2071//1995
f 2107//1996 2105//1996 3090//1996
f 2105//1997 2104//1997 3090//1997
f 2104//1998 2102//1998 3090//1998
f 2102//1999 2101//1999 3090//1999
f 3090//2000 2101//2000 3088//2000
f 2101//2001 2092//2001 3088//2001
f 3088//2002 2092//2002 2094//2002
f 2139//2003 2128//2003 3092//2003
f 2139//2004 3092//2004 2138//2004
f 2130//2005 2132//2005 3094//2005
f 2132//2006 2134//2006 3094//2006
f 3094//2007 2134//2007 3092//2007
f 2134//2008 2136//2008 3092//2008
f 3092//2009 2136//2009 2138//2009
f 2128//2010 2125//2010 3092//2010
f 2125//2011 2123//2011 3092//2011
f 3092//2012 2123//2012 2122//2012
f 2122//2013 2120//2013 3092//2013
f 2120//2014 2118//2014 3092//2014
f 3092//2015 2118//2015 2115//2015
f 2115//2016 2113//2016 3092//2016
f 2113//2017 2111//2017 3092//2017
f 3092//2018 2111//2018 3090//2018
f 2111//2019 2109//2019 3090//2019
f 3090//2020 2109//2020 2107//2020
f 2397//2021 3111//2021 2398//2021
f 3111//2022 3112//2022 2398//2022
f 2398//2023 3112//2023 2392//2023
f 2397//2024 2389//2024 3111//2024
f 2389//2025 2382//2025 3111//2025
f 3111//2026 2382//2026 2380//2026
f 2380//2027 2372//2027 3111//2027
f 2372//2028 2371//2028 3111//2028
f 3111//2029 2371//2029 2376//2029
f 2362//2030 2364//2030 3111//2030
f 2376//2031 2358//2031 3111//2031
f 2358//2032 2360//2032 3111//2032
f 3111//2033 2360//2033 2362//2033
f 2366//2034 2368//2034 3054//2034
f 2368//2035 2355//2035 3054//2035
f 3054//2036 2355//2036 2350//2036
f 2350//2037 2352//2037 3054//2037
f 2352//2038 2346//2038 3054//2038
f 3054//2039 2346//2039 2348//2039
f 2348//2040 2349//2040 3054//2040
f 2349//2041 2344//2041 3054//2041
f 3054//2042 2344//2042 2341//2042
f 2341//2043 2339//2043 3054//2043
f 2339//2044 2338//2044 3054//2044
f 3054//2045 2338//2045 2336//2045
f 2403//2046 2405//2046 3113//2046
f 2403//2047 3113//2047 2401//2047
f 2405//2048 2406//2048 3113//2048
f 2406//2049 2395//2049 3113//2049
f 3113//2050 2395//2050 3112//2050
f 2395//2051 2393//2051 3112//2051
f 3112//2052 2393//2052 2392//2052
f 2421//2053 3099//2053 2423//2053
f 2432//2054 2430//2054 3099//2054
f 2430//2055 2428//2055 3099//2055
f 2428//2056 2426//2056 3099//2056
f 2426//2057 2425//2057 3099//2057
f 3099//2058 2425//2058 2423//2058
f 3098//2059 2421//2059 3114//2059
f 2421//2060 2419//2060 3114//2060
f 3114//2061 2419//2061 2417//2061
f 2417//2062 2416//2062 3114//2062
f 2416//2063 2414//2063 3114//2063
f 3114//2064 2414//2064 3115//2064
f 2414//2065 2413//2065 3115//2065
f 3115//2066 2413//2066 3113//2066
f 2413//2067 2409//2067 3113//2067
f 3113//2068 2409//2068 2401//2068
f 2463//2069 2464//2069 3116//2069
f 2464//2070 2453//2070 3116//2070
f 3116//2071 2453//2071 2451//2071
f 2451//2072 2449//2072 3116//2072
f 2449//2073 2447//2073 3116//2073
f 3116//2074 2447//2074 2446//2074
f 2446//2075 2444//2075 3116//2075
f 2444//2076 2442//2076 3116//2076
f 3116//2077 2442//2077 2439//2077
f 2439//2078 2438//2078 3116//2078
f 2438//2079 2436//2079 3116//2079
f 3116//2080 2436//2080 3117//2080
f 3117//2081 2436//2081 3099//2081
f 2436//2082 2434//2082 3099//2082
f 3099//2083 2434//2083 2432//2083
f 3046//2084 2266//2084 3044//2084
f 2266//2085 2268//2085 3044//2085
f 3044//2086 2268//2086 2270//2086
f 2270//2087 2272//2087 3044//2087
f 2272//2088 2261//2088 3044//2088
f 3044//2089 2261//2089 2263//2089
f 2263//2090 2265//2090 3044//2090
f 2265//2091 2468//2091 3044//2091
f 3044//2092 2468//2092 2470//2092
f 3118//2093 2472//2093 3119//2093
f 2472//2094 2465//2094 3119//2094
f 3119//2095 2465//2095 3116//2095
f 2465//2096 2455//2096 3116//2096
f 3116//2097 2455//2097 2457//2097
f 2457//2098 2459//2098 3116//2098
f 2459//2099 2461//2099 3116//2099
f 3116//2100 2461//2100 2463//2100
f 2284//2101 2283//2101 3046//2101
f 2284//2102 3046//2102 2289//2102
f 2298//2103 2297//2103 3046//2103
f 2297//2104 2294//2104 3046//2104
f 3046//2105 2294//2105 2289//2105
f 2283//2106 2278//2106 3046//2106
f 2278//2107 2276//2107 3046//2107
f 3046//2108 2276//2108 2266//2108
f 2307//2109 2309//2109 3050//2109
f 2309//2110 2312//2110 3050//2110
f 3050//2111 2312//2111 3048//2111
f 2312//2112 2314//2112 3048//2112
f 3048//2113 2314//2113 2260//2113
f 2260//2114 2302//2114 3048//2114
f 2302//2115 2301//2115 3048//2115
f 3048//1813 2301//1813 3046//1813
f 2301//2116 2300//2116 3046//2116
f 3046//2117 2300//2117 2298//2117
f 2336//2118 2334//2118 3054//2118
f 2334//2119 2332//2119 3054//2119
f 3054//2120 2332//2120 3052//2120
f 2332//2121 2330//2121 3052//2121
f 3052//2122 2330//2122 2328//2122
f 2328//2123 2326//2123 3052//2123
f 2326//2124 2323//2124 3052//2124
f 3052//2125 2323//2125 2321//2125
f 2321//2126 2320//2126 3052//2126
f 2320//2127 2318//2127 3052//2127
f 3052//2128 2318//2128 3050//2128
f 2318//2129 2317//2129 3050//2129
f 3050//2130 2317//2130 2307//2130
f 3120//2131 3121//2131 3122//2131
f 3002//1838 3123//1838 3000//1838
f 3123//2132 3120//2132 3000//2132
f 3122//2133 3121//2133 3124//2133
f 3125//2134 3126//2134 3004//2134
f 3126//2135 3127//2135 3004//2135
f 3004//1837 3127//1837 3002//1837
f 3127//2136 3128//2136 3002//2136
f 3002//2137 3128//2137 3123//2137
f 2505//2138 2495//2138 3006//2138
f 2505//2139 3006//2139 2507//2139
f 2495//2140 2497//2140 3006//2140
f 2497//2141 2499//2141 3006//2141
f 3006//2142 2499//2142 2501//2142
f 2501//2143 2491//2143 3006//2143
f 2491//2144 2493//2144 3006//2144
f 3006//2145 2493//2145 2494//2145
f 2494//2146 2488//2146 3006//2146
f 2488//2147 2487//2147 3006//2147
f 3006//2148 2487//2148 2689//2148
f 3004//1836 3006//1836 3125//1836
f 3006//2149 2689//2149 3125//2149
f 3125//2150 2689//2150 3129//2150
f 2689//2151 2687//2151 3129//2151
f 3129//2152 2687//2152 3130//2152
f 2687//2153 2680//2153 3130//2153
f 3130//2154 2680//2154 2683//2154
f 2683//2155 2676//2155 3130//2155
f 2676//2156 2678//2156 3130//2156
f 3130//2157 2678//2157 2679//2157
f 2679//2158 2674//2158 3130//2158
f 2674//2159 2672//2159 3130//2159
f 3130//2160 2672//2160 2670//2160
f 2670//2161 2668//2161 3130//2161
f 2668//2162 2667//2162 3130//2162
f 3130//2163 2667//2163 2660//2163
f 2660//2164 2662//2164 3130//2164
f 2662//2165 2664//2165 3130//2165
f 3130//2166 2664//2166 2477//2166
f 2477//2167 2476//2167 3130//2167
f 2476//2168 2655//2168 3130//2168
f 3130//2169 2655//2169 2657//2169
f 2657//2170 2654//2170 3130//2170
f 2654//2171 2652//2171 3130//2171
f 3130//2172 2652//2172 3131//2172
f 2652//2173 2651//2173 3131//2173
f 3131//2174 2651//2174 3132//2174
f 2651//2175 2649//2175 3132//2175
f 3132//2176 2649//2176 2648//2176
f 2648//2177 2646//2177 3132//2177
f 2646//2178 2644//2178 3132//2178
f 3132//2179 2644//2179 3133//2179
f 2644//2180 2642//2180 3133//2180
f 3133//2181 2642//2181 3134//2181
f 2642//2182 2640//2182 3134//2182
f 3134//2183 2640//2183 2639//2183
f 2639//2184 2480//2184 3134//2184
f 2480//2185 2636//2185 3134//2185
f 3134//2186 2636//2186 3135//2186
f 2636//2187 2628//2187 3135//2187
f 3135//2188 2628//2188 3136//2188
f 2628//2189 2627//2189 3136//2189
f 2627//2190 2633//2190 3136//2190
f 2633//2191 2631//2191 3136//2191
f 3136//2192 2631//2192 2630//2192
f 2630//2193 2625//2193 3136//2193
f 2625//2194 2623//2194 3136//2194
f 3136//2195 2623//2195 2621//2195
f 2621//2196 2619//2196 3136//2196
f 2619//2197 2617//2197 3136//2197
f 3136//2198 2617//2198 3137//2198
f 2617//2199 2615//2199 3137//2199
f 3137//2200 2615//2200 3138//2200
f 2615//2201 2611//2201 3138//2201
f 3138//2202 2611//2202 2483//2202
f 2594//2203 2593//2203 3016//2203
f 2483//2204 2605//2204 3138//2204
f 2605//2205 2604//2205 3138//2205
f 3138//2206 2604//2206 2602//2206
f 2602//2207 2600//2207 3138//2207
f 2600//2208 2598//2208 3138//2208
f 3138//2209 2598//2209 2596//2209
f 2593//2210 2585//2210 3016//2210
f 2585//2211 2587//2211 3016//2211
f 3016//2212 2587//2212 2580//2212
f 2580//2213 2582//2213 3016//2213
f 2582//2214 2576//2214 3016//2214
f 3016//2215 2576//2215 2578//2215
f 2578//2216 2579//2216 3016//2216
f 2579//2217 2574//2217 3016//2217
f 3016//2218 2574//2218 2571//2218
f 2596//2219 2594//2219 3138//2219
f 2594//2220 3016//2220 3138//2220
f 3138//2221 3016//2221 3139//2221
f 3016//2222 3018//2222 3139//2222
f 3139//2223 3018//2223 3140//2223
f 3140//2224 3018//2224 3141//2224
f 3018//2225 3020//2225 3141//2225
f 3141//2226 3020//2226 3142//2226
f 3143//1829 3144//1829 3145//1829
f 3145//2227 3146//2227 3143//2227
f 3146//2228 3147//2228 3143//2228
f 3143//1828 3147//1828 3148//1828
f 3147//2229 3149//2229 3148//2229
f 3148//2230 3149//2230 3150//2230
f 3151//1831 3152//1831 3153//1831
f 3153//2231 3154//2231 3151//2231
f 3154//2232 3155//2232 3151//2232
f 3151//1830 3155//1830 3144//1830
f 3155//2233 3156//2233 3144//2233
f 3144//2223 3156//2223 3145//2223
f 3157//2234 3158//2234 3159//2234
f 3158//2181 3160//2181 3159//2181
f 3159//1832 3160//1832 3152//1832
f 3160//2235 3161//2235 3152//2235
f 3152//2236 3161//2236 3153//2236
f 3162//2237 3163//2237 3157//2237
f 3163//2238 3164//2238 3157//2238
f 3157//2239 3164//2239 3158//2239
f 3165//2240 3166//2240 3162//2240
f 3166//2241 3167//2241 3162//2241
f 3162//2242 3167//2242 3163//2242
f 3168//2243 3169//2243 3165//2243
f 3169//2244 3170//2244 3165//2244
f 3165//2150 3170//2150 3166//2150
f 3121//2245 3171//2245 3124//2245
f 3171//2246 3172//2246 3124//2246
f 3124//2247 3172//2247 3168//2247
f 3172//2248 3173//2248 3168//2248
f 3168//2135 3173//2135 3169//2135
f 2544//2249 2546//2249 3010//2249
f 2546//2250 2530//2250 3010//2250
f 3010//2251 2530//2251 3008//2251
f 2530//2252 2532//2252 3008//2252
f 2532//2253 2526//2253 3008//2253
f 3008//2254 2526//2254 2528//2254
f 2528//2255 2529//2255 3008//2255
f 2529//2256 2521//2256 3008//2256
f 3008//2257 2521//2257 2523//2257
f 2523//2258 2512//2258 3008//2258
f 2512//2259 2514//2259 3008//2259
f 3008//2260 2514//2260 3006//2260
f 2514//2261 2516//2261 3006//2261
f 3006//2262 2516//2262 2507//2262
f 2553//2263 2549//2263 3012//2263
f 2549//2264 2551//2264 3012//2264
f 3012//2265 2551//2265 2552//2265
f 2552//2266 2537//2266 3012//2266
f 2537//2267 2539//2267 3012//2267
f 3012//2268 2539//2268 3010//2268
f 2539//2269 2542//2269 3010//2269
f 3010//2270 2542//2270 2544//2270
f 2563//2271 2565//2271 3014//2271
f 2565//2272 2486//2272 3014//2272
f 3014//2273 2486//2273 2485//2273
f 2571//2274 2569//2274 3016//2274
f 2569//2275 2568//2275 3016//2275
f 3016//2276 2568//2276 3014//2276
f 2568//2277 2561//2277 3014//2277
f 3014//2278 2561//2278 2563//2278
f 2485//2279 2558//2279 3014//2279
f 2558//2280 2556//2280 3014//2280
f 3014//2281 2556//2281 3012//2281
f 2556//2282 2554//2282 3012//2282
f 3012//2283 2554//2283 2553//2283
f 3174//1787 3175//1787 3176//1787
f 3177//1788 3178//1788 3175//1788
f 3178//2284 3179//2284 3175//2284
f 3175//2285 3179//2285 3176//2285
f 3180//1791 3181//1791 3182//1791
f 3182//2286 3183//2286 3180//2286
f 3183//2287 3184//2287 3180//2287
f 3180//1790 3184//1790 3177//1790
f 3184//2288 3185//2288 3177//2288
f 3177//2289 3185//2289 3178//2289
f 3186//2290 3187//2290 3188//2290
f 3187//2291 3189//2291 3188//2291
f 3188//1792 3189//1792 3181//1792
f 3189//2292 3190//2292 3181//2292
f 3181//2293 3190//2293 3182//2293
f 3191//2294 3192//2294 3186//2294
f 3192//2295 3193//2295 3186//2295
f 3186//2296 3193//2296 3187//2296
f 3194//2297 3195//2297 3191//2297
f 3195//2298 3196//2298 3191//2298
f 3191//2299 3196//2299 3192//2299
f 3197//2300 3198//2300 3194//2300
f 3198//2301 3199//2301 3194//2301
f 3194//2302 3199//2302 3195//2302
f 3200//2303 3201//2303 3197//2303
f 3201//2304 3202//2304 3197//2304
f 3197//2305 3202//2305 3198//2305
f 3080//1796 3082//1796 3203//1796
f 3204//2306 3078//2306 3205//2306
f 3078//1797 3080//1797 3205//1797
f 3205//2305 3080//2305 3206//2305
f 3080//2307 3203//2307 3206//2307
f 2251//2308 2253//2308 3084//2308
f 2253//2309 3110//2309 3084//2309
f 3084//1795 3110//1795 3082//1795
f 3110//2310 3207//2310 3082//2310
f 3082//2302 3207//2302 3203//2302
f 2145//2311 2147//2311 3101//2311
f 2147//2312 3094//2312 3101//2312
f 3101//2313 3094//2313 3208//2313
f 3094//2314 3096//2314 3208//2314
f 3208//2285 3096//2285 3209//2285
f 3209//2315 3096//2315 3210//2315
f 3096//2316 2982//2316 3210//2316
f 3210//2317 2982//2317 3211//2317
f 3040//1817 3042//1817 3212//1817
f 2470//2318 2472//2318 3044//2318
f 2472//2319 3118//2319 3044//2319
f 3044//1816 3118//1816 3042//1816
f 3118//2320 3213//2320 3042//2320
f 3042//2321 3213//2321 3212//2321
f 2364//2322 2366//2322 3111//2322
f 2366//2323 3054//2323 3111//2323
f 3111//2324 3054//2324 3214//2324
f 3054//2325 3056//2325 3214//2325
f 3214//2326 3056//2326 3215//2326
f 3215//2327 3056//2327 3216//2327
f 3056//2328 3058//2328 3216//2328
f 3216//2329 3058//2329 3217//2329
f 3218//1808 3219//1808 3220//1808
f 3220//2330 3221//2330 3218//2330
f 3221//2329 3222//2329 3218//2329
f 3218//1807 3222//1807 3223//1807
f 3222//2331 3224//2331 3223//2331
f 3223//2332 3224//2332 3225//2332
f 3226//1810 3227//1810 3228//1810
f 3228//2333 3229//2333 3226//2333
f 3229//2334 3230//2334 3226//2334
f 3226//1809 3230//1809 3219//1809
f 3230//2335 3231//2335 3219//2335
f 3219//2326 3231//2326 3220//2326
f 3232//2336 3233//2336 3234//2336
f 3233//2337 3235//2337 3234//2337
f 3234//1811 3235//1811 3227//1811
f 3235//2338 3236//2338 3227//2338
f 3227//2339 3236//2339 3228//2339
f 3237//2340 3238//2340 3232//2340
f 3238//2341 3239//2341 3232//2341
f 3232//2342 3239//2342 3233//2342
f 3240//2343 3241//2343 3237//2343
f 3241//2344 3242//2344 3237//2344
f 3237//2345 3242//2345 3238//2345
f 3243//2346 3244//2346 3240//2346
f 3244//2347 3245//2347 3240//2347
f 3240//2348 3245//2348 3241//2348
f 3246//1818 3247//1818 3248//1818
f 3247//2349 3249//2349 3248//2349
f 3248//2350 3249//2350 3243//2350
f 3249//2351 3250//2351 3243//2351
f 3243//2321 3250//2321 3244//2321
f 3217//2352 3058//2352 3225//2352
f 3058//2353 3060//2353 3225//2353
f 3225//2332 3060//2332 3223//2332
f 3060//1806 3062//1806 3223//1806
f 3223//1806 3062//1806 3251//1806
f 3062//1805 3064//1805 3251//1805
f 3251//1805 3064//1805 3252//1805
f 3064//1804 3066//1804 3252//1804
f 3252//1804 3066//1804 3253//1804
f 3066//1803 3068//1803 3253//1803
f 3253//1803 3068//1803 3254//1803
f 3068//1802 3070//1802 3254//1802
f 3254//1802 3070//1802 3255//1802
f 3070//1801 3072//1801 3255//1801
f 3255//1801 3072//1801 3256//1801
f 3072//1800 3074//1800 3256//1800
f 3256//1800 3074//1800 3257//1800
f 3074//1799 3076//1799 3257//1799
f 3257//1799 3076//1799 3258//1799
f 3076//1798 3078//1798 3258//1798
f 3258//1798 3078//1798 3200//1798
f 3078//2354 3204//2354 3200//2354
f 3200//2354 3204//2354 3201//2354
f 3212//2355 3259//2355 3040//2355
f 3259//2349 3260//2349 3040//2349
f 3040//1818 3260//1818 3038//1818
f 3142//2356 3020//2356 3150//2356
f 3020//2357 3022//2357 3150//2357
f 3150//2230 3022//2230 3148//2230
f 3022//1827 3024//1827 3148//1827
f 3148//1827 3024//1827 3261//1827
f 3024//1826 3026//1826 3261//1826
f 3261//1826 3026//1826 3262//1826
f 3026//1825 3028//1825 3262//1825
f 3262//1825 3028//1825 3263//1825
f 3028//1824 3030//1824 3263//1824
f 3263//1824 3030//1824 3264//1824
f 3030//1823 3032//1823 3264//1823
f 3264//1823 3032//1823 3265//1823
f 3032//1822 3034//1822 3265//1822
f 3265//1822 3034//1822 3266//1822
f 3034//1821 3036//1821 3266//1821
f 3266//1820 3036//1820 3267//1820
f 3036//1819 3038//1819 3267//1819
f 3267//1819 3038//1819 3246//1819
f 3038//1818 3260//1818 3246//1818
f 3246//1818 3260//1818 3247//1818
f 3120//2131 3122//2131 3000//2131
f 3122//1839 3268//1839 3000//1839
f 3000//1839 3268//1839 2998//1839
f 3268//1840 3269//1840 2998//1840
f 2998//1840 3269//1840 2996//1840
f 3269//1841 3270//1841 2996//1841
f 2996//1841 3270//1841 2994//1841
f 3270//1842 3271//1842 2994//1842
f 2994//1842 3271//1842 2992//1842
f 3271//1843 3272//1843 2992//1843
f 2992//1843 3272//1843 2990//1843
f 3272//1844 3273//1844 2990//1844
f 2990//1844 3273//1844 2988//1844
f 3273//1845 3274//1845 2988//1845
f 2988//1846 3274//1846 2986//1846
f 3274//1847 3275//1847 2986//1847
f 2986//1847 3275//1847 2984//1847
f 3176//2358 3276//2358 3174//2358
f 3276//2317 3277//2317 3174//2317
f 3174//1848 3277//1848 3275//1848
f 3277//1848 3211//1848 3275//1848
f 3275//1848 3211//1848 2984//1848
f 3211//1848 2982//1848 2984//1848
f 2955//2359 3067//2359 2957//2359
f 3067//2359 3065//2359 2957//2359
f 2957//2359 3065//2359 2959//2359
f 3065//2359 3063//2359 2959//2359
f 2959//2359 3063//2359 2961//2359
f 3063//2359 3061//2359 2961//2359
f 2961//2359 3061//2359 2963//2359
f 3061//2359 3059//2359 2963//2359
f 2963//2359 3059//2359 2965//2359
f 3059//2359 3057//2359 2965//2359
f 2965//2359 3057//2359 2967//2359
f 3057//2359 3055//2359 2967//2359
f 2967//2359 3055//2359 2969//2359
f 3055//2359 3053//2359 2969//2359
f 2969//2359 3053//2359 2971//2359
f 3053//2359 3051//2359 2971//2359
f 2971//2359 3051//2359 2973//2359
f 3051//2359 3049//2359 2973//2359
f 2973//2359 3049//2359 2975//2359
f 3049//2359 3047//2359 2975//2359
f 2975//2359 3047//2359 2977//2359
f 3047//2359 3045//2359 2977//2359
f 2977//2359 3045//2359 2979//2359
f 3045//2359 3043//2359 2979//2359
f 2979//2359 3043//2359 2981//2359
f 3043//2359 3041//2359 2981//2359
f 2981//2359 3041//2359 2867//2359
f 3041//2359 3039//2359 2867//2359
f 2867//2359 3039//2359 2869//2359
f 3039//2359 3037//2359 2869//2359
f 2869//2359 3037//2359 2871//2359
f 3037//2359 3035//2359 2871//2359
f 2871//2359 3035//2359 2873//2359
f 3035//2359 3033//2359 2873//2359
f 2873//2359 3033//2359 2875//2359
f 3033//2359 3031//2359 2875//2359
f 2875//2359 3031//2359 2877//2359
f 3031//2359 3029//2359 2877//2359
f 2877//2359 3029//2359 2879//2359
f 3029//2359 3027//2359 2879//2359
f 2879//2359 3027//2359 2881//2359
f 3027//2359 3025//2359 2881//2359
f 2881//2359 3025//2359 2883//2359
f 3025//2359 3023//2359 2883//2359
f 2883//2359 3023//2359 2885//2359
f 3023//2359 3021//2359 2885//2359
f 2885//2359 3021//2359 2887//2359
f 3021//2359 3019//2359 2887//2359
f 2887//2359 3019//2359 2889//2359
f 3019//2359 3017//2359 2889//2359
f 2889//2359 3017//2359 2891//2359
f 3017//2359 3015//2359 2891//2359
f 2891//2359 3015//2359 2893//2359
f 3015//2359 3013//2359 2893//2359
f 2893//2359 3013//2359 2895//2359
f 3013//2359 3011//2359 2895//2359
f 2895//2359 3011//2359 2897//2359
f 3011//2359 3009//2359 2897//2359
f 2897//2359 3009//2359 2899//2359
f 3009//2359 3007//2359 2899//2359
f 2899//2359 3007//2359 2901//2359
f 3007//2359 3005//2359 2901//2359
f 2901//2359 3005//2359 2903//2359
f 3005//2359 3003//2359 2903//2359
f 2903//2359 3003//2359 2905//2359
f 3003//2359 3001//2359 2905//2359
f 2905//2359 3001//2359 2907//2359
f 3001//2359 2999//2359 2907//2359
f 2907//2359 2999//2359 2909//2359
f 2999//2359 2997//2359 2909//2359
f 2909//2359 2997//2359 2911//2359
f 2997//2359 2995//2359 2911//2359
f 2911//2359 2995//2359 2913//2359
f 2995//2359 2993//2359 2913//2359
f 2913//2359 2993//2359 2915//2359
f 2993//2359 2991//2359 2915//2359
f 2915//2359 2991//2359 2917//2359
f 2991//2359 2989//2359 2917//2359
f 2917//2359 2989//2359 2919//2359
f 2989//2359 2987//2359 2919//2359
f 2919//2359 2987//2359 2921//2359
f 2987//2359 2985//2359 2921//2359
f 2921//2359 2985//2359 2923//2359
f 2985//2359 2983//2359 2923//2359
f 2923//2359 2983//2359 2925//2359
f 2983//2359 3097//2359 2925//2359
f 2925//2359 3097//2359 2927//2359
f 3097//2359 3095//2359 2927//2359
f 2927//2359 3095//2359 2929//2359
f 3095//2359 3093//2359 2929//2359
f 2929//2359 3093//2359 2931//2359
f 3093//2359 3091//2359 2931//2359
f 2931//2359 3091//2359 2933//2359
f 3091//2359 3089//2359 2933//2359
f 2933//2359 3089//2359 2935//2359
f 3089//2359 3087//2359 2935//2359
f 2935//2359 3087//2359 2937//2359
f 3087//2359 3085//2359 2937//2359
f 2937//2359 3085//2359 2939//2359
f 3085//2359 3083//2359 2939//2359
f 2939//2359 3083//2359 2941//2359
f 3083//2359 3081//2359 2941//2359
f 2941//2359 3081//2359 2943//2359
f 3081//2359 3079//2359 2943//2359
f 2943//2359 3079//2359 2945//2359
f 3079//2359 3077//2359 2945//2359
f 2945//2359 3077//2359 2947//2359
f 3077//2359 3075//2359 2947//2359
f 2947//2359 3075//2359 2949//2359
f 3075//2359 3073//2359 2949//2359
f 2949//2359 3073//2359 2951//2359
f 3073//2359 3071//2359 2951//2359
f 2951//2359 3071//2359 2953//2359
f 3071//2359 3069//2359 2953//2359
f 2953//2359 3069//2359 2955//2359
f 3069//2359 3067//2359 2955//2359
f 2908//2360 3268//2360 2906//2360
f 3268//2360 3122//2360 2906//2360
f 2906//2360 3122//2360 2904//2360
f 3122//2360 3124//2360 2904//2360
f 2904//2360 3124//2360 2902//2360
f 3124//2360 3168//2360 2902//2360
f 2902//2360 3168//2360 2900//2360
f 3168//2360 3165//2360 2900//2360
f 2900//2360 3165//2360 2898//2360
f 3165//2360 3162//2360 2898//2360
f 2898//2360 3162//2360 2896//2360
f 3162//2360 3157//2360 2896//2360
f 2896//2360 3157//2360 2894//2360
f 3157//2360 3159//2360 2894//2360
f 2894//2360 3159//2360 2892//2360
f 3159//2360 3152//2360 2892//2360
f 2892//2360 3152//2360 2890//2360
f 3152//2360 3151//2360 2890//2360
f 2890//2360 3151//2360 2888//2360
f 3151//2360 3144//2360 2888//2360
f 2888//2360 3144//2360 2886//2360
f 3144//2360 3143//2360 2886//2360
f 2886//2360 3143//2360 2884//2360
f 3143//2360 3148//2360 2884//2360
f 2884//2360 3148//2360 2882//2360
f 3148//2360 3261//2360 2882//2360
f 2882//2360 3261//2360 2880//2360
f 3261//2360 3262//2360 2880//2360
f 2880//2360 3262//2360 2878//2360
f 3262//2360 3263//2360 2878//2360
f 2878//2360 3263//2360 2876//2360
f 3263//2360 3264//2360 2876//2360
f 2876//2360 3264//2360 2874//2360
f 3264//2360 3265//2360 2874//2360
f 2874//2360 3265//2360 2872//2360
f 3265//2360 3266//2360 2872//2360
f 2872//2360 3266//2360 2870//2360
f 3266//2360 3267//2360 2870//2360
f 2870//2360 3267//2360 2868//2360
f 3267//2360 3246//2360 2868//2360
f 2868//2360 3246//2360 2866//2360
f 3246//2360 3248//2360 2866//2360
f 2866//2360 3248//2360 2980//2360
f 3248//2360 3243//2360 2980//2360
f 2980//2360 3243//2360 2978//2360
f 3243//2360 3240//2360 2978//2360
f 2978//2360 3240//2360 2976//2360
f 3240//2360 3237//2360 2976//2360
f 2976//2360 3237//2360 2974//2360
f 3237//2360 3232//2360 2974//2360
f 2974//2360 3232//2360 2972//2360
f 3232//2360 3234//2360 2972//2360
f 2972//2360 3234//2360 2970//2360
f 3234//2360 3227//2360 2970//2360
f 2970//2360 3227//2360 2968//2360
f 3227//2360 3226//2360 2968//2360
f 2968//2360 3226//2360 2966//2360
f 3226//2360 3219//2360 2966//2360
f 2966//2360 3219//2360 2964//2360
f 3219//2360 3218//2360 2964//2360
f 2964//2360 3218//2360 2962//2360
f 3218//2360 3223//2360 2962//2360
f 2962//2360 3223//2360 2960//2360
f 3223//2360 3251//2360 2960//2360
f 2960//2360 3251//2360 2958//2360
f 3251//2360 3252//2360 2958//2360
f 2958//2360 3252//2360 2956//2360
f 3252//2360 3253//2360 2956//2360
f 2956//2360 3253//2360 2954//2360
f 3253//2360 3254//2360 2954//2360
f 2954//2360 3254//2360 2952//2360
f 3254//2360 3255//2360 2952//2360
f 2952//2360 3255//2360 2950//2360
f 3255//2360 3256//2360 2950//2360
f 2950//2360 3256//2360 2948//2360
f 3256//2360 3257//2360 2948//2360
f 2948//2360 3257//2360 2946//2360
f 3257//2360 3258//2360 2946//2360
f 2946//2360 3258//2360 2944//2360
f 3258//2360 3200//2360 2944//2360
f 2944//2360 3200//2360 2942//2360
f 3200//2360 3197//2360 2942//2360
f 2942//2360 3197//2360 2940//2360
f 3197//2360 3194//2360 2940//2360
f 2940//2360 3194//2360 2938//2360
f 3194//2360 3191//2360 2938//2360
f 2938//2360 3191//2360 2936//2360
f 3191//2360 3186//2360 2936//2360
f 2936//2360 3186//2360 2934//2360
f 3186//2360 3188//2360 2934//2360
f 2934//2360 3188//2360 2932//2360
f 3188//2360 3181//2360 2932//2360
f 2932//2360 3181//2360 2930//2360
f 3181//2360 3180//2360 2930//2360
f 2930//2360 3180//2360 2928//2360
f 3180//2360 3177//2360 2928//2360
f 2928//2360 3177//2360 2926//2360
f 3177//2360 3175//2360 2926//2360
f 2926//2360 3175//2360 2924//2360
f 3175//2360 3174//2360 2924//2360
f 2924//2360 3174//2360 2922//2360
f 3174//2360 3275//2360 2922//2360
f 2922//2360 3275//2360 2920//2360
f 3275//2360 3274//2360 2920//2360
f 2920//2360 3274//2360 2918//2360
f 3274//2360 3273//2360 2918//2360
f 2918//2360 3273//2360 2916//2360
f 3273//2360 3272//2360 2916//2360
f 2916//2360 3272//2360 2914//2360
f 3272//2360 3271//2360 2914//2360
f 2914//2360 3271//2360 2912//2360
f 3271//2360 3270//2360 2912//2360
f 2912//2360 3270//2360 2910//2360
f 3270//2360 3269//2360 2910//2360
f 2910//2360 3269//2360 2908//2360
f 3269//2360 3268//2360 2908//2360
f 3172//2361 3171//2361 3147//2361
f 3171//2361 3121//2361 3147//2361
f 3147//2361 3121//2361 3149//2361
f 3147//2361 3146//2361 3172//2361
f 3146//2361 3145//2361 3172//2361
f 3172//2361 3145//2361 3173//2361
f 3145//2361 3156//2361 3173//2361
f 3173//2361 3156//2361 3169//2361
f 3156//2361 3170//2361 3169//2361
f 3156//2361 3155//2361 3170//2361
f 3155//2361 3154//2361 3170//2361
f 3170//2361 3154//2361 3166//2361
f 3154//2361 3153//2361 3166//2361
f 3166//2361 3153//2361 3167//2361
f 3153//2361 3163//2361 3167//2361
f 3153//2361 3161//2361 3163//2361
f 3161//2361 3160//2361 3163//2361
f 3163//2361 3160//2361 3164//2361
f 3160//2361 3158//2361 3164//2361
f 3142//2362 3150//2362 3123//2362
f 3150//2362 3120//2362 3123//2362
f 3140//2362 3141//2362 3127//2362
f 3142//2362 3123//2362 3141//2362
f 3123//2362 3128//2362 3141//2362
f 3141//2362 3128//2362 3127//2362
f 3140//2362 3127//2362 3139//2362
f 3127//2362 3126//2362 3139//2362
f 3139//2362 3126//2362 3138//2362
f 3126//2362 3125//2362 3138//2362
f 3125//2362 3129//2362 3138//2362
f 3138//2362 3129//2362 3137//2362
f 3129//2362 3130//2362 3137//2362
f 3137//2362 3130//2362 3136//2362
f 3130//2362 3135//2362 3136//2362
f 3130//2362 3131//2362 3135//2362
f 3131//2362 3132//2362 3135//2362
f 3135//2362 3132//2362 3134//2362
f 3132//2362 3133//2362 3134//2362
f 3277//2363 3276//2363 3201//2363
f 3276//2363 3176//2363 3201//2363
f 3201//2363 3176//2363 3202//2363
f 3202//2363 3176//2363 3198//2363
f 3176//2363 3179//2363 3198//2363
f 3198//2363 3179//2363 3199//2363
f 3179//2363 3178//2363 3199//2363
f 3199//2363 3178//2363 3195//2363
f 3178//2363 3185//2363 3195//2363
f 3195//2363 3185//2363 3196//2363
f 3185//2364 3184//2364 3196//2364
f 3196//2363 3184//2363 3192//2363
f 3184//2363 3183//2363 3192//2363
f 3192//2363 3183//2363 3193//2363
f 3183//2363 3182//2363 3193//2363
f 3193//2363 3182//2363 3187//2363
f 3182//2364 3190//2364 3187//2364
f 3187//2365 3190//2365 3189//2365
f 3210//2366 3211//2366 3204//2366
f 3210//2366 3204//2366 3209//2366
f 3204//2366 3205//2366 3209//2366
f 3205//2366 3206//2366 3209//2366
f 3209//2367 3206//2367 3208//2367
f 3206//2368 3203//2368 3208//2368
f 3208//2366 3203//2366 3101//2366
f 3203//2366 3207//2366 3101//2366
f 3101//2366 3207//2366 3103//2366
f 3207//2366 3110//2366 3103//2366
f 3103//2366 3110//2366 3102//2366
f 3110//2368 3109//2368 3102//2368
f 3102//2366 3109//2366 3107//2366
f 3109//2368 3100//2368 3107//2368
f 3107//2368 3100//2368 3106//2368
f 3100//2366 3108//2366 3106//2366
f 3106//2367 3108//2367 3105//2367
f 3108//2369 3104//2369 3105//2369
f 3249//2370 3247//2370 3224//2370
f 3249//2370 3224//2370 3250//2370
f 3224//2370 3222//2370 3250//2370
f 3222//2370 3221//2370 3250//2370
f 3250//2370 3221//2370 3244//2370
f 3221//2370 3220//2370 3244//2370
f 3244//2370 3220//2370 3245//2370
f 3220//2370 3231//2370 3245//2370
f 3245//2370 3231//2370 3241//2370
f 3231//2370 3230//2370 3241//2370
f 3241//2371 3230//2371 3242//2371
f 3230//2370 3229//2370 3242//2370
f 3242//2370 3229//2370 3238//2370
f 3229//2370 3228//2370 3238//2370
f 3238//2370 3228//2370 3239//2370
f 3228//2370 3236//2370 3239//2370
f 3239//2371 3236//2371 3233//2371
f 3236//2372 3235//2372 3233//2372
f 3260//2373 3259//2373 3225//2373
f 3259//2373 3212//2373 3225//2373
f 3225//2373 3212//2373 3217//2373
f 3217//2373 3212//2373 3216//2373
f 3212//2374 3213//2374 3216//2374
f 3216//2375 3213//2375 3215//2375
f 3213//2373 3118//2373 3215//2373
f 3215//2373 3118//2373 3214//2373
f 3118//2373 3119//2373 3214//2373
f 3214//2373 3119//2373 3111//2373
f 3119//2373 3116//2373 3111//2373
f 3111//2375 3116//2375 3112//2375
f 3116//2373 3117//2373 3112//2373
f 3112//2375 3117//2375 3113//2375
f 3117//2375 3099//2375 3113//2375
f 3113//2373 3099//2373 3115//2373
f 3099//2374 3098//2374 3115//2374
f 3115//2376 3098//2376 3114//2376
f 3278//2359 3279//2359 3201//2359
f 3279//2359 3277//2359 3201//2359
f 3279//2377 3280//2377 3277//2377
f 3280//2377 3211//2377 3277//2377
f 3281//2360 3282//2360 3150//2360
f 3282//2360 3120//2360 3150//2360
f 3282//2378 3283//2378 3120//2378
f 3283//2378 3121//2378 3120//2378
f 3282//1833 3281//1833 3283//1833
f 3281//1833 3284//1833 3283//1833
f 2809//1833 2808//1833 3285//1833
f 2816//1833 2814//1833 3285//1833
f 2814//1833 2815//1833 3285//1833
f 3285//1833 2815//1833 2809//1833
f 2819//1833 2818//1833 3285//1833
f 2818//1833 2817//1833 3285//1833
f 3285//1833 2817//1833 2816//1833
f 2821//1833 2822//1833 3285//1833
f 2822//1833 2820//1833 3285//1833
f 3285//1833 2820//1833 2819//1833
f 2825//1833 2826//1833 3285//1833
f 2826//1833 2823//1833 3285//1833
f 3285//1833 2823//1833 2821//1833
f 2829//1833 2827//1833 3285//1833
f 2827//1833 2824//1833 3285//1833
f 3285//1833 2824//1833 2825//1833
f 2831//1833 2830//1833 3285//1833
f 2830//1833 2828//1833 3285//1833
f 3285//1833 2828//1833 2829//1833
f 2834//1833 2832//1833 3285//1833
f 2832//1833 2833//1833 3285//1833
f 3285//1833 2833//1833 2831//1833
f 2837//1833 2836//1833 3285//1833
f 2836//1833 2835//1833 3285//1833
f 3285//1833 2835//1833 2834//1833
f 2839//1833 2813//1833 3285//1833
f 2813//1833 2838//1833 3285//1833
f 3285//1833 2838//1833 2837//1833
f 2840//1833 2812//1833 3285//1833
f 2812//1833 2811//1833 3285//1833
f 3285//1833 2811//1833 2839//1833
f 2843//1833 2842//1833 3285//1833
f 2842//1833 2841//1833 3285//1833
f 3285//1833 2841//1833 2840//1833
f 2846//1833 2845//1833 3285//1833
f 2845//1833 2844//1833 3285//1833
f 3285//1833 2844//1833 2843//1833
f 2849//1833 2848//1833 3285//1833
f 2848//1833 2847//1833 3285//1833
f 3285//1833 2847//1833 2846//1833
f 2852//1833 2851//1833 3285//1833
f 2851//1833 2850//1833 3285//1833
f 3285//1833 2850//1833 2849//1833
f 2854//1833 2855//1833 3285//1833
f 2855//1833 2853//1833 3285//1833
f 3285//1833 2853//1833 2852//1833
f 2858//1833 2857//1833 3285//1833
f 2857//1833 2856//1833 3285//1833
f 3285//1833 2856//1833 2854//1833
f 2861//1833 2860//1833 3285//1833
f 2860//1833 2859//1833 3285//1833
f 3285//1833 2859//1833 2858//1833
f 2864//1833 2863//1833 3285//1833
f 2863//1833 2862//1833 3285//1833
f 3285//1833 2862//1833 2861//1833
f 2808//1833 2865//1833 3285//1833
f 2865//1833 2810//1833 3285//1833
f 3285//1833 2810//1833 2864//1833
f 2693//2379 2692//2379 3286//2379
f 2698//2379 2696//2379 3286//2379
f 2696//2379 2697//2379 3286//2379
f 3286//2379 2697//2379 2693//2379
f 2701//2379 2700//2379 3286//2379
f 2700//2379 2699//2379 3286//2379
f 3286//2379 2699//2379 2698//2379
f 2703//2379 2704//2379 3286//2379
f 2704//2379 2702//2379 3286//2379
f 3286//2379 2702//2379 2701//2379
f 2707//2379 2708//2379 3286//2379
f 2708//2379 2705//2379 3286//2379
f 3286//2379 2705//2379 2703//2379
f 2711//2379 2709//2379 3286//2379
f 2709//2379 2706//2379 3286//2379
f 3286//2379 2706//2379 2707//2379
f 2713//2379 2712//2379 3286//2379
f 2712//2379 2710//2379 3286//2379
f 3286//2379 2710//2379 2711//2379
f 2716//2379 2714//2379 3286//2379
f 2714//2379 2715//2379 3286//2379
f 3286//2379 2715//2379 2713//2379
f 2719//2379 2718//2379 3286//2379
f 2718//2379 2717//2379 3286//2379
f 3286//2379 2717//2379 2716//2379
f 2721//2379 2695//2379 3286//2379
f 2695//2379 2720//2379 3286//2379
f 3286//2379 2720//2379 2719//2379
f 2724//2379 2723//2379 3286//2379
f 2723//2379 2722//2379 3286//2379
f 3286//2379 2722//2379 2721//2379
f 2727//2379 2726//2379 3286//2379
f 2726//2379 2725//2379 3286//2379
f 3286//2379 2725//2379 2724//2379
f 2730//2379 2729//2379 3286//2379
f 2729//2379 2728//2379 3286//2379
f 3286//2379 2728//2379 2727//2379
f 2733//2379 2732//2379 3286//2379
f 2732//2379 2731//2379 3286//2379
f 3286//2379 2731//2379 2730//2379
f 2736//2379 2735//2379 3286//2379
f 2735//2379 2734//2379 3286//2379
f 3286//2379 2734//2379 2733//2379
f 2738//2379 2739//2379 3286//2379
f 2739//2379 2737//2379 3286//2379
f 3286//2379 2737//2379 2736//2379
f 2742//2379 2741//2379 3286//2379
f 2741//2379 2740//2379 3286//2379
f 3286//2379 2740//2379 2738//2379
f 2744//2379 2745//2379 3286//2379
f 2745//2379 2743//2379 3286//2379
f 3286//2379 2743//2379 2742//2379
f 2748//2379 2747//2379 3286//2379
f 2747//2379 2746//2379 3286//2379
f 3286//2379 2746//2379 2744//2379
f 2692//2379 2749//2379 3286//2379
f 2749//2379 2694//2379 3286//2379
f 3286//2379 2694//2379 2748//2379
f 2751//2380 2750//2380 3287//2380
f 2756//2380 2754//2380 3287//2380
f 2754//2380 2755//2380 3287//2380
f 3287//2380 2755//2380 2751//2380
f 2759//2380 2758//2380 3287//2380
f 2758//2380 2757//2380 3287//2380
f 3287//2380 2757//2380 2756//2380
f 2761//2380 2762//2380 3287//2380
f 2762//2380 2760//2380 3287//2380
f 3287//2380 2760//2380 2759//2380
f 2765//2380 2766//2380 3287//2380
f 2766//2380 2763//2380 3287//2380
f 3287//2380 2763//2380 2761//2380
f 2769//2380 2767//2380 3287//2380
f 2767//2380 2764//2380 3287//2380
f 3287//2380 2764//2380 2765//2380
f 2771//2380 2770//2380 3287//2380
f 2770//2380 2768//2380 3287//2380
f 3287//2380 2768//2380 2769//2380
f 2774//2380 2772//2380 3287//2380
f 2772//2380 2773//2380 3287//2380
f 3287//2380 2773//2380 2771//2380
f 2777//2380 2776//2380 3287//2380
f 2776//2380 2775//2380 3287//2380
f 3287//2380 2775//2380 2774//2380
f 2779//2380 2753//2380 3287//2380
f 2753//2380 2778//2380 3287//2380
f 3287//2380 2778//2380 2777//2380
f 2782//2380 2781//2380 3287//2380
f 2781//2380 2780//2380 3287//2380
f 3287//2380 2780//2380 2779//2380
f 2785//2380 2784//2380 3287//2380
f 2784//2380 2783//2380 3287//2380
f 3287//2380 2783//2380 2782//2380
f 2788//2380 2787//2380 3287//2380
f 2787//2380 2786//2380 3287//2380
f 3287//2380 2786//2380 2785//2380
f 2791//2380 2790//2380 3287//2380
f 2790//2380 2789//2380 3287//2380
f 3287//2380 2789//2380 2788//2380
f 2794//2380 2793//2380 3287//2380
f 2793//2380 2792//2380 3287//2380
f 3287//2380 2792//2380 2791//2380
f 2796//2380 2797//2380 3287//2380
f 2797//2380 2795//2380 3287//2380
f 3287//2380 2795//2380 2794//2380
f 2800//2380 2799//2380 3287//2380
f 2799//2380 2798//2380 3287//2380
f 3287//2380 2798//2380 2796//2380
f 2802//2380 2803//2380 3287//2380
f 2803//2380 2801//2380 3287//2380
f 3287//2380 2801//2380 2800//2380
f 2806//2380 2805//2380 3287//2380
f 2805//2380 2804//2380 3287//2380
f 3287//2380 2804//2380 2802//2380
f 2750//2380 2807//2380 3287//2380
f 2807//2380 2752//2380 3287//2380
f 3287//2380 2752//2380 2806//2380
f 3284//2381 3281//2381 3149//2381
f 3281//2381 3150//2381 3149//2381
f 3283//2359 3284//2359 3121//2359
f 3284//2359 3149//2359 3121//2359
f 3288//2379 3289//2379 3290//2379
f 3289//2379 3291//2379 3290//2379
f 3288//2382 3290//2382 3260//2382
f 3290//2382 3247//2382 3260//2382
f 3289//2360 3288//2360 3225//2360
f 3288//2360 3260//2360 3225//2360
f 3291//2383 3289//2383 3224//2383
f 3289//2383 3225//2383 3224//2383
f 3290//2359 3291//2359 3247//2359
f 3291//2359 3224//2359 3247//2359
f 3292//2380 3280//2380 3278//2380
f 3280//2380 3279//2380 3278//2380
f 3292//2384 3278//2384 3204//2384
f 3278//2384 3201//2384 3204//2384
f 3280//2360 3292//2360 3211//2360
f 3292//2360 3204//2360 3211//2360
f 3293//2385 3294//2385 3295//2385
f 3294//2385 3296//2385 3295//2385
f 3297//2386 3293//2386 3298//2386
f 3293//2386 3295//2386 3298//2386
f 3299//2387 3297//2387 3300//2387
f 3297//2387 3298//2387 3300//2387
f 3294//2388 3299//2388 3296//2388
f 3299//2388 3300//2388 3296//2388
f 3300//2389 3298//2389 3296//2389
f 3298//2389 3295//2389 3296//2389
f 3297//2390 3299//2390 3293//2390
f 3299//2390 3294//2390 3293//2390
